=== Python ===
/home/lhalice/miniconda3/envs/NNGP/bin/python
Python 3.12.12
python: /home/lhalice/miniconda3/envs/NNGP/bin/python
torch: 2.9.1+cu126
cuda available: True
Thu Feb 26 12:27:50 2026       
+-----------------------------------------------------------------------------------------+
| NVIDIA-SMI 580.105.08             Driver Version: 580.105.08     CUDA Version: 13.0     |
+-----------------------------------------+------------------------+----------------------+
| GPU  Name                 Persistence-M | Bus-Id          Disp.A | Volatile Uncorr. ECC |
| Fan  Temp   Perf          Pwr:Usage/Cap |           Memory-Usage | GPU-Util  Compute M. |
|                                         |                        |               MIG M. |
|=========================================+========================+======================|
|   0  Tesla V100-PCIE-16GB           On  |   00000000:AF:00.0 Off |                    0 |
| N/A   37C    P0             25W /  250W |       0MiB /  16384MiB |      0%   E. Process |
|                                         |                        |                  N/A |
+-----------------------------------------+------------------------+----------------------+

+-----------------------------------------------------------------------------------------+
| Processes:                                                                              |
|  GPU   GI   CI              PID   Type   Process name                        GPU Memory |
|        ID   ID                                                               Usage      |
|=========================================================================================|
|  No running processes found                                                             |
+-----------------------------------------------------------------------------------------+
=== Conda Env ===

# conda environments:
#
base                   /home/lhalice/miniconda3
EIS                    /home/lhalice/miniconda3/envs/EIS
NNGP                 * /home/lhalice/miniconda3/envs/NNGP

=== GPU Info ===
Thu Feb 26 12:27:51 2026       
+-----------------------------------------------------------------------------------------+
| NVIDIA-SMI 580.105.08             Driver Version: 580.105.08     CUDA Version: 13.0     |
+-----------------------------------------+------------------------+----------------------+
| GPU  Name                 Persistence-M | Bus-Id          Disp.A | Volatile Uncorr. ECC |
| Fan  Temp   Perf          Pwr:Usage/Cap |           Memory-Usage | GPU-Util  Compute M. |
|                                         |                        |               MIG M. |
|=========================================+========================+======================|
|   0  Tesla V100-PCIE-16GB           On  |   00000000:AF:00.0 Off |                    0 |
| N/A   37C    P0             25W /  250W |       0MiB /  16384MiB |      0%   E. Process |
|                                         |                        |                  N/A |
+-----------------------------------------+------------------------+----------------------+

+-----------------------------------------------------------------------------------------+
| Processes:                                                                              |
|  GPU   GI   CI              PID   Type   Process name                        GPU Memory |
|        ID   ID                                                               Usage      |
|=========================================================================================|
|  No running processes found                                                             |
+-----------------------------------------------------------------------------------------+
=== R ===
/sw/pkgs/arc/stacks/gcc/13.2.0/R/4.5.1/bin/R
R version 4.5.1 (2025-06-13) -- "Great Square Root"
Copyright (C) 2025 The R Foundation for Statistical Computing
Platform: x86_64-pc-linux-gnu

R is free software and comes with ABSOLUTELY NO WARRANTY.
You are welcome to redistribute it under the terms of the
GNU General Public License versions 2 or 3.
For more information about these matters see
https://www.gnu.org/licenses/.

Device: cuda; f_size=16

================================================================================
Starting Task 0: digits [0, 1, 2, 3, 4]
Training samples size: 15000
================================================================================
[Stage1/AE] ep 1/60 | loss 0.1589 | rec 0.1589 | feat 0.0000 | train_acc 8.37%
[Stage1/AE] ep 2/60 | loss 0.0788 | rec 0.0788 | feat 0.0000 | train_acc 19.52%
[Stage1/AE] ep 3/60 | loss 0.0726 | rec 0.0726 | feat 0.0000 | train_acc 19.52%
[Stage1/AE] ep 4/60 | loss 0.0650 | rec 0.0650 | feat 0.0000 | train_acc 19.52%
[Stage1/AE] ep 5/60 | loss 0.0610 | rec 0.0610 | feat 0.0000 | train_acc 19.52%
[Stage1/AE] ep 6/60 | loss 0.0575 | rec 0.0575 | feat 0.0000 | train_acc 19.52%
[Stage1/AE] ep 7/60 | loss 0.0534 | rec 0.0534 | feat 0.0000 | train_acc 19.52%
[Stage1/AE] ep 8/60 | loss 0.0496 | rec 0.0496 | feat 0.0000 | train_acc 19.52%
[Stage1/AE] ep 9/60 | loss 0.0472 | rec 0.0472 | feat 0.0000 | train_acc 19.51%
[Stage1/AE] ep 10/60 | loss 0.0454 | rec 0.0454 | feat 0.0000 | train_acc 19.47%
[Stage1/AE] ep 11/60 | loss 0.0439 | rec 0.0439 | feat 0.0000 | train_acc 19.34%
[Stage1/AE] ep 12/60 | loss 0.0424 | rec 0.0424 | feat 0.0000 | train_acc 19.05%
[Stage1/AE] ep 13/60 | loss 0.0410 | rec 0.0410 | feat 0.0000 | train_acc 18.62%
[Stage1/AE] ep 14/60 | loss 0.0399 | rec 0.0399 | feat 0.0000 | train_acc 17.99%
[Stage1/AE] ep 15/60 | loss 0.0388 | rec 0.0388 | feat 0.0000 | train_acc 17.83%
[Stage1/AE] ep 16/60 | loss 0.0381 | rec 0.0381 | feat 0.0000 | train_acc 17.55%
[Stage1/AE] ep 17/60 | loss 0.0374 | rec 0.0374 | feat 0.0000 | train_acc 17.31%
[Stage1/AE] ep 18/60 | loss 0.0368 | rec 0.0368 | feat 0.0000 | train_acc 17.25%
[Stage1/AE] ep 19/60 | loss 0.0363 | rec 0.0363 | feat 0.0000 | train_acc 16.99%
[Stage1/AE] ep 20/60 | loss 0.0357 | rec 0.0357 | feat 0.0000 | train_acc 16.87%
[Stage1/AE] ep 21/60 | loss 0.0352 | rec 0.0352 | feat 0.0000 | train_acc 16.72%
[Stage1/AE] ep 22/60 | loss 0.0348 | rec 0.0348 | feat 0.0000 | train_acc 16.40%
[Stage1/AE] ep 23/60 | loss 0.0342 | rec 0.0342 | feat 0.0000 | train_acc 16.33%
[Stage1/AE] ep 24/60 | loss 0.0338 | rec 0.0338 | feat 0.0000 | train_acc 16.33%
[Stage1/AE] ep 25/60 | loss 0.0334 | rec 0.0334 | feat 0.0000 | train_acc 16.17%
[Stage1/AE] ep 26/60 | loss 0.0331 | rec 0.0331 | feat 0.0000 | train_acc 16.11%
[Stage1/AE] ep 27/60 | loss 0.0327 | rec 0.0327 | feat 0.0000 | train_acc 16.08%
[Stage1/AE] ep 28/60 | loss 0.0324 | rec 0.0324 | feat 0.0000 | train_acc 15.93%
[Stage1/AE] ep 29/60 | loss 0.0321 | rec 0.0321 | feat 0.0000 | train_acc 15.89%
[Stage1/AE] ep 30/60 | loss 0.0319 | rec 0.0319 | feat 0.0000 | train_acc 15.99%
[Stage1/AE] ep 31/60 | loss 0.0316 | rec 0.0316 | feat 0.0000 | train_acc 15.92%
[Stage1/AE] ep 32/60 | loss 0.0315 | rec 0.0315 | feat 0.0000 | train_acc 15.83%
[Stage1/AE] ep 33/60 | loss 0.0313 | rec 0.0313 | feat 0.0000 | train_acc 15.75%
[Stage1/AE] ep 34/60 | loss 0.0310 | rec 0.0310 | feat 0.0000 | train_acc 15.63%
[Stage1/AE] ep 35/60 | loss 0.0307 | rec 0.0307 | feat 0.0000 | train_acc 15.67%
[Stage1/AE] ep 36/60 | loss 0.0305 | rec 0.0305 | feat 0.0000 | train_acc 15.42%
[Stage1/AE] ep 37/60 | loss 0.0305 | rec 0.0305 | feat 0.0000 | train_acc 15.50%
[Stage1/AE] ep 38/60 | loss 0.0302 | rec 0.0302 | feat 0.0000 | train_acc 15.42%
[Stage1/AE] ep 39/60 | loss 0.0301 | rec 0.0301 | feat 0.0000 | train_acc 15.59%
[Stage1/AE] ep 40/60 | loss 0.0299 | rec 0.0299 | feat 0.0000 | train_acc 15.47%
[Stage1/AE] ep 41/60 | loss 0.0298 | rec 0.0298 | feat 0.0000 | train_acc 15.48%
[Stage1/AE] ep 42/60 | loss 0.0296 | rec 0.0296 | feat 0.0000 | train_acc 15.30%
[Stage1/AE] ep 43/60 | loss 0.0295 | rec 0.0295 | feat 0.0000 | train_acc 15.41%
[Stage1/AE] ep 44/60 | loss 0.0294 | rec 0.0294 | feat 0.0000 | train_acc 15.18%
[Stage1/AE] ep 45/60 | loss 0.0292 | rec 0.0292 | feat 0.0000 | train_acc 15.34%
[Stage1/AE] ep 46/60 | loss 0.0291 | rec 0.0291 | feat 0.0000 | train_acc 15.33%
[Stage1/AE] ep 47/60 | loss 0.0289 | rec 0.0289 | feat 0.0000 | train_acc 15.31%
[Stage1/AE] ep 48/60 | loss 0.0289 | rec 0.0289 | feat 0.0000 | train_acc 15.27%
[Stage1/AE] ep 49/60 | loss 0.0287 | rec 0.0287 | feat 0.0000 | train_acc 15.39%
[Stage1/AE] ep 50/60 | loss 0.0286 | rec 0.0286 | feat 0.0000 | train_acc 15.29%
[Stage1/AE] ep 51/60 | loss 0.0285 | rec 0.0285 | feat 0.0000 | train_acc 15.25%
[Stage1/AE] ep 52/60 | loss 0.0284 | rec 0.0284 | feat 0.0000 | train_acc 15.22%
[Stage1/AE] ep 53/60 | loss 0.0283 | rec 0.0283 | feat 0.0000 | train_acc 15.22%
[Stage1/AE] ep 54/60 | loss 0.0282 | rec 0.0282 | feat 0.0000 | train_acc 15.42%
[Stage1/AE] ep 55/60 | loss 0.0280 | rec 0.0280 | feat 0.0000 | train_acc 15.22%
[Stage1/AE] ep 56/60 | loss 0.0280 | rec 0.0280 | feat 0.0000 | train_acc 15.22%
[Stage1/AE] ep 57/60 | loss 0.0278 | rec 0.0278 | feat 0.0000 | train_acc 15.21%
[Stage1/AE] ep 58/60 | loss 0.0278 | rec 0.0278 | feat 0.0000 | train_acc 15.20%
[Stage1/AE] ep 59/60 | loss 0.0277 | rec 0.0277 | feat 0.0000 | train_acc 15.47%
[Stage1/AE] ep 60/60 | loss 0.0276 | rec 0.0276 | feat 0.0000 | train_acc 15.30%
[Stage2/Head] ep 1/60 | loss 2.0023 | ce 2.0023 | logit 0.0000 | train_acc 35.07%
[Stage2/Head] ep 2/60 | loss 1.5534 | ce 1.5534 | logit 0.0000 | train_acc 85.39%
[Stage2/Head] ep 3/60 | loss 1.2399 | ce 1.2399 | logit 0.0000 | train_acc 91.09%
[Stage2/Head] ep 4/60 | loss 1.0057 | ce 1.0057 | logit 0.0000 | train_acc 92.01%
[Stage2/Head] ep 5/60 | loss 0.8262 | ce 0.8262 | logit 0.0000 | train_acc 92.22%
[Stage2/Head] ep 6/60 | loss 0.6930 | ce 0.6930 | logit 0.0000 | train_acc 92.50%
[Stage2/Head] ep 7/60 | loss 0.5946 | ce 0.5946 | logit 0.0000 | train_acc 92.63%
[Stage2/Head] ep 8/60 | loss 0.5158 | ce 0.5158 | logit 0.0000 | train_acc 92.91%
[Stage2/Head] ep 9/60 | loss 0.4586 | ce 0.4586 | logit 0.0000 | train_acc 92.88%
[Stage2/Head] ep 10/60 | loss 0.4165 | ce 0.4165 | logit 0.0000 | train_acc 92.86%
[Stage2/Head] ep 11/60 | loss 0.3827 | ce 0.3827 | logit 0.0000 | train_acc 92.81%
[Stage2/Head] ep 12/60 | loss 0.3540 | ce 0.3540 | logit 0.0000 | train_acc 93.08%
[Stage2/Head] ep 13/60 | loss 0.3293 | ce 0.3293 | logit 0.0000 | train_acc 93.29%
[Stage2/Head] ep 14/60 | loss 0.3118 | ce 0.3118 | logit 0.0000 | train_acc 93.36%
[Stage2/Head] ep 15/60 | loss 0.2979 | ce 0.2979 | logit 0.0000 | train_acc 93.17%
[Stage2/Head] ep 16/60 | loss 0.2811 | ce 0.2811 | logit 0.0000 | train_acc 93.53%
[Stage2/Head] ep 17/60 | loss 0.2731 | ce 0.2731 | logit 0.0000 | train_acc 93.44%
[Stage2/Head] ep 18/60 | loss 0.2599 | ce 0.2599 | logit 0.0000 | train_acc 93.61%
[Stage2/Head] ep 19/60 | loss 0.2548 | ce 0.2548 | logit 0.0000 | train_acc 93.40%
[Stage2/Head] ep 20/60 | loss 0.2477 | ce 0.2477 | logit 0.0000 | train_acc 93.48%
[Stage2/Head] ep 21/60 | loss 0.2397 | ce 0.2397 | logit 0.0000 | train_acc 93.79%
[Stage2/Head] ep 22/60 | loss 0.2324 | ce 0.2324 | logit 0.0000 | train_acc 93.81%
[Stage2/Head] ep 23/60 | loss 0.2295 | ce 0.2295 | logit 0.0000 | train_acc 93.74%
[Stage2/Head] ep 24/60 | loss 0.2308 | ce 0.2308 | logit 0.0000 | train_acc 93.65%
[Stage2/Head] ep 25/60 | loss 0.2229 | ce 0.2229 | logit 0.0000 | train_acc 93.69%
[Stage2/Head] ep 26/60 | loss 0.2142 | ce 0.2142 | logit 0.0000 | train_acc 93.90%
[Stage2/Head] ep 27/60 | loss 0.2205 | ce 0.2205 | logit 0.0000 | train_acc 93.89%
[Stage2/Head] ep 28/60 | loss 0.2117 | ce 0.2117 | logit 0.0000 | train_acc 93.85%
[Stage2/Head] ep 29/60 | loss 0.2103 | ce 0.2103 | logit 0.0000 | train_acc 93.97%
[Stage2/Head] ep 30/60 | loss 0.2071 | ce 0.2071 | logit 0.0000 | train_acc 94.02%
[Stage2/Head] ep 31/60 | loss 0.2038 | ce 0.2038 | logit 0.0000 | train_acc 94.03%
[Stage2/Head] ep 32/60 | loss 0.1997 | ce 0.1997 | logit 0.0000 | train_acc 94.14%
[Stage2/Head] ep 33/60 | loss 0.1997 | ce 0.1997 | logit 0.0000 | train_acc 94.11%
[Stage2/Head] ep 34/60 | loss 0.1924 | ce 0.1924 | logit 0.0000 | train_acc 94.31%
[Stage2/Head] ep 35/60 | loss 0.1923 | ce 0.1923 | logit 0.0000 | train_acc 94.22%
[Stage2/Head] ep 36/60 | loss 0.1914 | ce 0.1914 | logit 0.0000 | train_acc 94.31%
[Stage2/Head] ep 37/60 | loss 0.1817 | ce 0.1817 | logit 0.0000 | train_acc 94.61%
[Stage2/Head] ep 38/60 | loss 0.1853 | ce 0.1853 | logit 0.0000 | train_acc 94.52%
[Stage2/Head] ep 39/60 | loss 0.1847 | ce 0.1847 | logit 0.0000 | train_acc 94.27%
[Stage2/Head] ep 40/60 | loss 0.1844 | ce 0.1844 | logit 0.0000 | train_acc 94.45%
[Stage2/Head] ep 41/60 | loss 0.1837 | ce 0.1837 | logit 0.0000 | train_acc 94.55%
[Stage2/Head] ep 42/60 | loss 0.1850 | ce 0.1850 | logit 0.0000 | train_acc 94.44%
[Stage2/Head] ep 43/60 | loss 0.1811 | ce 0.1811 | logit 0.0000 | train_acc 94.61%
[Stage2/Head] ep 44/60 | loss 0.1785 | ce 0.1785 | logit 0.0000 | train_acc 94.62%
[Stage2/Head] ep 45/60 | loss 0.1777 | ce 0.1777 | logit 0.0000 | train_acc 94.62%
[Stage2/Head] ep 46/60 | loss 0.1793 | ce 0.1793 | logit 0.0000 | train_acc 94.55%
[Stage2/Head] ep 47/60 | loss 0.1779 | ce 0.1779 | logit 0.0000 | train_acc 94.71%
[Stage2/Head] ep 48/60 | loss 0.1741 | ce 0.1741 | logit 0.0000 | train_acc 94.62%
[Stage2/Head] ep 49/60 | loss 0.1715 | ce 0.1715 | logit 0.0000 | train_acc 94.79%
[Stage2/Head] ep 50/60 | loss 0.1763 | ce 0.1763 | logit 0.0000 | train_acc 94.40%
[Stage2/Head] ep 51/60 | loss 0.1704 | ce 0.1704 | logit 0.0000 | train_acc 94.61%
[Stage2/Head] ep 52/60 | loss 0.1677 | ce 0.1677 | logit 0.0000 | train_acc 94.79%
[Stage2/Head] ep 53/60 | loss 0.1636 | ce 0.1636 | logit 0.0000 | train_acc 94.98%
[Stage2/Head] ep 54/60 | loss 0.1721 | ce 0.1721 | logit 0.0000 | train_acc 94.66%
[Stage2/Head] ep 55/60 | loss 0.1686 | ce 0.1686 | logit 0.0000 | train_acc 94.75%
[Stage2/Head] ep 56/60 | loss 0.1681 | ce 0.1681 | logit 0.0000 | train_acc 94.75%
[Stage2/Head] ep 57/60 | loss 0.1635 | ce 0.1635 | logit 0.0000 | train_acc 94.81%
[Stage2/Head] ep 58/60 | loss 0.1701 | ce 0.1701 | logit 0.0000 | train_acc 94.43%
[Stage2/Head] ep 59/60 | loss 0.1662 | ce 0.1662 | logit 0.0000 | train_acc 94.83%
[Stage2/Head] ep 60/60 | loss 0.1650 | ce 0.1650 | logit 0.0000 | train_acc 94.98%
[Task 0] Training done in 5.04 min.
[Task 0] Test (on new class only) -> ce_loss: 0.0828, acc: 97.92%, rec_loss: 16.4580
  - Filtering train: keep top 95.0% per class based on returned scores.
[Task 0] Wrote CSVs to: ./runs_mnist_continual/run_20260226_122757/task0
Accuracies on seen tasks:
  Task 0 [0,1,2,3,4]: 97.92%
Mean over seen tasks (0..0): 97.92%
[Task 0] Skipping GP training and Rscript execution as per --skip_GP flag.
[Task 0] Loaded from R CSV: 1000 rows, f_size=16
[Task 0] Decoded images: torch.Size([1000, 1, 28, 28]) -> recovered dataset size 1000
[Task 0] Augmenting Task 1 training set with 1000 recovered samples.
/home/lhalice/miniconda3/envs/NNGP/lib/python3.12/site-packages/torch/utils/data/dataloader.py:627: UserWarning: This DataLoader will create 2 worker processes in total. Our suggested max number of worker in current system is 1, which is smaller than what this DataLoader is going to create. Please be aware that excessive worker creation might get DataLoader running slow or even freeze, lower the worker number to avoid potential slowness/freeze if necessary.
  warnings.warn(

================================================================================
Starting Task 1: digits [5]
Training samples size: 4000
================================================================================
[Stage1/AE] ep 1/120 | loss 4.7053 | rec 0.0430 | feat 4.6623 | train_acc 24.30%
[Stage1/AE] ep 2/120 | loss 4.1367 | rec 0.0397 | feat 4.0970 | train_acc 24.38%
[Stage1/AE] ep 3/120 | loss 4.1068 | rec 0.0385 | feat 4.0683 | train_acc 24.38%
[Stage1/AE] ep 4/120 | loss 4.3294 | rec 0.0375 | feat 4.2919 | train_acc 24.45%
[Stage1/AE] ep 5/120 | loss 4.2640 | rec 0.0372 | feat 4.2268 | train_acc 24.25%
[Stage1/AE] ep 6/120 | loss 4.4155 | rec 0.0369 | feat 4.3786 | train_acc 24.23%
[Stage1/AE] ep 7/120 | loss 3.9508 | rec 0.0365 | feat 3.9142 | train_acc 24.35%
[Stage1/AE] ep 8/120 | loss 3.9670 | rec 0.0363 | feat 3.9308 | train_acc 24.43%
[Stage1/AE] ep 9/120 | loss 4.0873 | rec 0.0362 | feat 4.0512 | train_acc 24.52%
[Stage1/AE] ep 10/120 | loss 3.7656 | rec 0.0359 | feat 3.7298 | train_acc 24.52%
[Stage1/AE] ep 11/120 | loss 3.9641 | rec 0.0357 | feat 3.9285 | train_acc 24.40%
[Stage1/AE] ep 12/120 | loss 4.1019 | rec 0.0356 | feat 4.0662 | train_acc 24.60%
[Stage1/AE] ep 13/120 | loss 3.9234 | rec 0.0356 | feat 3.8878 | train_acc 24.50%
[Stage1/AE] ep 14/120 | loss 3.9452 | rec 0.0353 | feat 3.9099 | train_acc 24.48%
[Stage1/AE] ep 15/120 | loss 3.7626 | rec 0.0354 | feat 3.7272 | train_acc 24.35%
[Stage1/AE] ep 16/120 | loss 3.8338 | rec 0.0353 | feat 3.7985 | train_acc 24.27%
[Stage1/AE] ep 17/120 | loss 3.7379 | rec 0.0351 | feat 3.7028 | train_acc 24.32%
[Stage1/AE] ep 18/120 | loss 4.1797 | rec 0.0352 | feat 4.1445 | train_acc 24.38%
[Stage1/AE] ep 19/120 | loss 3.9717 | rec 0.0351 | feat 3.9365 | train_acc 24.43%
[Stage1/AE] ep 20/120 | loss 3.7311 | rec 0.0352 | feat 3.6960 | train_acc 24.27%
[Stage1/AE] ep 21/120 | loss 3.7441 | rec 0.0347 | feat 3.7094 | train_acc 24.48%
[Stage1/AE] ep 22/120 | loss 3.6527 | rec 0.0348 | feat 3.6179 | train_acc 24.27%
[Stage1/AE] ep 23/120 | loss 3.6877 | rec 0.0348 | feat 3.6529 | train_acc 24.43%
[Stage1/AE] ep 24/120 | loss 3.6208 | rec 0.0348 | feat 3.5859 | train_acc 24.48%
[Stage1/AE] ep 25/120 | loss 3.8977 | rec 0.0347 | feat 3.8630 | train_acc 24.35%
[Stage1/AE] ep 26/120 | loss 3.9028 | rec 0.0350 | feat 3.8679 | train_acc 24.48%
[Stage1/AE] ep 27/120 | loss 3.7293 | rec 0.0346 | feat 3.6947 | train_acc 24.40%
[Stage1/AE] ep 28/120 | loss 3.6981 | rec 0.0346 | feat 3.6636 | train_acc 24.40%
[Stage1/AE] ep 29/120 | loss 3.6646 | rec 0.0346 | feat 3.6300 | train_acc 24.52%
[Stage1/AE] ep 30/120 | loss 3.6966 | rec 0.0346 | feat 3.6620 | train_acc 24.43%
[Stage1/AE] ep 31/120 | loss 3.5391 | rec 0.0344 | feat 3.5047 | train_acc 24.18%
[Stage1/AE] ep 32/120 | loss 3.7825 | rec 0.0343 | feat 3.7482 | train_acc 24.32%
[Stage1/AE] ep 33/120 | loss 3.5781 | rec 0.0343 | feat 3.5438 | train_acc 24.32%
[Stage1/AE] ep 34/120 | loss 3.5308 | rec 0.0344 | feat 3.4964 | train_acc 24.40%
[Stage1/AE] ep 35/120 | loss 3.5523 | rec 0.0342 | feat 3.5181 | train_acc 24.30%
[Stage1/AE] ep 36/120 | loss 3.7543 | rec 0.0342 | feat 3.7201 | train_acc 24.32%
[Stage1/AE] ep 37/120 | loss 3.6460 | rec 0.0342 | feat 3.6117 | train_acc 24.35%
[Stage1/AE] ep 38/120 | loss 3.5589 | rec 0.0341 | feat 3.5248 | train_acc 24.32%
[Stage1/AE] ep 39/120 | loss 3.4642 | rec 0.0343 | feat 3.4299 | train_acc 24.30%
[Stage1/AE] ep 40/120 | loss 3.6011 | rec 0.0344 | feat 3.5667 | train_acc 24.45%
[Stage1/AE] ep 41/120 | loss 3.6790 | rec 0.0341 | feat 3.6449 | train_acc 24.25%
[Stage1/AE] ep 42/120 | loss 3.4059 | rec 0.0342 | feat 3.3716 | train_acc 24.32%
[Stage1/AE] ep 43/120 | loss 3.5619 | rec 0.0341 | feat 3.5279 | train_acc 24.25%
[Stage1/AE] ep 44/120 | loss 3.7843 | rec 0.0340 | feat 3.7503 | train_acc 24.40%
[Stage1/AE] ep 45/120 | loss 3.5512 | rec 0.0339 | feat 3.5173 | train_acc 24.40%
[Stage1/AE] ep 46/120 | loss 3.7790 | rec 0.0344 | feat 3.7446 | train_acc 24.48%
[Stage1/AE] ep 47/120 | loss 3.6977 | rec 0.0339 | feat 3.6638 | train_acc 24.23%
[Stage1/AE] ep 48/120 | loss 3.4853 | rec 0.0343 | feat 3.4510 | train_acc 24.23%
[Stage1/AE] ep 49/120 | loss 3.5183 | rec 0.0342 | feat 3.4841 | train_acc 24.35%
[Stage1/AE] ep 50/120 | loss 3.6455 | rec 0.0341 | feat 3.6114 | train_acc 24.40%
[Stage1/AE] ep 51/120 | loss 3.6182 | rec 0.0341 | feat 3.5841 | train_acc 24.27%
[Stage1/AE] ep 52/120 | loss 3.7285 | rec 0.0340 | feat 3.6945 | train_acc 24.38%
[Stage1/AE] ep 53/120 | loss 3.4523 | rec 0.0341 | feat 3.4182 | train_acc 24.20%
[Stage1/AE] ep 54/120 | loss 3.7942 | rec 0.0339 | feat 3.7603 | train_acc 24.18%
[Stage1/AE] ep 55/120 | loss 3.5086 | rec 0.0340 | feat 3.4745 | train_acc 24.27%
[Stage1/AE] ep 56/120 | loss 3.5794 | rec 0.0340 | feat 3.5453 | train_acc 24.30%
[Stage1/AE] ep 57/120 | loss 3.5293 | rec 0.0341 | feat 3.4952 | train_acc 24.23%
[Stage1/AE] ep 58/120 | loss 3.3276 | rec 0.0343 | feat 3.2933 | train_acc 24.25%
[Stage1/AE] ep 59/120 | loss 3.3702 | rec 0.0340 | feat 3.3362 | train_acc 24.30%
[Stage1/AE] ep 60/120 | loss 3.1706 | rec 0.0340 | feat 3.1366 | train_acc 24.27%
[Stage1/AE] ep 61/120 | loss 3.4674 | rec 0.0340 | feat 3.4334 | train_acc 24.50%
[Stage1/AE] ep 62/120 | loss 3.3562 | rec 0.0338 | feat 3.3224 | train_acc 24.45%
[Stage1/AE] ep 63/120 | loss 3.4525 | rec 0.0343 | feat 3.4183 | train_acc 24.20%
[Stage1/AE] ep 64/120 | loss 3.5295 | rec 0.0339 | feat 3.4956 | train_acc 24.15%
[Stage1/AE] ep 65/120 | loss 3.3983 | rec 0.0341 | feat 3.3642 | train_acc 24.35%
[Stage1/AE] ep 66/120 | loss 3.5123 | rec 0.0340 | feat 3.4782 | train_acc 24.25%
[Stage1/AE] ep 67/120 | loss 3.2859 | rec 0.0340 | feat 3.2519 | train_acc 24.32%
[Stage1/AE] ep 68/120 | loss 3.3972 | rec 0.0340 | feat 3.3632 | train_acc 24.25%
[Stage1/AE] ep 69/120 | loss 3.4325 | rec 0.0338 | feat 3.3987 | train_acc 24.27%
[Stage1/AE] ep 70/120 | loss 3.5085 | rec 0.0336 | feat 3.4749 | train_acc 24.38%
[Stage1/AE] ep 71/120 | loss 3.2348 | rec 0.0336 | feat 3.2012 | train_acc 24.35%
[Stage1/AE] ep 72/120 | loss 3.3834 | rec 0.0338 | feat 3.3496 | train_acc 24.23%
[Stage1/AE] ep 73/120 | loss 3.3810 | rec 0.0340 | feat 3.3470 | train_acc 24.38%
[Stage1/AE] ep 74/120 | loss 3.6497 | rec 0.0341 | feat 3.6156 | train_acc 24.12%
[Stage1/AE] ep 75/120 | loss 3.3606 | rec 0.0339 | feat 3.3267 | train_acc 24.52%
[Stage1/AE] ep 76/120 | loss 3.3303 | rec 0.0338 | feat 3.2965 | train_acc 24.45%
[Stage1/AE] ep 77/120 | loss 3.3675 | rec 0.0343 | feat 3.3333 | train_acc 24.30%
[Stage1/AE] ep 78/120 | loss 3.4748 | rec 0.0338 | feat 3.4411 | train_acc 24.25%
[Stage1/AE] ep 79/120 | loss 3.1548 | rec 0.0339 | feat 3.1209 | train_acc 24.15%
[Stage1/AE] ep 80/120 | loss 3.2326 | rec 0.0340 | feat 3.1985 | train_acc 24.32%
[Stage1/AE] ep 81/120 | loss 3.2198 | rec 0.0336 | feat 3.1862 | train_acc 24.12%
[Stage1/AE] ep 82/120 | loss 3.3150 | rec 0.0343 | feat 3.2807 | train_acc 24.18%
[Stage1/AE] ep 83/120 | loss 3.2441 | rec 0.0340 | feat 3.2101 | train_acc 24.20%
[Stage1/AE] ep 84/120 | loss 3.1811 | rec 0.0340 | feat 3.1472 | train_acc 24.27%
[Stage1/AE] ep 85/120 | loss 3.2581 | rec 0.0338 | feat 3.2243 | train_acc 24.30%
[Stage1/AE] ep 86/120 | loss 2.9775 | rec 0.0340 | feat 2.9435 | train_acc 24.23%
[Stage1/AE] ep 87/120 | loss 3.1721 | rec 0.0340 | feat 3.1381 | train_acc 24.20%
[Stage1/AE] ep 88/120 | loss 3.2965 | rec 0.0337 | feat 3.2627 | train_acc 24.32%
[Stage1/AE] ep 89/120 | loss 3.1142 | rec 0.0340 | feat 3.0802 | train_acc 24.32%
[Stage1/AE] ep 90/120 | loss 3.1356 | rec 0.0339 | feat 3.1017 | train_acc 24.35%
[Stage1/AE] ep 91/120 | loss 3.2380 | rec 0.0342 | feat 3.2038 | train_acc 24.25%
[Stage1/AE] ep 92/120 | loss 3.2268 | rec 0.0340 | feat 3.1928 | train_acc 24.18%
[Stage1/AE] ep 93/120 | loss 3.2467 | rec 0.0339 | feat 3.2128 | train_acc 24.18%
[Stage1/AE] ep 94/120 | loss 3.3606 | rec 0.0341 | feat 3.3266 | train_acc 24.27%
[Stage1/AE] ep 95/120 | loss 3.1718 | rec 0.0339 | feat 3.1380 | train_acc 24.18%
[Stage1/AE] ep 96/120 | loss 3.3727 | rec 0.0340 | feat 3.3386 | train_acc 23.93%
[Stage1/AE] ep 97/120 | loss 3.3953 | rec 0.0341 | feat 3.3612 | train_acc 24.15%
[Stage1/AE] ep 98/120 | loss 3.0405 | rec 0.0338 | feat 3.0067 | train_acc 24.07%
[Stage1/AE] ep 99/120 | loss 3.1303 | rec 0.0341 | feat 3.0963 | train_acc 24.38%
[Stage1/AE] ep 100/120 | loss 3.1697 | rec 0.0341 | feat 3.1357 | train_acc 24.32%
[Stage1/AE] ep 101/120 | loss 3.0603 | rec 0.0342 | feat 3.0261 | train_acc 24.23%
[Stage1/AE] ep 102/120 | loss 3.0521 | rec 0.0340 | feat 3.0181 | train_acc 24.32%
[Stage1/AE] ep 103/120 | loss 3.1148 | rec 0.0341 | feat 3.0806 | train_acc 24.25%
[Stage1/AE] ep 104/120 | loss 3.0114 | rec 0.0341 | feat 2.9773 | train_acc 24.27%
[Stage1/AE] ep 105/120 | loss 2.9997 | rec 0.0340 | feat 2.9657 | train_acc 24.18%
[Stage1/AE] ep 106/120 | loss 3.1419 | rec 0.0339 | feat 3.1080 | train_acc 24.30%
[Stage1/AE] ep 107/120 | loss 3.0393 | rec 0.0339 | feat 3.0054 | train_acc 24.35%
[Stage1/AE] ep 108/120 | loss 3.0379 | rec 0.0338 | feat 3.0041 | train_acc 24.20%
[Stage1/AE] ep 109/120 | loss 3.0367 | rec 0.0341 | feat 3.0026 | train_acc 24.15%
[Stage1/AE] ep 110/120 | loss 3.2600 | rec 0.0340 | feat 3.2259 | train_acc 24.27%
[Stage1/AE] ep 111/120 | loss 3.0685 | rec 0.0341 | feat 3.0344 | train_acc 24.25%
[Stage1/AE] ep 112/120 | loss 3.0338 | rec 0.0340 | feat 2.9998 | train_acc 24.27%
[Stage1/AE] ep 113/120 | loss 3.0448 | rec 0.0342 | feat 3.0106 | train_acc 24.18%
[Stage1/AE] ep 114/120 | loss 3.0300 | rec 0.0342 | feat 2.9958 | train_acc 24.20%
[Stage1/AE] ep 115/120 | loss 3.0227 | rec 0.0342 | feat 2.9885 | train_acc 24.27%
[Stage1/AE] ep 116/120 | loss 2.9259 | rec 0.0342 | feat 2.8917 | train_acc 24.12%
[Stage1/AE] ep 117/120 | loss 3.1035 | rec 0.0342 | feat 3.0693 | train_acc 24.23%
[Stage1/AE] ep 118/120 | loss 3.1726 | rec 0.0344 | feat 3.1382 | train_acc 24.00%
[Stage1/AE] ep 119/120 | loss 2.7978 | rec 0.0341 | feat 2.7637 | train_acc 24.30%
[Stage1/AE] ep 120/120 | loss 3.0458 | rec 0.0344 | feat 3.0114 | train_acc 24.07%
[Stage2/Head] ep 1/120 | loss 7.3661 | ce 7.1550 | logit 2.1112 | train_acc 22.90%
[Stage2/Head] ep 2/120 | loss 5.9691 | ce 5.6875 | logit 2.8164 | train_acc 20.07%
[Stage2/Head] ep 3/120 | loss 5.5159 | ce 5.2497 | logit 2.6614 | train_acc 20.77%
[Stage2/Head] ep 4/120 | loss 5.1001 | ce 4.8204 | logit 2.7968 | train_acc 21.80%
[Stage2/Head] ep 5/120 | loss 4.7951 | ce 4.4852 | logit 3.0988 | train_acc 21.23%
[Stage2/Head] ep 6/120 | loss 4.5343 | ce 4.2046 | logit 3.2969 | train_acc 21.35%
[Stage2/Head] ep 7/120 | loss 4.3124 | ce 3.9651 | logit 3.4729 | train_acc 21.40%
[Stage2/Head] ep 8/120 | loss 4.1120 | ce 3.7516 | logit 3.6032 | train_acc 21.82%
[Stage2/Head] ep 9/120 | loss 3.9220 | ce 3.5507 | logit 3.7134 | train_acc 22.00%
[Stage2/Head] ep 10/120 | loss 3.7477 | ce 3.3621 | logit 3.8552 | train_acc 22.55%
[Stage2/Head] ep 11/120 | loss 3.5720 | ce 3.1834 | logit 3.8853 | train_acc 22.35%
[Stage2/Head] ep 12/120 | loss 3.4185 | ce 3.0098 | logit 4.0862 | train_acc 22.73%
[Stage2/Head] ep 13/120 | loss 3.2637 | ce 2.8520 | logit 4.1168 | train_acc 22.73%
[Stage2/Head] ep 14/120 | loss 3.1060 | ce 2.6876 | logit 4.1838 | train_acc 22.85%
[Stage2/Head] ep 15/120 | loss 2.9635 | ce 2.5385 | logit 4.2507 | train_acc 22.95%
[Stage2/Head] ep 16/120 | loss 2.8184 | ce 2.3823 | logit 4.3608 | train_acc 22.85%
[Stage2/Head] ep 17/120 | loss 2.6914 | ce 2.2479 | logit 4.4354 | train_acc 22.75%
[Stage2/Head] ep 18/120 | loss 2.5488 | ce 2.1057 | logit 4.4305 | train_acc 23.00%
[Stage2/Head] ep 19/120 | loss 2.4350 | ce 1.9793 | logit 4.5572 | train_acc 23.25%
[Stage2/Head] ep 20/120 | loss 2.2959 | ce 1.8431 | logit 4.5281 | train_acc 23.38%
[Stage2/Head] ep 21/120 | loss 2.1573 | ce 1.7039 | logit 4.5343 | train_acc 25.07%
[Stage2/Head] ep 22/120 | loss 2.0144 | ce 1.5545 | logit 4.5993 | train_acc 35.40%
[Stage2/Head] ep 23/120 | loss 1.8525 | ce 1.3868 | logit 4.6572 | train_acc 56.05%
[Stage2/Head] ep 24/120 | loss 1.6959 | ce 1.2293 | logit 4.6659 | train_acc 73.03%
[Stage2/Head] ep 25/120 | loss 1.5763 | ce 1.1050 | logit 4.7129 | train_acc 82.75%
[Stage2/Head] ep 26/120 | loss 1.4722 | ce 1.0001 | logit 4.7215 | train_acc 85.92%
[Stage2/Head] ep 27/120 | loss 1.3834 | ce 0.9083 | logit 4.7513 | train_acc 87.92%
[Stage2/Head] ep 28/120 | loss 1.3015 | ce 0.8252 | logit 4.7627 | train_acc 88.80%
[Stage2/Head] ep 29/120 | loss 1.2330 | ce 0.7576 | logit 4.7538 | train_acc 88.80%
[Stage2/Head] ep 30/120 | loss 1.1734 | ce 0.7025 | logit 4.7091 | train_acc 89.05%
[Stage2/Head] ep 31/120 | loss 1.1163 | ce 0.6536 | logit 4.6277 | train_acc 88.80%
[Stage2/Head] ep 32/120 | loss 1.0785 | ce 0.6131 | logit 4.6544 | train_acc 88.58%
[Stage2/Head] ep 33/120 | loss 1.0241 | ce 0.5631 | logit 4.6098 | train_acc 88.30%
[Stage2/Head] ep 34/120 | loss 0.9940 | ce 0.5422 | logit 4.5184 | train_acc 88.28%
[Stage2/Head] ep 35/120 | loss 0.9432 | ce 0.5026 | logit 4.4052 | train_acc 88.65%
[Stage2/Head] ep 36/120 | loss 0.9060 | ce 0.4762 | logit 4.2978 | train_acc 89.30%
[Stage2/Head] ep 37/120 | loss 0.8868 | ce 0.4595 | logit 4.2726 | train_acc 88.65%
[Stage2/Head] ep 38/120 | loss 0.8562 | ce 0.4341 | logit 4.2213 | train_acc 88.38%
[Stage2/Head] ep 39/120 | loss 0.8358 | ce 0.4135 | logit 4.2228 | train_acc 88.72%
[Stage2/Head] ep 40/120 | loss 0.8214 | ce 0.3981 | logit 4.2333 | train_acc 87.80%
[Stage2/Head] ep 41/120 | loss 0.8009 | ce 0.3813 | logit 4.1968 | train_acc 88.60%
[Stage2/Head] ep 42/120 | loss 0.7720 | ce 0.3660 | logit 4.0609 | train_acc 89.08%
[Stage2/Head] ep 43/120 | loss 0.7545 | ce 0.3571 | logit 3.9732 | train_acc 88.90%
[Stage2/Head] ep 44/120 | loss 0.7531 | ce 0.3452 | logit 4.0790 | train_acc 88.15%
[Stage2/Head] ep 45/120 | loss 0.7253 | ce 0.3254 | logit 3.9988 | train_acc 89.10%
[Stage2/Head] ep 46/120 | loss 0.7031 | ce 0.3175 | logit 3.8557 | train_acc 89.30%
[Stage2/Head] ep 47/120 | loss 0.6868 | ce 0.3092 | logit 3.7762 | train_acc 89.65%
[Stage2/Head] ep 48/120 | loss 0.6763 | ce 0.2971 | logit 3.7926 | train_acc 89.28%
[Stage2/Head] ep 49/120 | loss 0.6597 | ce 0.2911 | logit 3.6859 | train_acc 89.65%
[Stage2/Head] ep 50/120 | loss 0.6525 | ce 0.2755 | logit 3.7697 | train_acc 89.30%
[Stage2/Head] ep 51/120 | loss 0.6481 | ce 0.2896 | logit 3.5848 | train_acc 89.40%
[Stage2/Head] ep 52/120 | loss 0.6272 | ce 0.2561 | logit 3.7112 | train_acc 90.12%
[Stage2/Head] ep 53/120 | loss 0.6049 | ce 0.2595 | logit 3.4533 | train_acc 90.10%
[Stage2/Head] ep 54/120 | loss 0.5957 | ce 0.2421 | logit 3.5354 | train_acc 90.35%
[Stage2/Head] ep 55/120 | loss 0.5995 | ce 0.2442 | logit 3.5526 | train_acc 89.97%
[Stage2/Head] ep 56/120 | loss 0.5914 | ce 0.2384 | logit 3.5296 | train_acc 90.47%
[Stage2/Head] ep 57/120 | loss 0.5931 | ce 0.2385 | logit 3.5458 | train_acc 89.78%
[Stage2/Head] ep 58/120 | loss 0.5623 | ce 0.2237 | logit 3.3866 | train_acc 90.58%
[Stage2/Head] ep 59/120 | loss 0.5552 | ce 0.2211 | logit 3.3417 | train_acc 90.42%
[Stage2/Head] ep 60/120 | loss 0.5517 | ce 0.2122 | logit 3.3949 | train_acc 90.33%
[Stage2/Head] ep 61/120 | loss 0.5475 | ce 0.2137 | logit 3.3385 | train_acc 90.85%
[Stage2/Head] ep 62/120 | loss 0.5299 | ce 0.2002 | logit 3.2972 | train_acc 90.78%
[Stage2/Head] ep 63/120 | loss 0.5521 | ce 0.2161 | logit 3.3596 | train_acc 90.35%
[Stage2/Head] ep 64/120 | loss 0.5232 | ce 0.1986 | logit 3.2453 | train_acc 90.47%
[Stage2/Head] ep 65/120 | loss 0.5092 | ce 0.1927 | logit 3.1650 | train_acc 91.72%
[Stage2/Head] ep 66/120 | loss 0.5159 | ce 0.1958 | logit 3.2010 | train_acc 91.12%
[Stage2/Head] ep 67/120 | loss 0.5119 | ce 0.1934 | logit 3.1859 | train_acc 91.17%
[Stage2/Head] ep 68/120 | loss 0.5085 | ce 0.1947 | logit 3.1376 | train_acc 91.58%
[Stage2/Head] ep 69/120 | loss 0.4999 | ce 0.1854 | logit 3.1443 | train_acc 91.17%
[Stage2/Head] ep 70/120 | loss 0.4915 | ce 0.1801 | logit 3.1141 | train_acc 90.80%
[Stage2/Head] ep 71/120 | loss 0.4701 | ce 0.1746 | logit 2.9547 | train_acc 92.12%
[Stage2/Head] ep 72/120 | loss 0.4753 | ce 0.1829 | logit 2.9241 | train_acc 91.83%
[Stage2/Head] ep 73/120 | loss 0.4725 | ce 0.1767 | logit 2.9580 | train_acc 91.72%
[Stage2/Head] ep 74/120 | loss 0.4681 | ce 0.1648 | logit 3.0327 | train_acc 91.67%
[Stage2/Head] ep 75/120 | loss 0.4532 | ce 0.1668 | logit 2.8645 | train_acc 92.05%
[Stage2/Head] ep 76/120 | loss 0.4531 | ce 0.1570 | logit 2.9608 | train_acc 91.78%
[Stage2/Head] ep 77/120 | loss 0.4645 | ce 0.1752 | logit 2.8929 | train_acc 91.22%
[Stage2/Head] ep 78/120 | loss 0.4568 | ce 0.1668 | logit 2.8995 | train_acc 91.12%
[Stage2/Head] ep 79/120 | loss 0.4602 | ce 0.1649 | logit 2.9538 | train_acc 91.08%
[Stage2/Head] ep 80/120 | loss 0.4549 | ce 0.1522 | logit 3.0268 | train_acc 91.22%
[Stage2/Head] ep 81/120 | loss 0.4435 | ce 0.1605 | logit 2.8292 | train_acc 92.08%
[Stage2/Head] ep 82/120 | loss 0.4406 | ce 0.1535 | logit 2.8718 | train_acc 91.60%
[Stage2/Head] ep 83/120 | loss 0.4340 | ce 0.1495 | logit 2.8451 | train_acc 91.75%
[Stage2/Head] ep 84/120 | loss 0.4297 | ce 0.1546 | logit 2.7517 | train_acc 91.78%
[Stage2/Head] ep 85/120 | loss 0.4333 | ce 0.1539 | logit 2.7943 | train_acc 91.60%
[Stage2/Head] ep 86/120 | loss 0.4194 | ce 0.1441 | logit 2.7531 | train_acc 92.15%
[Stage2/Head] ep 87/120 | loss 0.4293 | ce 0.1582 | logit 2.7105 | train_acc 91.42%
[Stage2/Head] ep 88/120 | loss 0.4323 | ce 0.1481 | logit 2.8424 | train_acc 91.90%
[Stage2/Head] ep 89/120 | loss 0.4141 | ce 0.1452 | logit 2.6889 | train_acc 92.22%
[Stage2/Head] ep 90/120 | loss 0.4074 | ce 0.1374 | logit 2.7007 | train_acc 92.25%
[Stage2/Head] ep 91/120 | loss 0.4108 | ce 0.1484 | logit 2.6245 | train_acc 92.12%
[Stage2/Head] ep 92/120 | loss 0.4050 | ce 0.1400 | logit 2.6504 | train_acc 91.80%
[Stage2/Head] ep 93/120 | loss 0.4106 | ce 0.1372 | logit 2.7335 | train_acc 91.80%
[Stage2/Head] ep 94/120 | loss 0.4196 | ce 0.1455 | logit 2.7411 | train_acc 91.80%
[Stage2/Head] ep 95/120 | loss 0.4034 | ce 0.1427 | logit 2.6067 | train_acc 91.30%
[Stage2/Head] ep 96/120 | loss 0.4064 | ce 0.1342 | logit 2.7215 | train_acc 91.62%
[Stage2/Head] ep 97/120 | loss 0.3992 | ce 0.1483 | logit 2.5084 | train_acc 92.28%
[Stage2/Head] ep 98/120 | loss 0.4013 | ce 0.1293 | logit 2.7193 | train_acc 91.67%
[Stage2/Head] ep 99/120 | loss 0.3879 | ce 0.1336 | logit 2.5432 | train_acc 92.28%
[Stage2/Head] ep 100/120 | loss 0.3863 | ce 0.1341 | logit 2.5219 | train_acc 92.17%
[Stage2/Head] ep 101/120 | loss 0.3839 | ce 0.1284 | logit 2.5556 | train_acc 92.12%
[Stage2/Head] ep 102/120 | loss 0.3873 | ce 0.1384 | logit 2.4886 | train_acc 91.95%
[Stage2/Head] ep 103/120 | loss 0.3883 | ce 0.1320 | logit 2.5634 | train_acc 91.62%
[Stage2/Head] ep 104/120 | loss 0.3699 | ce 0.1199 | logit 2.5000 | train_acc 92.12%
[Stage2/Head] ep 105/120 | loss 0.3730 | ce 0.1268 | logit 2.4611 | train_acc 92.08%
[Stage2/Head] ep 106/120 | loss 0.3899 | ce 0.1316 | logit 2.5827 | train_acc 91.72%
[Stage2/Head] ep 107/120 | loss 0.3706 | ce 0.1277 | logit 2.4286 | train_acc 92.28%
[Stage2/Head] ep 108/120 | loss 0.3807 | ce 0.1296 | logit 2.5107 | train_acc 91.83%
[Stage2/Head] ep 109/120 | loss 0.3864 | ce 0.1275 | logit 2.5893 | train_acc 91.35%
[Stage2/Head] ep 110/120 | loss 0.3671 | ce 0.1233 | logit 2.4373 | train_acc 92.15%
[Stage2/Head] ep 111/120 | loss 0.3570 | ce 0.1213 | logit 2.3570 | train_acc 92.55%
[Stage2/Head] ep 112/120 | loss 0.3656 | ce 0.1230 | logit 2.4258 | train_acc 91.90%
[Stage2/Head] ep 113/120 | loss 0.3581 | ce 0.1274 | logit 2.3067 | train_acc 92.00%
[Stage2/Head] ep 114/120 | loss 0.3665 | ce 0.1237 | logit 2.4282 | train_acc 92.17%
[Stage2/Head] ep 115/120 | loss 0.3583 | ce 0.1195 | logit 2.3877 | train_acc 92.10%
[Stage2/Head] ep 116/120 | loss 0.3617 | ce 0.1158 | logit 2.4591 | train_acc 92.20%
[Stage2/Head] ep 117/120 | loss 0.3597 | ce 0.1137 | logit 2.4600 | train_acc 91.95%
[Stage2/Head] ep 118/120 | loss 0.3589 | ce 0.1300 | logit 2.2894 | train_acc 92.22%
[Stage2/Head] ep 119/120 | loss 0.3648 | ce 0.1273 | logit 2.3753 | train_acc 91.88%
[Stage2/Head] ep 120/120 | loss 0.3524 | ce 0.1083 | logit 2.4409 | train_acc 92.22%
[Task 1] Training done in 5.50 min.
[Task 1] Test (on new class only) -> ce_loss: 0.0880, acc: 98.21%, rec_loss: 22.5779
  - Filtering train: keep top 95.0% per class based on returned scores.
[Task 1] Wrote CSVs to: ./runs_mnist_continual/run_20260226_122757/task1
Accuracies on seen tasks:
  Task 0 [0,1,2,3,4]: 78.75%
  Task 1 [5]: 98.21%
Mean over seen tasks (0..1): 88.48%
[Task 1] Skipping GP training and Rscript execution as per --skip_GP flag.
[Task 1] Loaded from R CSV: 2000 rows, f_size=16
[Task 1] Decoded images: torch.Size([2000, 1, 28, 28]) -> recovered dataset size 2000
[Task 1] Augmenting Task 2 training set with 2000 recovered samples.
/home/lhalice/miniconda3/envs/NNGP/lib/python3.12/site-packages/torch/utils/data/dataloader.py:627: UserWarning: This DataLoader will create 2 worker processes in total. Our suggested max number of worker in current system is 1, which is smaller than what this DataLoader is going to create. Please be aware that excessive worker creation might get DataLoader running slow or even freeze, lower the worker number to avoid potential slowness/freeze if necessary.
  warnings.warn(

================================================================================
Starting Task 2: digits [6]
Training samples size: 5000
================================================================================
[Stage1/AE] ep 1/240 | loss 1.3931 | rec 0.0422 | feat 1.3509 | train_acc 35.34%
[Stage1/AE] ep 2/240 | loss 1.2506 | rec 0.0375 | feat 1.2131 | train_acc 35.66%
[Stage1/AE] ep 3/240 | loss 1.1935 | rec 0.0362 | feat 1.1573 | train_acc 35.34%
[Stage1/AE] ep 4/240 | loss 1.1685 | rec 0.0356 | feat 1.1328 | train_acc 35.26%
[Stage1/AE] ep 5/240 | loss 1.1124 | rec 0.0352 | feat 1.0772 | train_acc 35.08%
[Stage1/AE] ep 6/240 | loss 1.1029 | rec 0.0349 | feat 1.0680 | train_acc 35.54%
[Stage1/AE] ep 7/240 | loss 1.1315 | rec 0.0345 | feat 1.0970 | train_acc 35.24%
[Stage1/AE] ep 8/240 | loss 1.0818 | rec 0.0342 | feat 1.0476 | train_acc 35.24%
[Stage1/AE] ep 9/240 | loss 1.1311 | rec 0.0342 | feat 1.0969 | train_acc 35.18%
[Stage1/AE] ep 10/240 | loss 1.0815 | rec 0.0345 | feat 1.0470 | train_acc 34.86%
[Stage1/AE] ep 11/240 | loss 1.0748 | rec 0.0341 | feat 1.0406 | train_acc 35.18%
[Stage1/AE] ep 12/240 | loss 1.0737 | rec 0.0338 | feat 1.0399 | train_acc 34.72%
[Stage1/AE] ep 13/240 | loss 1.0609 | rec 0.0337 | feat 1.0272 | train_acc 35.28%
[Stage1/AE] ep 14/240 | loss 1.0361 | rec 0.0336 | feat 1.0025 | train_acc 34.82%
[Stage1/AE] ep 15/240 | loss 1.0446 | rec 0.0338 | feat 1.0108 | train_acc 35.12%
[Stage1/AE] ep 16/240 | loss 1.0681 | rec 0.0337 | feat 1.0344 | train_acc 34.84%
[Stage1/AE] ep 17/240 | loss 1.0182 | rec 0.0336 | feat 0.9846 | train_acc 35.04%
[Stage1/AE] ep 18/240 | loss 1.0327 | rec 0.0337 | feat 0.9989 | train_acc 34.80%
[Stage1/AE] ep 19/240 | loss 0.9919 | rec 0.0333 | feat 0.9586 | train_acc 34.66%
[Stage1/AE] ep 20/240 | loss 1.0004 | rec 0.0329 | feat 0.9674 | train_acc 34.70%
[Stage1/AE] ep 21/240 | loss 0.9818 | rec 0.0332 | feat 0.9485 | train_acc 34.44%
[Stage1/AE] ep 22/240 | loss 1.0181 | rec 0.0332 | feat 0.9849 | train_acc 34.96%
[Stage1/AE] ep 23/240 | loss 0.9820 | rec 0.0332 | feat 0.9488 | train_acc 34.58%
[Stage1/AE] ep 24/240 | loss 0.9822 | rec 0.0328 | feat 0.9494 | train_acc 34.74%
[Stage1/AE] ep 25/240 | loss 0.9953 | rec 0.0329 | feat 0.9624 | train_acc 34.90%
[Stage1/AE] ep 26/240 | loss 1.0071 | rec 0.0331 | feat 0.9739 | train_acc 34.86%
[Stage1/AE] ep 27/240 | loss 0.9879 | rec 0.0331 | feat 0.9548 | train_acc 34.74%
[Stage1/AE] ep 28/240 | loss 0.9997 | rec 0.0332 | feat 0.9665 | train_acc 34.72%
[Stage1/AE] ep 29/240 | loss 0.9833 | rec 0.0326 | feat 0.9507 | train_acc 34.76%
[Stage1/AE] ep 30/240 | loss 0.9834 | rec 0.0327 | feat 0.9507 | train_acc 34.40%
[Stage1/AE] ep 31/240 | loss 0.9353 | rec 0.0328 | feat 0.9025 | train_acc 34.46%
[Stage1/AE] ep 32/240 | loss 0.9830 | rec 0.0327 | feat 0.9503 | train_acc 34.50%
[Stage1/AE] ep 33/240 | loss 0.9648 | rec 0.0327 | feat 0.9321 | train_acc 34.70%
[Stage1/AE] ep 34/240 | loss 0.9355 | rec 0.0326 | feat 0.9029 | train_acc 34.66%
[Stage1/AE] ep 35/240 | loss 0.9543 | rec 0.0325 | feat 0.9218 | train_acc 34.56%
[Stage1/AE] ep 36/240 | loss 0.9638 | rec 0.0327 | feat 0.9311 | train_acc 34.76%
[Stage1/AE] ep 37/240 | loss 0.9255 | rec 0.0326 | feat 0.8929 | train_acc 34.84%
[Stage1/AE] ep 38/240 | loss 0.9170 | rec 0.0323 | feat 0.8847 | train_acc 34.50%
[Stage1/AE] ep 39/240 | loss 0.9295 | rec 0.0327 | feat 0.8968 | train_acc 34.70%
[Stage1/AE] ep 40/240 | loss 0.9517 | rec 0.0325 | feat 0.9191 | train_acc 34.74%
[Stage1/AE] ep 41/240 | loss 0.9344 | rec 0.0324 | feat 0.9020 | train_acc 34.32%
[Stage1/AE] ep 42/240 | loss 0.9125 | rec 0.0322 | feat 0.8803 | train_acc 34.76%
[Stage1/AE] ep 43/240 | loss 0.9338 | rec 0.0330 | feat 0.9008 | train_acc 34.42%
[Stage1/AE] ep 44/240 | loss 0.9011 | rec 0.0329 | feat 0.8682 | train_acc 34.56%
[Stage1/AE] ep 45/240 | loss 0.8993 | rec 0.0326 | feat 0.8668 | train_acc 34.64%
[Stage1/AE] ep 46/240 | loss 0.9468 | rec 0.0327 | feat 0.9141 | train_acc 34.70%
[Stage1/AE] ep 47/240 | loss 0.9117 | rec 0.0323 | feat 0.8793 | train_acc 34.68%
[Stage1/AE] ep 48/240 | loss 0.9227 | rec 0.0321 | feat 0.8906 | train_acc 34.42%
[Stage1/AE] ep 49/240 | loss 0.9186 | rec 0.0322 | feat 0.8865 | train_acc 34.34%
[Stage1/AE] ep 50/240 | loss 0.9328 | rec 0.0321 | feat 0.9007 | train_acc 34.38%
[Stage1/AE] ep 51/240 | loss 0.8830 | rec 0.0321 | feat 0.8509 | train_acc 34.80%
[Stage1/AE] ep 52/240 | loss 0.9573 | rec 0.0319 | feat 0.9254 | train_acc 34.42%
[Stage1/AE] ep 53/240 | loss 0.9067 | rec 0.0320 | feat 0.8747 | train_acc 34.98%
[Stage1/AE] ep 54/240 | loss 0.9169 | rec 0.0323 | feat 0.8845 | train_acc 34.22%
[Stage1/AE] ep 55/240 | loss 0.8907 | rec 0.0324 | feat 0.8584 | train_acc 34.80%
[Stage1/AE] ep 56/240 | loss 0.9017 | rec 0.0321 | feat 0.8696 | train_acc 34.50%
[Stage1/AE] ep 57/240 | loss 0.9182 | rec 0.0325 | feat 0.8857 | train_acc 34.64%
[Stage1/AE] ep 58/240 | loss 0.9161 | rec 0.0322 | feat 0.8839 | train_acc 34.54%
[Stage1/AE] ep 59/240 | loss 0.9256 | rec 0.0317 | feat 0.8939 | train_acc 34.70%
[Stage1/AE] ep 60/240 | loss 0.9180 | rec 0.0321 | feat 0.8859 | train_acc 34.46%
[Stage1/AE] ep 61/240 | loss 0.8861 | rec 0.0316 | feat 0.8545 | train_acc 34.54%
[Stage1/AE] ep 62/240 | loss 0.9029 | rec 0.0322 | feat 0.8707 | train_acc 34.60%
[Stage1/AE] ep 63/240 | loss 0.8676 | rec 0.0323 | feat 0.8353 | train_acc 34.68%
[Stage1/AE] ep 64/240 | loss 0.8658 | rec 0.0321 | feat 0.8337 | train_acc 34.66%
[Stage1/AE] ep 65/240 | loss 0.8978 | rec 0.0324 | feat 0.8653 | train_acc 34.90%
[Stage1/AE] ep 66/240 | loss 0.8912 | rec 0.0323 | feat 0.8589 | train_acc 34.18%
[Stage1/AE] ep 67/240 | loss 0.8604 | rec 0.0319 | feat 0.8285 | train_acc 34.22%
[Stage1/AE] ep 68/240 | loss 0.9074 | rec 0.0318 | feat 0.8756 | train_acc 34.34%
[Stage1/AE] ep 69/240 | loss 0.8831 | rec 0.0319 | feat 0.8512 | train_acc 34.62%
[Stage1/AE] ep 70/240 | loss 0.8918 | rec 0.0320 | feat 0.8598 | train_acc 34.28%
[Stage1/AE] ep 71/240 | loss 0.8945 | rec 0.0319 | feat 0.8627 | train_acc 34.50%
[Stage1/AE] ep 72/240 | loss 0.8630 | rec 0.0320 | feat 0.8310 | train_acc 34.50%
[Stage1/AE] ep 73/240 | loss 0.8990 | rec 0.0320 | feat 0.8670 | train_acc 34.64%
[Stage1/AE] ep 74/240 | loss 0.9092 | rec 0.0320 | feat 0.8773 | train_acc 34.24%
[Stage1/AE] ep 75/240 | loss 0.8709 | rec 0.0317 | feat 0.8392 | train_acc 34.48%
[Stage1/AE] ep 76/240 | loss 0.8525 | rec 0.0318 | feat 0.8207 | train_acc 34.48%
[Stage1/AE] ep 77/240 | loss 0.8496 | rec 0.0316 | feat 0.8179 | train_acc 34.38%
[Stage1/AE] ep 78/240 | loss 0.8693 | rec 0.0321 | feat 0.8372 | train_acc 34.50%
[Stage1/AE] ep 79/240 | loss 0.8795 | rec 0.0316 | feat 0.8479 | train_acc 34.30%
[Stage1/AE] ep 80/240 | loss 0.8859 | rec 0.0316 | feat 0.8543 | train_acc 34.38%
[Stage1/AE] ep 81/240 | loss 0.8644 | rec 0.0318 | feat 0.8326 | train_acc 34.44%
[Stage1/AE] ep 82/240 | loss 0.8684 | rec 0.0315 | feat 0.8369 | train_acc 34.64%
[Stage1/AE] ep 83/240 | loss 0.8870 | rec 0.0319 | feat 0.8552 | train_acc 34.40%
[Stage1/AE] ep 84/240 | loss 0.8395 | rec 0.0316 | feat 0.8079 | train_acc 34.32%
[Stage1/AE] ep 85/240 | loss 0.8609 | rec 0.0317 | feat 0.8292 | train_acc 34.28%
[Stage1/AE] ep 86/240 | loss 0.8364 | rec 0.0315 | feat 0.8049 | train_acc 34.68%
[Stage1/AE] ep 87/240 | loss 0.8605 | rec 0.0315 | feat 0.8290 | train_acc 34.32%
[Stage1/AE] ep 88/240 | loss 0.8651 | rec 0.0316 | feat 0.8336 | train_acc 34.78%
[Stage1/AE] ep 89/240 | loss 0.8702 | rec 0.0316 | feat 0.8387 | train_acc 34.30%
[Stage1/AE] ep 90/240 | loss 0.8245 | rec 0.0317 | feat 0.7928 | train_acc 34.56%
[Stage1/AE] ep 91/240 | loss 0.8321 | rec 0.0317 | feat 0.8004 | train_acc 34.46%
[Stage1/AE] ep 92/240 | loss 0.8024 | rec 0.0315 | feat 0.7708 | train_acc 34.60%
[Stage1/AE] ep 93/240 | loss 0.8626 | rec 0.0313 | feat 0.8313 | train_acc 34.68%
[Stage1/AE] ep 94/240 | loss 0.8432 | rec 0.0316 | feat 0.8115 | train_acc 34.62%
[Stage1/AE] ep 95/240 | loss 0.8700 | rec 0.0314 | feat 0.8387 | train_acc 34.04%
[Stage1/AE] ep 96/240 | loss 0.8349 | rec 0.0311 | feat 0.8038 | train_acc 34.82%
[Stage1/AE] ep 97/240 | loss 0.8392 | rec 0.0316 | feat 0.8076 | train_acc 34.88%
[Stage1/AE] ep 98/240 | loss 0.8022 | rec 0.0314 | feat 0.7708 | train_acc 34.58%
[Stage1/AE] ep 99/240 | loss 0.8618 | rec 0.0313 | feat 0.8304 | train_acc 34.36%
[Stage1/AE] ep 100/240 | loss 0.8390 | rec 0.0312 | feat 0.8077 | train_acc 34.36%
[Stage1/AE] ep 101/240 | loss 0.8305 | rec 0.0314 | feat 0.7990 | train_acc 34.48%
[Stage1/AE] ep 102/240 | loss 0.8273 | rec 0.0317 | feat 0.7956 | train_acc 34.52%
[Stage1/AE] ep 103/240 | loss 0.8487 | rec 0.0314 | feat 0.8174 | train_acc 34.70%
[Stage1/AE] ep 104/240 | loss 0.8675 | rec 0.0312 | feat 0.8363 | train_acc 34.52%
[Stage1/AE] ep 105/240 | loss 0.8282 | rec 0.0315 | feat 0.7967 | train_acc 34.74%
[Stage1/AE] ep 106/240 | loss 0.8438 | rec 0.0315 | feat 0.8123 | train_acc 34.48%
[Stage1/AE] ep 107/240 | loss 0.8360 | rec 0.0310 | feat 0.8050 | train_acc 34.40%
[Stage1/AE] ep 108/240 | loss 0.8622 | rec 0.0310 | feat 0.8312 | train_acc 34.56%
[Stage1/AE] ep 109/240 | loss 0.8478 | rec 0.0315 | feat 0.8164 | train_acc 34.62%
[Stage1/AE] ep 110/240 | loss 0.8225 | rec 0.0311 | feat 0.7914 | train_acc 34.74%
[Stage1/AE] ep 111/240 | loss 0.8210 | rec 0.0313 | feat 0.7897 | train_acc 34.50%
[Stage1/AE] ep 112/240 | loss 0.8159 | rec 0.0313 | feat 0.7847 | train_acc 34.40%
[Stage1/AE] ep 113/240 | loss 0.8035 | rec 0.0315 | feat 0.7720 | train_acc 34.78%
[Stage1/AE] ep 114/240 | loss 0.7713 | rec 0.0312 | feat 0.7402 | train_acc 34.66%
[Stage1/AE] ep 115/240 | loss 0.8228 | rec 0.0311 | feat 0.7917 | train_acc 34.60%
[Stage1/AE] ep 116/240 | loss 0.8042 | rec 0.0311 | feat 0.7730 | train_acc 34.48%
[Stage1/AE] ep 117/240 | loss 0.7987 | rec 0.0308 | feat 0.7679 | train_acc 34.40%
[Stage1/AE] ep 118/240 | loss 0.8140 | rec 0.0312 | feat 0.7828 | train_acc 34.32%
[Stage1/AE] ep 119/240 | loss 0.8269 | rec 0.0310 | feat 0.7959 | train_acc 34.56%
[Stage1/AE] ep 120/240 | loss 0.7927 | rec 0.0309 | feat 0.7618 | train_acc 34.56%
[Stage1/AE] ep 121/240 | loss 0.8208 | rec 0.0311 | feat 0.7897 | train_acc 34.48%
[Stage1/AE] ep 122/240 | loss 0.8116 | rec 0.0310 | feat 0.7806 | train_acc 34.30%
[Stage1/AE] ep 123/240 | loss 0.7994 | rec 0.0313 | feat 0.7681 | train_acc 34.72%
[Stage1/AE] ep 124/240 | loss 0.8102 | rec 0.0312 | feat 0.7790 | train_acc 34.38%
[Stage1/AE] ep 125/240 | loss 0.8110 | rec 0.0312 | feat 0.7798 | train_acc 34.36%
[Stage1/AE] ep 126/240 | loss 0.8134 | rec 0.0312 | feat 0.7823 | train_acc 34.64%
[Stage1/AE] ep 127/240 | loss 0.8070 | rec 0.0311 | feat 0.7759 | train_acc 34.46%
[Stage1/AE] ep 128/240 | loss 0.7998 | rec 0.0310 | feat 0.7688 | train_acc 34.56%
[Stage1/AE] ep 129/240 | loss 0.7651 | rec 0.0308 | feat 0.7344 | train_acc 34.60%
[Stage1/AE] ep 130/240 | loss 0.8049 | rec 0.0312 | feat 0.7737 | train_acc 34.64%
[Stage1/AE] ep 131/240 | loss 0.7732 | rec 0.0310 | feat 0.7422 | train_acc 34.36%
[Stage1/AE] ep 132/240 | loss 0.7975 | rec 0.0313 | feat 0.7662 | train_acc 34.56%
[Stage1/AE] ep 133/240 | loss 0.7636 | rec 0.0312 | feat 0.7324 | train_acc 35.00%
[Stage1/AE] ep 134/240 | loss 0.7863 | rec 0.0308 | feat 0.7556 | train_acc 34.66%
[Stage1/AE] ep 135/240 | loss 0.7685 | rec 0.0308 | feat 0.7377 | train_acc 34.46%
[Stage1/AE] ep 136/240 | loss 0.7760 | rec 0.0310 | feat 0.7450 | train_acc 34.54%
[Stage1/AE] ep 137/240 | loss 0.7865 | rec 0.0310 | feat 0.7555 | train_acc 34.56%
[Stage1/AE] ep 138/240 | loss 0.7866 | rec 0.0311 | feat 0.7556 | train_acc 34.62%
[Stage1/AE] ep 139/240 | loss 0.8251 | rec 0.0310 | feat 0.7941 | train_acc 34.42%
[Stage1/AE] ep 140/240 | loss 0.7858 | rec 0.0306 | feat 0.7551 | train_acc 34.48%
[Stage1/AE] ep 141/240 | loss 0.7493 | rec 0.0305 | feat 0.7188 | train_acc 34.58%
[Stage1/AE] ep 142/240 | loss 0.7839 | rec 0.0310 | feat 0.7528 | train_acc 34.84%
[Stage1/AE] ep 143/240 | loss 0.7647 | rec 0.0308 | feat 0.7339 | train_acc 34.46%
[Stage1/AE] ep 144/240 | loss 0.7691 | rec 0.0306 | feat 0.7385 | train_acc 34.78%
[Stage1/AE] ep 145/240 | loss 0.7517 | rec 0.0309 | feat 0.7208 | train_acc 34.52%
[Stage1/AE] ep 146/240 | loss 0.8257 | rec 0.0310 | feat 0.7946 | train_acc 34.34%
[Stage1/AE] ep 147/240 | loss 0.7755 | rec 0.0309 | feat 0.7446 | train_acc 34.56%
[Stage1/AE] ep 148/240 | loss 0.7667 | rec 0.0308 | feat 0.7358 | train_acc 34.76%
[Stage1/AE] ep 149/240 | loss 0.7611 | rec 0.0309 | feat 0.7302 | train_acc 34.42%
[Stage1/AE] ep 150/240 | loss 0.7620 | rec 0.0309 | feat 0.7311 | train_acc 34.80%
[Stage1/AE] ep 151/240 | loss 0.7774 | rec 0.0308 | feat 0.7467 | train_acc 34.46%
[Stage1/AE] ep 152/240 | loss 0.7620 | rec 0.0309 | feat 0.7312 | train_acc 34.76%
[Stage1/AE] ep 153/240 | loss 0.7638 | rec 0.0308 | feat 0.7331 | train_acc 34.44%
[Stage1/AE] ep 154/240 | loss 0.7662 | rec 0.0308 | feat 0.7354 | train_acc 34.44%
[Stage1/AE] ep 155/240 | loss 0.7625 | rec 0.0306 | feat 0.7319 | train_acc 34.78%
[Stage1/AE] ep 156/240 | loss 0.7673 | rec 0.0311 | feat 0.7362 | train_acc 34.46%
[Stage1/AE] ep 157/240 | loss 0.7369 | rec 0.0307 | feat 0.7062 | train_acc 34.84%
[Stage1/AE] ep 158/240 | loss 0.7293 | rec 0.0309 | feat 0.6984 | train_acc 34.52%
[Stage1/AE] ep 159/240 | loss 0.7347 | rec 0.0306 | feat 0.7041 | train_acc 34.40%
[Stage1/AE] ep 160/240 | loss 0.7489 | rec 0.0307 | feat 0.7182 | train_acc 34.70%
[Stage1/AE] ep 161/240 | loss 0.7543 | rec 0.0307 | feat 0.7236 | train_acc 34.54%
[Stage1/AE] ep 162/240 | loss 0.7462 | rec 0.0306 | feat 0.7156 | train_acc 34.48%
[Stage1/AE] ep 163/240 | loss 0.7384 | rec 0.0306 | feat 0.7078 | train_acc 34.54%
[Stage1/AE] ep 164/240 | loss 0.7855 | rec 0.0309 | feat 0.7546 | train_acc 34.92%
[Stage1/AE] ep 165/240 | loss 0.7309 | rec 0.0305 | feat 0.7004 | train_acc 34.84%
[Stage1/AE] ep 166/240 | loss 0.7686 | rec 0.0306 | feat 0.7381 | train_acc 34.60%
[Stage1/AE] ep 167/240 | loss 0.7709 | rec 0.0305 | feat 0.7404 | train_acc 34.82%
[Stage1/AE] ep 168/240 | loss 0.7419 | rec 0.0304 | feat 0.7115 | train_acc 34.56%
[Stage1/AE] ep 169/240 | loss 0.7462 | rec 0.0304 | feat 0.7157 | train_acc 34.28%
[Stage1/AE] ep 170/240 | loss 0.7245 | rec 0.0305 | feat 0.6940 | train_acc 34.72%
[Stage1/AE] ep 171/240 | loss 0.7527 | rec 0.0302 | feat 0.7225 | train_acc 34.58%
[Stage1/AE] ep 172/240 | loss 0.7484 | rec 0.0307 | feat 0.7177 | train_acc 34.66%
[Stage1/AE] ep 173/240 | loss 0.7444 | rec 0.0302 | feat 0.7142 | train_acc 34.38%
[Stage1/AE] ep 174/240 | loss 0.7358 | rec 0.0306 | feat 0.7052 | train_acc 34.46%
[Stage1/AE] ep 175/240 | loss 0.7747 | rec 0.0304 | feat 0.7443 | train_acc 34.84%
[Stage1/AE] ep 176/240 | loss 0.7620 | rec 0.0305 | feat 0.7315 | train_acc 34.54%
[Stage1/AE] ep 177/240 | loss 0.7321 | rec 0.0305 | feat 0.7016 | train_acc 34.58%
[Stage1/AE] ep 178/240 | loss 0.7055 | rec 0.0304 | feat 0.6751 | train_acc 34.50%
[Stage1/AE] ep 179/240 | loss 0.7620 | rec 0.0306 | feat 0.7314 | train_acc 34.74%
[Stage1/AE] ep 180/240 | loss 0.7389 | rec 0.0303 | feat 0.7086 | train_acc 34.50%
[Stage1/AE] ep 181/240 | loss 0.7365 | rec 0.0303 | feat 0.7062 | train_acc 34.82%
[Stage1/AE] ep 182/240 | loss 0.7428 | rec 0.0305 | feat 0.7123 | train_acc 34.48%
[Stage1/AE] ep 183/240 | loss 0.7096 | rec 0.0304 | feat 0.6792 | train_acc 34.60%
[Stage1/AE] ep 184/240 | loss 0.7294 | rec 0.0304 | feat 0.6990 | train_acc 34.38%
[Stage1/AE] ep 185/240 | loss 0.7584 | rec 0.0305 | feat 0.7279 | train_acc 34.48%
[Stage1/AE] ep 186/240 | loss 0.7408 | rec 0.0305 | feat 0.7103 | train_acc 34.84%
[Stage1/AE] ep 187/240 | loss 0.7837 | rec 0.0302 | feat 0.7535 | train_acc 34.68%
[Stage1/AE] ep 188/240 | loss 0.7349 | rec 0.0306 | feat 0.7043 | train_acc 34.56%
[Stage1/AE] ep 189/240 | loss 0.7265 | rec 0.0303 | feat 0.6962 | train_acc 34.96%
[Stage1/AE] ep 190/240 | loss 0.7769 | rec 0.0301 | feat 0.7468 | train_acc 34.60%
[Stage1/AE] ep 191/240 | loss 0.7294 | rec 0.0306 | feat 0.6988 | train_acc 34.76%
[Stage1/AE] ep 192/240 | loss 0.7521 | rec 0.0305 | feat 0.7216 | train_acc 34.52%
[Stage1/AE] ep 193/240 | loss 0.7172 | rec 0.0299 | feat 0.6873 | train_acc 34.76%
[Stage1/AE] ep 194/240 | loss 0.7257 | rec 0.0301 | feat 0.6956 | train_acc 34.46%
[Stage1/AE] ep 195/240 | loss 0.7274 | rec 0.0303 | feat 0.6970 | train_acc 34.90%
[Stage1/AE] ep 196/240 | loss 0.7110 | rec 0.0303 | feat 0.6808 | train_acc 34.34%
[Stage1/AE] ep 197/240 | loss 0.7437 | rec 0.0303 | feat 0.7134 | train_acc 34.64%
[Stage1/AE] ep 198/240 | loss 0.7363 | rec 0.0308 | feat 0.7055 | train_acc 34.56%
[Stage1/AE] ep 199/240 | loss 0.7070 | rec 0.0300 | feat 0.6770 | train_acc 34.58%
[Stage1/AE] ep 200/240 | loss 0.7380 | rec 0.0300 | feat 0.7080 | train_acc 34.76%
[Stage1/AE] ep 201/240 | loss 0.7059 | rec 0.0303 | feat 0.6757 | train_acc 34.58%
[Stage1/AE] ep 202/240 | loss 0.7697 | rec 0.0300 | feat 0.7397 | train_acc 34.72%
[Stage1/AE] ep 203/240 | loss 0.7169 | rec 0.0302 | feat 0.6867 | train_acc 34.64%
[Stage1/AE] ep 204/240 | loss 0.6963 | rec 0.0301 | feat 0.6661 | train_acc 34.66%
[Stage1/AE] ep 205/240 | loss 0.7279 | rec 0.0298 | feat 0.6980 | train_acc 34.32%
[Stage1/AE] ep 206/240 | loss 0.7115 | rec 0.0300 | feat 0.6815 | train_acc 34.42%
[Stage1/AE] ep 207/240 | loss 0.7230 | rec 0.0304 | feat 0.6926 | train_acc 34.66%
[Stage1/AE] ep 208/240 | loss 0.7218 | rec 0.0301 | feat 0.6918 | train_acc 34.54%
[Stage1/AE] ep 209/240 | loss 0.7287 | rec 0.0301 | feat 0.6987 | train_acc 34.58%
[Stage1/AE] ep 210/240 | loss 0.6980 | rec 0.0301 | feat 0.6679 | train_acc 34.70%
[Stage1/AE] ep 211/240 | loss 0.7208 | rec 0.0301 | feat 0.6908 | train_acc 34.62%
[Stage1/AE] ep 212/240 | loss 0.7071 | rec 0.0300 | feat 0.6771 | train_acc 34.72%
[Stage1/AE] ep 213/240 | loss 0.7088 | rec 0.0299 | feat 0.6789 | train_acc 34.60%
[Stage1/AE] ep 214/240 | loss 0.6999 | rec 0.0300 | feat 0.6699 | train_acc 34.72%
[Stage1/AE] ep 215/240 | loss 0.6826 | rec 0.0300 | feat 0.6526 | train_acc 34.84%
[Stage1/AE] ep 216/240 | loss 0.7099 | rec 0.0302 | feat 0.6796 | train_acc 34.84%
[Stage1/AE] ep 217/240 | loss 0.7104 | rec 0.0300 | feat 0.6804 | train_acc 34.72%
[Stage1/AE] ep 218/240 | loss 0.7153 | rec 0.0303 | feat 0.6850 | train_acc 34.82%
[Stage1/AE] ep 219/240 | loss 0.7095 | rec 0.0298 | feat 0.6797 | train_acc 34.58%
[Stage1/AE] ep 220/240 | loss 0.6964 | rec 0.0300 | feat 0.6664 | train_acc 34.84%
[Stage1/AE] ep 221/240 | loss 0.6880 | rec 0.0301 | feat 0.6580 | train_acc 34.92%
[Stage1/AE] ep 222/240 | loss 0.6888 | rec 0.0299 | feat 0.6589 | train_acc 34.42%
[Stage1/AE] ep 223/240 | loss 0.7000 | rec 0.0303 | feat 0.6697 | train_acc 34.70%
[Stage1/AE] ep 224/240 | loss 0.6889 | rec 0.0306 | feat 0.6583 | train_acc 34.80%
[Stage1/AE] ep 225/240 | loss 0.6917 | rec 0.0298 | feat 0.6619 | train_acc 34.66%
[Stage1/AE] ep 226/240 | loss 0.6967 | rec 0.0302 | feat 0.6665 | train_acc 34.34%
[Stage1/AE] ep 227/240 | loss 0.7047 | rec 0.0301 | feat 0.6746 | train_acc 34.74%
[Stage1/AE] ep 228/240 | loss 0.6707 | rec 0.0299 | feat 0.6407 | train_acc 34.96%
[Stage1/AE] ep 229/240 | loss 0.7055 | rec 0.0300 | feat 0.6755 | train_acc 34.74%
[Stage1/AE] ep 230/240 | loss 0.6922 | rec 0.0299 | feat 0.6624 | train_acc 34.74%
[Stage1/AE] ep 231/240 | loss 0.6899 | rec 0.0299 | feat 0.6599 | train_acc 34.78%
[Stage1/AE] ep 232/240 | loss 0.7129 | rec 0.0302 | feat 0.6826 | train_acc 34.86%
[Stage1/AE] ep 233/240 | loss 0.6827 | rec 0.0296 | feat 0.6531 | train_acc 34.78%
[Stage1/AE] ep 234/240 | loss 0.6811 | rec 0.0297 | feat 0.6514 | train_acc 34.72%
[Stage1/AE] ep 235/240 | loss 0.6997 | rec 0.0298 | feat 0.6699 | train_acc 34.78%
[Stage1/AE] ep 236/240 | loss 0.6939 | rec 0.0301 | feat 0.6638 | train_acc 34.80%
[Stage1/AE] ep 237/240 | loss 0.7122 | rec 0.0301 | feat 0.6821 | train_acc 34.78%
[Stage1/AE] ep 238/240 | loss 0.6720 | rec 0.0297 | feat 0.6423 | train_acc 35.00%
[Stage1/AE] ep 239/240 | loss 0.6869 | rec 0.0296 | feat 0.6573 | train_acc 34.74%
[Stage1/AE] ep 240/240 | loss 0.6650 | rec 0.0299 | feat 0.6351 | train_acc 34.72%
[Stage2/Head] ep 1/240 | loss 9.5093 | ce 8.9937 | logit 5.1566 | train_acc 32.94%
[Stage2/Head] ep 2/240 | loss 8.0747 | ce 7.4644 | logit 6.1028 | train_acc 21.76%
[Stage2/Head] ep 3/240 | loss 7.7988 | ce 7.2501 | logit 5.4867 | train_acc 28.38%
[Stage2/Head] ep 4/240 | loss 7.4942 | ce 7.0278 | logit 4.6641 | train_acc 25.74%
[Stage2/Head] ep 5/240 | loss 6.7864 | ce 6.3621 | logit 4.2425 | train_acc 25.84%
[Stage2/Head] ep 6/240 | loss 6.4547 | ce 6.0047 | logit 4.5002 | train_acc 11.52%
[Stage2/Head] ep 7/240 | loss 6.0902 | ce 5.6298 | logit 4.6038 | train_acc 4.26%
[Stage2/Head] ep 8/240 | loss 5.7815 | ce 5.3139 | logit 4.6761 | train_acc 3.60%
[Stage2/Head] ep 9/240 | loss 5.5003 | ce 5.0293 | logit 4.7099 | train_acc 3.78%
[Stage2/Head] ep 10/240 | loss 5.2372 | ce 4.7730 | logit 4.6426 | train_acc 3.98%
[Stage2/Head] ep 11/240 | loss 5.0032 | ce 4.5420 | logit 4.6128 | train_acc 4.24%
[Stage2/Head] ep 12/240 | loss 4.7462 | ce 4.2719 | logit 4.7439 | train_acc 4.30%
[Stage2/Head] ep 13/240 | loss 4.4621 | ce 3.9696 | logit 4.9247 | train_acc 4.36%
[Stage2/Head] ep 14/240 | loss 4.1951 | ce 3.6858 | logit 5.0935 | train_acc 4.02%
[Stage2/Head] ep 15/240 | loss 3.9504 | ce 3.4244 | logit 5.2598 | train_acc 4.24%
[Stage2/Head] ep 16/240 | loss 3.7341 | ce 3.1786 | logit 5.5552 | train_acc 4.26%
[Stage2/Head] ep 17/240 | loss 3.5112 | ce 2.9481 | logit 5.6317 | train_acc 4.50%
[Stage2/Head] ep 18/240 | loss 3.3130 | ce 2.7299 | logit 5.8308 | train_acc 4.62%
[Stage2/Head] ep 19/240 | loss 3.1265 | ce 2.5235 | logit 6.0302 | train_acc 4.62%
[Stage2/Head] ep 20/240 | loss 2.9490 | ce 2.3387 | logit 6.1027 | train_acc 5.34%
[Stage2/Head] ep 21/240 | loss 2.7785 | ce 2.1486 | logit 6.2998 | train_acc 5.50%
[Stage2/Head] ep 22/240 | loss 2.6178 | ce 1.9826 | logit 6.3522 | train_acc 6.64%
[Stage2/Head] ep 23/240 | loss 2.4614 | ce 1.8270 | logit 6.3439 | train_acc 7.44%
[Stage2/Head] ep 24/240 | loss 2.3107 | ce 1.6852 | logit 6.2550 | train_acc 14.92%
[Stage2/Head] ep 25/240 | loss 2.1497 | ce 1.5509 | logit 5.9882 | train_acc 32.50%
[Stage2/Head] ep 26/240 | loss 1.9943 | ce 1.4341 | logit 5.6012 | train_acc 47.54%
[Stage2/Head] ep 27/240 | loss 1.8463 | ce 1.3203 | logit 5.2602 | train_acc 54.96%
[Stage2/Head] ep 28/240 | loss 1.6859 | ce 1.2056 | logit 4.8029 | train_acc 59.24%
[Stage2/Head] ep 29/240 | loss 1.5629 | ce 1.1031 | logit 4.5981 | train_acc 61.66%
[Stage2/Head] ep 30/240 | loss 1.4610 | ce 1.0040 | logit 4.5695 | train_acc 63.30%
[Stage2/Head] ep 31/240 | loss 1.3612 | ce 0.9180 | logit 4.4319 | train_acc 64.24%
[Stage2/Head] ep 32/240 | loss 1.2653 | ce 0.8331 | logit 4.3219 | train_acc 66.38%
[Stage2/Head] ep 33/240 | loss 1.1838 | ce 0.7665 | logit 4.1724 | train_acc 70.50%
[Stage2/Head] ep 34/240 | loss 1.0975 | ce 0.7073 | logit 3.9029 | train_acc 74.92%
[Stage2/Head] ep 35/240 | loss 1.0280 | ce 0.6471 | logit 3.8094 | train_acc 79.80%
[Stage2/Head] ep 36/240 | loss 0.9684 | ce 0.6022 | logit 3.6620 | train_acc 81.90%
[Stage2/Head] ep 37/240 | loss 0.9098 | ce 0.5598 | logit 3.4999 | train_acc 83.68%
[Stage2/Head] ep 38/240 | loss 0.8581 | ce 0.5204 | logit 3.3773 | train_acc 85.36%
[Stage2/Head] ep 39/240 | loss 0.8263 | ce 0.4816 | logit 3.4472 | train_acc 85.56%
[Stage2/Head] ep 40/240 | loss 0.7790 | ce 0.4533 | logit 3.2576 | train_acc 86.58%
[Stage2/Head] ep 41/240 | loss 0.7382 | ce 0.4261 | logit 3.1205 | train_acc 87.52%
[Stage2/Head] ep 42/240 | loss 0.7076 | ce 0.3939 | logit 3.1365 | train_acc 87.74%
[Stage2/Head] ep 43/240 | loss 0.6807 | ce 0.3861 | logit 2.9461 | train_acc 87.72%
[Stage2/Head] ep 44/240 | loss 0.6433 | ce 0.3597 | logit 2.8354 | train_acc 88.36%
[Stage2/Head] ep 45/240 | loss 0.6149 | ce 0.3379 | logit 2.7702 | train_acc 88.50%
[Stage2/Head] ep 46/240 | loss 0.5893 | ce 0.3267 | logit 2.6256 | train_acc 88.90%
[Stage2/Head] ep 47/240 | loss 0.5592 | ce 0.3096 | logit 2.4959 | train_acc 88.52%
[Stage2/Head] ep 48/240 | loss 0.5478 | ce 0.2921 | logit 2.5567 | train_acc 88.96%
[Stage2/Head] ep 49/240 | loss 0.5250 | ce 0.2767 | logit 2.4831 | train_acc 88.78%
[Stage2/Head] ep 50/240 | loss 0.5150 | ce 0.2613 | logit 2.5371 | train_acc 88.76%
[Stage2/Head] ep 51/240 | loss 0.5131 | ce 0.2730 | logit 2.4011 | train_acc 88.26%
[Stage2/Head] ep 52/240 | loss 0.4845 | ce 0.2512 | logit 2.3338 | train_acc 88.76%
[Stage2/Head] ep 53/240 | loss 0.4885 | ce 0.2455 | logit 2.4294 | train_acc 88.88%
[Stage2/Head] ep 54/240 | loss 0.4697 | ce 0.2321 | logit 2.3758 | train_acc 87.98%
[Stage2/Head] ep 55/240 | loss 0.4522 | ce 0.2275 | logit 2.2468 | train_acc 88.12%
[Stage2/Head] ep 56/240 | loss 0.4282 | ce 0.2150 | logit 2.1318 | train_acc 88.56%
[Stage2/Head] ep 57/240 | loss 0.4176 | ce 0.2076 | logit 2.1000 | train_acc 88.28%
[Stage2/Head] ep 58/240 | loss 0.4194 | ce 0.2027 | logit 2.1664 | train_acc 88.72%
[Stage2/Head] ep 59/240 | loss 0.3950 | ce 0.1932 | logit 2.0181 | train_acc 89.16%
[Stage2/Head] ep 60/240 | loss 0.4045 | ce 0.1939 | logit 2.1054 | train_acc 88.06%
[Stage2/Head] ep 61/240 | loss 0.3850 | ce 0.1856 | logit 1.9948 | train_acc 88.86%
[Stage2/Head] ep 62/240 | loss 0.4080 | ce 0.1869 | logit 2.2111 | train_acc 87.96%
[Stage2/Head] ep 63/240 | loss 0.3925 | ce 0.1791 | logit 2.1340 | train_acc 88.54%
[Stage2/Head] ep 64/240 | loss 0.3602 | ce 0.1757 | logit 1.8451 | train_acc 88.58%
[Stage2/Head] ep 65/240 | loss 0.3629 | ce 0.1662 | logit 1.9675 | train_acc 88.12%
[Stage2/Head] ep 66/240 | loss 0.3532 | ce 0.1596 | logit 1.9355 | train_acc 88.62%
[Stage2/Head] ep 67/240 | loss 0.3430 | ce 0.1589 | logit 1.8419 | train_acc 88.64%
[Stage2/Head] ep 68/240 | loss 0.3435 | ce 0.1537 | logit 1.8987 | train_acc 88.48%
[Stage2/Head] ep 69/240 | loss 0.3410 | ce 0.1537 | logit 1.8722 | train_acc 88.62%
[Stage2/Head] ep 70/240 | loss 0.3476 | ce 0.1620 | logit 1.8552 | train_acc 88.30%
[Stage2/Head] ep 71/240 | loss 0.3160 | ce 0.1362 | logit 1.7980 | train_acc 88.58%
[Stage2/Head] ep 72/240 | loss 0.3231 | ce 0.1428 | logit 1.8025 | train_acc 88.58%
[Stage2/Head] ep 73/240 | loss 0.3174 | ce 0.1400 | logit 1.7743 | train_acc 88.60%
[Stage2/Head] ep 74/240 | loss 0.3071 | ce 0.1273 | logit 1.7976 | train_acc 88.32%
[Stage2/Head] ep 75/240 | loss 0.3085 | ce 0.1312 | logit 1.7730 | train_acc 88.54%
[Stage2/Head] ep 76/240 | loss 0.2992 | ce 0.1263 | logit 1.7287 | train_acc 88.86%
[Stage2/Head] ep 77/240 | loss 0.3031 | ce 0.1283 | logit 1.7483 | train_acc 88.52%
[Stage2/Head] ep 78/240 | loss 0.2931 | ce 0.1283 | logit 1.6479 | train_acc 88.72%
[Stage2/Head] ep 79/240 | loss 0.2976 | ce 0.1221 | logit 1.7553 | train_acc 88.24%
[Stage2/Head] ep 80/240 | loss 0.2931 | ce 0.1212 | logit 1.7190 | train_acc 88.50%
[Stage2/Head] ep 81/240 | loss 0.2906 | ce 0.1224 | logit 1.6817 | train_acc 88.78%
[Stage2/Head] ep 82/240 | loss 0.2873 | ce 0.1175 | logit 1.6978 | train_acc 88.34%
[Stage2/Head] ep 83/240 | loss 0.2747 | ce 0.1145 | logit 1.6026 | train_acc 88.32%
[Stage2/Head] ep 84/240 | loss 0.2820 | ce 0.1133 | logit 1.6869 | train_acc 88.48%
[Stage2/Head] ep 85/240 | loss 0.2717 | ce 0.1135 | logit 1.5812 | train_acc 88.54%
[Stage2/Head] ep 86/240 | loss 0.2846 | ce 0.1116 | logit 1.7297 | train_acc 88.08%
[Stage2/Head] ep 87/240 | loss 0.2621 | ce 0.1046 | logit 1.5749 | train_acc 88.52%
[Stage2/Head] ep 88/240 | loss 0.2628 | ce 0.1041 | logit 1.5866 | train_acc 88.82%
[Stage2/Head] ep 89/240 | loss 0.2626 | ce 0.1052 | logit 1.5738 | train_acc 89.10%
[Stage2/Head] ep 90/240 | loss 0.2582 | ce 0.1032 | logit 1.5499 | train_acc 88.66%
[Stage2/Head] ep 91/240 | loss 0.2499 | ce 0.0963 | logit 1.5364 | train_acc 88.96%
[Stage2/Head] ep 92/240 | loss 0.2517 | ce 0.0981 | logit 1.5359 | train_acc 88.68%
[Stage2/Head] ep 93/240 | loss 0.2593 | ce 0.1020 | logit 1.5728 | train_acc 88.48%
[Stage2/Head] ep 94/240 | loss 0.2420 | ce 0.0953 | logit 1.4663 | train_acc 88.88%
[Stage2/Head] ep 95/240 | loss 0.2440 | ce 0.0961 | logit 1.4787 | train_acc 88.76%
[Stage2/Head] ep 96/240 | loss 0.2446 | ce 0.0949 | logit 1.4966 | train_acc 88.86%
[Stage2/Head] ep 97/240 | loss 0.2432 | ce 0.0907 | logit 1.5254 | train_acc 89.22%
[Stage2/Head] ep 98/240 | loss 0.2459 | ce 0.0972 | logit 1.4872 | train_acc 88.70%
[Stage2/Head] ep 99/240 | loss 0.2350 | ce 0.0905 | logit 1.4459 | train_acc 88.74%
[Stage2/Head] ep 100/240 | loss 0.2348 | ce 0.0875 | logit 1.4733 | train_acc 88.94%
[Stage2/Head] ep 101/240 | loss 0.2391 | ce 0.0958 | logit 1.4323 | train_acc 88.42%
[Stage2/Head] ep 102/240 | loss 0.2296 | ce 0.0870 | logit 1.4255 | train_acc 89.14%
[Stage2/Head] ep 103/240 | loss 0.2371 | ce 0.0940 | logit 1.4311 | train_acc 88.58%
[Stage2/Head] ep 104/240 | loss 0.2277 | ce 0.0900 | logit 1.3770 | train_acc 89.22%
[Stage2/Head] ep 105/240 | loss 0.2279 | ce 0.0802 | logit 1.4777 | train_acc 89.08%
[Stage2/Head] ep 106/240 | loss 0.2188 | ce 0.0835 | logit 1.3534 | train_acc 89.04%
[Stage2/Head] ep 107/240 | loss 0.2234 | ce 0.0857 | logit 1.3771 | train_acc 89.16%
[Stage2/Head] ep 108/240 | loss 0.2275 | ce 0.0831 | logit 1.4436 | train_acc 88.38%
[Stage2/Head] ep 109/240 | loss 0.2171 | ce 0.0801 | logit 1.3700 | train_acc 89.22%
[Stage2/Head] ep 110/240 | loss 0.2180 | ce 0.0884 | logit 1.2962 | train_acc 89.58%
[Stage2/Head] ep 111/240 | loss 0.1986 | ce 0.0657 | logit 1.3291 | train_acc 89.74%
[Stage2/Head] ep 112/240 | loss 0.2058 | ce 0.0767 | logit 1.2905 | train_acc 89.78%
[Stage2/Head] ep 113/240 | loss 0.2173 | ce 0.0771 | logit 1.4017 | train_acc 89.22%
[Stage2/Head] ep 114/240 | loss 0.2065 | ce 0.0735 | logit 1.3298 | train_acc 89.16%
[Stage2/Head] ep 115/240 | loss 0.2026 | ce 0.0738 | logit 1.2873 | train_acc 89.24%
[Stage2/Head] ep 116/240 | loss 0.2074 | ce 0.0800 | logit 1.2748 | train_acc 89.78%
[Stage2/Head] ep 117/240 | loss 0.2006 | ce 0.0714 | logit 1.2926 | train_acc 89.46%
[Stage2/Head] ep 118/240 | loss 0.1954 | ce 0.0697 | logit 1.2571 | train_acc 89.36%
[Stage2/Head] ep 119/240 | loss 0.2009 | ce 0.0754 | logit 1.2544 | train_acc 89.32%
[Stage2/Head] ep 120/240 | loss 0.2010 | ce 0.0692 | logit 1.3176 | train_acc 89.24%
[Stage2/Head] ep 121/240 | loss 0.2093 | ce 0.0720 | logit 1.3731 | train_acc 89.00%
[Stage2/Head] ep 122/240 | loss 0.2028 | ce 0.0749 | logit 1.2791 | train_acc 88.62%
[Stage2/Head] ep 123/240 | loss 0.2012 | ce 0.0729 | logit 1.2829 | train_acc 89.40%
[Stage2/Head] ep 124/240 | loss 0.2007 | ce 0.0706 | logit 1.3010 | train_acc 89.88%
[Stage2/Head] ep 125/240 | loss 0.1918 | ce 0.0679 | logit 1.2387 | train_acc 89.52%
[Stage2/Head] ep 126/240 | loss 0.1974 | ce 0.0630 | logit 1.3445 | train_acc 89.64%
[Stage2/Head] ep 127/240 | loss 0.1934 | ce 0.0657 | logit 1.2767 | train_acc 89.68%
[Stage2/Head] ep 128/240 | loss 0.2028 | ce 0.0742 | logit 1.2861 | train_acc 88.96%
[Stage2/Head] ep 129/240 | loss 0.1900 | ce 0.0675 | logit 1.2257 | train_acc 89.36%
[Stage2/Head] ep 130/240 | loss 0.1812 | ce 0.0625 | logit 1.1871 | train_acc 89.70%
[Stage2/Head] ep 131/240 | loss 0.1857 | ce 0.0612 | logit 1.2448 | train_acc 89.58%
[Stage2/Head] ep 132/240 | loss 0.1847 | ce 0.0665 | logit 1.1824 | train_acc 89.66%
[Stage2/Head] ep 133/240 | loss 0.1909 | ce 0.0653 | logit 1.2565 | train_acc 89.46%
[Stage2/Head] ep 134/240 | loss 0.1953 | ce 0.0650 | logit 1.3034 | train_acc 89.58%
[Stage2/Head] ep 135/240 | loss 0.1799 | ce 0.0605 | logit 1.1938 | train_acc 89.42%
[Stage2/Head] ep 136/240 | loss 0.1788 | ce 0.0622 | logit 1.1658 | train_acc 90.04%
[Stage2/Head] ep 137/240 | loss 0.1852 | ce 0.0616 | logit 1.2359 | train_acc 89.90%
[Stage2/Head] ep 138/240 | loss 0.1762 | ce 0.0601 | logit 1.1606 | train_acc 89.90%
[Stage2/Head] ep 139/240 | loss 0.1758 | ce 0.0560 | logit 1.1979 | train_acc 89.86%
[Stage2/Head] ep 140/240 | loss 0.1847 | ce 0.0598 | logit 1.2495 | train_acc 89.54%
[Stage2/Head] ep 141/240 | loss 0.1815 | ce 0.0629 | logit 1.1855 | train_acc 89.52%
[Stage2/Head] ep 142/240 | loss 0.1719 | ce 0.0570 | logit 1.1488 | train_acc 89.78%
[Stage2/Head] ep 143/240 | loss 0.1830 | ce 0.0629 | logit 1.2010 | train_acc 89.70%
[Stage2/Head] ep 144/240 | loss 0.1821 | ce 0.0601 | logit 1.2198 | train_acc 89.80%
[Stage2/Head] ep 145/240 | loss 0.1738 | ce 0.0572 | logit 1.1664 | train_acc 89.90%
[Stage2/Head] ep 146/240 | loss 0.1775 | ce 0.0619 | logit 1.1552 | train_acc 89.68%
[Stage2/Head] ep 147/240 | loss 0.1700 | ce 0.0530 | logit 1.1709 | train_acc 90.14%
[Stage2/Head] ep 148/240 | loss 0.1661 | ce 0.0517 | logit 1.1435 | train_acc 90.10%
[Stage2/Head] ep 149/240 | loss 0.1731 | ce 0.0563 | logit 1.1682 | train_acc 90.18%
[Stage2/Head] ep 150/240 | loss 0.1681 | ce 0.0559 | logit 1.1228 | train_acc 90.48%
[Stage2/Head] ep 151/240 | loss 0.1749 | ce 0.0580 | logit 1.1684 | train_acc 89.76%
[Stage2/Head] ep 152/240 | loss 0.1683 | ce 0.0570 | logit 1.1134 | train_acc 90.16%
[Stage2/Head] ep 153/240 | loss 0.1661 | ce 0.0499 | logit 1.1617 | train_acc 90.02%
[Stage2/Head] ep 154/240 | loss 0.1620 | ce 0.0522 | logit 1.0978 | train_acc 90.06%
[Stage2/Head] ep 155/240 | loss 0.1705 | ce 0.0571 | logit 1.1339 | train_acc 90.04%
[Stage2/Head] ep 156/240 | loss 0.1669 | ce 0.0546 | logit 1.1232 | train_acc 89.86%
[Stage2/Head] ep 157/240 | loss 0.1648 | ce 0.0541 | logit 1.1071 | train_acc 90.30%
[Stage2/Head] ep 158/240 | loss 0.1635 | ce 0.0529 | logit 1.1054 | train_acc 90.18%
[Stage2/Head] ep 159/240 | loss 0.1674 | ce 0.0501 | logit 1.1729 | train_acc 90.44%
[Stage2/Head] ep 160/240 | loss 0.1638 | ce 0.0576 | logit 1.0619 | train_acc 90.58%
[Stage2/Head] ep 161/240 | loss 0.1564 | ce 0.0483 | logit 1.0810 | train_acc 90.86%
[Stage2/Head] ep 162/240 | loss 0.1653 | ce 0.0515 | logit 1.1381 | train_acc 89.82%
[Stage2/Head] ep 163/240 | loss 0.1574 | ce 0.0476 | logit 1.0978 | train_acc 90.40%
[Stage2/Head] ep 164/240 | loss 0.1572 | ce 0.0470 | logit 1.1017 | train_acc 90.42%
[Stage2/Head] ep 165/240 | loss 0.1593 | ce 0.0478 | logit 1.1149 | train_acc 90.30%
[Stage2/Head] ep 166/240 | loss 0.1610 | ce 0.0513 | logit 1.0972 | train_acc 90.24%
[Stage2/Head] ep 167/240 | loss 0.1586 | ce 0.0494 | logit 1.0920 | train_acc 90.06%
[Stage2/Head] ep 168/240 | loss 0.1586 | ce 0.0503 | logit 1.0824 | train_acc 90.10%
[Stage2/Head] ep 169/240 | loss 0.1546 | ce 0.0471 | logit 1.0745 | train_acc 90.38%
[Stage2/Head] ep 170/240 | loss 0.1584 | ce 0.0498 | logit 1.0861 | train_acc 90.62%
[Stage2/Head] ep 171/240 | loss 0.1685 | ce 0.0449 | logit 1.2355 | train_acc 90.40%
[Stage2/Head] ep 172/240 | loss 0.1595 | ce 0.0489 | logit 1.1063 | train_acc 90.42%
[Stage2/Head] ep 173/240 | loss 0.1666 | ce 0.0498 | logit 1.1680 | train_acc 90.50%
[Stage2/Head] ep 174/240 | loss 0.1597 | ce 0.0538 | logit 1.0592 | train_acc 90.28%
[Stage2/Head] ep 175/240 | loss 0.1441 | ce 0.0448 | logit 0.9925 | train_acc 91.02%
[Stage2/Head] ep 176/240 | loss 0.1534 | ce 0.0479 | logit 1.0553 | train_acc 90.40%
[Stage2/Head] ep 177/240 | loss 0.1506 | ce 0.0440 | logit 1.0663 | train_acc 90.52%
[Stage2/Head] ep 178/240 | loss 0.1595 | ce 0.0498 | logit 1.0967 | train_acc 90.14%
[Stage2/Head] ep 179/240 | loss 0.1556 | ce 0.0502 | logit 1.0541 | train_acc 90.42%
[Stage2/Head] ep 180/240 | loss 0.1547 | ce 0.0460 | logit 1.0870 | train_acc 90.68%
[Stage2/Head] ep 181/240 | loss 0.1529 | ce 0.0503 | logit 1.0266 | train_acc 90.84%
[Stage2/Head] ep 182/240 | loss 0.1740 | ce 0.0538 | logit 1.2012 | train_acc 90.28%
[Stage2/Head] ep 183/240 | loss 0.1532 | ce 0.0449 | logit 1.0827 | train_acc 90.34%
[Stage2/Head] ep 184/240 | loss 0.1548 | ce 0.0510 | logit 1.0375 | train_acc 90.68%
[Stage2/Head] ep 185/240 | loss 0.1522 | ce 0.0453 | logit 1.0688 | train_acc 90.36%
[Stage2/Head] ep 186/240 | loss 0.1463 | ce 0.0456 | logit 1.0068 | train_acc 90.82%
[Stage2/Head] ep 187/240 | loss 0.1546 | ce 0.0492 | logit 1.0545 | train_acc 90.36%
[Stage2/Head] ep 188/240 | loss 0.1575 | ce 0.0452 | logit 1.1226 | train_acc 90.00%
[Stage2/Head] ep 189/240 | loss 0.1542 | ce 0.0525 | logit 1.0169 | train_acc 90.62%
[Stage2/Head] ep 190/240 | loss 0.1531 | ce 0.0451 | logit 1.0804 | train_acc 90.74%
[Stage2/Head] ep 191/240 | loss 0.1540 | ce 0.0461 | logit 1.0790 | train_acc 90.42%
[Stage2/Head] ep 192/240 | loss 0.1456 | ce 0.0427 | logit 1.0295 | train_acc 90.94%
[Stage2/Head] ep 193/240 | loss 0.1567 | ce 0.0498 | logit 1.0689 | train_acc 90.30%
[Stage2/Head] ep 194/240 | loss 0.1457 | ce 0.0417 | logit 1.0395 | train_acc 90.92%
[Stage2/Head] ep 195/240 | loss 0.1449 | ce 0.0428 | logit 1.0206 | train_acc 90.30%
[Stage2/Head] ep 196/240 | loss 0.1469 | ce 0.0430 | logit 1.0396 | train_acc 90.66%
[Stage2/Head] ep 197/240 | loss 0.1469 | ce 0.0433 | logit 1.0364 | train_acc 90.94%
[Stage2/Head] ep 198/240 | loss 0.1444 | ce 0.0427 | logit 1.0171 | train_acc 90.82%
[Stage2/Head] ep 199/240 | loss 0.1462 | ce 0.0407 | logit 1.0552 | train_acc 90.46%
[Stage2/Head] ep 200/240 | loss 0.1486 | ce 0.0456 | logit 1.0299 | train_acc 90.68%
[Stage2/Head] ep 201/240 | loss 0.1466 | ce 0.0416 | logit 1.0505 | train_acc 90.54%
[Stage2/Head] ep 202/240 | loss 0.1508 | ce 0.0485 | logit 1.0233 | train_acc 90.44%
[Stage2/Head] ep 203/240 | loss 0.1413 | ce 0.0427 | logit 0.9863 | train_acc 90.86%
[Stage2/Head] ep 204/240 | loss 0.1526 | ce 0.0497 | logit 1.0296 | train_acc 90.38%
[Stage2/Head] ep 205/240 | loss 0.1463 | ce 0.0383 | logit 1.0802 | train_acc 90.62%
[Stage2/Head] ep 206/240 | loss 0.1395 | ce 0.0415 | logit 0.9796 | train_acc 91.14%
[Stage2/Head] ep 207/240 | loss 0.1461 | ce 0.0454 | logit 1.0071 | train_acc 90.56%
[Stage2/Head] ep 208/240 | loss 0.1424 | ce 0.0426 | logit 0.9980 | train_acc 91.02%
[Stage2/Head] ep 209/240 | loss 0.1389 | ce 0.0377 | logit 1.0111 | train_acc 90.98%
[Stage2/Head] ep 210/240 | loss 0.1497 | ce 0.0451 | logit 1.0452 | train_acc 90.66%
[Stage2/Head] ep 211/240 | loss 0.1420 | ce 0.0427 | logit 0.9934 | train_acc 90.74%
[Stage2/Head] ep 212/240 | loss 0.1523 | ce 0.0455 | logit 1.0682 | train_acc 91.00%
[Stage2/Head] ep 213/240 | loss 0.1471 | ce 0.0443 | logit 1.0284 | train_acc 90.52%
[Stage2/Head] ep 214/240 | loss 0.1447 | ce 0.0421 | logit 1.0257 | train_acc 90.76%
[Stage2/Head] ep 215/240 | loss 0.1488 | ce 0.0461 | logit 1.0266 | train_acc 90.28%
[Stage2/Head] ep 216/240 | loss 0.1443 | ce 0.0429 | logit 1.0140 | train_acc 90.62%
[Stage2/Head] ep 217/240 | loss 0.1392 | ce 0.0412 | logit 0.9790 | train_acc 91.24%
[Stage2/Head] ep 218/240 | loss 0.1445 | ce 0.0403 | logit 1.0426 | train_acc 90.32%
[Stage2/Head] ep 219/240 | loss 0.1425 | ce 0.0411 | logit 1.0146 | train_acc 90.94%
[Stage2/Head] ep 220/240 | loss 0.1441 | ce 0.0453 | logit 0.9884 | train_acc 91.10%
[Stage2/Head] ep 221/240 | loss 0.1458 | ce 0.0447 | logit 1.0114 | train_acc 90.64%
[Stage2/Head] ep 222/240 | loss 0.1483 | ce 0.0499 | logit 0.9836 | train_acc 90.80%
[Stage2/Head] ep 223/240 | loss 0.1546 | ce 0.0410 | logit 1.1365 | train_acc 90.24%
[Stage2/Head] ep 224/240 | loss 0.1401 | ce 0.0419 | logit 0.9825 | train_acc 91.00%
[Stage2/Head] ep 225/240 | loss 0.1369 | ce 0.0385 | logit 0.9842 | train_acc 90.98%
[Stage2/Head] ep 226/240 | loss 0.1449 | ce 0.0442 | logit 1.0070 | train_acc 90.84%
[Stage2/Head] ep 227/240 | loss 0.1412 | ce 0.0424 | logit 0.9878 | train_acc 90.90%
[Stage2/Head] ep 228/240 | loss 0.1400 | ce 0.0450 | logit 0.9501 | train_acc 90.98%
[Stage2/Head] ep 229/240 | loss 0.1407 | ce 0.0380 | logit 1.0276 | train_acc 90.58%
[Stage2/Head] ep 230/240 | loss 0.1501 | ce 0.0469 | logit 1.0326 | train_acc 90.36%
[Stage2/Head] ep 231/240 | loss 0.1451 | ce 0.0444 | logit 1.0077 | train_acc 90.86%
[Stage2/Head] ep 232/240 | loss 0.1421 | ce 0.0431 | logit 0.9900 | train_acc 90.88%
[Stage2/Head] ep 233/240 | loss 0.1488 | ce 0.0423 | logit 1.0652 | train_acc 90.50%
[Stage2/Head] ep 234/240 | loss 0.1440 | ce 0.0421 | logit 1.0193 | train_acc 90.74%
[Stage2/Head] ep 235/240 | loss 0.1392 | ce 0.0446 | logit 0.9459 | train_acc 90.90%
[Stage2/Head] ep 236/240 | loss 0.1389 | ce 0.0390 | logit 0.9987 | train_acc 90.70%
[Stage2/Head] ep 237/240 | loss 0.1399 | ce 0.0392 | logit 1.0071 | train_acc 91.16%
[Stage2/Head] ep 238/240 | loss 0.1290 | ce 0.0358 | logit 0.9320 | train_acc 91.60%
[Stage2/Head] ep 239/240 | loss 0.1461 | ce 0.0439 | logit 1.0216 | train_acc 90.44%
[Stage2/Head] ep 240/240 | loss 0.1337 | ce 0.0387 | logit 0.9506 | train_acc 91.14%
[Task 2] Training done in 12.51 min.
[Task 2] Test (on new class only) -> ce_loss: 0.0148, acc: 99.58%, rec_loss: 21.5512
  - Filtering train: keep top 95.0% per class based on returned scores.
[Task 2] Wrote CSVs to: ./runs_mnist_continual/run_20260226_122757/task2
Accuracies on seen tasks:
  Task 0 [0,1,2,3,4]: 39.00%
  Task 1 [5]: 83.97%
  Task 2 [6]: 99.58%
Mean over seen tasks (0..2): 74.18%
[Task 2] Skipping GP training and Rscript execution as per --skip_GP flag.
[Task 2] Loaded from R CSV: 3000 rows, f_size=16
[Task 2] Decoded images: torch.Size([3000, 1, 28, 28]) -> recovered dataset size 3000
[Task 2] Augmenting Task 3 training set with 3000 recovered samples.
/home/lhalice/miniconda3/envs/NNGP/lib/python3.12/site-packages/torch/utils/data/dataloader.py:627: UserWarning: This DataLoader will create 2 worker processes in total. Our suggested max number of worker in current system is 1, which is smaller than what this DataLoader is going to create. Please be aware that excessive worker creation might get DataLoader running slow or even freeze, lower the worker number to avoid potential slowness/freeze if necessary.
  warnings.warn(

================================================================================
Starting Task 3: digits [7]
Training samples size: 6000
================================================================================
[Stage1/AE] ep 1/360 | loss 0.5314 | rec 0.0457 | feat 0.4858 | train_acc 38.77%
[Stage1/AE] ep 2/360 | loss 0.4571 | rec 0.0356 | feat 0.4215 | train_acc 38.20%
[Stage1/AE] ep 3/360 | loss 0.4321 | rec 0.0333 | feat 0.3988 | train_acc 36.92%
[Stage1/AE] ep 4/360 | loss 0.3966 | rec 0.0319 | feat 0.3647 | train_acc 36.73%
[Stage1/AE] ep 5/360 | loss 0.4022 | rec 0.0311 | feat 0.3711 | train_acc 36.47%
[Stage1/AE] ep 6/360 | loss 0.3842 | rec 0.0305 | feat 0.3537 | train_acc 36.63%
[Stage1/AE] ep 7/360 | loss 0.3821 | rec 0.0300 | feat 0.3520 | train_acc 36.20%
[Stage1/AE] ep 8/360 | loss 0.3739 | rec 0.0297 | feat 0.3442 | train_acc 36.15%
[Stage1/AE] ep 9/360 | loss 0.3744 | rec 0.0296 | feat 0.3448 | train_acc 34.93%
[Stage1/AE] ep 10/360 | loss 0.3544 | rec 0.0294 | feat 0.3250 | train_acc 35.47%
[Stage1/AE] ep 11/360 | loss 0.3529 | rec 0.0290 | feat 0.3238 | train_acc 35.38%
[Stage1/AE] ep 12/360 | loss 0.3523 | rec 0.0289 | feat 0.3233 | train_acc 35.63%
[Stage1/AE] ep 13/360 | loss 0.3444 | rec 0.0288 | feat 0.3156 | train_acc 35.47%
[Stage1/AE] ep 14/360 | loss 0.3294 | rec 0.0286 | feat 0.3007 | train_acc 35.60%
[Stage1/AE] ep 15/360 | loss 0.3320 | rec 0.0285 | feat 0.3035 | train_acc 35.33%
[Stage1/AE] ep 16/360 | loss 0.3262 | rec 0.0284 | feat 0.2978 | train_acc 35.47%
[Stage1/AE] ep 17/360 | loss 0.3241 | rec 0.0282 | feat 0.2959 | train_acc 35.32%
[Stage1/AE] ep 18/360 | loss 0.3349 | rec 0.0282 | feat 0.3066 | train_acc 35.63%
[Stage1/AE] ep 19/360 | loss 0.3280 | rec 0.0280 | feat 0.3000 | train_acc 35.32%
[Stage1/AE] ep 20/360 | loss 0.3173 | rec 0.0281 | feat 0.2892 | train_acc 35.33%
[Stage1/AE] ep 21/360 | loss 0.3175 | rec 0.0279 | feat 0.2896 | train_acc 35.88%
[Stage1/AE] ep 22/360 | loss 0.3148 | rec 0.0278 | feat 0.2870 | train_acc 35.48%
[Stage1/AE] ep 23/360 | loss 0.3171 | rec 0.0278 | feat 0.2893 | train_acc 35.30%
[Stage1/AE] ep 24/360 | loss 0.3108 | rec 0.0277 | feat 0.2832 | train_acc 35.57%
[Stage1/AE] ep 25/360 | loss 0.3174 | rec 0.0276 | feat 0.2899 | train_acc 35.65%
[Stage1/AE] ep 26/360 | loss 0.3082 | rec 0.0276 | feat 0.2807 | train_acc 35.05%
[Stage1/AE] ep 27/360 | loss 0.3141 | rec 0.0275 | feat 0.2867 | train_acc 35.40%
[Stage1/AE] ep 28/360 | loss 0.3077 | rec 0.0273 | feat 0.2804 | train_acc 35.40%
[Stage1/AE] ep 29/360 | loss 0.3082 | rec 0.0275 | feat 0.2807 | train_acc 35.18%
[Stage1/AE] ep 30/360 | loss 0.3079 | rec 0.0271 | feat 0.2809 | train_acc 35.03%
[Stage1/AE] ep 31/360 | loss 0.3095 | rec 0.0271 | feat 0.2824 | train_acc 35.40%
[Stage1/AE] ep 32/360 | loss 0.3040 | rec 0.0272 | feat 0.2769 | train_acc 35.00%
[Stage1/AE] ep 33/360 | loss 0.3042 | rec 0.0270 | feat 0.2771 | train_acc 35.37%
[Stage1/AE] ep 34/360 | loss 0.3060 | rec 0.0269 | feat 0.2790 | train_acc 35.40%
[Stage1/AE] ep 35/360 | loss 0.2970 | rec 0.0269 | feat 0.2701 | train_acc 35.57%
[Stage1/AE] ep 36/360 | loss 0.3002 | rec 0.0269 | feat 0.2733 | train_acc 35.17%
[Stage1/AE] ep 37/360 | loss 0.3033 | rec 0.0268 | feat 0.2765 | train_acc 35.15%
[Stage1/AE] ep 38/360 | loss 0.2954 | rec 0.0269 | feat 0.2685 | train_acc 35.00%
[Stage1/AE] ep 39/360 | loss 0.2921 | rec 0.0267 | feat 0.2653 | train_acc 35.28%
[Stage1/AE] ep 40/360 | loss 0.2987 | rec 0.0266 | feat 0.2721 | train_acc 35.23%
[Stage1/AE] ep 41/360 | loss 0.2976 | rec 0.0267 | feat 0.2709 | train_acc 35.53%
[Stage1/AE] ep 42/360 | loss 0.2962 | rec 0.0267 | feat 0.2695 | train_acc 35.47%
[Stage1/AE] ep 43/360 | loss 0.2851 | rec 0.0267 | feat 0.2584 | train_acc 35.27%
[Stage1/AE] ep 44/360 | loss 0.2967 | rec 0.0266 | feat 0.2701 | train_acc 35.75%
[Stage1/AE] ep 45/360 | loss 0.2930 | rec 0.0264 | feat 0.2666 | train_acc 35.20%
[Stage1/AE] ep 46/360 | loss 0.2902 | rec 0.0264 | feat 0.2637 | train_acc 34.80%
[Stage1/AE] ep 47/360 | loss 0.2904 | rec 0.0265 | feat 0.2639 | train_acc 35.38%
[Stage1/AE] ep 48/360 | loss 0.3009 | rec 0.0262 | feat 0.2747 | train_acc 35.17%
[Stage1/AE] ep 49/360 | loss 0.2931 | rec 0.0261 | feat 0.2670 | train_acc 35.73%
[Stage1/AE] ep 50/360 | loss 0.2860 | rec 0.0265 | feat 0.2596 | train_acc 35.28%
[Stage1/AE] ep 51/360 | loss 0.2806 | rec 0.0263 | feat 0.2543 | train_acc 35.78%
[Stage1/AE] ep 52/360 | loss 0.2895 | rec 0.0263 | feat 0.2632 | train_acc 35.50%
[Stage1/AE] ep 53/360 | loss 0.2933 | rec 0.0262 | feat 0.2671 | train_acc 35.62%
[Stage1/AE] ep 54/360 | loss 0.2870 | rec 0.0262 | feat 0.2609 | train_acc 35.15%
[Stage1/AE] ep 55/360 | loss 0.2924 | rec 0.0263 | feat 0.2661 | train_acc 35.13%
[Stage1/AE] ep 56/360 | loss 0.2810 | rec 0.0262 | feat 0.2548 | train_acc 35.47%
[Stage1/AE] ep 57/360 | loss 0.2870 | rec 0.0260 | feat 0.2609 | train_acc 35.35%
[Stage1/AE] ep 58/360 | loss 0.2761 | rec 0.0260 | feat 0.2501 | train_acc 35.45%
[Stage1/AE] ep 59/360 | loss 0.2831 | rec 0.0258 | feat 0.2573 | train_acc 35.58%
[Stage1/AE] ep 60/360 | loss 0.2818 | rec 0.0259 | feat 0.2559 | train_acc 34.93%
[Stage1/AE] ep 61/360 | loss 0.2817 | rec 0.0259 | feat 0.2558 | train_acc 35.32%
[Stage1/AE] ep 62/360 | loss 0.2742 | rec 0.0257 | feat 0.2484 | train_acc 35.43%
[Stage1/AE] ep 63/360 | loss 0.2812 | rec 0.0258 | feat 0.2555 | train_acc 35.80%
[Stage1/AE] ep 64/360 | loss 0.2790 | rec 0.0257 | feat 0.2533 | train_acc 35.65%
[Stage1/AE] ep 65/360 | loss 0.2788 | rec 0.0257 | feat 0.2531 | train_acc 35.18%
[Stage1/AE] ep 66/360 | loss 0.2834 | rec 0.0259 | feat 0.2575 | train_acc 35.17%
[Stage1/AE] ep 67/360 | loss 0.2748 | rec 0.0257 | feat 0.2492 | train_acc 35.93%
[Stage1/AE] ep 68/360 | loss 0.2825 | rec 0.0259 | feat 0.2566 | train_acc 35.62%
[Stage1/AE] ep 69/360 | loss 0.2807 | rec 0.0254 | feat 0.2554 | train_acc 35.42%
[Stage1/AE] ep 70/360 | loss 0.2754 | rec 0.0255 | feat 0.2499 | train_acc 35.13%
[Stage1/AE] ep 71/360 | loss 0.2776 | rec 0.0256 | feat 0.2520 | train_acc 35.67%
[Stage1/AE] ep 72/360 | loss 0.2830 | rec 0.0257 | feat 0.2573 | train_acc 35.10%
[Stage1/AE] ep 73/360 | loss 0.2750 | rec 0.0254 | feat 0.2496 | train_acc 35.08%
[Stage1/AE] ep 74/360 | loss 0.2712 | rec 0.0254 | feat 0.2457 | train_acc 35.75%
[Stage1/AE] ep 75/360 | loss 0.2744 | rec 0.0257 | feat 0.2487 | train_acc 35.52%
[Stage1/AE] ep 76/360 | loss 0.2779 | rec 0.0254 | feat 0.2525 | train_acc 35.43%
[Stage1/AE] ep 77/360 | loss 0.2781 | rec 0.0253 | feat 0.2528 | train_acc 35.62%
[Stage1/AE] ep 78/360 | loss 0.2772 | rec 0.0254 | feat 0.2518 | train_acc 35.43%
[Stage1/AE] ep 79/360 | loss 0.2693 | rec 0.0253 | feat 0.2440 | train_acc 35.53%
[Stage1/AE] ep 80/360 | loss 0.2763 | rec 0.0254 | feat 0.2509 | train_acc 35.87%
[Stage1/AE] ep 81/360 | loss 0.2764 | rec 0.0253 | feat 0.2511 | train_acc 35.15%
[Stage1/AE] ep 82/360 | loss 0.2790 | rec 0.0253 | feat 0.2537 | train_acc 35.28%
[Stage1/AE] ep 83/360 | loss 0.2784 | rec 0.0252 | feat 0.2532 | train_acc 35.82%
[Stage1/AE] ep 84/360 | loss 0.2705 | rec 0.0251 | feat 0.2454 | train_acc 35.70%
[Stage1/AE] ep 85/360 | loss 0.2747 | rec 0.0251 | feat 0.2496 | train_acc 35.82%
[Stage1/AE] ep 86/360 | loss 0.2742 | rec 0.0251 | feat 0.2491 | train_acc 35.28%
[Stage1/AE] ep 87/360 | loss 0.2710 | rec 0.0252 | feat 0.2458 | train_acc 35.32%
[Stage1/AE] ep 88/360 | loss 0.2678 | rec 0.0251 | feat 0.2427 | train_acc 36.03%
[Stage1/AE] ep 89/360 | loss 0.2669 | rec 0.0249 | feat 0.2420 | train_acc 35.92%
[Stage1/AE] ep 90/360 | loss 0.2686 | rec 0.0251 | feat 0.2436 | train_acc 35.55%
[Stage1/AE] ep 91/360 | loss 0.2785 | rec 0.0249 | feat 0.2536 | train_acc 35.42%
[Stage1/AE] ep 92/360 | loss 0.2748 | rec 0.0249 | feat 0.2500 | train_acc 35.28%
[Stage1/AE] ep 93/360 | loss 0.2730 | rec 0.0250 | feat 0.2481 | train_acc 35.37%
[Stage1/AE] ep 94/360 | loss 0.2724 | rec 0.0249 | feat 0.2475 | train_acc 35.40%
[Stage1/AE] ep 95/360 | loss 0.2683 | rec 0.0249 | feat 0.2434 | train_acc 35.65%
[Stage1/AE] ep 96/360 | loss 0.2634 | rec 0.0247 | feat 0.2387 | train_acc 35.47%
[Stage1/AE] ep 97/360 | loss 0.2659 | rec 0.0249 | feat 0.2410 | train_acc 35.48%
[Stage1/AE] ep 98/360 | loss 0.2570 | rec 0.0246 | feat 0.2324 | train_acc 35.85%
[Stage1/AE] ep 99/360 | loss 0.2684 | rec 0.0249 | feat 0.2436 | train_acc 35.53%
[Stage1/AE] ep 100/360 | loss 0.2691 | rec 0.0248 | feat 0.2443 | train_acc 35.72%
[Stage1/AE] ep 101/360 | loss 0.2638 | rec 0.0248 | feat 0.2390 | train_acc 35.45%
[Stage1/AE] ep 102/360 | loss 0.2691 | rec 0.0247 | feat 0.2444 | train_acc 35.30%
[Stage1/AE] ep 103/360 | loss 0.2610 | rec 0.0248 | feat 0.2363 | train_acc 35.45%
[Stage1/AE] ep 104/360 | loss 0.2565 | rec 0.0247 | feat 0.2319 | train_acc 35.47%
[Stage1/AE] ep 105/360 | loss 0.2631 | rec 0.0245 | feat 0.2386 | train_acc 35.67%
[Stage1/AE] ep 106/360 | loss 0.2565 | rec 0.0249 | feat 0.2316 | train_acc 35.47%
[Stage1/AE] ep 107/360 | loss 0.2627 | rec 0.0246 | feat 0.2381 | train_acc 35.72%
[Stage1/AE] ep 108/360 | loss 0.2659 | rec 0.0246 | feat 0.2413 | train_acc 35.63%
[Stage1/AE] ep 109/360 | loss 0.2659 | rec 0.0245 | feat 0.2414 | train_acc 35.48%
[Stage1/AE] ep 110/360 | loss 0.2677 | rec 0.0245 | feat 0.2432 | train_acc 35.50%
[Stage1/AE] ep 111/360 | loss 0.2653 | rec 0.0244 | feat 0.2410 | train_acc 35.65%
[Stage1/AE] ep 112/360 | loss 0.2589 | rec 0.0245 | feat 0.2344 | train_acc 35.60%
[Stage1/AE] ep 113/360 | loss 0.2634 | rec 0.0246 | feat 0.2388 | train_acc 35.40%
[Stage1/AE] ep 114/360 | loss 0.2566 | rec 0.0245 | feat 0.2321 | train_acc 35.75%
[Stage1/AE] ep 115/360 | loss 0.2587 | rec 0.0244 | feat 0.2343 | train_acc 35.43%
[Stage1/AE] ep 116/360 | loss 0.2591 | rec 0.0245 | feat 0.2346 | train_acc 35.35%
[Stage1/AE] ep 117/360 | loss 0.2609 | rec 0.0245 | feat 0.2364 | train_acc 35.50%
[Stage1/AE] ep 118/360 | loss 0.2669 | rec 0.0243 | feat 0.2425 | train_acc 35.55%
[Stage1/AE] ep 119/360 | loss 0.2610 | rec 0.0243 | feat 0.2367 | train_acc 35.48%
[Stage1/AE] ep 120/360 | loss 0.2696 | rec 0.0242 | feat 0.2454 | train_acc 35.07%
[Stage1/AE] ep 121/360 | loss 0.2577 | rec 0.0244 | feat 0.2333 | train_acc 35.55%
[Stage1/AE] ep 122/360 | loss 0.2564 | rec 0.0243 | feat 0.2321 | train_acc 35.97%
[Stage1/AE] ep 123/360 | loss 0.2542 | rec 0.0241 | feat 0.2301 | train_acc 35.67%
[Stage1/AE] ep 124/360 | loss 0.2641 | rec 0.0242 | feat 0.2399 | train_acc 35.68%
[Stage1/AE] ep 125/360 | loss 0.2584 | rec 0.0243 | feat 0.2341 | train_acc 35.23%
[Stage1/AE] ep 126/360 | loss 0.2613 | rec 0.0241 | feat 0.2372 | train_acc 35.77%
[Stage1/AE] ep 127/360 | loss 0.2558 | rec 0.0243 | feat 0.2315 | train_acc 35.37%
[Stage1/AE] ep 128/360 | loss 0.2651 | rec 0.0242 | feat 0.2410 | train_acc 35.73%
[Stage1/AE] ep 129/360 | loss 0.2546 | rec 0.0243 | feat 0.2303 | train_acc 35.62%
[Stage1/AE] ep 130/360 | loss 0.2566 | rec 0.0243 | feat 0.2323 | train_acc 35.42%
[Stage1/AE] ep 131/360 | loss 0.2552 | rec 0.0244 | feat 0.2308 | train_acc 35.57%
[Stage1/AE] ep 132/360 | loss 0.2580 | rec 0.0241 | feat 0.2338 | train_acc 35.67%
[Stage1/AE] ep 133/360 | loss 0.2530 | rec 0.0242 | feat 0.2288 | train_acc 35.32%
[Stage1/AE] ep 134/360 | loss 0.2580 | rec 0.0242 | feat 0.2338 | train_acc 35.57%
[Stage1/AE] ep 135/360 | loss 0.2553 | rec 0.0240 | feat 0.2314 | train_acc 35.48%
[Stage1/AE] ep 136/360 | loss 0.2519 | rec 0.0240 | feat 0.2279 | train_acc 35.55%
[Stage1/AE] ep 137/360 | loss 0.2536 | rec 0.0241 | feat 0.2294 | train_acc 35.50%
[Stage1/AE] ep 138/360 | loss 0.2567 | rec 0.0239 | feat 0.2328 | train_acc 35.77%
[Stage1/AE] ep 139/360 | loss 0.2592 | rec 0.0241 | feat 0.2352 | train_acc 35.40%
[Stage1/AE] ep 140/360 | loss 0.2564 | rec 0.0239 | feat 0.2325 | train_acc 35.50%
[Stage1/AE] ep 141/360 | loss 0.2572 | rec 0.0239 | feat 0.2333 | train_acc 35.52%
[Stage1/AE] ep 142/360 | loss 0.2588 | rec 0.0240 | feat 0.2349 | train_acc 35.67%
[Stage1/AE] ep 143/360 | loss 0.2559 | rec 0.0238 | feat 0.2322 | train_acc 35.50%
[Stage1/AE] ep 144/360 | loss 0.2490 | rec 0.0240 | feat 0.2250 | train_acc 35.55%
[Stage1/AE] ep 145/360 | loss 0.2514 | rec 0.0240 | feat 0.2274 | train_acc 35.47%
[Stage1/AE] ep 146/360 | loss 0.2596 | rec 0.0237 | feat 0.2358 | train_acc 35.60%
[Stage1/AE] ep 147/360 | loss 0.2540 | rec 0.0238 | feat 0.2303 | train_acc 35.43%
[Stage1/AE] ep 148/360 | loss 0.2559 | rec 0.0238 | feat 0.2321 | train_acc 35.63%
[Stage1/AE] ep 149/360 | loss 0.2473 | rec 0.0241 | feat 0.2232 | train_acc 35.30%
[Stage1/AE] ep 150/360 | loss 0.2505 | rec 0.0239 | feat 0.2266 | train_acc 35.12%
[Stage1/AE] ep 151/360 | loss 0.2566 | rec 0.0240 | feat 0.2327 | train_acc 35.72%
[Stage1/AE] ep 152/360 | loss 0.2555 | rec 0.0238 | feat 0.2318 | train_acc 35.10%
[Stage1/AE] ep 153/360 | loss 0.2486 | rec 0.0238 | feat 0.2248 | train_acc 35.42%
[Stage1/AE] ep 154/360 | loss 0.2489 | rec 0.0238 | feat 0.2251 | train_acc 35.37%
[Stage1/AE] ep 155/360 | loss 0.2479 | rec 0.0238 | feat 0.2241 | train_acc 35.42%
[Stage1/AE] ep 156/360 | loss 0.2442 | rec 0.0238 | feat 0.2204 | train_acc 35.65%
[Stage1/AE] ep 157/360 | loss 0.2485 | rec 0.0236 | feat 0.2250 | train_acc 35.65%
[Stage1/AE] ep 158/360 | loss 0.2477 | rec 0.0236 | feat 0.2240 | train_acc 35.58%
[Stage1/AE] ep 159/360 | loss 0.2520 | rec 0.0235 | feat 0.2286 | train_acc 35.63%
[Stage1/AE] ep 160/360 | loss 0.2482 | rec 0.0236 | feat 0.2246 | train_acc 35.37%
[Stage1/AE] ep 161/360 | loss 0.2519 | rec 0.0236 | feat 0.2283 | train_acc 35.52%
[Stage1/AE] ep 162/360 | loss 0.2497 | rec 0.0237 | feat 0.2260 | train_acc 35.28%
[Stage1/AE] ep 163/360 | loss 0.2485 | rec 0.0236 | feat 0.2249 | train_acc 35.62%
[Stage1/AE] ep 164/360 | loss 0.2496 | rec 0.0236 | feat 0.2261 | train_acc 35.42%
[Stage1/AE] ep 165/360 | loss 0.2530 | rec 0.0235 | feat 0.2295 | train_acc 35.47%
[Stage1/AE] ep 166/360 | loss 0.2518 | rec 0.0237 | feat 0.2281 | train_acc 35.32%
[Stage1/AE] ep 167/360 | loss 0.2440 | rec 0.0235 | feat 0.2205 | train_acc 35.60%
[Stage1/AE] ep 168/360 | loss 0.2469 | rec 0.0234 | feat 0.2235 | train_acc 35.57%
[Stage1/AE] ep 169/360 | loss 0.2455 | rec 0.0234 | feat 0.2221 | train_acc 35.45%
[Stage1/AE] ep 170/360 | loss 0.2454 | rec 0.0234 | feat 0.2219 | train_acc 35.72%
[Stage1/AE] ep 171/360 | loss 0.2466 | rec 0.0235 | feat 0.2231 | train_acc 35.33%
[Stage1/AE] ep 172/360 | loss 0.2423 | rec 0.0237 | feat 0.2186 | train_acc 35.80%
[Stage1/AE] ep 173/360 | loss 0.2455 | rec 0.0236 | feat 0.2219 | train_acc 35.27%
[Stage1/AE] ep 174/360 | loss 0.2487 | rec 0.0234 | feat 0.2252 | train_acc 35.52%
[Stage1/AE] ep 175/360 | loss 0.2512 | rec 0.0234 | feat 0.2278 | train_acc 35.77%
[Stage1/AE] ep 176/360 | loss 0.2440 | rec 0.0236 | feat 0.2205 | train_acc 35.23%
[Stage1/AE] ep 177/360 | loss 0.2449 | rec 0.0235 | feat 0.2214 | train_acc 35.60%
[Stage1/AE] ep 178/360 | loss 0.2443 | rec 0.0233 | feat 0.2210 | train_acc 35.43%
[Stage1/AE] ep 179/360 | loss 0.2457 | rec 0.0234 | feat 0.2223 | train_acc 35.88%
[Stage1/AE] ep 180/360 | loss 0.2451 | rec 0.0234 | feat 0.2216 | train_acc 35.47%
[Stage1/AE] ep 181/360 | loss 0.2429 | rec 0.0234 | feat 0.2195 | train_acc 35.52%
[Stage1/AE] ep 182/360 | loss 0.2426 | rec 0.0233 | feat 0.2192 | train_acc 35.73%
[Stage1/AE] ep 183/360 | loss 0.2350 | rec 0.0234 | feat 0.2116 | train_acc 35.23%
[Stage1/AE] ep 184/360 | loss 0.2468 | rec 0.0232 | feat 0.2236 | train_acc 35.67%
[Stage1/AE] ep 185/360 | loss 0.2404 | rec 0.0232 | feat 0.2173 | train_acc 35.45%
[Stage1/AE] ep 186/360 | loss 0.2467 | rec 0.0232 | feat 0.2235 | train_acc 35.80%
[Stage1/AE] ep 187/360 | loss 0.2415 | rec 0.0231 | feat 0.2184 | train_acc 35.32%
[Stage1/AE] ep 188/360 | loss 0.2465 | rec 0.0234 | feat 0.2232 | train_acc 35.52%
[Stage1/AE] ep 189/360 | loss 0.2483 | rec 0.0232 | feat 0.2251 | train_acc 35.58%
[Stage1/AE] ep 190/360 | loss 0.2442 | rec 0.0233 | feat 0.2209 | train_acc 35.82%
[Stage1/AE] ep 191/360 | loss 0.2453 | rec 0.0233 | feat 0.2220 | train_acc 35.30%
[Stage1/AE] ep 192/360 | loss 0.2422 | rec 0.0233 | feat 0.2189 | train_acc 35.65%
[Stage1/AE] ep 193/360 | loss 0.2387 | rec 0.0231 | feat 0.2156 | train_acc 35.40%
[Stage1/AE] ep 194/360 | loss 0.2364 | rec 0.0234 | feat 0.2131 | train_acc 35.62%
[Stage1/AE] ep 195/360 | loss 0.2398 | rec 0.0232 | feat 0.2166 | train_acc 35.48%
[Stage1/AE] ep 196/360 | loss 0.2413 | rec 0.0230 | feat 0.2183 | train_acc 35.32%
[Stage1/AE] ep 197/360 | loss 0.2403 | rec 0.0232 | feat 0.2171 | train_acc 35.65%
[Stage1/AE] ep 198/360 | loss 0.2392 | rec 0.0232 | feat 0.2161 | train_acc 35.58%
[Stage1/AE] ep 199/360 | loss 0.2330 | rec 0.0231 | feat 0.2099 | train_acc 35.30%
[Stage1/AE] ep 200/360 | loss 0.2460 | rec 0.0230 | feat 0.2230 | train_acc 35.75%
[Stage1/AE] ep 201/360 | loss 0.2410 | rec 0.0230 | feat 0.2180 | train_acc 35.12%
[Stage1/AE] ep 202/360 | loss 0.2454 | rec 0.0231 | feat 0.2223 | train_acc 35.77%
[Stage1/AE] ep 203/360 | loss 0.2380 | rec 0.0231 | feat 0.2149 | train_acc 35.47%
[Stage1/AE] ep 204/360 | loss 0.2424 | rec 0.0231 | feat 0.2194 | train_acc 35.93%
[Stage1/AE] ep 205/360 | loss 0.2436 | rec 0.0231 | feat 0.2205 | train_acc 35.15%
[Stage1/AE] ep 206/360 | loss 0.2395 | rec 0.0229 | feat 0.2165 | train_acc 35.20%
[Stage1/AE] ep 207/360 | loss 0.2331 | rec 0.0231 | feat 0.2100 | train_acc 35.58%
[Stage1/AE] ep 208/360 | loss 0.2353 | rec 0.0229 | feat 0.2124 | train_acc 35.32%
[Stage1/AE] ep 209/360 | loss 0.2426 | rec 0.0230 | feat 0.2196 | train_acc 35.62%
[Stage1/AE] ep 210/360 | loss 0.2340 | rec 0.0229 | feat 0.2111 | train_acc 35.38%
[Stage1/AE] ep 211/360 | loss 0.2407 | rec 0.0229 | feat 0.2178 | train_acc 35.50%
[Stage1/AE] ep 212/360 | loss 0.2383 | rec 0.0229 | feat 0.2153 | train_acc 35.68%
[Stage1/AE] ep 213/360 | loss 0.2396 | rec 0.0230 | feat 0.2167 | train_acc 35.45%
[Stage1/AE] ep 214/360 | loss 0.2359 | rec 0.0229 | feat 0.2130 | train_acc 35.17%
[Stage1/AE] ep 215/360 | loss 0.2340 | rec 0.0230 | feat 0.2110 | train_acc 35.65%
[Stage1/AE] ep 216/360 | loss 0.2304 | rec 0.0229 | feat 0.2075 | train_acc 35.67%
[Stage1/AE] ep 217/360 | loss 0.2406 | rec 0.0229 | feat 0.2177 | train_acc 35.57%
[Stage1/AE] ep 218/360 | loss 0.2357 | rec 0.0227 | feat 0.2130 | train_acc 35.63%
[Stage1/AE] ep 219/360 | loss 0.2405 | rec 0.0228 | feat 0.2177 | train_acc 35.47%
[Stage1/AE] ep 220/360 | loss 0.2399 | rec 0.0230 | feat 0.2169 | train_acc 35.47%
[Stage1/AE] ep 221/360 | loss 0.2421 | rec 0.0231 | feat 0.2190 | train_acc 35.52%
[Stage1/AE] ep 222/360 | loss 0.2360 | rec 0.0229 | feat 0.2131 | train_acc 35.25%
[Stage1/AE] ep 223/360 | loss 0.2395 | rec 0.0229 | feat 0.2166 | train_acc 35.87%
[Stage1/AE] ep 224/360 | loss 0.2377 | rec 0.0227 | feat 0.2150 | train_acc 35.58%
[Stage1/AE] ep 225/360 | loss 0.2396 | rec 0.0230 | feat 0.2165 | train_acc 35.73%
[Stage1/AE] ep 226/360 | loss 0.2416 | rec 0.0227 | feat 0.2190 | train_acc 35.32%
[Stage1/AE] ep 227/360 | loss 0.2317 | rec 0.0229 | feat 0.2088 | train_acc 35.10%
[Stage1/AE] ep 228/360 | loss 0.2387 | rec 0.0229 | feat 0.2158 | train_acc 35.62%
[Stage1/AE] ep 229/360 | loss 0.2339 | rec 0.0228 | feat 0.2111 | train_acc 35.58%
[Stage1/AE] ep 230/360 | loss 0.2327 | rec 0.0229 | feat 0.2098 | train_acc 35.45%
[Stage1/AE] ep 231/360 | loss 0.2325 | rec 0.0226 | feat 0.2099 | train_acc 35.52%
[Stage1/AE] ep 232/360 | loss 0.2364 | rec 0.0227 | feat 0.2136 | train_acc 35.48%
[Stage1/AE] ep 233/360 | loss 0.2293 | rec 0.0228 | feat 0.2065 | train_acc 35.58%
[Stage1/AE] ep 234/360 | loss 0.2367 | rec 0.0227 | feat 0.2140 | train_acc 35.62%
[Stage1/AE] ep 235/360 | loss 0.2316 | rec 0.0228 | feat 0.2088 | train_acc 35.53%
[Stage1/AE] ep 236/360 | loss 0.2308 | rec 0.0228 | feat 0.2080 | train_acc 35.27%
[Stage1/AE] ep 237/360 | loss 0.2332 | rec 0.0226 | feat 0.2106 | train_acc 35.47%
[Stage1/AE] ep 238/360 | loss 0.2336 | rec 0.0228 | feat 0.2108 | train_acc 35.27%
[Stage1/AE] ep 239/360 | loss 0.2286 | rec 0.0228 | feat 0.2058 | train_acc 35.47%
[Stage1/AE] ep 240/360 | loss 0.2297 | rec 0.0227 | feat 0.2070 | train_acc 36.05%
[Stage1/AE] ep 241/360 | loss 0.2360 | rec 0.0226 | feat 0.2134 | train_acc 35.72%
[Stage1/AE] ep 242/360 | loss 0.2351 | rec 0.0226 | feat 0.2125 | train_acc 35.27%
[Stage1/AE] ep 243/360 | loss 0.2299 | rec 0.0226 | feat 0.2073 | train_acc 35.58%
[Stage1/AE] ep 244/360 | loss 0.2272 | rec 0.0226 | feat 0.2046 | train_acc 35.42%
[Stage1/AE] ep 245/360 | loss 0.2357 | rec 0.0226 | feat 0.2131 | train_acc 35.35%
[Stage1/AE] ep 246/360 | loss 0.2305 | rec 0.0226 | feat 0.2079 | train_acc 35.45%
[Stage1/AE] ep 247/360 | loss 0.2314 | rec 0.0226 | feat 0.2087 | train_acc 35.38%
[Stage1/AE] ep 248/360 | loss 0.2295 | rec 0.0225 | feat 0.2071 | train_acc 35.40%
[Stage1/AE] ep 249/360 | loss 0.2318 | rec 0.0226 | feat 0.2093 | train_acc 35.38%
[Stage1/AE] ep 250/360 | loss 0.2301 | rec 0.0227 | feat 0.2074 | train_acc 35.38%
[Stage1/AE] ep 251/360 | loss 0.2352 | rec 0.0227 | feat 0.2126 | train_acc 35.42%
[Stage1/AE] ep 252/360 | loss 0.2315 | rec 0.0226 | feat 0.2089 | train_acc 35.07%
[Stage1/AE] ep 253/360 | loss 0.2343 | rec 0.0224 | feat 0.2118 | train_acc 35.45%
[Stage1/AE] ep 254/360 | loss 0.2359 | rec 0.0226 | feat 0.2132 | train_acc 35.60%
[Stage1/AE] ep 255/360 | loss 0.2322 | rec 0.0226 | feat 0.2095 | train_acc 35.48%
[Stage1/AE] ep 256/360 | loss 0.2292 | rec 0.0225 | feat 0.2067 | train_acc 35.32%
[Stage1/AE] ep 257/360 | loss 0.2349 | rec 0.0225 | feat 0.2123 | train_acc 35.45%
[Stage1/AE] ep 258/360 | loss 0.2291 | rec 0.0225 | feat 0.2066 | train_acc 35.40%
[Stage1/AE] ep 259/360 | loss 0.2308 | rec 0.0224 | feat 0.2084 | train_acc 35.40%
[Stage1/AE] ep 260/360 | loss 0.2277 | rec 0.0224 | feat 0.2053 | train_acc 35.50%
[Stage1/AE] ep 261/360 | loss 0.2273 | rec 0.0223 | feat 0.2050 | train_acc 35.57%
[Stage1/AE] ep 262/360 | loss 0.2251 | rec 0.0224 | feat 0.2027 | train_acc 35.57%
[Stage1/AE] ep 263/360 | loss 0.2350 | rec 0.0225 | feat 0.2125 | train_acc 35.87%
[Stage1/AE] ep 264/360 | loss 0.2305 | rec 0.0225 | feat 0.2079 | train_acc 34.95%
[Stage1/AE] ep 265/360 | loss 0.2290 | rec 0.0223 | feat 0.2067 | train_acc 35.05%
[Stage1/AE] ep 266/360 | loss 0.2275 | rec 0.0223 | feat 0.2052 | train_acc 35.58%
[Stage1/AE] ep 267/360 | loss 0.2257 | rec 0.0225 | feat 0.2032 | train_acc 35.53%
[Stage1/AE] ep 268/360 | loss 0.2242 | rec 0.0224 | feat 0.2018 | train_acc 35.52%
[Stage1/AE] ep 269/360 | loss 0.2297 | rec 0.0225 | feat 0.2072 | train_acc 35.55%
[Stage1/AE] ep 270/360 | loss 0.2260 | rec 0.0224 | feat 0.2036 | train_acc 35.60%
[Stage1/AE] ep 271/360 | loss 0.2299 | rec 0.0224 | feat 0.2075 | train_acc 35.18%
[Stage1/AE] ep 272/360 | loss 0.2274 | rec 0.0223 | feat 0.2051 | train_acc 35.43%
[Stage1/AE] ep 273/360 | loss 0.2282 | rec 0.0223 | feat 0.2059 | train_acc 35.52%
[Stage1/AE] ep 274/360 | loss 0.2313 | rec 0.0225 | feat 0.2087 | train_acc 35.30%
[Stage1/AE] ep 275/360 | loss 0.2244 | rec 0.0223 | feat 0.2020 | train_acc 35.33%
[Stage1/AE] ep 276/360 | loss 0.2254 | rec 0.0223 | feat 0.2030 | train_acc 34.97%
[Stage1/AE] ep 277/360 | loss 0.2275 | rec 0.0225 | feat 0.2050 | train_acc 35.87%
[Stage1/AE] ep 278/360 | loss 0.2243 | rec 0.0225 | feat 0.2018 | train_acc 35.78%
[Stage1/AE] ep 279/360 | loss 0.2291 | rec 0.0225 | feat 0.2066 | train_acc 35.52%
[Stage1/AE] ep 280/360 | loss 0.2234 | rec 0.0223 | feat 0.2011 | train_acc 35.73%
[Stage1/AE] ep 281/360 | loss 0.2328 | rec 0.0222 | feat 0.2106 | train_acc 35.65%
[Stage1/AE] ep 282/360 | loss 0.2203 | rec 0.0221 | feat 0.1982 | train_acc 35.83%
[Stage1/AE] ep 283/360 | loss 0.2262 | rec 0.0222 | feat 0.2040 | train_acc 35.58%
[Stage1/AE] ep 284/360 | loss 0.2241 | rec 0.0224 | feat 0.2017 | train_acc 35.33%
[Stage1/AE] ep 285/360 | loss 0.2285 | rec 0.0221 | feat 0.2064 | train_acc 35.48%
[Stage1/AE] ep 286/360 | loss 0.2261 | rec 0.0223 | feat 0.2038 | train_acc 35.17%
[Stage1/AE] ep 287/360 | loss 0.2329 | rec 0.0222 | feat 0.2108 | train_acc 35.18%
[Stage1/AE] ep 288/360 | loss 0.2284 | rec 0.0222 | feat 0.2062 | train_acc 35.33%
[Stage1/AE] ep 289/360 | loss 0.2255 | rec 0.0223 | feat 0.2033 | train_acc 35.37%
[Stage1/AE] ep 290/360 | loss 0.2187 | rec 0.0223 | feat 0.1964 | train_acc 35.52%
[Stage1/AE] ep 291/360 | loss 0.2271 | rec 0.0222 | feat 0.2050 | train_acc 35.48%
[Stage1/AE] ep 292/360 | loss 0.2222 | rec 0.0224 | feat 0.1999 | train_acc 35.30%
[Stage1/AE] ep 293/360 | loss 0.2329 | rec 0.0222 | feat 0.2106 | train_acc 35.25%
[Stage1/AE] ep 294/360 | loss 0.2255 | rec 0.0222 | feat 0.2033 | train_acc 35.57%
[Stage1/AE] ep 295/360 | loss 0.2163 | rec 0.0221 | feat 0.1942 | train_acc 35.63%
[Stage1/AE] ep 296/360 | loss 0.2246 | rec 0.0222 | feat 0.2024 | train_acc 35.43%
[Stage1/AE] ep 297/360 | loss 0.2218 | rec 0.0222 | feat 0.1996 | train_acc 35.28%
[Stage1/AE] ep 298/360 | loss 0.2250 | rec 0.0223 | feat 0.2028 | train_acc 35.47%
[Stage1/AE] ep 299/360 | loss 0.2278 | rec 0.0220 | feat 0.2058 | train_acc 35.45%
[Stage1/AE] ep 300/360 | loss 0.2216 | rec 0.0220 | feat 0.1996 | train_acc 35.48%
[Stage1/AE] ep 301/360 | loss 0.2218 | rec 0.0220 | feat 0.1998 | train_acc 35.83%
[Stage1/AE] ep 302/360 | loss 0.2206 | rec 0.0222 | feat 0.1984 | train_acc 35.32%
[Stage1/AE] ep 303/360 | loss 0.2291 | rec 0.0221 | feat 0.2071 | train_acc 35.57%
[Stage1/AE] ep 304/360 | loss 0.2269 | rec 0.0222 | feat 0.2047 | train_acc 35.62%
[Stage1/AE] ep 305/360 | loss 0.2239 | rec 0.0220 | feat 0.2018 | train_acc 35.43%
[Stage1/AE] ep 306/360 | loss 0.2214 | rec 0.0220 | feat 0.1994 | train_acc 35.63%
[Stage1/AE] ep 307/360 | loss 0.2260 | rec 0.0223 | feat 0.2037 | train_acc 35.23%
[Stage1/AE] ep 308/360 | loss 0.2184 | rec 0.0221 | feat 0.1962 | train_acc 35.40%
[Stage1/AE] ep 309/360 | loss 0.2189 | rec 0.0221 | feat 0.1968 | train_acc 36.02%
[Stage1/AE] ep 310/360 | loss 0.2209 | rec 0.0219 | feat 0.1990 | train_acc 35.38%
[Stage1/AE] ep 311/360 | loss 0.2220 | rec 0.0220 | feat 0.2000 | train_acc 35.18%
[Stage1/AE] ep 312/360 | loss 0.2274 | rec 0.0220 | feat 0.2053 | train_acc 35.48%
[Stage1/AE] ep 313/360 | loss 0.2207 | rec 0.0220 | feat 0.1988 | train_acc 35.57%
[Stage1/AE] ep 314/360 | loss 0.2234 | rec 0.0220 | feat 0.2014 | train_acc 35.52%
[Stage1/AE] ep 315/360 | loss 0.2253 | rec 0.0220 | feat 0.2032 | train_acc 35.45%
[Stage1/AE] ep 316/360 | loss 0.2250 | rec 0.0221 | feat 0.2029 | train_acc 35.42%
[Stage1/AE] ep 317/360 | loss 0.2271 | rec 0.0221 | feat 0.2051 | train_acc 35.70%
[Stage1/AE] ep 318/360 | loss 0.2232 | rec 0.0219 | feat 0.2013 | train_acc 35.78%
[Stage1/AE] ep 319/360 | loss 0.2196 | rec 0.0220 | feat 0.1976 | train_acc 35.58%
[Stage1/AE] ep 320/360 | loss 0.2252 | rec 0.0220 | feat 0.2032 | train_acc 35.30%
[Stage1/AE] ep 321/360 | loss 0.2186 | rec 0.0221 | feat 0.1965 | train_acc 35.50%
[Stage1/AE] ep 322/360 | loss 0.2168 | rec 0.0219 | feat 0.1949 | train_acc 35.15%
[Stage1/AE] ep 323/360 | loss 0.2206 | rec 0.0220 | feat 0.1986 | train_acc 35.48%
[Stage1/AE] ep 324/360 | loss 0.2245 | rec 0.0219 | feat 0.2026 | train_acc 35.23%
[Stage1/AE] ep 325/360 | loss 0.2265 | rec 0.0218 | feat 0.2048 | train_acc 35.07%
[Stage1/AE] ep 326/360 | loss 0.2187 | rec 0.0219 | feat 0.1968 | train_acc 35.35%
[Stage1/AE] ep 327/360 | loss 0.2190 | rec 0.0218 | feat 0.1972 | train_acc 35.45%
[Stage1/AE] ep 328/360 | loss 0.2206 | rec 0.0221 | feat 0.1985 | train_acc 35.20%
[Stage1/AE] ep 329/360 | loss 0.2204 | rec 0.0220 | feat 0.1983 | train_acc 35.62%
[Stage1/AE] ep 330/360 | loss 0.2199 | rec 0.0220 | feat 0.1980 | train_acc 35.40%
[Stage1/AE] ep 331/360 | loss 0.2161 | rec 0.0219 | feat 0.1942 | train_acc 35.20%
[Stage1/AE] ep 332/360 | loss 0.2178 | rec 0.0219 | feat 0.1959 | train_acc 35.70%
[Stage1/AE] ep 333/360 | loss 0.2164 | rec 0.0219 | feat 0.1945 | train_acc 35.33%
[Stage1/AE] ep 334/360 | loss 0.2191 | rec 0.0219 | feat 0.1972 | train_acc 35.50%
[Stage1/AE] ep 335/360 | loss 0.2223 | rec 0.0219 | feat 0.2003 | train_acc 35.57%
[Stage1/AE] ep 336/360 | loss 0.2156 | rec 0.0219 | feat 0.1937 | train_acc 35.38%
[Stage1/AE] ep 337/360 | loss 0.2208 | rec 0.0218 | feat 0.1990 | train_acc 35.37%
[Stage1/AE] ep 338/360 | loss 0.2214 | rec 0.0219 | feat 0.1994 | train_acc 35.33%
[Stage1/AE] ep 339/360 | loss 0.2151 | rec 0.0218 | feat 0.1933 | train_acc 35.28%
[Stage1/AE] ep 340/360 | loss 0.2190 | rec 0.0220 | feat 0.1970 | train_acc 35.47%
[Stage1/AE] ep 341/360 | loss 0.2190 | rec 0.0218 | feat 0.1972 | train_acc 35.60%
[Stage1/AE] ep 342/360 | loss 0.2074 | rec 0.0217 | feat 0.1857 | train_acc 35.18%
[Stage1/AE] ep 343/360 | loss 0.2201 | rec 0.0220 | feat 0.1980 | train_acc 35.40%
[Stage1/AE] ep 344/360 | loss 0.2157 | rec 0.0218 | feat 0.1939 | train_acc 34.88%
[Stage1/AE] ep 345/360 | loss 0.2157 | rec 0.0219 | feat 0.1938 | train_acc 35.55%
[Stage1/AE] ep 346/360 | loss 0.2177 | rec 0.0220 | feat 0.1957 | train_acc 35.60%
[Stage1/AE] ep 347/360 | loss 0.2161 | rec 0.0219 | feat 0.1943 | train_acc 35.18%
[Stage1/AE] ep 348/360 | loss 0.2180 | rec 0.0217 | feat 0.1963 | train_acc 35.58%
[Stage1/AE] ep 349/360 | loss 0.2196 | rec 0.0219 | feat 0.1977 | train_acc 35.37%
[Stage1/AE] ep 350/360 | loss 0.2187 | rec 0.0219 | feat 0.1969 | train_acc 35.97%
[Stage1/AE] ep 351/360 | loss 0.2178 | rec 0.0217 | feat 0.1961 | train_acc 35.72%
[Stage1/AE] ep 352/360 | loss 0.2165 | rec 0.0217 | feat 0.1948 | train_acc 35.72%
[Stage1/AE] ep 353/360 | loss 0.2111 | rec 0.0218 | feat 0.1894 | train_acc 35.35%
[Stage1/AE] ep 354/360 | loss 0.2172 | rec 0.0217 | feat 0.1954 | train_acc 35.30%
[Stage1/AE] ep 355/360 | loss 0.2138 | rec 0.0219 | feat 0.1919 | train_acc 35.83%
[Stage1/AE] ep 356/360 | loss 0.2205 | rec 0.0217 | feat 0.1988 | train_acc 35.47%
[Stage1/AE] ep 357/360 | loss 0.2151 | rec 0.0219 | feat 0.1932 | train_acc 35.90%
[Stage1/AE] ep 358/360 | loss 0.2089 | rec 0.0216 | feat 0.1873 | train_acc 35.75%
[Stage1/AE] ep 359/360 | loss 0.2169 | rec 0.0218 | feat 0.1952 | train_acc 35.42%
[Stage1/AE] ep 360/360 | loss 0.2095 | rec 0.0217 | feat 0.1879 | train_acc 35.23%
[Stage2/Head] ep 1/360 | loss 13.6309 | ce 12.5473 | logit 10.8360 | train_acc 36.10%
[Stage2/Head] ep 2/360 | loss 10.6243 | ce 9.6367 | logit 9.8765 | train_acc 36.23%
[Stage2/Head] ep 3/360 | loss 10.2174 | ce 9.2054 | logit 10.1205 | train_acc 37.33%
[Stage2/Head] ep 4/360 | loss 9.8868 | ce 8.8655 | logit 10.2138 | train_acc 37.68%
[Stage2/Head] ep 5/360 | loss 9.6155 | ce 8.6066 | logit 10.0895 | train_acc 37.28%
[Stage2/Head] ep 6/360 | loss 9.3561 | ce 8.3615 | logit 9.9455 | train_acc 36.98%
[Stage2/Head] ep 7/360 | loss 9.1159 | ce 8.1372 | logit 9.7870 | train_acc 36.27%
[Stage2/Head] ep 8/360 | loss 8.8710 | ce 7.9070 | logit 9.6399 | train_acc 36.40%
[Stage2/Head] ep 9/360 | loss 8.6473 | ce 7.6960 | logit 9.5125 | train_acc 35.78%
[Stage2/Head] ep 10/360 | loss 8.4174 | ce 7.4768 | logit 9.4061 | train_acc 35.60%
[Stage2/Head] ep 11/360 | loss 8.2065 | ce 7.2777 | logit 9.2871 | train_acc 35.47%
[Stage2/Head] ep 12/360 | loss 8.0030 | ce 7.0782 | logit 9.2484 | train_acc 35.23%
[Stage2/Head] ep 13/360 | loss 7.7811 | ce 6.8613 | logit 9.1981 | train_acc 34.82%
[Stage2/Head] ep 14/360 | loss 7.5753 | ce 6.6592 | logit 9.1612 | train_acc 34.33%
[Stage2/Head] ep 15/360 | loss 7.3694 | ce 6.4555 | logit 9.1391 | train_acc 34.33%
[Stage2/Head] ep 16/360 | loss 7.1692 | ce 6.2511 | logit 9.1807 | train_acc 33.98%
[Stage2/Head] ep 17/360 | loss 6.9740 | ce 6.0573 | logit 9.1669 | train_acc 33.77%
[Stage2/Head] ep 18/360 | loss 6.7516 | ce 5.8337 | logit 9.1791 | train_acc 33.10%
[Stage2/Head] ep 19/360 | loss 6.5699 | ce 5.6479 | logit 9.2201 | train_acc 33.17%
[Stage2/Head] ep 20/360 | loss 6.3678 | ce 5.4447 | logit 9.2306 | train_acc 32.77%
[Stage2/Head] ep 21/360 | loss 6.1794 | ce 5.2437 | logit 9.3569 | train_acc 32.47%
[Stage2/Head] ep 22/360 | loss 5.9979 | ce 5.0527 | logit 9.4519 | train_acc 32.30%
[Stage2/Head] ep 23/360 | loss 5.7935 | ce 4.8404 | logit 9.5312 | train_acc 32.35%
[Stage2/Head] ep 24/360 | loss 5.6048 | ce 4.6411 | logit 9.6374 | train_acc 32.12%
[Stage2/Head] ep 25/360 | loss 5.4263 | ce 4.4599 | logit 9.6633 | train_acc 32.23%
[Stage2/Head] ep 26/360 | loss 5.2332 | ce 4.2539 | logit 9.7931 | train_acc 31.93%
[Stage2/Head] ep 27/360 | loss 5.0522 | ce 4.0617 | logit 9.9050 | train_acc 31.62%
[Stage2/Head] ep 28/360 | loss 4.8676 | ce 3.8626 | logit 10.0497 | train_acc 31.55%
[Stage2/Head] ep 29/360 | loss 4.6915 | ce 3.6795 | logit 10.1195 | train_acc 31.57%
[Stage2/Head] ep 30/360 | loss 4.5132 | ce 3.4878 | logit 10.2543 | train_acc 31.65%
[Stage2/Head] ep 31/360 | loss 4.3387 | ce 3.3037 | logit 10.3499 | train_acc 31.43%
[Stage2/Head] ep 32/360 | loss 4.1571 | ce 3.1121 | logit 10.4497 | train_acc 31.40%
[Stage2/Head] ep 33/360 | loss 3.9955 | ce 2.9377 | logit 10.5776 | train_acc 31.12%
[Stage2/Head] ep 34/360 | loss 3.8153 | ce 2.7484 | logit 10.6689 | train_acc 30.07%
[Stage2/Head] ep 35/360 | loss 3.6609 | ce 2.5756 | logit 10.8525 | train_acc 28.22%
[Stage2/Head] ep 36/360 | loss 3.5062 | ce 2.4119 | logit 10.9430 | train_acc 27.92%
[Stage2/Head] ep 37/360 | loss 3.3610 | ce 2.2476 | logit 11.1339 | train_acc 27.13%
[Stage2/Head] ep 38/360 | loss 3.1997 | ce 2.0891 | logit 11.1058 | train_acc 24.77%
[Stage2/Head] ep 39/360 | loss 3.0657 | ce 1.9604 | logit 11.0528 | train_acc 22.17%
[Stage2/Head] ep 40/360 | loss 2.9219 | ce 1.8056 | logit 11.1627 | train_acc 21.70%
[Stage2/Head] ep 41/360 | loss 2.7861 | ce 1.6773 | logit 11.0877 | train_acc 19.60%
[Stage2/Head] ep 42/360 | loss 2.6675 | ce 1.5498 | logit 11.1775 | train_acc 25.63%
[Stage2/Head] ep 43/360 | loss 2.5497 | ce 1.4232 | logit 11.2642 | train_acc 32.82%
[Stage2/Head] ep 44/360 | loss 2.4367 | ce 1.3400 | logit 10.9674 | train_acc 39.32%
[Stage2/Head] ep 45/360 | loss 2.3683 | ce 1.2148 | logit 11.5354 | train_acc 55.52%
[Stage2/Head] ep 46/360 | loss 2.2626 | ce 1.1280 | logit 11.3462 | train_acc 56.28%
[Stage2/Head] ep 47/360 | loss 2.1777 | ce 1.0374 | logit 11.4031 | train_acc 58.12%
[Stage2/Head] ep 48/360 | loss 2.1150 | ce 0.9782 | logit 11.3682 | train_acc 58.95%
[Stage2/Head] ep 49/360 | loss 1.9950 | ce 0.9049 | logit 10.9007 | train_acc 55.43%
[Stage2/Head] ep 50/360 | loss 1.9340 | ce 0.8629 | logit 10.7110 | train_acc 55.47%
[Stage2/Head] ep 51/360 | loss 1.9234 | ce 0.8047 | logit 11.1873 | train_acc 58.25%
[Stage2/Head] ep 52/360 | loss 1.8141 | ce 0.7523 | logit 10.6179 | train_acc 55.25%
[Stage2/Head] ep 53/360 | loss 1.7896 | ce 0.7115 | logit 10.7806 | train_acc 55.03%
[Stage2/Head] ep 54/360 | loss 1.7679 | ce 0.6697 | logit 10.9819 | train_acc 58.15%
[Stage2/Head] ep 55/360 | loss 1.6902 | ce 0.6427 | logit 10.4754 | train_acc 55.45%
[Stage2/Head] ep 56/360 | loss 1.6440 | ce 0.6104 | logit 10.3365 | train_acc 55.07%
[Stage2/Head] ep 57/360 | loss 1.6246 | ce 0.5770 | logit 10.4759 | train_acc 56.00%
[Stage2/Head] ep 58/360 | loss 1.5519 | ce 0.5508 | logit 10.0108 | train_acc 54.63%
[Stage2/Head] ep 59/360 | loss 1.5417 | ce 0.5398 | logit 10.0186 | train_acc 54.85%
[Stage2/Head] ep 60/360 | loss 1.5455 | ce 0.5157 | logit 10.2981 | train_acc 55.82%
[Stage2/Head] ep 61/360 | loss 1.4820 | ce 0.4857 | logit 9.9631 | train_acc 76.50%
[Stage2/Head] ep 62/360 | loss 1.4776 | ce 0.4810 | logit 9.9655 | train_acc 77.38%
[Stage2/Head] ep 63/360 | loss 1.4169 | ce 0.4211 | logit 9.9580 | train_acc 77.62%
[Stage2/Head] ep 64/360 | loss 1.3941 | ce 0.4456 | logit 9.4851 | train_acc 76.78%
[Stage2/Head] ep 65/360 | loss 1.4105 | ce 0.4820 | logit 9.2852 | train_acc 74.22%
[Stage2/Head] ep 66/360 | loss 1.3715 | ce 0.4143 | logit 9.5722 | train_acc 75.48%
[Stage2/Head] ep 67/360 | loss 1.3214 | ce 0.4055 | logit 9.1592 | train_acc 75.48%
[Stage2/Head] ep 68/360 | loss 1.2960 | ce 0.3754 | logit 9.2059 | train_acc 75.42%
[Stage2/Head] ep 69/360 | loss 1.2841 | ce 0.3683 | logit 9.1588 | train_acc 74.90%
[Stage2/Head] ep 70/360 | loss 1.2849 | ce 0.3888 | logit 8.9611 | train_acc 74.28%
[Stage2/Head] ep 71/360 | loss 1.2261 | ce 0.3600 | logit 8.6614 | train_acc 75.17%
[Stage2/Head] ep 72/360 | loss 1.2230 | ce 0.3400 | logit 8.8300 | train_acc 74.95%
[Stage2/Head] ep 73/360 | loss 1.2010 | ce 0.3423 | logit 8.5869 | train_acc 74.58%
[Stage2/Head] ep 74/360 | loss 1.1633 | ce 0.3340 | logit 8.2931 | train_acc 74.05%
[Stage2/Head] ep 75/360 | loss 1.1309 | ce 0.3304 | logit 8.0048 | train_acc 73.77%
[Stage2/Head] ep 76/360 | loss 1.1400 | ce 0.3153 | logit 8.2468 | train_acc 74.90%
[Stage2/Head] ep 77/360 | loss 1.1242 | ce 0.3078 | logit 8.1631 | train_acc 77.93%
[Stage2/Head] ep 78/360 | loss 1.1140 | ce 0.3116 | logit 8.0244 | train_acc 77.63%
[Stage2/Head] ep 79/360 | loss 1.0644 | ce 0.3020 | logit 7.6245 | train_acc 77.37%
[Stage2/Head] ep 80/360 | loss 1.0154 | ce 0.2972 | logit 7.1824 | train_acc 77.38%
[Stage2/Head] ep 81/360 | loss 1.0233 | ce 0.3046 | logit 7.1877 | train_acc 77.07%
[Stage2/Head] ep 82/360 | loss 0.9997 | ce 0.2980 | logit 7.0168 | train_acc 77.00%
[Stage2/Head] ep 83/360 | loss 0.9993 | ce 0.2541 | logit 7.4520 | train_acc 77.55%
[Stage2/Head] ep 84/360 | loss 0.9820 | ce 0.2791 | logit 7.0291 | train_acc 77.15%
[Stage2/Head] ep 85/360 | loss 0.9661 | ce 0.2666 | logit 6.9943 | train_acc 77.25%
[Stage2/Head] ep 86/360 | loss 0.9492 | ce 0.2634 | logit 6.8576 | train_acc 77.28%
[Stage2/Head] ep 87/360 | loss 0.9486 | ce 0.2645 | logit 6.8407 | train_acc 77.37%
[Stage2/Head] ep 88/360 | loss 0.9302 | ce 0.2545 | logit 6.7569 | train_acc 77.37%
[Stage2/Head] ep 89/360 | loss 0.8935 | ce 0.2373 | logit 6.5616 | train_acc 77.60%
[Stage2/Head] ep 90/360 | loss 0.9128 | ce 0.2391 | logit 6.7368 | train_acc 77.53%
[Stage2/Head] ep 91/360 | loss 0.8792 | ce 0.2518 | logit 6.2738 | train_acc 77.12%
[Stage2/Head] ep 92/360 | loss 0.8621 | ce 0.2413 | logit 6.2073 | train_acc 77.07%
[Stage2/Head] ep 93/360 | loss 0.8889 | ce 0.2272 | logit 6.6172 | train_acc 77.33%
[Stage2/Head] ep 94/360 | loss 0.8367 | ce 0.2431 | logit 5.9360 | train_acc 76.92%
[Stage2/Head] ep 95/360 | loss 0.8303 | ce 0.2221 | logit 6.0826 | train_acc 77.40%
[Stage2/Head] ep 96/360 | loss 0.7938 | ce 0.2218 | logit 5.7196 | train_acc 77.47%
[Stage2/Head] ep 97/360 | loss 0.8020 | ce 0.2268 | logit 5.7518 | train_acc 77.28%
[Stage2/Head] ep 98/360 | loss 0.8048 | ce 0.2321 | logit 5.7266 | train_acc 77.22%
[Stage2/Head] ep 99/360 | loss 0.7894 | ce 0.2190 | logit 5.7038 | train_acc 77.32%
[Stage2/Head] ep 100/360 | loss 0.7691 | ce 0.2068 | logit 5.6237 | train_acc 77.60%
[Stage2/Head] ep 101/360 | loss 0.7747 | ce 0.2246 | logit 5.5005 | train_acc 77.32%
[Stage2/Head] ep 102/360 | loss 0.7490 | ce 0.2080 | logit 5.4107 | train_acc 77.53%
[Stage2/Head] ep 103/360 | loss 0.7327 | ce 0.2121 | logit 5.2065 | train_acc 77.18%
[Stage2/Head] ep 104/360 | loss 0.7175 | ce 0.2185 | logit 4.9902 | train_acc 77.05%
[Stage2/Head] ep 105/360 | loss 0.7104 | ce 0.2065 | logit 5.0391 | train_acc 77.12%
[Stage2/Head] ep 106/360 | loss 0.7072 | ce 0.2049 | logit 5.0231 | train_acc 77.50%
[Stage2/Head] ep 107/360 | loss 0.6899 | ce 0.2013 | logit 4.8861 | train_acc 77.58%
[Stage2/Head] ep 108/360 | loss 0.6837 | ce 0.1953 | logit 4.8842 | train_acc 77.53%
[Stage2/Head] ep 109/360 | loss 0.6702 | ce 0.2027 | logit 4.6743 | train_acc 77.30%
[Stage2/Head] ep 110/360 | loss 0.6850 | ce 0.1980 | logit 4.8693 | train_acc 77.30%
[Stage2/Head] ep 111/360 | loss 0.6561 | ce 0.1772 | logit 4.7895 | train_acc 77.82%
[Stage2/Head] ep 112/360 | loss 0.6397 | ce 0.1887 | logit 4.5103 | train_acc 77.70%
[Stage2/Head] ep 113/360 | loss 0.6310 | ce 0.1801 | logit 4.5088 | train_acc 77.80%
[Stage2/Head] ep 114/360 | loss 0.6388 | ce 0.1768 | logit 4.6200 | train_acc 77.62%
[Stage2/Head] ep 115/360 | loss 0.6354 | ce 0.1659 | logit 4.6951 | train_acc 77.82%
[Stage2/Head] ep 116/360 | loss 0.6178 | ce 0.1745 | logit 4.4321 | train_acc 77.83%
[Stage2/Head] ep 117/360 | loss 0.6224 | ce 0.1809 | logit 4.4150 | train_acc 77.55%
[Stage2/Head] ep 118/360 | loss 0.5990 | ce 0.1617 | logit 4.3738 | train_acc 77.95%
[Stage2/Head] ep 119/360 | loss 0.5879 | ce 0.1683 | logit 4.1960 | train_acc 77.95%
[Stage2/Head] ep 120/360 | loss 0.5873 | ce 0.1722 | logit 4.1509 | train_acc 77.57%
[Stage2/Head] ep 121/360 | loss 0.5881 | ce 0.1635 | logit 4.2464 | train_acc 77.80%
[Stage2/Head] ep 122/360 | loss 0.5762 | ce 0.1483 | logit 4.2783 | train_acc 77.95%
[Stage2/Head] ep 123/360 | loss 0.5850 | ce 0.1673 | logit 4.1766 | train_acc 77.58%
[Stage2/Head] ep 124/360 | loss 0.5631 | ce 0.1472 | logit 4.1591 | train_acc 78.12%
[Stage2/Head] ep 125/360 | loss 0.5533 | ce 0.1522 | logit 4.0113 | train_acc 78.02%
[Stage2/Head] ep 126/360 | loss 0.5606 | ce 0.1486 | logit 4.1202 | train_acc 77.92%
[Stage2/Head] ep 127/360 | loss 0.5403 | ce 0.1484 | logit 3.9184 | train_acc 78.08%
[Stage2/Head] ep 128/360 | loss 0.5362 | ce 0.1390 | logit 3.9716 | train_acc 78.13%
[Stage2/Head] ep 129/360 | loss 0.5323 | ce 0.1527 | logit 3.7968 | train_acc 77.68%
[Stage2/Head] ep 130/360 | loss 0.5417 | ce 0.1452 | logit 3.9646 | train_acc 77.98%
[Stage2/Head] ep 131/360 | loss 0.5240 | ce 0.1350 | logit 3.8909 | train_acc 78.37%
[Stage2/Head] ep 132/360 | loss 0.5238 | ce 0.1381 | logit 3.8573 | train_acc 77.98%
[Stage2/Head] ep 133/360 | loss 0.5186 | ce 0.1473 | logit 3.7138 | train_acc 77.92%
[Stage2/Head] ep 134/360 | loss 0.5083 | ce 0.1580 | logit 3.5033 | train_acc 78.02%
[Stage2/Head] ep 135/360 | loss 0.4997 | ce 0.1230 | logit 3.7667 | train_acc 78.10%
[Stage2/Head] ep 136/360 | loss 0.4905 | ce 0.1269 | logit 3.6355 | train_acc 78.27%
[Stage2/Head] ep 137/360 | loss 0.4864 | ce 0.1282 | logit 3.5813 | train_acc 78.17%
[Stage2/Head] ep 138/360 | loss 0.4766 | ce 0.1244 | logit 3.5216 | train_acc 78.58%
[Stage2/Head] ep 139/360 | loss 0.4729 | ce 0.1174 | logit 3.5555 | train_acc 78.37%
[Stage2/Head] ep 140/360 | loss 0.4732 | ce 0.1173 | logit 3.5590 | train_acc 78.22%
[Stage2/Head] ep 141/360 | loss 0.4640 | ce 0.1161 | logit 3.4793 | train_acc 78.32%
[Stage2/Head] ep 142/360 | loss 0.4700 | ce 0.1163 | logit 3.5372 | train_acc 78.15%
[Stage2/Head] ep 143/360 | loss 0.4620 | ce 0.1152 | logit 3.4673 | train_acc 78.48%
[Stage2/Head] ep 144/360 | loss 0.4592 | ce 0.1198 | logit 3.3941 | train_acc 78.05%
[Stage2/Head] ep 145/360 | loss 0.4558 | ce 0.1177 | logit 3.3808 | train_acc 78.23%
[Stage2/Head] ep 146/360 | loss 0.4506 | ce 0.1137 | logit 3.3686 | train_acc 78.13%
[Stage2/Head] ep 147/360 | loss 0.4374 | ce 0.1117 | logit 3.2572 | train_acc 78.48%
[Stage2/Head] ep 148/360 | loss 0.4423 | ce 0.1075 | logit 3.3488 | train_acc 78.52%
[Stage2/Head] ep 149/360 | loss 0.4465 | ce 0.1168 | logit 3.2970 | train_acc 77.92%
[Stage2/Head] ep 150/360 | loss 0.4353 | ce 0.1105 | logit 3.2483 | train_acc 78.08%
[Stage2/Head] ep 151/360 | loss 0.4347 | ce 0.1094 | logit 3.2527 | train_acc 78.17%
[Stage2/Head] ep 152/360 | loss 0.4248 | ce 0.1096 | logit 3.1529 | train_acc 78.33%
[Stage2/Head] ep 153/360 | loss 0.4147 | ce 0.1008 | logit 3.1391 | train_acc 78.40%
[Stage2/Head] ep 154/360 | loss 0.4253 | ce 0.1064 | logit 3.1895 | train_acc 78.20%
[Stage2/Head] ep 155/360 | loss 0.4199 | ce 0.0964 | logit 3.2352 | train_acc 78.35%
[Stage2/Head] ep 156/360 | loss 0.4210 | ce 0.1023 | logit 3.1869 | train_acc 78.18%
[Stage2/Head] ep 157/360 | loss 0.4164 | ce 0.1059 | logit 3.1049 | train_acc 78.33%
[Stage2/Head] ep 158/360 | loss 0.4034 | ce 0.0973 | logit 3.0607 | train_acc 78.37%
[Stage2/Head] ep 159/360 | loss 0.4171 | ce 0.1066 | logit 3.1053 | train_acc 78.20%
[Stage2/Head] ep 160/360 | loss 0.4090 | ce 0.1011 | logit 3.0786 | train_acc 78.30%
[Stage2/Head] ep 161/360 | loss 0.4081 | ce 0.1006 | logit 3.0755 | train_acc 78.22%
[Stage2/Head] ep 162/360 | loss 0.4011 | ce 0.0963 | logit 3.0482 | train_acc 78.42%
[Stage2/Head] ep 163/360 | loss 0.3974 | ce 0.0972 | logit 3.0021 | train_acc 78.40%
[Stage2/Head] ep 164/360 | loss 0.3885 | ce 0.0967 | logit 2.9179 | train_acc 78.45%
[Stage2/Head] ep 165/360 | loss 0.4015 | ce 0.0957 | logit 3.0579 | train_acc 78.23%
[Stage2/Head] ep 166/360 | loss 0.3752 | ce 0.0998 | logit 2.7542 | train_acc 78.18%
[Stage2/Head] ep 167/360 | loss 0.3614 | ce 0.0996 | logit 2.6176 | train_acc 78.27%
[Stage2/Head] ep 168/360 | loss 0.3461 | ce 0.0997 | logit 2.4640 | train_acc 78.60%
[Stage2/Head] ep 169/360 | loss 0.3325 | ce 0.0933 | logit 2.3922 | train_acc 78.63%
[Stage2/Head] ep 170/360 | loss 0.3412 | ce 0.1040 | logit 2.3713 | train_acc 78.15%
[Stage2/Head] ep 171/360 | loss 0.3281 | ce 0.0983 | logit 2.2978 | train_acc 78.10%
[Stage2/Head] ep 172/360 | loss 0.3208 | ce 0.1057 | logit 2.1512 | train_acc 78.55%
[Stage2/Head] ep 173/360 | loss 0.3077 | ce 0.0971 | logit 2.1064 | train_acc 78.42%
[Stage2/Head] ep 174/360 | loss 0.3029 | ce 0.0868 | logit 2.1609 | train_acc 78.63%
[Stage2/Head] ep 175/360 | loss 0.3101 | ce 0.0899 | logit 2.2021 | train_acc 78.30%
[Stage2/Head] ep 176/360 | loss 0.2894 | ce 0.0886 | logit 2.0085 | train_acc 78.55%
[Stage2/Head] ep 177/360 | loss 0.2914 | ce 0.0912 | logit 2.0022 | train_acc 78.40%
[Stage2/Head] ep 178/360 | loss 0.2808 | ce 0.0889 | logit 1.9192 | train_acc 78.50%
[Stage2/Head] ep 179/360 | loss 0.2754 | ce 0.0879 | logit 1.8751 | train_acc 78.93%
[Stage2/Head] ep 180/360 | loss 0.2748 | ce 0.0871 | logit 1.8770 | train_acc 78.45%
[Stage2/Head] ep 181/360 | loss 0.2663 | ce 0.0818 | logit 1.8445 | train_acc 78.68%
[Stage2/Head] ep 182/360 | loss 0.2639 | ce 0.0829 | logit 1.8096 | train_acc 78.82%
[Stage2/Head] ep 183/360 | loss 0.2619 | ce 0.0846 | logit 1.7731 | train_acc 78.80%
[Stage2/Head] ep 184/360 | loss 0.2634 | ce 0.0857 | logit 1.7770 | train_acc 78.58%
[Stage2/Head] ep 185/360 | loss 0.2567 | ce 0.0855 | logit 1.7120 | train_acc 78.98%
[Stage2/Head] ep 186/360 | loss 0.2580 | ce 0.0858 | logit 1.7218 | train_acc 78.93%
[Stage2/Head] ep 187/360 | loss 0.2575 | ce 0.0840 | logit 1.7348 | train_acc 78.57%
[Stage2/Head] ep 188/360 | loss 0.2556 | ce 0.0824 | logit 1.7323 | train_acc 78.95%
[Stage2/Head] ep 189/360 | loss 0.2441 | ce 0.0802 | logit 1.6390 | train_acc 78.85%
[Stage2/Head] ep 190/360 | loss 0.2488 | ce 0.0788 | logit 1.6997 | train_acc 78.63%
[Stage2/Head] ep 191/360 | loss 0.2467 | ce 0.0787 | logit 1.6803 | train_acc 78.87%
[Stage2/Head] ep 192/360 | loss 0.2260 | ce 0.0666 | logit 1.5938 | train_acc 78.93%
[Stage2/Head] ep 193/360 | loss 0.2413 | ce 0.0806 | logit 1.6068 | train_acc 79.00%
[Stage2/Head] ep 194/360 | loss 0.2331 | ce 0.0713 | logit 1.6181 | train_acc 79.17%
[Stage2/Head] ep 195/360 | loss 0.2398 | ce 0.0849 | logit 1.5486 | train_acc 78.95%
[Stage2/Head] ep 196/360 | loss 0.2293 | ce 0.0720 | logit 1.5723 | train_acc 78.72%
[Stage2/Head] ep 197/360 | loss 0.2298 | ce 0.0761 | logit 1.5374 | train_acc 79.33%
[Stage2/Head] ep 198/360 | loss 0.2277 | ce 0.0736 | logit 1.5408 | train_acc 79.02%
[Stage2/Head] ep 199/360 | loss 0.2238 | ce 0.0726 | logit 1.5123 | train_acc 79.22%
[Stage2/Head] ep 200/360 | loss 0.2203 | ce 0.0634 | logit 1.5685 | train_acc 79.25%
[Stage2/Head] ep 201/360 | loss 0.2104 | ce 0.0672 | logit 1.4325 | train_acc 79.37%
[Stage2/Head] ep 202/360 | loss 0.2223 | ce 0.0745 | logit 1.4779 | train_acc 79.10%
[Stage2/Head] ep 203/360 | loss 0.2164 | ce 0.0739 | logit 1.4250 | train_acc 79.40%
[Stage2/Head] ep 204/360 | loss 0.2148 | ce 0.0634 | logit 1.5144 | train_acc 79.28%
[Stage2/Head] ep 205/360 | loss 0.2281 | ce 0.0761 | logit 1.5203 | train_acc 79.15%
[Stage2/Head] ep 206/360 | loss 0.2046 | ce 0.0652 | logit 1.3940 | train_acc 79.62%
[Stage2/Head] ep 207/360 | loss 0.2101 | ce 0.0669 | logit 1.4320 | train_acc 79.67%
[Stage2/Head] ep 208/360 | loss 0.2071 | ce 0.0608 | logit 1.4629 | train_acc 79.53%
[Stage2/Head] ep 209/360 | loss 0.2034 | ce 0.0609 | logit 1.4252 | train_acc 79.72%
[Stage2/Head] ep 210/360 | loss 0.2008 | ce 0.0599 | logit 1.4089 | train_acc 79.67%
[Stage2/Head] ep 211/360 | loss 0.2032 | ce 0.0652 | logit 1.3800 | train_acc 79.65%
[Stage2/Head] ep 212/360 | loss 0.1986 | ce 0.0616 | logit 1.3696 | train_acc 79.48%
[Stage2/Head] ep 213/360 | loss 0.1871 | ce 0.0535 | logit 1.3360 | train_acc 79.93%
[Stage2/Head] ep 214/360 | loss 0.2036 | ce 0.0656 | logit 1.3807 | train_acc 79.48%
[Stage2/Head] ep 215/360 | loss 0.2075 | ce 0.0616 | logit 1.4589 | train_acc 79.88%
[Stage2/Head] ep 216/360 | loss 0.1907 | ce 0.0553 | logit 1.3535 | train_acc 79.80%
[Stage2/Head] ep 217/360 | loss 0.2073 | ce 0.0689 | logit 1.3846 | train_acc 79.42%
[Stage2/Head] ep 218/360 | loss 0.1971 | ce 0.0604 | logit 1.3670 | train_acc 79.65%
[Stage2/Head] ep 219/360 | loss 0.1886 | ce 0.0557 | logit 1.3287 | train_acc 79.92%
[Stage2/Head] ep 220/360 | loss 0.1961 | ce 0.0638 | logit 1.3229 | train_acc 79.57%
[Stage2/Head] ep 221/360 | loss 0.1917 | ce 0.0538 | logit 1.3787 | train_acc 79.73%
[Stage2/Head] ep 222/360 | loss 0.1878 | ce 0.0575 | logit 1.3022 | train_acc 79.85%
[Stage2/Head] ep 223/360 | loss 0.1849 | ce 0.0537 | logit 1.3116 | train_acc 79.77%
[Stage2/Head] ep 224/360 | loss 0.1854 | ce 0.0540 | logit 1.3149 | train_acc 79.80%
[Stage2/Head] ep 225/360 | loss 0.1863 | ce 0.0569 | logit 1.2939 | train_acc 79.88%
[Stage2/Head] ep 226/360 | loss 0.1901 | ce 0.0572 | logit 1.3295 | train_acc 79.98%
[Stage2/Head] ep 227/360 | loss 0.1884 | ce 0.0558 | logit 1.3256 | train_acc 79.75%
[Stage2/Head] ep 228/360 | loss 0.1937 | ce 0.0609 | logit 1.3275 | train_acc 79.72%
[Stage2/Head] ep 229/360 | loss 0.1743 | ce 0.0493 | logit 1.2505 | train_acc 80.12%
[Stage2/Head] ep 230/360 | loss 0.1892 | ce 0.0593 | logit 1.2997 | train_acc 79.62%
[Stage2/Head] ep 231/360 | loss 0.1828 | ce 0.0553 | logit 1.2748 | train_acc 79.97%
[Stage2/Head] ep 232/360 | loss 0.1842 | ce 0.0549 | logit 1.2930 | train_acc 79.73%
[Stage2/Head] ep 233/360 | loss 0.1845 | ce 0.0557 | logit 1.2879 | train_acc 79.83%
[Stage2/Head] ep 234/360 | loss 0.1787 | ce 0.0494 | logit 1.2933 | train_acc 79.90%
[Stage2/Head] ep 235/360 | loss 0.1776 | ce 0.0534 | logit 1.2418 | train_acc 79.95%
[Stage2/Head] ep 236/360 | loss 0.1736 | ce 0.0463 | logit 1.2735 | train_acc 79.90%
[Stage2/Head] ep 237/360 | loss 0.1737 | ce 0.0503 | logit 1.2340 | train_acc 79.85%
[Stage2/Head] ep 238/360 | loss 0.1795 | ce 0.0474 | logit 1.3209 | train_acc 80.00%
[Stage2/Head] ep 239/360 | loss 0.1725 | ce 0.0541 | logit 1.1842 | train_acc 80.28%
[Stage2/Head] ep 240/360 | loss 0.1783 | ce 0.0490 | logit 1.2935 | train_acc 80.00%
[Stage2/Head] ep 241/360 | loss 0.1720 | ce 0.0487 | logit 1.2331 | train_acc 79.90%
[Stage2/Head] ep 242/360 | loss 0.1820 | ce 0.0563 | logit 1.2574 | train_acc 79.80%
[Stage2/Head] ep 243/360 | loss 0.1842 | ce 0.0573 | logit 1.2688 | train_acc 79.98%
[Stage2/Head] ep 244/360 | loss 0.1750 | ce 0.0511 | logit 1.2386 | train_acc 79.70%
[Stage2/Head] ep 245/360 | loss 0.1839 | ce 0.0565 | logit 1.2735 | train_acc 79.77%
[Stage2/Head] ep 246/360 | loss 0.1821 | ce 0.0565 | logit 1.2553 | train_acc 79.68%
[Stage2/Head] ep 247/360 | loss 0.1704 | ce 0.0446 | logit 1.2574 | train_acc 80.02%
[Stage2/Head] ep 248/360 | loss 0.1688 | ce 0.0490 | logit 1.1975 | train_acc 80.17%
[Stage2/Head] ep 249/360 | loss 0.1757 | ce 0.0490 | logit 1.2673 | train_acc 79.95%
[Stage2/Head] ep 250/360 | loss 0.1730 | ce 0.0491 | logit 1.2385 | train_acc 79.80%
[Stage2/Head] ep 251/360 | loss 0.1703 | ce 0.0516 | logit 1.1876 | train_acc 79.88%
[Stage2/Head] ep 252/360 | loss 0.1753 | ce 0.0560 | logit 1.1939 | train_acc 79.75%
[Stage2/Head] ep 253/360 | loss 0.1752 | ce 0.0514 | logit 1.2382 | train_acc 79.63%
[Stage2/Head] ep 254/360 | loss 0.1721 | ce 0.0442 | logit 1.2790 | train_acc 79.80%
[Stage2/Head] ep 255/360 | loss 0.1687 | ce 0.0515 | logit 1.1717 | train_acc 79.88%
[Stage2/Head] ep 256/360 | loss 0.1759 | ce 0.0542 | logit 1.2166 | train_acc 80.25%
[Stage2/Head] ep 257/360 | loss 0.1718 | ce 0.0501 | logit 1.2168 | train_acc 79.93%
[Stage2/Head] ep 258/360 | loss 0.1646 | ce 0.0433 | logit 1.2130 | train_acc 80.00%
[Stage2/Head] ep 259/360 | loss 0.1693 | ce 0.0471 | logit 1.2223 | train_acc 79.88%
[Stage2/Head] ep 260/360 | loss 0.1653 | ce 0.0456 | logit 1.1974 | train_acc 80.20%
[Stage2/Head] ep 261/360 | loss 0.1741 | ce 0.0534 | logit 1.2070 | train_acc 79.87%
[Stage2/Head] ep 262/360 | loss 0.1708 | ce 0.0525 | logit 1.1830 | train_acc 79.98%
[Stage2/Head] ep 263/360 | loss 0.1740 | ce 0.0510 | logit 1.2306 | train_acc 79.80%
[Stage2/Head] ep 264/360 | loss 0.1678 | ce 0.0497 | logit 1.1809 | train_acc 79.98%
[Stage2/Head] ep 265/360 | loss 0.1683 | ce 0.0472 | logit 1.2115 | train_acc 79.88%
[Stage2/Head] ep 266/360 | loss 0.1717 | ce 0.0538 | logit 1.1794 | train_acc 80.08%
[Stage2/Head] ep 267/360 | loss 0.1660 | ce 0.0474 | logit 1.1866 | train_acc 80.08%
[Stage2/Head] ep 268/360 | loss 0.1642 | ce 0.0445 | logit 1.1972 | train_acc 80.07%
[Stage2/Head] ep 269/360 | loss 0.1747 | ce 0.0528 | logit 1.2190 | train_acc 79.80%
[Stage2/Head] ep 270/360 | loss 0.1664 | ce 0.0457 | logit 1.2072 | train_acc 79.72%
[Stage2/Head] ep 271/360 | loss 0.1675 | ce 0.0449 | logit 1.2264 | train_acc 80.13%
[Stage2/Head] ep 272/360 | loss 0.1658 | ce 0.0479 | logit 1.1790 | train_acc 80.08%
[Stage2/Head] ep 273/360 | loss 0.1680 | ce 0.0477 | logit 1.2028 | train_acc 79.95%
[Stage2/Head] ep 274/360 | loss 0.1626 | ce 0.0468 | logit 1.1579 | train_acc 80.13%
[Stage2/Head] ep 275/360 | loss 0.1642 | ce 0.0473 | logit 1.1694 | train_acc 79.78%
[Stage2/Head] ep 276/360 | loss 0.1609 | ce 0.0442 | logit 1.1669 | train_acc 80.08%
[Stage2/Head] ep 277/360 | loss 0.1593 | ce 0.0417 | logit 1.1761 | train_acc 80.12%
[Stage2/Head] ep 278/360 | loss 0.1643 | ce 0.0479 | logit 1.1643 | train_acc 80.07%
[Stage2/Head] ep 279/360 | loss 0.1601 | ce 0.0413 | logit 1.1881 | train_acc 79.88%
[Stage2/Head] ep 280/360 | loss 0.1642 | ce 0.0463 | logit 1.1786 | train_acc 79.98%
[Stage2/Head] ep 281/360 | loss 0.1716 | ce 0.0523 | logit 1.1935 | train_acc 79.68%
[Stage2/Head] ep 282/360 | loss 0.1568 | ce 0.0404 | logit 1.1637 | train_acc 80.18%
[Stage2/Head] ep 283/360 | loss 0.1647 | ce 0.0494 | logit 1.1536 | train_acc 79.87%
[Stage2/Head] ep 284/360 | loss 0.1758 | ce 0.0530 | logit 1.2280 | train_acc 79.98%
[Stage2/Head] ep 285/360 | loss 0.1639 | ce 0.0494 | logit 1.1445 | train_acc 80.05%
[Stage2/Head] ep 286/360 | loss 0.1654 | ce 0.0484 | logit 1.1699 | train_acc 79.87%
[Stage2/Head] ep 287/360 | loss 0.1562 | ce 0.0389 | logit 1.1727 | train_acc 79.97%
[Stage2/Head] ep 288/360 | loss 0.1599 | ce 0.0450 | logit 1.1488 | train_acc 80.22%
[Stage2/Head] ep 289/360 | loss 0.1599 | ce 0.0446 | logit 1.1527 | train_acc 79.78%
[Stage2/Head] ep 290/360 | loss 0.1662 | ce 0.0484 | logit 1.1774 | train_acc 80.02%
[Stage2/Head] ep 291/360 | loss 0.1559 | ce 0.0402 | logit 1.1569 | train_acc 80.13%
[Stage2/Head] ep 292/360 | loss 0.1644 | ce 0.0470 | logit 1.1739 | train_acc 79.83%
[Stage2/Head] ep 293/360 | loss 0.1584 | ce 0.0423 | logit 1.1607 | train_acc 80.05%
[Stage2/Head] ep 294/360 | loss 0.1608 | ce 0.0451 | logit 1.1576 | train_acc 79.87%
[Stage2/Head] ep 295/360 | loss 0.1623 | ce 0.0472 | logit 1.1504 | train_acc 79.90%
[Stage2/Head] ep 296/360 | loss 0.1572 | ce 0.0436 | logit 1.1353 | train_acc 79.93%
[Stage2/Head] ep 297/360 | loss 0.1582 | ce 0.0459 | logit 1.1235 | train_acc 80.08%
[Stage2/Head] ep 298/360 | loss 0.1633 | ce 0.0498 | logit 1.1342 | train_acc 80.20%
[Stage2/Head] ep 299/360 | loss 0.1563 | ce 0.0434 | logit 1.1287 | train_acc 79.95%
[Stage2/Head] ep 300/360 | loss 0.1616 | ce 0.0506 | logit 1.1100 | train_acc 80.07%
[Stage2/Head] ep 301/360 | loss 0.1580 | ce 0.0466 | logit 1.1143 | train_acc 80.10%
[Stage2/Head] ep 302/360 | loss 0.1625 | ce 0.0500 | logit 1.1249 | train_acc 79.93%
[Stage2/Head] ep 303/360 | loss 0.1468 | ce 0.0403 | logit 1.0652 | train_acc 79.92%
[Stage2/Head] ep 304/360 | loss 0.1519 | ce 0.0455 | logit 1.0643 | train_acc 80.42%
[Stage2/Head] ep 305/360 | loss 0.1618 | ce 0.0477 | logit 1.1418 | train_acc 79.78%
[Stage2/Head] ep 306/360 | loss 0.1552 | ce 0.0445 | logit 1.1076 | train_acc 80.02%
[Stage2/Head] ep 307/360 | loss 0.1460 | ce 0.0385 | logit 1.0753 | train_acc 80.30%
[Stage2/Head] ep 308/360 | loss 0.1595 | ce 0.0490 | logit 1.1044 | train_acc 79.88%
[Stage2/Head] ep 309/360 | loss 0.1547 | ce 0.0445 | logit 1.1018 | train_acc 79.95%
[Stage2/Head] ep 310/360 | loss 0.1654 | ce 0.0502 | logit 1.1513 | train_acc 79.68%
[Stage2/Head] ep 311/360 | loss 0.1566 | ce 0.0485 | logit 1.0809 | train_acc 80.20%
[Stage2/Head] ep 312/360 | loss 0.1524 | ce 0.0467 | logit 1.0569 | train_acc 80.25%
[Stage2/Head] ep 313/360 | loss 0.1520 | ce 0.0436 | logit 1.0846 | train_acc 80.12%
[Stage2/Head] ep 314/360 | loss 0.1552 | ce 0.0442 | logit 1.1105 | train_acc 80.05%
[Stage2/Head] ep 315/360 | loss 0.1598 | ce 0.0516 | logit 1.0817 | train_acc 80.05%
[Stage2/Head] ep 316/360 | loss 0.1571 | ce 0.0459 | logit 1.1116 | train_acc 79.63%
[Stage2/Head] ep 317/360 | loss 0.1520 | ce 0.0431 | logit 1.0895 | train_acc 80.00%
[Stage2/Head] ep 318/360 | loss 0.1449 | ce 0.0390 | logit 1.0594 | train_acc 79.90%
[Stage2/Head] ep 319/360 | loss 0.1516 | ce 0.0424 | logit 1.0922 | train_acc 80.12%
[Stage2/Head] ep 320/360 | loss 0.1540 | ce 0.0474 | logit 1.0655 | train_acc 79.93%
[Stage2/Head] ep 321/360 | loss 0.1485 | ce 0.0421 | logit 1.0634 | train_acc 80.05%
[Stage2/Head] ep 322/360 | loss 0.1526 | ce 0.0445 | logit 1.0809 | train_acc 79.75%
[Stage2/Head] ep 323/360 | loss 0.1570 | ce 0.0488 | logit 1.0820 | train_acc 79.83%
[Stage2/Head] ep 324/360 | loss 0.1495 | ce 0.0441 | logit 1.0535 | train_acc 80.05%
[Stage2/Head] ep 325/360 | loss 0.1500 | ce 0.0435 | logit 1.0643 | train_acc 80.22%
[Stage2/Head] ep 326/360 | loss 0.1448 | ce 0.0408 | logit 1.0394 | train_acc 80.17%
[Stage2/Head] ep 327/360 | loss 0.1537 | ce 0.0442 | logit 1.0950 | train_acc 80.10%
[Stage2/Head] ep 328/360 | loss 0.1591 | ce 0.0480 | logit 1.1105 | train_acc 79.85%
[Stage2/Head] ep 329/360 | loss 0.1472 | ce 0.0427 | logit 1.0450 | train_acc 79.93%
[Stage2/Head] ep 330/360 | loss 0.1443 | ce 0.0384 | logit 1.0591 | train_acc 80.30%
[Stage2/Head] ep 331/360 | loss 0.1416 | ce 0.0408 | logit 1.0076 | train_acc 79.97%
[Stage2/Head] ep 332/360 | loss 0.1511 | ce 0.0421 | logit 1.0903 | train_acc 80.13%
[Stage2/Head] ep 333/360 | loss 0.1518 | ce 0.0468 | logit 1.0497 | train_acc 80.08%
[Stage2/Head] ep 334/360 | loss 0.1532 | ce 0.0453 | logit 1.0792 | train_acc 79.95%
[Stage2/Head] ep 335/360 | loss 0.1463 | ce 0.0417 | logit 1.0457 | train_acc 80.02%
[Stage2/Head] ep 336/360 | loss 0.1453 | ce 0.0417 | logit 1.0357 | train_acc 80.02%
[Stage2/Head] ep 337/360 | loss 0.1458 | ce 0.0406 | logit 1.0519 | train_acc 80.17%
[Stage2/Head] ep 338/360 | loss 0.1525 | ce 0.0460 | logit 1.0656 | train_acc 79.95%
[Stage2/Head] ep 339/360 | loss 0.1445 | ce 0.0406 | logit 1.0391 | train_acc 80.13%
[Stage2/Head] ep 340/360 | loss 0.1496 | ce 0.0467 | logit 1.0285 | train_acc 80.02%
[Stage2/Head] ep 341/360 | loss 0.1499 | ce 0.0427 | logit 1.0715 | train_acc 79.88%
[Stage2/Head] ep 342/360 | loss 0.1553 | ce 0.0458 | logit 1.0956 | train_acc 79.88%
[Stage2/Head] ep 343/360 | loss 0.1461 | ce 0.0438 | logit 1.0235 | train_acc 80.18%
[Stage2/Head] ep 344/360 | loss 0.1556 | ce 0.0509 | logit 1.0469 | train_acc 79.88%
[Stage2/Head] ep 345/360 | loss 0.1590 | ce 0.0521 | logit 1.0691 | train_acc 79.78%
[Stage2/Head] ep 346/360 | loss 0.1486 | ce 0.0440 | logit 1.0457 | train_acc 80.12%
[Stage2/Head] ep 347/360 | loss 0.1405 | ce 0.0393 | logit 1.0120 | train_acc 80.28%
[Stage2/Head] ep 348/360 | loss 0.1513 | ce 0.0457 | logit 1.0562 | train_acc 79.82%
[Stage2/Head] ep 349/360 | loss 0.1528 | ce 0.0447 | logit 1.0809 | train_acc 79.97%
[Stage2/Head] ep 350/360 | loss 0.1450 | ce 0.0396 | logit 1.0544 | train_acc 80.20%
[Stage2/Head] ep 351/360 | loss 0.1470 | ce 0.0442 | logit 1.0283 | train_acc 79.93%
[Stage2/Head] ep 352/360 | loss 0.1492 | ce 0.0456 | logit 1.0358 | train_acc 79.87%
[Stage2/Head] ep 353/360 | loss 0.1458 | ce 0.0445 | logit 1.0129 | train_acc 79.72%
[Stage2/Head] ep 354/360 | loss 0.1419 | ce 0.0363 | logit 1.0563 | train_acc 80.32%
[Stage2/Head] ep 355/360 | loss 0.1401 | ce 0.0368 | logit 1.0330 | train_acc 80.05%
[Stage2/Head] ep 356/360 | loss 0.1389 | ce 0.0408 | logit 0.9813 | train_acc 80.47%
[Stage2/Head] ep 357/360 | loss 0.1532 | ce 0.0464 | logit 1.0688 | train_acc 79.92%
[Stage2/Head] ep 358/360 | loss 0.1453 | ce 0.0427 | logit 1.0266 | train_acc 80.12%
[Stage2/Head] ep 359/360 | loss 0.1437 | ce 0.0399 | logit 1.0380 | train_acc 80.18%
[Stage2/Head] ep 360/360 | loss 0.1593 | ce 0.0542 | logit 1.0509 | train_acc 79.98%
[Task 3] Training done in 21.21 min.
[Task 3] Test (on new class only) -> ce_loss: 0.0125, acc: 99.90%, rec_loss: 13.0999
  - Filtering train: keep top 95.0% per class based on returned scores.
[Task 3] Wrote CSVs to: ./runs_mnist_continual/run_20260226_122757/task3
Accuracies on seen tasks:
  Task 0 [0,1,2,3,4]: 0.00%
  Task 1 [5]: 10.87%
  Task 2 [6]: 94.26%
  Task 3 [7]: 99.90%
Mean over seen tasks (0..3): 51.26%
[Task 3] Skipping GP training and Rscript execution as per --skip_GP flag.
[Task 3] Loaded from R CSV: 4000 rows, f_size=16
[Task 3] Decoded images: torch.Size([4000, 1, 28, 28]) -> recovered dataset size 4000
[Task 3] Augmenting Task 4 training set with 4000 recovered samples.
/home/lhalice/miniconda3/envs/NNGP/lib/python3.12/site-packages/torch/utils/data/dataloader.py:627: UserWarning: This DataLoader will create 2 worker processes in total. Our suggested max number of worker in current system is 1, which is smaller than what this DataLoader is going to create. Please be aware that excessive worker creation might get DataLoader running slow or even freeze, lower the worker number to avoid potential slowness/freeze if necessary.
  warnings.warn(

================================================================================
Starting Task 4: digits [8]
Training samples size: 7000
================================================================================
[Stage1/AE] ep 1/480 | loss 0.3557 | rec 0.0517 | feat 0.3040 | train_acc 36.17%
[Stage1/AE] ep 2/480 | loss 0.3104 | rec 0.0433 | feat 0.2671 | train_acc 34.91%
[Stage1/AE] ep 3/480 | loss 0.2903 | rec 0.0416 | feat 0.2487 | train_acc 33.90%
[Stage1/AE] ep 4/480 | loss 0.2847 | rec 0.0407 | feat 0.2440 | train_acc 33.70%
[Stage1/AE] ep 5/480 | loss 0.2741 | rec 0.0399 | feat 0.2342 | train_acc 33.86%
[Stage1/AE] ep 6/480 | loss 0.2657 | rec 0.0393 | feat 0.2264 | train_acc 33.77%
[Stage1/AE] ep 7/480 | loss 0.2634 | rec 0.0390 | feat 0.2244 | train_acc 33.83%
[Stage1/AE] ep 8/480 | loss 0.2582 | rec 0.0387 | feat 0.2195 | train_acc 33.20%
[Stage1/AE] ep 9/480 | loss 0.2568 | rec 0.0385 | feat 0.2183 | train_acc 33.61%
[Stage1/AE] ep 10/480 | loss 0.2519 | rec 0.0383 | feat 0.2136 | train_acc 33.53%
[Stage1/AE] ep 11/480 | loss 0.2495 | rec 0.0380 | feat 0.2115 | train_acc 33.46%
[Stage1/AE] ep 12/480 | loss 0.2480 | rec 0.0378 | feat 0.2102 | train_acc 33.43%
[Stage1/AE] ep 13/480 | loss 0.2449 | rec 0.0377 | feat 0.2072 | train_acc 33.27%
[Stage1/AE] ep 14/480 | loss 0.2447 | rec 0.0376 | feat 0.2071 | train_acc 33.34%
[Stage1/AE] ep 15/480 | loss 0.2426 | rec 0.0374 | feat 0.2052 | train_acc 33.76%
[Stage1/AE] ep 16/480 | loss 0.2337 | rec 0.0373 | feat 0.1964 | train_acc 33.46%
[Stage1/AE] ep 17/480 | loss 0.2415 | rec 0.0374 | feat 0.2041 | train_acc 33.24%
[Stage1/AE] ep 18/480 | loss 0.2309 | rec 0.0371 | feat 0.1939 | train_acc 33.36%
[Stage1/AE] ep 19/480 | loss 0.2336 | rec 0.0369 | feat 0.1968 | train_acc 33.30%
[Stage1/AE] ep 20/480 | loss 0.2330 | rec 0.0368 | feat 0.1962 | train_acc 33.50%
[Stage1/AE] ep 21/480 | loss 0.2303 | rec 0.0370 | feat 0.1933 | train_acc 33.74%
[Stage1/AE] ep 22/480 | loss 0.2303 | rec 0.0367 | feat 0.1936 | train_acc 33.37%
[Stage1/AE] ep 23/480 | loss 0.2271 | rec 0.0369 | feat 0.1902 | train_acc 33.36%
[Stage1/AE] ep 24/480 | loss 0.2272 | rec 0.0366 | feat 0.1906 | train_acc 33.63%
[Stage1/AE] ep 25/480 | loss 0.2236 | rec 0.0365 | feat 0.1871 | train_acc 33.56%
[Stage1/AE] ep 26/480 | loss 0.2238 | rec 0.0363 | feat 0.1875 | train_acc 33.57%
[Stage1/AE] ep 27/480 | loss 0.2255 | rec 0.0363 | feat 0.1891 | train_acc 33.37%
[Stage1/AE] ep 28/480 | loss 0.2240 | rec 0.0363 | feat 0.1877 | train_acc 33.81%
[Stage1/AE] ep 29/480 | loss 0.2234 | rec 0.0363 | feat 0.1871 | train_acc 33.20%
[Stage1/AE] ep 30/480 | loss 0.2253 | rec 0.0364 | feat 0.1889 | train_acc 33.66%
[Stage1/AE] ep 31/480 | loss 0.2252 | rec 0.0361 | feat 0.1890 | train_acc 33.56%
[Stage1/AE] ep 32/480 | loss 0.2229 | rec 0.0360 | feat 0.1869 | train_acc 33.44%
[Stage1/AE] ep 33/480 | loss 0.2178 | rec 0.0361 | feat 0.1817 | train_acc 33.24%
[Stage1/AE] ep 34/480 | loss 0.2175 | rec 0.0360 | feat 0.1815 | train_acc 33.89%
[Stage1/AE] ep 35/480 | loss 0.2165 | rec 0.0359 | feat 0.1806 | train_acc 33.44%
[Stage1/AE] ep 36/480 | loss 0.2175 | rec 0.0358 | feat 0.1817 | train_acc 33.44%
[Stage1/AE] ep 37/480 | loss 0.2169 | rec 0.0357 | feat 0.1812 | train_acc 33.29%
[Stage1/AE] ep 38/480 | loss 0.2199 | rec 0.0357 | feat 0.1841 | train_acc 33.24%
[Stage1/AE] ep 39/480 | loss 0.2200 | rec 0.0358 | feat 0.1841 | train_acc 33.53%
[Stage1/AE] ep 40/480 | loss 0.2170 | rec 0.0356 | feat 0.1813 | train_acc 33.49%
[Stage1/AE] ep 41/480 | loss 0.2168 | rec 0.0356 | feat 0.1811 | train_acc 33.81%
[Stage1/AE] ep 42/480 | loss 0.2155 | rec 0.0355 | feat 0.1800 | train_acc 33.60%
[Stage1/AE] ep 43/480 | loss 0.2142 | rec 0.0356 | feat 0.1786 | train_acc 33.74%
[Stage1/AE] ep 44/480 | loss 0.2188 | rec 0.0356 | feat 0.1832 | train_acc 33.63%
[Stage1/AE] ep 45/480 | loss 0.2177 | rec 0.0356 | feat 0.1821 | train_acc 33.39%
[Stage1/AE] ep 46/480 | loss 0.2167 | rec 0.0355 | feat 0.1811 | train_acc 33.74%
[Stage1/AE] ep 47/480 | loss 0.2160 | rec 0.0356 | feat 0.1804 | train_acc 33.41%
[Stage1/AE] ep 48/480 | loss 0.2177 | rec 0.0354 | feat 0.1823 | train_acc 33.70%
[Stage1/AE] ep 49/480 | loss 0.2148 | rec 0.0353 | feat 0.1795 | train_acc 33.47%
[Stage1/AE] ep 50/480 | loss 0.2101 | rec 0.0355 | feat 0.1746 | train_acc 33.40%
[Stage1/AE] ep 51/480 | loss 0.2136 | rec 0.0354 | feat 0.1782 | train_acc 33.63%
[Stage1/AE] ep 52/480 | loss 0.2163 | rec 0.0355 | feat 0.1808 | train_acc 33.71%
[Stage1/AE] ep 53/480 | loss 0.2150 | rec 0.0353 | feat 0.1796 | train_acc 33.29%
[Stage1/AE] ep 54/480 | loss 0.2124 | rec 0.0353 | feat 0.1771 | train_acc 33.33%
[Stage1/AE] ep 55/480 | loss 0.2147 | rec 0.0351 | feat 0.1796 | train_acc 33.31%
[Stage1/AE] ep 56/480 | loss 0.2121 | rec 0.0352 | feat 0.1769 | train_acc 33.50%
[Stage1/AE] ep 57/480 | loss 0.2126 | rec 0.0353 | feat 0.1774 | train_acc 33.74%
[Stage1/AE] ep 58/480 | loss 0.2107 | rec 0.0351 | feat 0.1756 | train_acc 33.40%
[Stage1/AE] ep 59/480 | loss 0.2120 | rec 0.0350 | feat 0.1770 | train_acc 33.43%
[Stage1/AE] ep 60/480 | loss 0.2106 | rec 0.0351 | feat 0.1755 | train_acc 33.50%
[Stage1/AE] ep 61/480 | loss 0.2085 | rec 0.0350 | feat 0.1735 | train_acc 33.27%
[Stage1/AE] ep 62/480 | loss 0.2096 | rec 0.0349 | feat 0.1746 | train_acc 33.67%
[Stage1/AE] ep 63/480 | loss 0.2125 | rec 0.0351 | feat 0.1773 | train_acc 33.54%
[Stage1/AE] ep 64/480 | loss 0.2093 | rec 0.0350 | feat 0.1743 | train_acc 33.24%
[Stage1/AE] ep 65/480 | loss 0.2080 | rec 0.0351 | feat 0.1728 | train_acc 33.54%
[Stage1/AE] ep 66/480 | loss 0.2083 | rec 0.0348 | feat 0.1734 | train_acc 33.69%
[Stage1/AE] ep 67/480 | loss 0.2077 | rec 0.0350 | feat 0.1727 | train_acc 33.61%
[Stage1/AE] ep 68/480 | loss 0.2081 | rec 0.0349 | feat 0.1732 | train_acc 33.40%
[Stage1/AE] ep 69/480 | loss 0.2076 | rec 0.0348 | feat 0.1729 | train_acc 33.44%
[Stage1/AE] ep 70/480 | loss 0.2068 | rec 0.0350 | feat 0.1718 | train_acc 33.71%
[Stage1/AE] ep 71/480 | loss 0.2060 | rec 0.0349 | feat 0.1711 | train_acc 33.67%
[Stage1/AE] ep 72/480 | loss 0.2090 | rec 0.0348 | feat 0.1743 | train_acc 33.71%
[Stage1/AE] ep 73/480 | loss 0.2047 | rec 0.0348 | feat 0.1699 | train_acc 33.69%
[Stage1/AE] ep 74/480 | loss 0.2093 | rec 0.0349 | feat 0.1743 | train_acc 33.64%
[Stage1/AE] ep 75/480 | loss 0.2051 | rec 0.0348 | feat 0.1703 | train_acc 33.83%
[Stage1/AE] ep 76/480 | loss 0.2069 | rec 0.0346 | feat 0.1722 | train_acc 33.39%
[Stage1/AE] ep 77/480 | loss 0.2061 | rec 0.0347 | feat 0.1714 | train_acc 33.79%
[Stage1/AE] ep 78/480 | loss 0.2040 | rec 0.0346 | feat 0.1694 | train_acc 33.69%
[Stage1/AE] ep 79/480 | loss 0.2041 | rec 0.0346 | feat 0.1695 | train_acc 33.70%
[Stage1/AE] ep 80/480 | loss 0.2077 | rec 0.0345 | feat 0.1732 | train_acc 33.50%
[Stage1/AE] ep 81/480 | loss 0.2053 | rec 0.0345 | feat 0.1708 | train_acc 33.24%
[Stage1/AE] ep 82/480 | loss 0.2046 | rec 0.0344 | feat 0.1702 | train_acc 33.46%
[Stage1/AE] ep 83/480 | loss 0.2062 | rec 0.0346 | feat 0.1716 | train_acc 33.56%
[Stage1/AE] ep 84/480 | loss 0.2016 | rec 0.0347 | feat 0.1670 | train_acc 33.53%
[Stage1/AE] ep 85/480 | loss 0.1991 | rec 0.0344 | feat 0.1647 | train_acc 33.73%
[Stage1/AE] ep 86/480 | loss 0.2024 | rec 0.0343 | feat 0.1681 | train_acc 33.21%
[Stage1/AE] ep 87/480 | loss 0.2079 | rec 0.0346 | feat 0.1733 | train_acc 33.77%
[Stage1/AE] ep 88/480 | loss 0.2012 | rec 0.0345 | feat 0.1667 | train_acc 33.47%
[Stage1/AE] ep 89/480 | loss 0.2050 | rec 0.0344 | feat 0.1706 | train_acc 33.27%
[Stage1/AE] ep 90/480 | loss 0.2040 | rec 0.0343 | feat 0.1696 | train_acc 33.57%
[Stage1/AE] ep 91/480 | loss 0.2034 | rec 0.0345 | feat 0.1689 | train_acc 33.39%
[Stage1/AE] ep 92/480 | loss 0.2049 | rec 0.0342 | feat 0.1707 | train_acc 33.40%
[Stage1/AE] ep 93/480 | loss 0.2045 | rec 0.0343 | feat 0.1702 | train_acc 33.93%
[Stage1/AE] ep 94/480 | loss 0.1993 | rec 0.0343 | feat 0.1650 | train_acc 33.41%
[Stage1/AE] ep 95/480 | loss 0.2011 | rec 0.0343 | feat 0.1668 | train_acc 33.50%
[Stage1/AE] ep 96/480 | loss 0.2023 | rec 0.0340 | feat 0.1682 | train_acc 34.10%
[Stage1/AE] ep 97/480 | loss 0.2003 | rec 0.0343 | feat 0.1661 | train_acc 33.94%
[Stage1/AE] ep 98/480 | loss 0.1991 | rec 0.0342 | feat 0.1649 | train_acc 33.70%
[Stage1/AE] ep 99/480 | loss 0.1966 | rec 0.0343 | feat 0.1623 | train_acc 33.61%
[Stage1/AE] ep 100/480 | loss 0.1980 | rec 0.0340 | feat 0.1640 | train_acc 33.46%
[Stage1/AE] ep 101/480 | loss 0.2004 | rec 0.0339 | feat 0.1664 | train_acc 33.43%
[Stage1/AE] ep 102/480 | loss 0.1986 | rec 0.0342 | feat 0.1644 | train_acc 33.70%
[Stage1/AE] ep 103/480 | loss 0.1971 | rec 0.0342 | feat 0.1629 | train_acc 33.23%
[Stage1/AE] ep 104/480 | loss 0.1973 | rec 0.0341 | feat 0.1632 | train_acc 33.56%
[Stage1/AE] ep 105/480 | loss 0.1971 | rec 0.0341 | feat 0.1630 | train_acc 34.06%
[Stage1/AE] ep 106/480 | loss 0.1942 | rec 0.0341 | feat 0.1601 | train_acc 33.56%
[Stage1/AE] ep 107/480 | loss 0.1973 | rec 0.0340 | feat 0.1634 | train_acc 33.57%
[Stage1/AE] ep 108/480 | loss 0.1989 | rec 0.0340 | feat 0.1648 | train_acc 33.40%
[Stage1/AE] ep 109/480 | loss 0.1969 | rec 0.0340 | feat 0.1629 | train_acc 33.54%
[Stage1/AE] ep 110/480 | loss 0.1999 | rec 0.0342 | feat 0.1657 | train_acc 33.40%
[Stage1/AE] ep 111/480 | loss 0.1978 | rec 0.0341 | feat 0.1637 | train_acc 33.33%
[Stage1/AE] ep 112/480 | loss 0.1954 | rec 0.0340 | feat 0.1614 | train_acc 33.47%
[Stage1/AE] ep 113/480 | loss 0.1963 | rec 0.0341 | feat 0.1622 | train_acc 33.40%
[Stage1/AE] ep 114/480 | loss 0.1939 | rec 0.0340 | feat 0.1599 | train_acc 33.59%
[Stage1/AE] ep 115/480 | loss 0.1975 | rec 0.0342 | feat 0.1632 | train_acc 33.33%
[Stage1/AE] ep 116/480 | loss 0.1919 | rec 0.0339 | feat 0.1580 | train_acc 33.73%
[Stage1/AE] ep 117/480 | loss 0.2003 | rec 0.0338 | feat 0.1664 | train_acc 33.56%
[Stage1/AE] ep 118/480 | loss 0.1955 | rec 0.0339 | feat 0.1616 | train_acc 33.26%
[Stage1/AE] ep 119/480 | loss 0.1957 | rec 0.0338 | feat 0.1619 | train_acc 33.56%
[Stage1/AE] ep 120/480 | loss 0.1950 | rec 0.0340 | feat 0.1611 | train_acc 33.43%
[Stage1/AE] ep 121/480 | loss 0.1951 | rec 0.0339 | feat 0.1612 | train_acc 33.80%
[Stage1/AE] ep 122/480 | loss 0.1991 | rec 0.0340 | feat 0.1651 | train_acc 33.87%
[Stage1/AE] ep 123/480 | loss 0.1982 | rec 0.0339 | feat 0.1643 | train_acc 33.50%
[Stage1/AE] ep 124/480 | loss 0.1964 | rec 0.0339 | feat 0.1624 | train_acc 33.96%
[Stage1/AE] ep 125/480 | loss 0.1967 | rec 0.0339 | feat 0.1627 | train_acc 33.44%
[Stage1/AE] ep 126/480 | loss 0.1963 | rec 0.0339 | feat 0.1625 | train_acc 33.40%
[Stage1/AE] ep 127/480 | loss 0.1957 | rec 0.0338 | feat 0.1619 | train_acc 33.87%
[Stage1/AE] ep 128/480 | loss 0.1957 | rec 0.0337 | feat 0.1620 | train_acc 33.57%
[Stage1/AE] ep 129/480 | loss 0.1892 | rec 0.0338 | feat 0.1554 | train_acc 33.76%
[Stage1/AE] ep 130/480 | loss 0.1962 | rec 0.0340 | feat 0.1623 | train_acc 33.63%
[Stage1/AE] ep 131/480 | loss 0.1974 | rec 0.0337 | feat 0.1636 | train_acc 33.77%
[Stage1/AE] ep 132/480 | loss 0.1928 | rec 0.0338 | feat 0.1589 | train_acc 33.41%
[Stage1/AE] ep 133/480 | loss 0.1921 | rec 0.0335 | feat 0.1587 | train_acc 33.41%
[Stage1/AE] ep 134/480 | loss 0.1973 | rec 0.0336 | feat 0.1637 | train_acc 33.40%
[Stage1/AE] ep 135/480 | loss 0.1949 | rec 0.0336 | feat 0.1612 | train_acc 33.71%
[Stage1/AE] ep 136/480 | loss 0.1884 | rec 0.0336 | feat 0.1548 | train_acc 33.37%
[Stage1/AE] ep 137/480 | loss 0.1940 | rec 0.0336 | feat 0.1604 | train_acc 33.49%
[Stage1/AE] ep 138/480 | loss 0.1920 | rec 0.0336 | feat 0.1584 | train_acc 33.53%
[Stage1/AE] ep 139/480 | loss 0.1934 | rec 0.0337 | feat 0.1597 | train_acc 33.50%
[Stage1/AE] ep 140/480 | loss 0.1953 | rec 0.0337 | feat 0.1616 | train_acc 33.34%
[Stage1/AE] ep 141/480 | loss 0.1890 | rec 0.0337 | feat 0.1553 | train_acc 33.77%
[Stage1/AE] ep 142/480 | loss 0.1907 | rec 0.0336 | feat 0.1571 | train_acc 33.86%
[Stage1/AE] ep 143/480 | loss 0.1909 | rec 0.0336 | feat 0.1573 | train_acc 33.64%
[Stage1/AE] ep 144/480 | loss 0.1892 | rec 0.0336 | feat 0.1555 | train_acc 33.21%
[Stage1/AE] ep 145/480 | loss 0.1949 | rec 0.0336 | feat 0.1613 | train_acc 33.43%
[Stage1/AE] ep 146/480 | loss 0.1916 | rec 0.0337 | feat 0.1579 | train_acc 33.47%
[Stage1/AE] ep 147/480 | loss 0.1927 | rec 0.0336 | feat 0.1590 | train_acc 33.66%
[Stage1/AE] ep 148/480 | loss 0.1889 | rec 0.0335 | feat 0.1554 | train_acc 33.77%
[Stage1/AE] ep 149/480 | loss 0.1909 | rec 0.0336 | feat 0.1573 | train_acc 33.40%
[Stage1/AE] ep 150/480 | loss 0.1939 | rec 0.0336 | feat 0.1603 | train_acc 33.14%
[Stage1/AE] ep 151/480 | loss 0.1854 | rec 0.0336 | feat 0.1518 | train_acc 33.83%
[Stage1/AE] ep 152/480 | loss 0.1858 | rec 0.0335 | feat 0.1523 | train_acc 33.59%
[Stage1/AE] ep 153/480 | loss 0.1882 | rec 0.0334 | feat 0.1548 | train_acc 33.69%
[Stage1/AE] ep 154/480 | loss 0.1867 | rec 0.0334 | feat 0.1534 | train_acc 33.74%
[Stage1/AE] ep 155/480 | loss 0.1882 | rec 0.0334 | feat 0.1548 | train_acc 33.40%
[Stage1/AE] ep 156/480 | loss 0.1869 | rec 0.0334 | feat 0.1535 | train_acc 33.80%
[Stage1/AE] ep 157/480 | loss 0.1904 | rec 0.0333 | feat 0.1571 | train_acc 33.27%
[Stage1/AE] ep 158/480 | loss 0.1892 | rec 0.0333 | feat 0.1559 | train_acc 33.49%
[Stage1/AE] ep 159/480 | loss 0.1885 | rec 0.0333 | feat 0.1553 | train_acc 33.44%
[Stage1/AE] ep 160/480 | loss 0.1879 | rec 0.0333 | feat 0.1545 | train_acc 33.61%
[Stage1/AE] ep 161/480 | loss 0.1863 | rec 0.0333 | feat 0.1530 | train_acc 33.51%
[Stage1/AE] ep 162/480 | loss 0.1887 | rec 0.0333 | feat 0.1554 | train_acc 33.63%
[Stage1/AE] ep 163/480 | loss 0.1902 | rec 0.0333 | feat 0.1569 | train_acc 33.83%
[Stage1/AE] ep 164/480 | loss 0.1906 | rec 0.0332 | feat 0.1575 | train_acc 33.66%
[Stage1/AE] ep 165/480 | loss 0.1877 | rec 0.0334 | feat 0.1543 | train_acc 33.64%
[Stage1/AE] ep 166/480 | loss 0.1860 | rec 0.0333 | feat 0.1527 | train_acc 33.50%
[Stage1/AE] ep 167/480 | loss 0.1880 | rec 0.0332 | feat 0.1548 | train_acc 33.70%
[Stage1/AE] ep 168/480 | loss 0.1855 | rec 0.0332 | feat 0.1523 | train_acc 34.04%
[Stage1/AE] ep 169/480 | loss 0.1908 | rec 0.0332 | feat 0.1576 | train_acc 33.60%
[Stage1/AE] ep 170/480 | loss 0.1862 | rec 0.0332 | feat 0.1530 | train_acc 33.63%
[Stage1/AE] ep 171/480 | loss 0.1877 | rec 0.0333 | feat 0.1544 | train_acc 33.63%
[Stage1/AE] ep 172/480 | loss 0.1834 | rec 0.0332 | feat 0.1502 | train_acc 33.80%
[Stage1/AE] ep 173/480 | loss 0.1866 | rec 0.0333 | feat 0.1533 | train_acc 33.19%
[Stage1/AE] ep 174/480 | loss 0.1876 | rec 0.0333 | feat 0.1543 | train_acc 33.44%
[Stage1/AE] ep 175/480 | loss 0.1902 | rec 0.0332 | feat 0.1570 | train_acc 33.56%
[Stage1/AE] ep 176/480 | loss 0.1900 | rec 0.0333 | feat 0.1567 | train_acc 34.10%
[Stage1/AE] ep 177/480 | loss 0.1862 | rec 0.0333 | feat 0.1529 | train_acc 32.94%
[Stage1/AE] ep 178/480 | loss 0.1853 | rec 0.0333 | feat 0.1521 | train_acc 33.53%
[Stage1/AE] ep 179/480 | loss 0.1854 | rec 0.0332 | feat 0.1522 | train_acc 33.46%
[Stage1/AE] ep 180/480 | loss 0.1881 | rec 0.0330 | feat 0.1550 | train_acc 33.34%
[Stage1/AE] ep 181/480 | loss 0.1872 | rec 0.0332 | feat 0.1539 | train_acc 33.66%
[Stage1/AE] ep 182/480 | loss 0.1872 | rec 0.0333 | feat 0.1539 | train_acc 33.43%
[Stage1/AE] ep 183/480 | loss 0.1879 | rec 0.0332 | feat 0.1548 | train_acc 33.51%
[Stage1/AE] ep 184/480 | loss 0.1866 | rec 0.0332 | feat 0.1535 | train_acc 33.30%
[Stage1/AE] ep 185/480 | loss 0.1862 | rec 0.0329 | feat 0.1533 | train_acc 33.80%
[Stage1/AE] ep 186/480 | loss 0.1851 | rec 0.0333 | feat 0.1518 | train_acc 33.46%
[Stage1/AE] ep 187/480 | loss 0.1871 | rec 0.0331 | feat 0.1540 | train_acc 33.34%
[Stage1/AE] ep 188/480 | loss 0.1839 | rec 0.0331 | feat 0.1508 | train_acc 33.39%
[Stage1/AE] ep 189/480 | loss 0.1817 | rec 0.0330 | feat 0.1488 | train_acc 33.40%
[Stage1/AE] ep 190/480 | loss 0.1783 | rec 0.0333 | feat 0.1450 | train_acc 33.79%
[Stage1/AE] ep 191/480 | loss 0.1845 | rec 0.0333 | feat 0.1513 | train_acc 33.66%
[Stage1/AE] ep 192/480 | loss 0.1828 | rec 0.0329 | feat 0.1499 | train_acc 33.41%
[Stage1/AE] ep 193/480 | loss 0.1844 | rec 0.0329 | feat 0.1515 | train_acc 33.61%
[Stage1/AE] ep 194/480 | loss 0.1833 | rec 0.0331 | feat 0.1503 | train_acc 33.23%
[Stage1/AE] ep 195/480 | loss 0.1828 | rec 0.0329 | feat 0.1499 | train_acc 33.50%
[Stage1/AE] ep 196/480 | loss 0.1852 | rec 0.0329 | feat 0.1523 | train_acc 33.33%
[Stage1/AE] ep 197/480 | loss 0.1841 | rec 0.0331 | feat 0.1510 | train_acc 33.61%
[Stage1/AE] ep 198/480 | loss 0.1843 | rec 0.0331 | feat 0.1512 | train_acc 33.56%
[Stage1/AE] ep 199/480 | loss 0.1879 | rec 0.0330 | feat 0.1549 | train_acc 33.00%
[Stage1/AE] ep 200/480 | loss 0.1829 | rec 0.0330 | feat 0.1500 | train_acc 33.51%
[Stage1/AE] ep 201/480 | loss 0.1828 | rec 0.0329 | feat 0.1499 | train_acc 33.60%
[Stage1/AE] ep 202/480 | loss 0.1848 | rec 0.0331 | feat 0.1517 | train_acc 33.40%
[Stage1/AE] ep 203/480 | loss 0.1803 | rec 0.0328 | feat 0.1475 | train_acc 33.47%
[Stage1/AE] ep 204/480 | loss 0.1858 | rec 0.0330 | feat 0.1527 | train_acc 33.67%
[Stage1/AE] ep 205/480 | loss 0.1866 | rec 0.0329 | feat 0.1537 | train_acc 33.71%
[Stage1/AE] ep 206/480 | loss 0.1807 | rec 0.0329 | feat 0.1478 | train_acc 33.56%
[Stage1/AE] ep 207/480 | loss 0.1795 | rec 0.0328 | feat 0.1467 | train_acc 33.31%
[Stage1/AE] ep 208/480 | loss 0.1832 | rec 0.0329 | feat 0.1502 | train_acc 33.67%
[Stage1/AE] ep 209/480 | loss 0.1787 | rec 0.0329 | feat 0.1458 | train_acc 33.71%
[Stage1/AE] ep 210/480 | loss 0.1810 | rec 0.0329 | feat 0.1481 | train_acc 33.60%
[Stage1/AE] ep 211/480 | loss 0.1826 | rec 0.0328 | feat 0.1498 | train_acc 33.76%
[Stage1/AE] ep 212/480 | loss 0.1853 | rec 0.0327 | feat 0.1526 | train_acc 33.44%
[Stage1/AE] ep 213/480 | loss 0.1780 | rec 0.0327 | feat 0.1453 | train_acc 33.44%
[Stage1/AE] ep 214/480 | loss 0.1812 | rec 0.0328 | feat 0.1484 | train_acc 33.41%
[Stage1/AE] ep 215/480 | loss 0.1842 | rec 0.0328 | feat 0.1514 | train_acc 33.83%
[Stage1/AE] ep 216/480 | loss 0.1825 | rec 0.0326 | feat 0.1499 | train_acc 33.46%
[Stage1/AE] ep 217/480 | loss 0.1847 | rec 0.0329 | feat 0.1518 | train_acc 33.36%
[Stage1/AE] ep 218/480 | loss 0.1804 | rec 0.0326 | feat 0.1478 | train_acc 33.40%
[Stage1/AE] ep 219/480 | loss 0.1840 | rec 0.0327 | feat 0.1512 | train_acc 33.17%
[Stage1/AE] ep 220/480 | loss 0.1809 | rec 0.0329 | feat 0.1480 | train_acc 33.73%
[Stage1/AE] ep 221/480 | loss 0.1841 | rec 0.0327 | feat 0.1514 | train_acc 33.70%
[Stage1/AE] ep 222/480 | loss 0.1753 | rec 0.0326 | feat 0.1427 | train_acc 33.59%
[Stage1/AE] ep 223/480 | loss 0.1819 | rec 0.0329 | feat 0.1490 | train_acc 33.61%
[Stage1/AE] ep 224/480 | loss 0.1818 | rec 0.0328 | feat 0.1489 | train_acc 33.61%
[Stage1/AE] ep 225/480 | loss 0.1811 | rec 0.0327 | feat 0.1484 | train_acc 33.19%
[Stage1/AE] ep 226/480 | loss 0.1786 | rec 0.0328 | feat 0.1459 | train_acc 33.86%
[Stage1/AE] ep 227/480 | loss 0.1801 | rec 0.0325 | feat 0.1476 | train_acc 33.54%
[Stage1/AE] ep 228/480 | loss 0.1842 | rec 0.0327 | feat 0.1515 | train_acc 33.53%
[Stage1/AE] ep 229/480 | loss 0.1795 | rec 0.0327 | feat 0.1468 | train_acc 33.34%
[Stage1/AE] ep 230/480 | loss 0.1799 | rec 0.0327 | feat 0.1473 | train_acc 33.76%
[Stage1/AE] ep 231/480 | loss 0.1832 | rec 0.0326 | feat 0.1506 | train_acc 33.74%
[Stage1/AE] ep 232/480 | loss 0.1786 | rec 0.0327 | feat 0.1459 | train_acc 33.73%
[Stage1/AE] ep 233/480 | loss 0.1814 | rec 0.0325 | feat 0.1489 | train_acc 33.40%
[Stage1/AE] ep 234/480 | loss 0.1779 | rec 0.0325 | feat 0.1454 | train_acc 33.30%
[Stage1/AE] ep 235/480 | loss 0.1805 | rec 0.0326 | feat 0.1478 | train_acc 33.94%
[Stage1/AE] ep 236/480 | loss 0.1739 | rec 0.0325 | feat 0.1414 | train_acc 33.34%
[Stage1/AE] ep 237/480 | loss 0.1776 | rec 0.0329 | feat 0.1447 | train_acc 33.49%
[Stage1/AE] ep 238/480 | loss 0.1754 | rec 0.0325 | feat 0.1429 | train_acc 33.33%
[Stage1/AE] ep 239/480 | loss 0.1762 | rec 0.0326 | feat 0.1436 | train_acc 33.43%
[Stage1/AE] ep 240/480 | loss 0.1814 | rec 0.0326 | feat 0.1488 | train_acc 33.34%
[Stage1/AE] ep 241/480 | loss 0.1786 | rec 0.0325 | feat 0.1461 | train_acc 33.70%
[Stage1/AE] ep 242/480 | loss 0.1788 | rec 0.0326 | feat 0.1462 | train_acc 33.03%
[Stage1/AE] ep 243/480 | loss 0.1777 | rec 0.0324 | feat 0.1453 | train_acc 33.47%
[Stage1/AE] ep 244/480 | loss 0.1805 | rec 0.0326 | feat 0.1479 | train_acc 33.83%
[Stage1/AE] ep 245/480 | loss 0.1750 | rec 0.0325 | feat 0.1425 | train_acc 33.83%
[Stage1/AE] ep 246/480 | loss 0.1767 | rec 0.0324 | feat 0.1443 | train_acc 33.57%
[Stage1/AE] ep 247/480 | loss 0.1779 | rec 0.0325 | feat 0.1454 | train_acc 33.73%
[Stage1/AE] ep 248/480 | loss 0.1770 | rec 0.0327 | feat 0.1443 | train_acc 33.36%
[Stage1/AE] ep 249/480 | loss 0.1756 | rec 0.0325 | feat 0.1432 | train_acc 33.37%
[Stage1/AE] ep 250/480 | loss 0.1751 | rec 0.0325 | feat 0.1426 | train_acc 33.87%
[Stage1/AE] ep 251/480 | loss 0.1755 | rec 0.0324 | feat 0.1431 | train_acc 33.93%
[Stage1/AE] ep 252/480 | loss 0.1755 | rec 0.0324 | feat 0.1431 | train_acc 33.46%
[Stage1/AE] ep 253/480 | loss 0.1753 | rec 0.0325 | feat 0.1428 | train_acc 33.41%
[Stage1/AE] ep 254/480 | loss 0.1792 | rec 0.0325 | feat 0.1468 | train_acc 33.39%
[Stage1/AE] ep 255/480 | loss 0.1760 | rec 0.0323 | feat 0.1437 | train_acc 33.46%
[Stage1/AE] ep 256/480 | loss 0.1739 | rec 0.0323 | feat 0.1416 | train_acc 33.21%
[Stage1/AE] ep 257/480 | loss 0.1780 | rec 0.0324 | feat 0.1456 | train_acc 33.79%
[Stage1/AE] ep 258/480 | loss 0.1734 | rec 0.0322 | feat 0.1412 | train_acc 33.30%
[Stage1/AE] ep 259/480 | loss 0.1721 | rec 0.0324 | feat 0.1397 | train_acc 33.63%
[Stage1/AE] ep 260/480 | loss 0.1766 | rec 0.0323 | feat 0.1443 | train_acc 33.64%
[Stage1/AE] ep 261/480 | loss 0.1780 | rec 0.0323 | feat 0.1458 | train_acc 33.39%
[Stage1/AE] ep 262/480 | loss 0.1741 | rec 0.0323 | feat 0.1418 | train_acc 33.31%
[Stage1/AE] ep 263/480 | loss 0.1721 | rec 0.0324 | feat 0.1396 | train_acc 33.43%
[Stage1/AE] ep 264/480 | loss 0.1746 | rec 0.0322 | feat 0.1424 | train_acc 33.61%
[Stage1/AE] ep 265/480 | loss 0.1761 | rec 0.0325 | feat 0.1437 | train_acc 33.97%
[Stage1/AE] ep 266/480 | loss 0.1722 | rec 0.0324 | feat 0.1398 | train_acc 33.43%
[Stage1/AE] ep 267/480 | loss 0.1741 | rec 0.0324 | feat 0.1416 | train_acc 33.56%
[Stage1/AE] ep 268/480 | loss 0.1759 | rec 0.0322 | feat 0.1437 | train_acc 33.57%
[Stage1/AE] ep 269/480 | loss 0.1722 | rec 0.0324 | feat 0.1398 | train_acc 33.51%
[Stage1/AE] ep 270/480 | loss 0.1739 | rec 0.0324 | feat 0.1415 | train_acc 33.41%
[Stage1/AE] ep 271/480 | loss 0.1735 | rec 0.0323 | feat 0.1412 | train_acc 33.60%
[Stage1/AE] ep 272/480 | loss 0.1755 | rec 0.0323 | feat 0.1432 | train_acc 33.70%
[Stage1/AE] ep 273/480 | loss 0.1785 | rec 0.0324 | feat 0.1460 | train_acc 33.56%
[Stage1/AE] ep 274/480 | loss 0.1770 | rec 0.0323 | feat 0.1448 | train_acc 33.53%
[Stage1/AE] ep 275/480 | loss 0.1772 | rec 0.0323 | feat 0.1449 | train_acc 33.83%
[Stage1/AE] ep 276/480 | loss 0.1748 | rec 0.0321 | feat 0.1426 | train_acc 33.54%
[Stage1/AE] ep 277/480 | loss 0.1730 | rec 0.0323 | feat 0.1407 | train_acc 33.44%
[Stage1/AE] ep 278/480 | loss 0.1748 | rec 0.0323 | feat 0.1425 | train_acc 33.53%
[Stage1/AE] ep 279/480 | loss 0.1741 | rec 0.0321 | feat 0.1420 | train_acc 33.71%
[Stage1/AE] ep 280/480 | loss 0.1763 | rec 0.0322 | feat 0.1441 | train_acc 33.34%
[Stage1/AE] ep 281/480 | loss 0.1749 | rec 0.0322 | feat 0.1427 | train_acc 33.39%
[Stage1/AE] ep 282/480 | loss 0.1776 | rec 0.0323 | feat 0.1452 | train_acc 33.47%
[Stage1/AE] ep 283/480 | loss 0.1748 | rec 0.0321 | feat 0.1427 | train_acc 33.91%
[Stage1/AE] ep 284/480 | loss 0.1764 | rec 0.0321 | feat 0.1443 | train_acc 33.33%
[Stage1/AE] ep 285/480 | loss 0.1740 | rec 0.0321 | feat 0.1419 | train_acc 33.16%
[Stage1/AE] ep 286/480 | loss 0.1735 | rec 0.0322 | feat 0.1413 | train_acc 33.53%
[Stage1/AE] ep 287/480 | loss 0.1703 | rec 0.0324 | feat 0.1379 | train_acc 33.63%
[Stage1/AE] ep 288/480 | loss 0.1745 | rec 0.0322 | feat 0.1423 | train_acc 33.39%
[Stage1/AE] ep 289/480 | loss 0.1722 | rec 0.0322 | feat 0.1400 | train_acc 33.29%
[Stage1/AE] ep 290/480 | loss 0.1719 | rec 0.0321 | feat 0.1398 | train_acc 33.21%
[Stage1/AE] ep 291/480 | loss 0.1686 | rec 0.0321 | feat 0.1365 | train_acc 33.76%
[Stage1/AE] ep 292/480 | loss 0.1738 | rec 0.0320 | feat 0.1418 | train_acc 33.93%
[Stage1/AE] ep 293/480 | loss 0.1732 | rec 0.0321 | feat 0.1411 | train_acc 33.13%
[Stage1/AE] ep 294/480 | loss 0.1700 | rec 0.0322 | feat 0.1378 | train_acc 33.49%
[Stage1/AE] ep 295/480 | loss 0.1699 | rec 0.0320 | feat 0.1379 | train_acc 33.77%
[Stage1/AE] ep 296/480 | loss 0.1714 | rec 0.0320 | feat 0.1394 | train_acc 33.50%
[Stage1/AE] ep 297/480 | loss 0.1726 | rec 0.0321 | feat 0.1405 | train_acc 33.81%
[Stage1/AE] ep 298/480 | loss 0.1719 | rec 0.0321 | feat 0.1398 | train_acc 33.49%
[Stage1/AE] ep 299/480 | loss 0.1748 | rec 0.0319 | feat 0.1429 | train_acc 33.53%
[Stage1/AE] ep 300/480 | loss 0.1732 | rec 0.0322 | feat 0.1410 | train_acc 33.30%
[Stage1/AE] ep 301/480 | loss 0.1700 | rec 0.0321 | feat 0.1379 | train_acc 33.03%
[Stage1/AE] ep 302/480 | loss 0.1703 | rec 0.0319 | feat 0.1384 | train_acc 33.44%
[Stage1/AE] ep 303/480 | loss 0.1767 | rec 0.0321 | feat 0.1447 | train_acc 33.73%
[Stage1/AE] ep 304/480 | loss 0.1702 | rec 0.0321 | feat 0.1381 | train_acc 33.46%
[Stage1/AE] ep 305/480 | loss 0.1717 | rec 0.0320 | feat 0.1397 | train_acc 33.39%
[Stage1/AE] ep 306/480 | loss 0.1742 | rec 0.0321 | feat 0.1421 | train_acc 33.43%
[Stage1/AE] ep 307/480 | loss 0.1738 | rec 0.0320 | feat 0.1418 | train_acc 33.51%
[Stage1/AE] ep 308/480 | loss 0.1708 | rec 0.0321 | feat 0.1387 | train_acc 33.56%
[Stage1/AE] ep 309/480 | loss 0.1734 | rec 0.0320 | feat 0.1413 | train_acc 33.54%
[Stage1/AE] ep 310/480 | loss 0.1742 | rec 0.0320 | feat 0.1422 | train_acc 33.19%
[Stage1/AE] ep 311/480 | loss 0.1716 | rec 0.0320 | feat 0.1396 | train_acc 33.54%
[Stage1/AE] ep 312/480 | loss 0.1692 | rec 0.0319 | feat 0.1373 | train_acc 33.49%
[Stage1/AE] ep 313/480 | loss 0.1727 | rec 0.0318 | feat 0.1410 | train_acc 33.41%
[Stage1/AE] ep 314/480 | loss 0.1701 | rec 0.0320 | feat 0.1381 | train_acc 33.67%
[Stage1/AE] ep 315/480 | loss 0.1699 | rec 0.0321 | feat 0.1378 | train_acc 33.63%
[Stage1/AE] ep 316/480 | loss 0.1680 | rec 0.0317 | feat 0.1363 | train_acc 33.47%
[Stage1/AE] ep 317/480 | loss 0.1720 | rec 0.0321 | feat 0.1399 | train_acc 33.64%
[Stage1/AE] ep 318/480 | loss 0.1714 | rec 0.0321 | feat 0.1394 | train_acc 33.66%
[Stage1/AE] ep 319/480 | loss 0.1703 | rec 0.0320 | feat 0.1383 | train_acc 33.76%
[Stage1/AE] ep 320/480 | loss 0.1682 | rec 0.0319 | feat 0.1362 | train_acc 33.79%
[Stage1/AE] ep 321/480 | loss 0.1711 | rec 0.0321 | feat 0.1390 | train_acc 33.41%
[Stage1/AE] ep 322/480 | loss 0.1710 | rec 0.0319 | feat 0.1391 | train_acc 33.24%
[Stage1/AE] ep 323/480 | loss 0.1703 | rec 0.0319 | feat 0.1383 | train_acc 33.74%
[Stage1/AE] ep 324/480 | loss 0.1725 | rec 0.0318 | feat 0.1406 | train_acc 33.33%
[Stage1/AE] ep 325/480 | loss 0.1717 | rec 0.0319 | feat 0.1398 | train_acc 33.61%
[Stage1/AE] ep 326/480 | loss 0.1709 | rec 0.0319 | feat 0.1390 | train_acc 33.53%
[Stage1/AE] ep 327/480 | loss 0.1653 | rec 0.0318 | feat 0.1335 | train_acc 33.19%
[Stage1/AE] ep 328/480 | loss 0.1715 | rec 0.0319 | feat 0.1396 | train_acc 33.50%
[Stage1/AE] ep 329/480 | loss 0.1671 | rec 0.0322 | feat 0.1349 | train_acc 33.54%
[Stage1/AE] ep 330/480 | loss 0.1671 | rec 0.0319 | feat 0.1353 | train_acc 33.50%
[Stage1/AE] ep 331/480 | loss 0.1696 | rec 0.0318 | feat 0.1378 | train_acc 33.56%
[Stage1/AE] ep 332/480 | loss 0.1703 | rec 0.0319 | feat 0.1383 | train_acc 33.40%
[Stage1/AE] ep 333/480 | loss 0.1683 | rec 0.0318 | feat 0.1365 | train_acc 33.67%
[Stage1/AE] ep 334/480 | loss 0.1680 | rec 0.0320 | feat 0.1361 | train_acc 33.33%
[Stage1/AE] ep 335/480 | loss 0.1683 | rec 0.0317 | feat 0.1366 | train_acc 33.60%
[Stage1/AE] ep 336/480 | loss 0.1719 | rec 0.0320 | feat 0.1399 | train_acc 33.54%
[Stage1/AE] ep 337/480 | loss 0.1702 | rec 0.0318 | feat 0.1384 | train_acc 33.50%
[Stage1/AE] ep 338/480 | loss 0.1677 | rec 0.0319 | feat 0.1358 | train_acc 33.37%
[Stage1/AE] ep 339/480 | loss 0.1715 | rec 0.0318 | feat 0.1397 | train_acc 33.47%
[Stage1/AE] ep 340/480 | loss 0.1681 | rec 0.0319 | feat 0.1362 | train_acc 33.40%
[Stage1/AE] ep 341/480 | loss 0.1701 | rec 0.0318 | feat 0.1383 | train_acc 33.77%
[Stage1/AE] ep 342/480 | loss 0.1691 | rec 0.0317 | feat 0.1374 | train_acc 33.51%
[Stage1/AE] ep 343/480 | loss 0.1647 | rec 0.0319 | feat 0.1328 | train_acc 33.79%
[Stage1/AE] ep 344/480 | loss 0.1661 | rec 0.0319 | feat 0.1342 | train_acc 33.10%
[Stage1/AE] ep 345/480 | loss 0.1675 | rec 0.0317 | feat 0.1357 | train_acc 33.64%
[Stage1/AE] ep 346/480 | loss 0.1697 | rec 0.0317 | feat 0.1380 | train_acc 33.51%
[Stage1/AE] ep 347/480 | loss 0.1691 | rec 0.0317 | feat 0.1375 | train_acc 33.33%
[Stage1/AE] ep 348/480 | loss 0.1655 | rec 0.0317 | feat 0.1338 | train_acc 33.79%
[Stage1/AE] ep 349/480 | loss 0.1662 | rec 0.0317 | feat 0.1345 | train_acc 33.63%
[Stage1/AE] ep 350/480 | loss 0.1671 | rec 0.0317 | feat 0.1353 | train_acc 33.34%
[Stage1/AE] ep 351/480 | loss 0.1670 | rec 0.0318 | feat 0.1352 | train_acc 33.07%
[Stage1/AE] ep 352/480 | loss 0.1661 | rec 0.0317 | feat 0.1344 | train_acc 33.30%
[Stage1/AE] ep 353/480 | loss 0.1678 | rec 0.0317 | feat 0.1360 | train_acc 33.46%
[Stage1/AE] ep 354/480 | loss 0.1675 | rec 0.0318 | feat 0.1357 | train_acc 33.50%
[Stage1/AE] ep 355/480 | loss 0.1677 | rec 0.0318 | feat 0.1358 | train_acc 33.56%
[Stage1/AE] ep 356/480 | loss 0.1625 | rec 0.0316 | feat 0.1310 | train_acc 33.46%
[Stage1/AE] ep 357/480 | loss 0.1675 | rec 0.0316 | feat 0.1359 | train_acc 33.27%
[Stage1/AE] ep 358/480 | loss 0.1640 | rec 0.0317 | feat 0.1324 | train_acc 33.47%
[Stage1/AE] ep 359/480 | loss 0.1684 | rec 0.0318 | feat 0.1366 | train_acc 33.60%
[Stage1/AE] ep 360/480 | loss 0.1690 | rec 0.0316 | feat 0.1374 | train_acc 33.31%
[Stage1/AE] ep 361/480 | loss 0.1667 | rec 0.0316 | feat 0.1351 | train_acc 33.34%
[Stage1/AE] ep 362/480 | loss 0.1667 | rec 0.0315 | feat 0.1351 | train_acc 33.46%
[Stage1/AE] ep 363/480 | loss 0.1684 | rec 0.0317 | feat 0.1367 | train_acc 33.71%
[Stage1/AE] ep 364/480 | loss 0.1648 | rec 0.0317 | feat 0.1332 | train_acc 33.79%
[Stage1/AE] ep 365/480 | loss 0.1693 | rec 0.0317 | feat 0.1376 | train_acc 33.56%
[Stage1/AE] ep 366/480 | loss 0.1678 | rec 0.0316 | feat 0.1362 | train_acc 33.31%
[Stage1/AE] ep 367/480 | loss 0.1654 | rec 0.0317 | feat 0.1337 | train_acc 33.46%
[Stage1/AE] ep 368/480 | loss 0.1656 | rec 0.0314 | feat 0.1341 | train_acc 33.33%
[Stage1/AE] ep 369/480 | loss 0.1645 | rec 0.0316 | feat 0.1328 | train_acc 33.54%
[Stage1/AE] ep 370/480 | loss 0.1698 | rec 0.0314 | feat 0.1384 | train_acc 33.31%
[Stage1/AE] ep 371/480 | loss 0.1631 | rec 0.0315 | feat 0.1316 | train_acc 33.46%
[Stage1/AE] ep 372/480 | loss 0.1647 | rec 0.0317 | feat 0.1330 | train_acc 33.37%
[Stage1/AE] ep 373/480 | loss 0.1643 | rec 0.0316 | feat 0.1327 | train_acc 33.26%
[Stage1/AE] ep 374/480 | loss 0.1630 | rec 0.0315 | feat 0.1316 | train_acc 32.91%
[Stage1/AE] ep 375/480 | loss 0.1615 | rec 0.0316 | feat 0.1299 | train_acc 33.59%
[Stage1/AE] ep 376/480 | loss 0.1662 | rec 0.0316 | feat 0.1346 | train_acc 33.57%
[Stage1/AE] ep 377/480 | loss 0.1649 | rec 0.0315 | feat 0.1335 | train_acc 33.43%
[Stage1/AE] ep 378/480 | loss 0.1639 | rec 0.0314 | feat 0.1326 | train_acc 33.51%
[Stage1/AE] ep 379/480 | loss 0.1652 | rec 0.0316 | feat 0.1336 | train_acc 33.27%
[Stage1/AE] ep 380/480 | loss 0.1674 | rec 0.0315 | feat 0.1359 | train_acc 33.46%
[Stage1/AE] ep 381/480 | loss 0.1648 | rec 0.0316 | feat 0.1333 | train_acc 33.50%
[Stage1/AE] ep 382/480 | loss 0.1664 | rec 0.0315 | feat 0.1349 | train_acc 33.63%
[Stage1/AE] ep 383/480 | loss 0.1647 | rec 0.0317 | feat 0.1330 | train_acc 33.44%
[Stage1/AE] ep 384/480 | loss 0.1674 | rec 0.0313 | feat 0.1361 | train_acc 33.34%
[Stage1/AE] ep 385/480 | loss 0.1647 | rec 0.0315 | feat 0.1332 | train_acc 33.40%
[Stage1/AE] ep 386/480 | loss 0.1629 | rec 0.0313 | feat 0.1316 | train_acc 33.31%
[Stage1/AE] ep 387/480 | loss 0.1659 | rec 0.0314 | feat 0.1345 | train_acc 33.77%
[Stage1/AE] ep 388/480 | loss 0.1658 | rec 0.0314 | feat 0.1344 | train_acc 33.91%
[Stage1/AE] ep 389/480 | loss 0.1659 | rec 0.0314 | feat 0.1345 | train_acc 33.56%
[Stage1/AE] ep 390/480 | loss 0.1665 | rec 0.0315 | feat 0.1350 | train_acc 33.56%
[Stage1/AE] ep 391/480 | loss 0.1632 | rec 0.0313 | feat 0.1318 | train_acc 33.59%
[Stage1/AE] ep 392/480 | loss 0.1638 | rec 0.0314 | feat 0.1324 | train_acc 33.53%
[Stage1/AE] ep 393/480 | loss 0.1606 | rec 0.0315 | feat 0.1291 | train_acc 33.54%
[Stage1/AE] ep 394/480 | loss 0.1633 | rec 0.0314 | feat 0.1319 | train_acc 33.63%
[Stage1/AE] ep 395/480 | loss 0.1615 | rec 0.0313 | feat 0.1302 | train_acc 33.56%
[Stage1/AE] ep 396/480 | loss 0.1651 | rec 0.0313 | feat 0.1338 | train_acc 33.39%
[Stage1/AE] ep 397/480 | loss 0.1656 | rec 0.0316 | feat 0.1340 | train_acc 33.40%
[Stage1/AE] ep 398/480 | loss 0.1621 | rec 0.0313 | feat 0.1307 | train_acc 33.73%
[Stage1/AE] ep 399/480 | loss 0.1597 | rec 0.0314 | feat 0.1284 | train_acc 33.24%
[Stage1/AE] ep 400/480 | loss 0.1644 | rec 0.0315 | feat 0.1329 | train_acc 33.56%
[Stage1/AE] ep 401/480 | loss 0.1632 | rec 0.0313 | feat 0.1320 | train_acc 33.50%
[Stage1/AE] ep 402/480 | loss 0.1629 | rec 0.0314 | feat 0.1316 | train_acc 33.51%
[Stage1/AE] ep 403/480 | loss 0.1619 | rec 0.0313 | feat 0.1306 | train_acc 32.99%
[Stage1/AE] ep 404/480 | loss 0.1622 | rec 0.0313 | feat 0.1309 | train_acc 33.60%
[Stage1/AE] ep 405/480 | loss 0.1617 | rec 0.0312 | feat 0.1305 | train_acc 33.67%
[Stage1/AE] ep 406/480 | loss 0.1604 | rec 0.0313 | feat 0.1291 | train_acc 33.36%
[Stage1/AE] ep 407/480 | loss 0.1624 | rec 0.0312 | feat 0.1312 | train_acc 33.47%
[Stage1/AE] ep 408/480 | loss 0.1616 | rec 0.0312 | feat 0.1304 | train_acc 33.76%
[Stage1/AE] ep 409/480 | loss 0.1615 | rec 0.0314 | feat 0.1301 | train_acc 33.63%
[Stage1/AE] ep 410/480 | loss 0.1635 | rec 0.0314 | feat 0.1322 | train_acc 33.49%
[Stage1/AE] ep 411/480 | loss 0.1631 | rec 0.0315 | feat 0.1316 | train_acc 33.24%
[Stage1/AE] ep 412/480 | loss 0.1629 | rec 0.0314 | feat 0.1315 | train_acc 33.46%
[Stage1/AE] ep 413/480 | loss 0.1607 | rec 0.0311 | feat 0.1295 | train_acc 33.49%
[Stage1/AE] ep 414/480 | loss 0.1622 | rec 0.0314 | feat 0.1308 | train_acc 33.44%
[Stage1/AE] ep 415/480 | loss 0.1598 | rec 0.0314 | feat 0.1284 | train_acc 33.26%
[Stage1/AE] ep 416/480 | loss 0.1590 | rec 0.0313 | feat 0.1277 | train_acc 33.40%
[Stage1/AE] ep 417/480 | loss 0.1631 | rec 0.0312 | feat 0.1320 | train_acc 33.36%
[Stage1/AE] ep 418/480 | loss 0.1633 | rec 0.0313 | feat 0.1320 | train_acc 33.26%
[Stage1/AE] ep 419/480 | loss 0.1622 | rec 0.0314 | feat 0.1308 | train_acc 33.53%
[Stage1/AE] ep 420/480 | loss 0.1626 | rec 0.0311 | feat 0.1314 | train_acc 33.31%
[Stage1/AE] ep 421/480 | loss 0.1613 | rec 0.0312 | feat 0.1301 | train_acc 33.23%
[Stage1/AE] ep 422/480 | loss 0.1609 | rec 0.0311 | feat 0.1297 | train_acc 33.60%
[Stage1/AE] ep 423/480 | loss 0.1613 | rec 0.0311 | feat 0.1301 | train_acc 33.46%
[Stage1/AE] ep 424/480 | loss 0.1615 | rec 0.0312 | feat 0.1303 | train_acc 33.37%
[Stage1/AE] ep 425/480 | loss 0.1619 | rec 0.0312 | feat 0.1307 | train_acc 33.36%
[Stage1/AE] ep 426/480 | loss 0.1587 | rec 0.0311 | feat 0.1276 | train_acc 33.83%
[Stage1/AE] ep 427/480 | loss 0.1629 | rec 0.0313 | feat 0.1316 | train_acc 33.34%
[Stage1/AE] ep 428/480 | loss 0.1612 | rec 0.0312 | feat 0.1300 | train_acc 33.63%
[Stage1/AE] ep 429/480 | loss 0.1605 | rec 0.0312 | feat 0.1293 | train_acc 33.70%
[Stage1/AE] ep 430/480 | loss 0.1609 | rec 0.0313 | feat 0.1297 | train_acc 33.60%
[Stage1/AE] ep 431/480 | loss 0.1604 | rec 0.0312 | feat 0.1292 | train_acc 33.63%
[Stage1/AE] ep 432/480 | loss 0.1601 | rec 0.0312 | feat 0.1289 | train_acc 33.70%
[Stage1/AE] ep 433/480 | loss 0.1604 | rec 0.0310 | feat 0.1295 | train_acc 33.44%
[Stage1/AE] ep 434/480 | loss 0.1586 | rec 0.0314 | feat 0.1273 | train_acc 33.46%
[Stage1/AE] ep 435/480 | loss 0.1627 | rec 0.0311 | feat 0.1316 | train_acc 33.30%
[Stage1/AE] ep 436/480 | loss 0.1602 | rec 0.0312 | feat 0.1290 | train_acc 33.20%
[Stage1/AE] ep 437/480 | loss 0.1620 | rec 0.0310 | feat 0.1309 | train_acc 33.13%
[Stage1/AE] ep 438/480 | loss 0.1596 | rec 0.0311 | feat 0.1285 | train_acc 33.41%
[Stage1/AE] ep 439/480 | loss 0.1595 | rec 0.0311 | feat 0.1284 | train_acc 33.49%
[Stage1/AE] ep 440/480 | loss 0.1598 | rec 0.0314 | feat 0.1284 | train_acc 33.63%
[Stage1/AE] ep 441/480 | loss 0.1577 | rec 0.0310 | feat 0.1267 | train_acc 33.47%
[Stage1/AE] ep 442/480 | loss 0.1615 | rec 0.0311 | feat 0.1303 | train_acc 33.49%
[Stage1/AE] ep 443/480 | loss 0.1597 | rec 0.0311 | feat 0.1286 | train_acc 33.49%
[Stage1/AE] ep 444/480 | loss 0.1585 | rec 0.0310 | feat 0.1275 | train_acc 33.26%
[Stage1/AE] ep 445/480 | loss 0.1609 | rec 0.0313 | feat 0.1296 | train_acc 33.74%
[Stage1/AE] ep 446/480 | loss 0.1589 | rec 0.0310 | feat 0.1280 | train_acc 33.73%
[Stage1/AE] ep 447/480 | loss 0.1581 | rec 0.0310 | feat 0.1271 | train_acc 33.30%
[Stage1/AE] ep 448/480 | loss 0.1597 | rec 0.0311 | feat 0.1285 | train_acc 33.34%
[Stage1/AE] ep 449/480 | loss 0.1586 | rec 0.0309 | feat 0.1277 | train_acc 33.01%
[Stage1/AE] ep 450/480 | loss 0.1607 | rec 0.0309 | feat 0.1298 | train_acc 33.64%
[Stage1/AE] ep 451/480 | loss 0.1599 | rec 0.0310 | feat 0.1289 | train_acc 33.39%
[Stage1/AE] ep 452/480 | loss 0.1595 | rec 0.0311 | feat 0.1284 | train_acc 33.20%
[Stage1/AE] ep 453/480 | loss 0.1614 | rec 0.0309 | feat 0.1304 | train_acc 33.60%
[Stage1/AE] ep 454/480 | loss 0.1564 | rec 0.0310 | feat 0.1254 | train_acc 33.53%
[Stage1/AE] ep 455/480 | loss 0.1576 | rec 0.0310 | feat 0.1266 | train_acc 33.37%
[Stage1/AE] ep 456/480 | loss 0.1587 | rec 0.0310 | feat 0.1277 | train_acc 33.33%
[Stage1/AE] ep 457/480 | loss 0.1602 | rec 0.0310 | feat 0.1292 | train_acc 33.59%
[Stage1/AE] ep 458/480 | loss 0.1614 | rec 0.0310 | feat 0.1304 | train_acc 33.56%
[Stage1/AE] ep 459/480 | loss 0.1568 | rec 0.0309 | feat 0.1259 | train_acc 33.44%
[Stage1/AE] ep 460/480 | loss 0.1567 | rec 0.0309 | feat 0.1258 | train_acc 33.09%
[Stage1/AE] ep 461/480 | loss 0.1574 | rec 0.0310 | feat 0.1264 | train_acc 33.34%
[Stage1/AE] ep 462/480 | loss 0.1576 | rec 0.0310 | feat 0.1266 | train_acc 33.10%
[Stage1/AE] ep 463/480 | loss 0.1585 | rec 0.0312 | feat 0.1273 | train_acc 33.29%
[Stage1/AE] ep 464/480 | loss 0.1589 | rec 0.0310 | feat 0.1279 | train_acc 33.43%
[Stage1/AE] ep 465/480 | loss 0.1579 | rec 0.0310 | feat 0.1269 | train_acc 33.63%
[Stage1/AE] ep 466/480 | loss 0.1577 | rec 0.0311 | feat 0.1266 | train_acc 33.19%
[Stage1/AE] ep 467/480 | loss 0.1567 | rec 0.0308 | feat 0.1259 | train_acc 33.47%
[Stage1/AE] ep 468/480 | loss 0.1582 | rec 0.0310 | feat 0.1272 | train_acc 33.73%
[Stage1/AE] ep 469/480 | loss 0.1577 | rec 0.0310 | feat 0.1267 | train_acc 33.47%
[Stage1/AE] ep 470/480 | loss 0.1579 | rec 0.0310 | feat 0.1269 | train_acc 33.60%
[Stage1/AE] ep 471/480 | loss 0.1590 | rec 0.0310 | feat 0.1280 | train_acc 33.41%
[Stage1/AE] ep 472/480 | loss 0.1593 | rec 0.0309 | feat 0.1284 | train_acc 33.30%
[Stage1/AE] ep 473/480 | loss 0.1571 | rec 0.0309 | feat 0.1262 | train_acc 33.39%
[Stage1/AE] ep 474/480 | loss 0.1584 | rec 0.0308 | feat 0.1276 | train_acc 33.61%
[Stage1/AE] ep 475/480 | loss 0.1575 | rec 0.0310 | feat 0.1265 | train_acc 33.71%
[Stage1/AE] ep 476/480 | loss 0.1581 | rec 0.0308 | feat 0.1273 | train_acc 33.37%
[Stage1/AE] ep 477/480 | loss 0.1569 | rec 0.0308 | feat 0.1261 | train_acc 33.57%
[Stage1/AE] ep 478/480 | loss 0.1590 | rec 0.0308 | feat 0.1282 | train_acc 33.11%
[Stage1/AE] ep 479/480 | loss 0.1577 | rec 0.0310 | feat 0.1267 | train_acc 33.43%
[Stage1/AE] ep 480/480 | loss 0.1526 | rec 0.0310 | feat 0.1217 | train_acc 33.37%
[Stage2/Head] ep 1/480 | loss 23.9701 | ce 21.0036 | logit 29.6647 | train_acc 38.56%
[Stage2/Head] ep 2/480 | loss 21.7723 | ce 19.0841 | logit 26.8821 | train_acc 23.71%
[Stage2/Head] ep 3/480 | loss 21.4421 | ce 18.8319 | logit 26.1015 | train_acc 20.13%
[Stage2/Head] ep 4/480 | loss 21.1463 | ce 18.6076 | logit 25.3866 | train_acc 19.51%
[Stage2/Head] ep 5/480 | loss 20.8611 | ce 18.3886 | logit 24.7255 | train_acc 18.74%
[Stage2/Head] ep 6/480 | loss 20.5791 | ce 18.1703 | logit 24.0886 | train_acc 18.46%
[Stage2/Head] ep 7/480 | loss 20.3037 | ce 17.9544 | logit 23.4928 | train_acc 18.31%
[Stage2/Head] ep 8/480 | loss 20.0312 | ce 17.7391 | logit 22.9213 | train_acc 17.96%
[Stage2/Head] ep 9/480 | loss 19.7622 | ce 17.5246 | logit 22.3755 | train_acc 17.96%
[Stage2/Head] ep 10/480 | loss 19.4951 | ce 17.3100 | logit 21.8510 | train_acc 17.87%
[Stage2/Head] ep 11/480 | loss 19.2315 | ce 17.0963 | logit 21.3523 | train_acc 17.77%
[Stage2/Head] ep 12/480 | loss 18.9714 | ce 16.8839 | logit 20.8750 | train_acc 17.70%
[Stage2/Head] ep 13/480 | loss 18.7138 | ce 16.6716 | logit 20.4222 | train_acc 17.69%
[Stage2/Head] ep 14/480 | loss 18.4587 | ce 16.4600 | logit 19.9874 | train_acc 17.60%
[Stage2/Head] ep 15/480 | loss 18.2064 | ce 16.2492 | logit 19.5726 | train_acc 17.50%
[Stage2/Head] ep 16/480 | loss 17.9568 | ce 16.0391 | logit 19.1770 | train_acc 17.50%
[Stage2/Head] ep 17/480 | loss 17.7096 | ce 15.8299 | logit 18.7976 | train_acc 17.43%
[Stage2/Head] ep 18/480 | loss 17.4643 | ce 15.6208 | logit 18.4351 | train_acc 17.39%
[Stage2/Head] ep 19/480 | loss 17.2218 | ce 15.4126 | logit 18.0920 | train_acc 17.43%
[Stage2/Head] ep 20/480 | loss 16.9817 | ce 15.2052 | logit 17.7651 | train_acc 17.34%
[Stage2/Head] ep 21/480 | loss 16.7437 | ce 14.9986 | logit 17.4513 | train_acc 17.50%
[Stage2/Head] ep 22/480 | loss 16.5084 | ce 14.7926 | logit 17.1578 | train_acc 17.44%
[Stage2/Head] ep 23/480 | loss 16.2750 | ce 14.5872 | logit 16.8787 | train_acc 17.34%
[Stage2/Head] ep 24/480 | loss 16.0435 | ce 14.3827 | logit 16.6085 | train_acc 17.37%
[Stage2/Head] ep 25/480 | loss 15.8147 | ce 14.1788 | logit 16.3587 | train_acc 17.49%
[Stage2/Head] ep 26/480 | loss 15.5882 | ce 13.9758 | logit 16.1242 | train_acc 17.39%
[Stage2/Head] ep 27/480 | loss 15.3632 | ce 13.7734 | logit 15.8973 | train_acc 17.49%
[Stage2/Head] ep 28/480 | loss 15.1403 | ce 13.5717 | logit 15.6858 | train_acc 17.36%
[Stage2/Head] ep 29/480 | loss 14.9204 | ce 13.3709 | logit 15.4954 | train_acc 17.40%
[Stage2/Head] ep 30/480 | loss 14.7018 | ce 13.1705 | logit 15.3129 | train_acc 17.37%
[Stage2/Head] ep 31/480 | loss 14.4857 | ce 12.9711 | logit 15.1468 | train_acc 17.36%
[Stage2/Head] ep 32/480 | loss 14.2710 | ce 12.7722 | logit 14.9875 | train_acc 17.37%
[Stage2/Head] ep 33/480 | loss 14.0587 | ce 12.5741 | logit 14.8461 | train_acc 17.34%
[Stage2/Head] ep 34/480 | loss 13.8484 | ce 12.3767 | logit 14.7177 | train_acc 17.33%
[Stage2/Head] ep 35/480 | loss 13.6399 | ce 12.1799 | logit 14.5999 | train_acc 17.36%
[Stage2/Head] ep 36/480 | loss 13.4334 | ce 11.9840 | logit 14.4944 | train_acc 17.34%
[Stage2/Head] ep 37/480 | loss 13.2292 | ce 11.7886 | logit 14.4060 | train_acc 17.34%
[Stage2/Head] ep 38/480 | loss 13.0267 | ce 11.5939 | logit 14.3282 | train_acc 17.34%
[Stage2/Head] ep 39/480 | loss 12.8256 | ce 11.4001 | logit 14.2543 | train_acc 17.33%
[Stage2/Head] ep 40/480 | loss 12.6270 | ce 11.2067 | logit 14.2027 | train_acc 17.31%
[Stage2/Head] ep 41/480 | loss 12.4300 | ce 11.0142 | logit 14.1579 | train_acc 17.31%
[Stage2/Head] ep 42/480 | loss 12.2349 | ce 10.8224 | logit 14.1251 | train_acc 17.34%
[Stage2/Head] ep 43/480 | loss 12.0416 | ce 10.6310 | logit 14.1056 | train_acc 17.31%
[Stage2/Head] ep 44/480 | loss 11.8500 | ce 10.4405 | logit 14.0952 | train_acc 17.30%
[Stage2/Head] ep 45/480 | loss 11.6601 | ce 10.2506 | logit 14.0952 | train_acc 17.31%
[Stage2/Head] ep 46/480 | loss 11.4723 | ce 10.0614 | logit 14.1090 | train_acc 17.34%
[Stage2/Head] ep 47/480 | loss 11.2854 | ce 9.8729 | logit 14.1249 | train_acc 17.31%
[Stage2/Head] ep 48/480 | loss 11.1014 | ce 9.6851 | logit 14.1631 | train_acc 17.31%
[Stage2/Head] ep 49/480 | loss 10.9186 | ce 9.4978 | logit 14.2085 | train_acc 22.69%
[Stage2/Head] ep 50/480 | loss 10.7377 | ce 9.3111 | logit 14.2660 | train_acc 28.39%
[Stage2/Head] ep 51/480 | loss 10.5582 | ce 9.1254 | logit 14.3284 | train_acc 28.37%
[Stage2/Head] ep 52/480 | loss 10.3804 | ce 8.9401 | logit 14.4025 | train_acc 28.40%
[Stage2/Head] ep 53/480 | loss 10.2041 | ce 8.7558 | logit 14.4835 | train_acc 28.39%
[Stage2/Head] ep 54/480 | loss 10.0299 | ce 8.5721 | logit 14.5787 | train_acc 28.37%
[Stage2/Head] ep 55/480 | loss 9.8568 | ce 8.3888 | logit 14.6793 | train_acc 28.37%
[Stage2/Head] ep 56/480 | loss 9.6860 | ce 8.2065 | logit 14.7953 | train_acc 28.39%
[Stage2/Head] ep 57/480 | loss 9.5165 | ce 8.0251 | logit 14.9149 | train_acc 28.39%
[Stage2/Head] ep 58/480 | loss 9.3479 | ce 7.8436 | logit 15.0435 | train_acc 28.40%
[Stage2/Head] ep 59/480 | loss 9.1818 | ce 7.6633 | logit 15.1848 | train_acc 28.39%
[Stage2/Head] ep 60/480 | loss 9.0170 | ce 7.4836 | logit 15.3345 | train_acc 28.39%
[Stage2/Head] ep 61/480 | loss 8.8531 | ce 7.3049 | logit 15.4828 | train_acc 28.39%
[Stage2/Head] ep 62/480 | loss 8.6915 | ce 7.1266 | logit 15.6490 | train_acc 28.39%
[Stage2/Head] ep 63/480 | loss 8.5314 | ce 6.9494 | logit 15.8198 | train_acc 28.39%
[Stage2/Head] ep 64/480 | loss 8.3721 | ce 6.7728 | logit 15.9930 | train_acc 28.39%
[Stage2/Head] ep 65/480 | loss 8.2150 | ce 6.5971 | logit 16.1786 | train_acc 28.39%
[Stage2/Head] ep 66/480 | loss 8.0590 | ce 6.4221 | logit 16.3687 | train_acc 28.39%
[Stage2/Head] ep 67/480 | loss 7.9047 | ce 6.2478 | logit 16.5692 | train_acc 28.39%
[Stage2/Head] ep 68/480 | loss 7.7520 | ce 6.0747 | logit 16.7723 | train_acc 28.39%
[Stage2/Head] ep 69/480 | loss 7.6005 | ce 5.9022 | logit 16.9830 | train_acc 28.39%
[Stage2/Head] ep 70/480 | loss 7.4503 | ce 5.7309 | logit 17.1938 | train_acc 28.39%
[Stage2/Head] ep 71/480 | loss 7.3017 | ce 5.5604 | logit 17.4136 | train_acc 28.39%
[Stage2/Head] ep 72/480 | loss 7.1545 | ce 5.3907 | logit 17.6383 | train_acc 28.39%
[Stage2/Head] ep 73/480 | loss 7.0096 | ce 5.2223 | logit 17.8736 | train_acc 28.39%
[Stage2/Head] ep 74/480 | loss 6.8654 | ce 5.0555 | logit 18.0991 | train_acc 28.39%
[Stage2/Head] ep 75/480 | loss 6.7226 | ce 4.8891 | logit 18.3350 | train_acc 28.39%
[Stage2/Head] ep 76/480 | loss 6.5820 | ce 4.7245 | logit 18.5748 | train_acc 28.39%
[Stage2/Head] ep 77/480 | loss 6.4422 | ce 4.5609 | logit 18.8122 | train_acc 28.39%
[Stage2/Head] ep 78/480 | loss 6.3050 | ce 4.3993 | logit 19.0566 | train_acc 28.39%
[Stage2/Head] ep 79/480 | loss 6.1693 | ce 4.2393 | logit 19.2999 | train_acc 28.39%
[Stage2/Head] ep 80/480 | loss 6.0345 | ce 4.0807 | logit 19.5386 | train_acc 28.39%
[Stage2/Head] ep 81/480 | loss 5.9026 | ce 3.9243 | logit 19.7830 | train_acc 28.39%
[Stage2/Head] ep 82/480 | loss 5.7728 | ce 3.7701 | logit 20.0267 | train_acc 28.39%
[Stage2/Head] ep 83/480 | loss 5.6441 | ce 3.6180 | logit 20.2617 | train_acc 28.39%
[Stage2/Head] ep 84/480 | loss 5.5173 | ce 3.4690 | logit 20.4822 | train_acc 28.39%
[Stage2/Head] ep 85/480 | loss 5.3935 | ce 3.3218 | logit 20.7174 | train_acc 28.39%
[Stage2/Head] ep 86/480 | loss 5.2712 | ce 3.1789 | logit 20.9238 | train_acc 28.39%
[Stage2/Head] ep 87/480 | loss 5.1519 | ce 3.0382 | logit 21.1371 | train_acc 28.39%
[Stage2/Head] ep 88/480 | loss 5.0353 | ce 2.9019 | logit 21.3338 | train_acc 28.39%
[Stage2/Head] ep 89/480 | loss 4.9211 | ce 2.7695 | logit 21.5166 | train_acc 28.39%
[Stage2/Head] ep 90/480 | loss 4.8100 | ce 2.6415 | logit 21.6850 | train_acc 28.39%
[Stage2/Head] ep 91/480 | loss 4.7014 | ce 2.5177 | logit 21.8363 | train_acc 28.39%
[Stage2/Head] ep 92/480 | loss 4.5951 | ce 2.3994 | logit 21.9569 | train_acc 28.39%
[Stage2/Head] ep 93/480 | loss 4.4919 | ce 2.2854 | logit 22.0651 | train_acc 28.39%
[Stage2/Head] ep 94/480 | loss 4.3923 | ce 2.1775 | logit 22.1481 | train_acc 28.39%
[Stage2/Head] ep 95/480 | loss 4.2959 | ce 2.0748 | logit 22.2105 | train_acc 28.39%
[Stage2/Head] ep 96/480 | loss 4.2027 | ce 1.9780 | logit 22.2476 | train_acc 28.39%
[Stage2/Head] ep 97/480 | loss 4.1113 | ce 1.8867 | logit 22.2461 | train_acc 28.39%
[Stage2/Head] ep 98/480 | loss 4.0235 | ce 1.8010 | logit 22.2257 | train_acc 28.39%
[Stage2/Head] ep 99/480 | loss 3.9388 | ce 1.7211 | logit 22.1779 | train_acc 28.39%
[Stage2/Head] ep 100/480 | loss 3.8552 | ce 1.6469 | logit 22.0832 | train_acc 35.79%
[Stage2/Head] ep 101/480 | loss 3.7758 | ce 1.5773 | logit 21.9850 | train_acc 42.86%
[Stage2/Head] ep 102/480 | loss 3.6976 | ce 1.5135 | logit 21.8407 | train_acc 42.86%
[Stage2/Head] ep 103/480 | loss 3.6217 | ce 1.4538 | logit 21.6798 | train_acc 42.86%
[Stage2/Head] ep 104/480 | loss 3.5485 | ce 1.3997 | logit 21.4880 | train_acc 42.86%
[Stage2/Head] ep 105/480 | loss 3.4762 | ce 1.3482 | logit 21.2797 | train_acc 42.86%
[Stage2/Head] ep 106/480 | loss 3.4056 | ce 1.3015 | logit 21.0408 | train_acc 42.86%
[Stage2/Head] ep 107/480 | loss 3.3369 | ce 1.2578 | logit 20.7907 | train_acc 42.86%
[Stage2/Head] ep 108/480 | loss 3.2702 | ce 1.2174 | logit 20.5284 | train_acc 42.86%
[Stage2/Head] ep 109/480 | loss 3.2042 | ce 1.1802 | logit 20.2396 | train_acc 42.86%
[Stage2/Head] ep 110/480 | loss 3.1399 | ce 1.1452 | logit 19.9470 | train_acc 42.86%
[Stage2/Head] ep 111/480 | loss 3.0764 | ce 1.1126 | logit 19.6381 | train_acc 42.86%
[Stage2/Head] ep 112/480 | loss 3.0148 | ce 1.0818 | logit 19.3293 | train_acc 42.86%
[Stage2/Head] ep 113/480 | loss 2.9530 | ce 1.0533 | logit 18.9970 | train_acc 42.86%
[Stage2/Head] ep 114/480 | loss 2.8928 | ce 1.0261 | logit 18.6667 | train_acc 42.86%
[Stage2/Head] ep 115/480 | loss 2.8333 | ce 1.0001 | logit 18.3319 | train_acc 42.86%
[Stage2/Head] ep 116/480 | loss 2.7757 | ce 0.9763 | logit 17.9938 | train_acc 42.86%
[Stage2/Head] ep 117/480 | loss 2.7187 | ce 0.9533 | logit 17.6544 | train_acc 42.86%
[Stage2/Head] ep 118/480 | loss 2.6614 | ce 0.9310 | logit 17.3037 | train_acc 42.86%
[Stage2/Head] ep 119/480 | loss 2.6071 | ce 0.9098 | logit 16.9728 | train_acc 42.86%
[Stage2/Head] ep 120/480 | loss 2.5527 | ce 0.8900 | logit 16.6273 | train_acc 42.86%
[Stage2/Head] ep 121/480 | loss 2.4992 | ce 0.8700 | logit 16.2918 | train_acc 42.86%
[Stage2/Head] ep 122/480 | loss 2.4466 | ce 0.8514 | logit 15.9519 | train_acc 42.86%
[Stage2/Head] ep 123/480 | loss 2.3953 | ce 0.8332 | logit 15.6214 | train_acc 42.86%
[Stage2/Head] ep 124/480 | loss 2.3443 | ce 0.8154 | logit 15.2885 | train_acc 42.86%
[Stage2/Head] ep 125/480 | loss 2.2948 | ce 0.7986 | logit 14.9620 | train_acc 42.86%
[Stage2/Head] ep 126/480 | loss 2.2456 | ce 0.7816 | logit 14.6397 | train_acc 42.86%
[Stage2/Head] ep 127/480 | loss 2.1973 | ce 0.7661 | logit 14.3118 | train_acc 42.86%
[Stage2/Head] ep 128/480 | loss 2.1503 | ce 0.7494 | logit 14.0089 | train_acc 42.86%
[Stage2/Head] ep 129/480 | loss 2.1035 | ce 0.7346 | logit 13.6892 | train_acc 42.86%
[Stage2/Head] ep 130/480 | loss 2.0588 | ce 0.7198 | logit 13.3905 | train_acc 42.86%
[Stage2/Head] ep 131/480 | loss 2.0144 | ce 0.7048 | logit 13.0963 | train_acc 42.86%
[Stage2/Head] ep 132/480 | loss 1.9707 | ce 0.6909 | logit 12.7980 | train_acc 42.86%
[Stage2/Head] ep 133/480 | loss 1.9284 | ce 0.6765 | logit 12.5186 | train_acc 42.86%
[Stage2/Head] ep 134/480 | loss 1.8863 | ce 0.6634 | logit 12.2286 | train_acc 42.86%
[Stage2/Head] ep 135/480 | loss 1.8460 | ce 0.6492 | logit 11.9685 | train_acc 42.86%
[Stage2/Head] ep 136/480 | loss 1.8059 | ce 0.6368 | logit 11.6904 | train_acc 42.86%
[Stage2/Head] ep 137/480 | loss 1.7667 | ce 0.6234 | logit 11.4330 | train_acc 42.86%
[Stage2/Head] ep 138/480 | loss 1.7285 | ce 0.6111 | logit 11.1739 | train_acc 42.86%
[Stage2/Head] ep 139/480 | loss 1.6910 | ce 0.5988 | logit 10.9225 | train_acc 42.86%
[Stage2/Head] ep 140/480 | loss 1.6546 | ce 0.5863 | logit 10.6829 | train_acc 42.86%
[Stage2/Head] ep 141/480 | loss 1.6191 | ce 0.5747 | logit 10.4432 | train_acc 42.86%
[Stage2/Head] ep 142/480 | loss 1.5846 | ce 0.5631 | logit 10.2151 | train_acc 42.86%
[Stage2/Head] ep 143/480 | loss 1.5507 | ce 0.5511 | logit 9.9952 | train_acc 42.86%
[Stage2/Head] ep 144/480 | loss 1.5176 | ce 0.5404 | logit 9.7715 | train_acc 42.86%
[Stage2/Head] ep 145/480 | loss 1.4852 | ce 0.5290 | logit 9.5622 | train_acc 42.86%
[Stage2/Head] ep 146/480 | loss 1.4541 | ce 0.5185 | logit 9.3565 | train_acc 42.86%
[Stage2/Head] ep 147/480 | loss 1.4234 | ce 0.5076 | logit 9.1590 | train_acc 42.86%
[Stage2/Head] ep 148/480 | loss 1.3936 | ce 0.4978 | logit 8.9575 | train_acc 42.86%
[Stage2/Head] ep 149/480 | loss 1.3650 | ce 0.4870 | logit 8.7808 | train_acc 42.86%
[Stage2/Head] ep 150/480 | loss 1.3366 | ce 0.4772 | logit 8.5942 | train_acc 42.86%
[Stage2/Head] ep 151/480 | loss 1.3098 | ce 0.4672 | logit 8.4260 | train_acc 42.86%
[Stage2/Head] ep 152/480 | loss 1.2827 | ce 0.4579 | logit 8.2486 | train_acc 42.86%
[Stage2/Head] ep 153/480 | loss 1.2571 | ce 0.4480 | logit 8.0913 | train_acc 42.86%
[Stage2/Head] ep 154/480 | loss 1.2325 | ce 0.4389 | logit 7.9358 | train_acc 42.86%
[Stage2/Head] ep 155/480 | loss 1.2077 | ce 0.4301 | logit 7.7765 | train_acc 42.86%
[Stage2/Head] ep 156/480 | loss 1.1845 | ce 0.4208 | logit 7.6366 | train_acc 42.86%
[Stage2/Head] ep 157/480 | loss 1.1617 | ce 0.4123 | logit 7.4947 | train_acc 42.86%
[Stage2/Head] ep 158/480 | loss 1.1394 | ce 0.4035 | logit 7.3597 | train_acc 42.86%
[Stage2/Head] ep 159/480 | loss 1.1177 | ce 0.3951 | logit 7.2256 | train_acc 42.86%
[Stage2/Head] ep 160/480 | loss 1.0974 | ce 0.3872 | logit 7.1028 | train_acc 42.86%
[Stage2/Head] ep 161/480 | loss 1.0771 | ce 0.3788 | logit 6.9831 | train_acc 42.86%
[Stage2/Head] ep 162/480 | loss 1.0577 | ce 0.3711 | logit 6.8660 | train_acc 42.86%
[Stage2/Head] ep 163/480 | loss 1.0390 | ce 0.3632 | logit 6.7581 | train_acc 42.86%
[Stage2/Head] ep 164/480 | loss 1.0210 | ce 0.3563 | logit 6.6474 | train_acc 42.86%
[Stage2/Head] ep 165/480 | loss 1.0034 | ce 0.3481 | logit 6.5536 | train_acc 42.86%
[Stage2/Head] ep 166/480 | loss 0.9869 | ce 0.3412 | logit 6.4575 | train_acc 42.86%
[Stage2/Head] ep 167/480 | loss 0.9704 | ce 0.3342 | logit 6.3621 | train_acc 42.86%
[Stage2/Head] ep 168/480 | loss 0.9546 | ce 0.3270 | logit 6.2756 | train_acc 42.86%
[Stage2/Head] ep 169/480 | loss 0.9397 | ce 0.3204 | logit 6.1929 | train_acc 42.86%
[Stage2/Head] ep 170/480 | loss 0.9253 | ce 0.3138 | logit 6.1146 | train_acc 42.86%
[Stage2/Head] ep 171/480 | loss 0.9114 | ce 0.3072 | logit 6.0418 | train_acc 42.86%
[Stage2/Head] ep 172/480 | loss 0.8980 | ce 0.3011 | logit 5.9691 | train_acc 42.86%
[Stage2/Head] ep 173/480 | loss 0.8850 | ce 0.2950 | logit 5.8997 | train_acc 42.86%
[Stage2/Head] ep 174/480 | loss 0.8725 | ce 0.2889 | logit 5.8360 | train_acc 42.86%
[Stage2/Head] ep 175/480 | loss 0.8606 | ce 0.2830 | logit 5.7765 | train_acc 42.86%
[Stage2/Head] ep 176/480 | loss 0.8490 | ce 0.2773 | logit 5.7179 | train_acc 42.86%
[Stage2/Head] ep 177/480 | loss 0.8382 | ce 0.2716 | logit 5.6659 | train_acc 42.86%
[Stage2/Head] ep 178/480 | loss 0.8281 | ce 0.2662 | logit 5.6186 | train_acc 42.86%
[Stage2/Head] ep 179/480 | loss 0.8178 | ce 0.2611 | logit 5.5672 | train_acc 42.86%
[Stage2/Head] ep 180/480 | loss 0.8083 | ce 0.2558 | logit 5.5257 | train_acc 42.86%
[Stage2/Head] ep 181/480 | loss 0.7991 | ce 0.2507 | logit 5.4839 | train_acc 42.86%
[Stage2/Head] ep 182/480 | loss 0.7901 | ce 0.2459 | logit 5.4421 | train_acc 42.86%
[Stage2/Head] ep 183/480 | loss 0.7821 | ce 0.2413 | logit 5.4081 | train_acc 42.86%
[Stage2/Head] ep 184/480 | loss 0.7712 | ce 0.2413 | logit 5.2987 | train_acc 43.40%
[Stage2/Head] ep 185/480 | loss 0.7557 | ce 0.2418 | logit 5.1386 | train_acc 43.84%
[Stage2/Head] ep 186/480 | loss 0.7406 | ce 0.2388 | logit 5.0173 | train_acc 44.83%
[Stage2/Head] ep 187/480 | loss 0.7283 | ce 0.2348 | logit 4.9344 | train_acc 45.83%
[Stage2/Head] ep 188/480 | loss 0.7137 | ce 0.2318 | logit 4.8194 | train_acc 47.73%
[Stage2/Head] ep 189/480 | loss 0.7007 | ce 0.2284 | logit 4.7227 | train_acc 49.06%
[Stage2/Head] ep 190/480 | loss 0.6911 | ce 0.2243 | logit 4.6676 | train_acc 49.94%
[Stage2/Head] ep 191/480 | loss 0.6819 | ce 0.2221 | logit 4.5981 | train_acc 50.63%
[Stage2/Head] ep 192/480 | loss 0.6709 | ce 0.2164 | logit 4.5447 | train_acc 51.17%
[Stage2/Head] ep 193/480 | loss 0.6648 | ce 0.2149 | logit 4.4989 | train_acc 51.04%
[Stage2/Head] ep 194/480 | loss 0.6562 | ce 0.2103 | logit 4.4584 | train_acc 51.61%
[Stage2/Head] ep 195/480 | loss 0.6481 | ce 0.2093 | logit 4.3879 | train_acc 52.57%
[Stage2/Head] ep 196/480 | loss 0.6387 | ce 0.2024 | logit 4.3630 | train_acc 52.81%
[Stage2/Head] ep 197/480 | loss 0.6291 | ce 0.1967 | logit 4.3239 | train_acc 53.14%
[Stage2/Head] ep 198/480 | loss 0.6346 | ce 0.2007 | logit 4.3392 | train_acc 52.44%
[Stage2/Head] ep 199/480 | loss 0.6254 | ce 0.1949 | logit 4.3047 | train_acc 52.73%
[Stage2/Head] ep 200/480 | loss 0.6154 | ce 0.1920 | logit 4.2342 | train_acc 53.63%
[Stage2/Head] ep 201/480 | loss 0.6118 | ce 0.1889 | logit 4.2295 | train_acc 53.64%
[Stage2/Head] ep 202/480 | loss 0.5978 | ce 0.1834 | logit 4.1432 | train_acc 54.53%
[Stage2/Head] ep 203/480 | loss 0.5979 | ce 0.1805 | logit 4.1737 | train_acc 54.09%
[Stage2/Head] ep 204/480 | loss 0.6003 | ce 0.1856 | logit 4.1469 | train_acc 53.97%
[Stage2/Head] ep 205/480 | loss 0.5854 | ce 0.1770 | logit 4.0837 | train_acc 55.11%
[Stage2/Head] ep 206/480 | loss 0.5851 | ce 0.1776 | logit 4.0747 | train_acc 55.09%
[Stage2/Head] ep 207/480 | loss 0.5800 | ce 0.1688 | logit 4.1123 | train_acc 54.56%
[Stage2/Head] ep 208/480 | loss 0.5814 | ce 0.1706 | logit 4.1086 | train_acc 54.24%
[Stage2/Head] ep 209/480 | loss 0.5706 | ce 0.1711 | logit 3.9949 | train_acc 55.39%
[Stage2/Head] ep 210/480 | loss 0.5669 | ce 0.1701 | logit 3.9678 | train_acc 55.56%
[Stage2/Head] ep 211/480 | loss 0.5637 | ce 0.1627 | logit 4.0106 | train_acc 54.94%
[Stage2/Head] ep 212/480 | loss 0.5589 | ce 0.1636 | logit 3.9533 | train_acc 55.67%
[Stage2/Head] ep 213/480 | loss 0.5563 | ce 0.1622 | logit 3.9405 | train_acc 55.27%
[Stage2/Head] ep 214/480 | loss 0.5518 | ce 0.1664 | logit 3.8536 | train_acc 55.83%
[Stage2/Head] ep 215/480 | loss 0.5504 | ce 0.1658 | logit 3.8463 | train_acc 55.97%
[Stage2/Head] ep 216/480 | loss 0.5436 | ce 0.1564 | logit 3.8720 | train_acc 55.11%
[Stage2/Head] ep 217/480 | loss 0.5377 | ce 0.1542 | logit 3.8355 | train_acc 55.73%
[Stage2/Head] ep 218/480 | loss 0.5498 | ce 0.1665 | logit 3.8336 | train_acc 55.26%
[Stage2/Head] ep 219/480 | loss 0.5261 | ce 0.1517 | logit 3.7431 | train_acc 56.63%
[Stage2/Head] ep 220/480 | loss 0.5259 | ce 0.1525 | logit 3.7335 | train_acc 56.49%
[Stage2/Head] ep 221/480 | loss 0.5366 | ce 0.1547 | logit 3.8186 | train_acc 55.49%
[Stage2/Head] ep 222/480 | loss 0.5272 | ce 0.1528 | logit 3.7440 | train_acc 56.53%
[Stage2/Head] ep 223/480 | loss 0.5280 | ce 0.1485 | logit 3.7949 | train_acc 55.94%
[Stage2/Head] ep 224/480 | loss 0.5254 | ce 0.1477 | logit 3.7778 | train_acc 56.17%
[Stage2/Head] ep 225/480 | loss 0.5169 | ce 0.1472 | logit 3.6967 | train_acc 56.81%
[Stage2/Head] ep 226/480 | loss 0.5139 | ce 0.1428 | logit 3.7108 | train_acc 56.64%
[Stage2/Head] ep 227/480 | loss 0.5175 | ce 0.1463 | logit 3.7122 | train_acc 56.94%
[Stage2/Head] ep 228/480 | loss 0.5193 | ce 0.1502 | logit 3.6905 | train_acc 56.99%
[Stage2/Head] ep 229/480 | loss 0.5185 | ce 0.1375 | logit 3.8102 | train_acc 56.07%
[Stage2/Head] ep 230/480 | loss 0.5108 | ce 0.1413 | logit 3.6948 | train_acc 56.86%
[Stage2/Head] ep 231/480 | loss 0.5076 | ce 0.1381 | logit 3.6944 | train_acc 56.54%
[Stage2/Head] ep 232/480 | loss 0.5062 | ce 0.1363 | logit 3.6994 | train_acc 57.00%
[Stage2/Head] ep 233/480 | loss 0.5100 | ce 0.1347 | logit 3.7527 | train_acc 56.57%
[Stage2/Head] ep 234/480 | loss 0.5027 | ce 0.1345 | logit 3.6821 | train_acc 56.70%
[Stage2/Head] ep 235/480 | loss 0.4998 | ce 0.1367 | logit 3.6316 | train_acc 57.37%
[Stage2/Head] ep 236/480 | loss 0.4920 | ce 0.1335 | logit 3.5842 | train_acc 57.74%
[Stage2/Head] ep 237/480 | loss 0.4916 | ce 0.1342 | logit 3.5735 | train_acc 57.61%
[Stage2/Head] ep 238/480 | loss 0.4912 | ce 0.1298 | logit 3.6142 | train_acc 57.30%
[Stage2/Head] ep 239/480 | loss 0.5033 | ce 0.1313 | logit 3.7194 | train_acc 56.63%
[Stage2/Head] ep 240/480 | loss 0.5003 | ce 0.1374 | logit 3.6287 | train_acc 57.44%
[Stage2/Head] ep 241/480 | loss 0.4973 | ce 0.1325 | logit 3.6476 | train_acc 57.19%
[Stage2/Head] ep 242/480 | loss 0.4907 | ce 0.1250 | logit 3.6571 | train_acc 57.43%
[Stage2/Head] ep 243/480 | loss 0.4976 | ce 0.1346 | logit 3.6300 | train_acc 57.50%
[Stage2/Head] ep 244/480 | loss 0.4976 | ce 0.1299 | logit 3.6767 | train_acc 57.09%
[Stage2/Head] ep 245/480 | loss 0.4899 | ce 0.1232 | logit 3.6675 | train_acc 57.31%
[Stage2/Head] ep 246/480 | loss 0.4919 | ce 0.1285 | logit 3.6337 | train_acc 57.60%
[Stage2/Head] ep 247/480 | loss 0.4984 | ce 0.1291 | logit 3.6938 | train_acc 57.24%
[Stage2/Head] ep 248/480 | loss 0.4907 | ce 0.1219 | logit 3.6884 | train_acc 57.26%
[Stage2/Head] ep 249/480 | loss 0.4884 | ce 0.1350 | logit 3.5341 | train_acc 58.13%
[Stage2/Head] ep 250/480 | loss 0.4922 | ce 0.1292 | logit 3.6298 | train_acc 57.24%
[Stage2/Head] ep 251/480 | loss 0.4959 | ce 0.1349 | logit 3.6102 | train_acc 57.81%
[Stage2/Head] ep 252/480 | loss 0.4856 | ce 0.1187 | logit 3.6689 | train_acc 57.54%
[Stage2/Head] ep 253/480 | loss 0.4962 | ce 0.1305 | logit 3.6565 | train_acc 57.49%
[Stage2/Head] ep 254/480 | loss 0.4879 | ce 0.1304 | logit 3.5754 | train_acc 57.87%
[Stage2/Head] ep 255/480 | loss 0.4892 | ce 0.1239 | logit 3.6529 | train_acc 57.69%
[Stage2/Head] ep 256/480 | loss 0.4897 | ce 0.1274 | logit 3.6227 | train_acc 57.54%
[Stage2/Head] ep 257/480 | loss 0.4827 | ce 0.1259 | logit 3.5677 | train_acc 57.70%
[Stage2/Head] ep 258/480 | loss 0.4781 | ce 0.1210 | logit 3.5704 | train_acc 58.09%
[Stage2/Head] ep 259/480 | loss 0.4739 | ce 0.1198 | logit 3.5402 | train_acc 58.16%
[Stage2/Head] ep 260/480 | loss 0.4854 | ce 0.1238 | logit 3.6161 | train_acc 57.64%
[Stage2/Head] ep 261/480 | loss 0.4775 | ce 0.1224 | logit 3.5511 | train_acc 57.91%
[Stage2/Head] ep 262/480 | loss 0.4840 | ce 0.1232 | logit 3.6078 | train_acc 57.91%
[Stage2/Head] ep 263/480 | loss 0.4785 | ce 0.1230 | logit 3.5552 | train_acc 58.16%
[Stage2/Head] ep 264/480 | loss 0.4786 | ce 0.1204 | logit 3.5819 | train_acc 57.66%
[Stage2/Head] ep 265/480 | loss 0.4797 | ce 0.1217 | logit 3.5799 | train_acc 57.80%
[Stage2/Head] ep 266/480 | loss 0.4806 | ce 0.1239 | logit 3.5675 | train_acc 57.89%
[Stage2/Head] ep 267/480 | loss 0.4735 | ce 0.1217 | logit 3.5183 | train_acc 58.34%
[Stage2/Head] ep 268/480 | loss 0.4679 | ce 0.1224 | logit 3.4546 | train_acc 58.46%
[Stage2/Head] ep 269/480 | loss 0.4706 | ce 0.1164 | logit 3.5424 | train_acc 57.73%
[Stage2/Head] ep 270/480 | loss 0.4818 | ce 0.1299 | logit 3.5190 | train_acc 57.43%
[Stage2/Head] ep 271/480 | loss 0.4671 | ce 0.1201 | logit 3.4703 | train_acc 58.57%
[Stage2/Head] ep 272/480 | loss 0.4756 | ce 0.1224 | logit 3.5313 | train_acc 58.01%
[Stage2/Head] ep 273/480 | loss 0.4720 | ce 0.1199 | logit 3.5210 | train_acc 57.90%
[Stage2/Head] ep 274/480 | loss 0.4716 | ce 0.1221 | logit 3.4947 | train_acc 58.07%
[Stage2/Head] ep 275/480 | loss 0.4742 | ce 0.1196 | logit 3.5467 | train_acc 57.76%
[Stage2/Head] ep 276/480 | loss 0.4715 | ce 0.1218 | logit 3.4974 | train_acc 58.13%
[Stage2/Head] ep 277/480 | loss 0.4772 | ce 0.1196 | logit 3.5767 | train_acc 57.91%
[Stage2/Head] ep 278/480 | loss 0.4624 | ce 0.1157 | logit 3.4667 | train_acc 58.29%
[Stage2/Head] ep 279/480 | loss 0.4715 | ce 0.1220 | logit 3.4957 | train_acc 58.14%
[Stage2/Head] ep 280/480 | loss 0.4622 | ce 0.1120 | logit 3.5023 | train_acc 58.07%
[Stage2/Head] ep 281/480 | loss 0.4744 | ce 0.1231 | logit 3.5135 | train_acc 57.54%
[Stage2/Head] ep 282/480 | loss 0.4777 | ce 0.1211 | logit 3.5655 | train_acc 57.26%
[Stage2/Head] ep 283/480 | loss 0.4650 | ce 0.1237 | logit 3.4128 | train_acc 58.06%
[Stage2/Head] ep 284/480 | loss 0.4565 | ce 0.1148 | logit 3.4176 | train_acc 58.31%
[Stage2/Head] ep 285/480 | loss 0.4727 | ce 0.1217 | logit 3.5100 | train_acc 57.60%
[Stage2/Head] ep 286/480 | loss 0.4628 | ce 0.1167 | logit 3.4611 | train_acc 58.24%
[Stage2/Head] ep 287/480 | loss 0.4539 | ce 0.1149 | logit 3.3908 | train_acc 58.60%
[Stage2/Head] ep 288/480 | loss 0.4538 | ce 0.1157 | logit 3.3808 | train_acc 58.63%
[Stage2/Head] ep 289/480 | loss 0.4596 | ce 0.1177 | logit 3.4182 | train_acc 58.26%
[Stage2/Head] ep 290/480 | loss 0.4621 | ce 0.1224 | logit 3.3968 | train_acc 58.59%
[Stage2/Head] ep 291/480 | loss 0.4618 | ce 0.1120 | logit 3.4980 | train_acc 58.04%
[Stage2/Head] ep 292/480 | loss 0.4543 | ce 0.1178 | logit 3.3657 | train_acc 58.39%
[Stage2/Head] ep 293/480 | loss 0.4522 | ce 0.1207 | logit 3.3152 | train_acc 58.81%
[Stage2/Head] ep 294/480 | loss 0.4579 | ce 0.1124 | logit 3.4556 | train_acc 58.03%
[Stage2/Head] ep 295/480 | loss 0.4666 | ce 0.1224 | logit 3.4411 | train_acc 58.51%
[Stage2/Head] ep 296/480 | loss 0.4665 | ce 0.1212 | logit 3.4522 | train_acc 58.13%
[Stage2/Head] ep 297/480 | loss 0.4567 | ce 0.1184 | logit 3.3829 | train_acc 58.84%
[Stage2/Head] ep 298/480 | loss 0.4540 | ce 0.1184 | logit 3.3560 | train_acc 58.36%
[Stage2/Head] ep 299/480 | loss 0.4474 | ce 0.1119 | logit 3.3551 | train_acc 58.59%
[Stage2/Head] ep 300/480 | loss 0.4470 | ce 0.1138 | logit 3.3317 | train_acc 58.60%
[Stage2/Head] ep 301/480 | loss 0.4506 | ce 0.1143 | logit 3.3630 | train_acc 58.00%
[Stage2/Head] ep 302/480 | loss 0.4551 | ce 0.1128 | logit 3.4232 | train_acc 58.04%
[Stage2/Head] ep 303/480 | loss 0.4539 | ce 0.1155 | logit 3.3843 | train_acc 58.13%
[Stage2/Head] ep 304/480 | loss 0.4449 | ce 0.1194 | logit 3.2555 | train_acc 58.67%
[Stage2/Head] ep 305/480 | loss 0.4470 | ce 0.1110 | logit 3.3600 | train_acc 58.10%
[Stage2/Head] ep 306/480 | loss 0.4482 | ce 0.1204 | logit 3.2784 | train_acc 58.61%
[Stage2/Head] ep 307/480 | loss 0.4500 | ce 0.1167 | logit 3.3328 | train_acc 58.31%
[Stage2/Head] ep 308/480 | loss 0.4473 | ce 0.1147 | logit 3.3261 | train_acc 58.79%
[Stage2/Head] ep 309/480 | loss 0.4493 | ce 0.1221 | logit 3.2714 | train_acc 58.54%
[Stage2/Head] ep 310/480 | loss 0.4439 | ce 0.1182 | logit 3.2574 | train_acc 58.66%
[Stage2/Head] ep 311/480 | loss 0.4418 | ce 0.1119 | logit 3.2995 | train_acc 58.23%
[Stage2/Head] ep 312/480 | loss 0.4622 | ce 0.1221 | logit 3.4016 | train_acc 57.93%
[Stage2/Head] ep 313/480 | loss 0.4385 | ce 0.1083 | logit 3.3020 | train_acc 58.30%
[Stage2/Head] ep 314/480 | loss 0.4423 | ce 0.1110 | logit 3.3124 | train_acc 58.29%
[Stage2/Head] ep 315/480 | loss 0.4305 | ce 0.1106 | logit 3.1990 | train_acc 58.79%
[Stage2/Head] ep 316/480 | loss 0.4441 | ce 0.1182 | logit 3.2594 | train_acc 58.47%
[Stage2/Head] ep 317/480 | loss 0.4390 | ce 0.1117 | logit 3.2727 | train_acc 58.27%
[Stage2/Head] ep 318/480 | loss 0.4458 | ce 0.1177 | logit 3.2807 | train_acc 58.26%
[Stage2/Head] ep 319/480 | loss 0.4446 | ce 0.1154 | logit 3.2928 | train_acc 58.23%
[Stage2/Head] ep 320/480 | loss 0.4402 | ce 0.1138 | logit 3.2637 | train_acc 58.40%
[Stage2/Head] ep 321/480 | loss 0.4344 | ce 0.1096 | logit 3.2483 | train_acc 58.14%
[Stage2/Head] ep 322/480 | loss 0.4416 | ce 0.1172 | logit 3.2432 | train_acc 58.14%
[Stage2/Head] ep 323/480 | loss 0.4311 | ce 0.1106 | logit 3.2049 | train_acc 58.56%
[Stage2/Head] ep 324/480 | loss 0.4365 | ce 0.1173 | logit 3.1917 | train_acc 58.57%
[Stage2/Head] ep 325/480 | loss 0.4413 | ce 0.1146 | logit 3.2671 | train_acc 58.29%
[Stage2/Head] ep 326/480 | loss 0.4284 | ce 0.1088 | logit 3.1957 | train_acc 58.30%
[Stage2/Head] ep 327/480 | loss 0.4360 | ce 0.1156 | logit 3.2041 | train_acc 57.96%
[Stage2/Head] ep 328/480 | loss 0.4297 | ce 0.1079 | logit 3.2187 | train_acc 58.17%
[Stage2/Head] ep 329/480 | loss 0.4262 | ce 0.1134 | logit 3.1277 | train_acc 58.59%
[Stage2/Head] ep 330/480 | loss 0.4341 | ce 0.1140 | logit 3.2010 | train_acc 58.11%
[Stage2/Head] ep 331/480 | loss 0.4196 | ce 0.1103 | logit 3.0931 | train_acc 58.74%
[Stage2/Head] ep 332/480 | loss 0.4345 | ce 0.1209 | logit 3.1357 | train_acc 58.43%
[Stage2/Head] ep 333/480 | loss 0.4330 | ce 0.1063 | logit 3.2671 | train_acc 58.00%
[Stage2/Head] ep 334/480 | loss 0.4138 | ce 0.1070 | logit 3.0671 | train_acc 58.73%
[Stage2/Head] ep 335/480 | loss 0.4363 | ce 0.1168 | logit 3.1946 | train_acc 57.86%
[Stage2/Head] ep 336/480 | loss 0.4299 | ce 0.1122 | logit 3.1766 | train_acc 57.80%
[Stage2/Head] ep 337/480 | loss 0.4340 | ce 0.1165 | logit 3.1759 | train_acc 57.80%
[Stage2/Head] ep 338/480 | loss 0.4237 | ce 0.1106 | logit 3.1312 | train_acc 57.63%
[Stage2/Head] ep 339/480 | loss 0.4226 | ce 0.1107 | logit 3.1185 | train_acc 57.91%
[Stage2/Head] ep 340/480 | loss 0.4211 | ce 0.1143 | logit 3.0673 | train_acc 57.99%
[Stage2/Head] ep 341/480 | loss 0.4199 | ce 0.1159 | logit 3.0402 | train_acc 57.93%
[Stage2/Head] ep 342/480 | loss 0.4209 | ce 0.1163 | logit 3.0462 | train_acc 57.70%
[Stage2/Head] ep 343/480 | loss 0.4089 | ce 0.1154 | logit 2.9345 | train_acc 57.79%
[Stage2/Head] ep 344/480 | loss 0.4045 | ce 0.1097 | logit 2.9488 | train_acc 57.84%
[Stage2/Head] ep 345/480 | loss 0.3924 | ce 0.1103 | logit 2.8211 | train_acc 58.14%
[Stage2/Head] ep 346/480 | loss 0.3858 | ce 0.1055 | logit 2.8029 | train_acc 58.47%
[Stage2/Head] ep 347/480 | loss 0.3952 | ce 0.1098 | logit 2.8532 | train_acc 57.74%
[Stage2/Head] ep 348/480 | loss 0.3999 | ce 0.1164 | logit 2.8351 | train_acc 57.90%
[Stage2/Head] ep 349/480 | loss 0.3896 | ce 0.1018 | logit 2.8780 | train_acc 57.87%
[Stage2/Head] ep 350/480 | loss 0.3983 | ce 0.1130 | logit 2.8532 | train_acc 58.07%
[Stage2/Head] ep 351/480 | loss 0.4016 | ce 0.1124 | logit 2.8917 | train_acc 57.81%
[Stage2/Head] ep 352/480 | loss 0.3990 | ce 0.1104 | logit 2.8864 | train_acc 57.79%
[Stage2/Head] ep 353/480 | loss 0.3862 | ce 0.1095 | logit 2.7673 | train_acc 58.44%
[Stage2/Head] ep 354/480 | loss 0.3959 | ce 0.1156 | logit 2.8039 | train_acc 58.33%
[Stage2/Head] ep 355/480 | loss 0.3824 | ce 0.1023 | logit 2.8005 | train_acc 58.20%
[Stage2/Head] ep 356/480 | loss 0.3928 | ce 0.1135 | logit 2.7925 | train_acc 58.40%
[Stage2/Head] ep 357/480 | loss 0.3947 | ce 0.1116 | logit 2.8306 | train_acc 57.91%
[Stage2/Head] ep 358/480 | loss 0.3839 | ce 0.1033 | logit 2.8054 | train_acc 58.44%
[Stage2/Head] ep 359/480 | loss 0.3895 | ce 0.1118 | logit 2.7771 | train_acc 58.40%
[Stage2/Head] ep 360/480 | loss 0.3846 | ce 0.1067 | logit 2.7788 | train_acc 58.51%
[Stage2/Head] ep 361/480 | loss 0.3869 | ce 0.1048 | logit 2.8206 | train_acc 57.93%
[Stage2/Head] ep 362/480 | loss 0.3801 | ce 0.1082 | logit 2.7194 | train_acc 58.43%
[Stage2/Head] ep 363/480 | loss 0.3822 | ce 0.1028 | logit 2.7939 | train_acc 58.61%
[Stage2/Head] ep 364/480 | loss 0.3912 | ce 0.1099 | logit 2.8137 | train_acc 58.10%
[Stage2/Head] ep 365/480 | loss 0.3824 | ce 0.1063 | logit 2.7608 | train_acc 58.31%
[Stage2/Head] ep 366/480 | loss 0.3867 | ce 0.1107 | logit 2.7600 | train_acc 58.63%
[Stage2/Head] ep 367/480 | loss 0.3961 | ce 0.1063 | logit 2.8982 | train_acc 57.67%
[Stage2/Head] ep 368/480 | loss 0.3918 | ce 0.1142 | logit 2.7754 | train_acc 57.83%
[Stage2/Head] ep 369/480 | loss 0.3791 | ce 0.1064 | logit 2.7274 | train_acc 58.67%
[Stage2/Head] ep 370/480 | loss 0.3873 | ce 0.1105 | logit 2.7683 | train_acc 58.14%
[Stage2/Head] ep 371/480 | loss 0.3839 | ce 0.1109 | logit 2.7294 | train_acc 58.83%
[Stage2/Head] ep 372/480 | loss 0.3804 | ce 0.1064 | logit 2.7395 | train_acc 58.83%
[Stage2/Head] ep 373/480 | loss 0.3876 | ce 0.1099 | logit 2.7769 | train_acc 58.29%
[Stage2/Head] ep 374/480 | loss 0.3858 | ce 0.1080 | logit 2.7785 | train_acc 58.37%
[Stage2/Head] ep 375/480 | loss 0.3820 | ce 0.1108 | logit 2.7120 | train_acc 58.46%
[Stage2/Head] ep 376/480 | loss 0.3808 | ce 0.1054 | logit 2.7535 | train_acc 58.61%
[Stage2/Head] ep 377/480 | loss 0.3839 | ce 0.1096 | logit 2.7426 | train_acc 58.73%
[Stage2/Head] ep 378/480 | loss 0.3928 | ce 0.1139 | logit 2.7885 | train_acc 58.21%
[Stage2/Head] ep 379/480 | loss 0.3903 | ce 0.1094 | logit 2.8094 | train_acc 58.36%
[Stage2/Head] ep 380/480 | loss 0.3770 | ce 0.1090 | logit 2.6802 | train_acc 59.14%
[Stage2/Head] ep 381/480 | loss 0.3685 | ce 0.1004 | logit 2.6805 | train_acc 58.97%
[Stage2/Head] ep 382/480 | loss 0.3864 | ce 0.1106 | logit 2.7583 | train_acc 58.47%
[Stage2/Head] ep 383/480 | loss 0.3838 | ce 0.1074 | logit 2.7639 | train_acc 58.66%
[Stage2/Head] ep 384/480 | loss 0.3690 | ce 0.0990 | logit 2.7008 | train_acc 59.39%
[Stage2/Head] ep 385/480 | loss 0.3900 | ce 0.1189 | logit 2.7116 | train_acc 58.47%
[Stage2/Head] ep 386/480 | loss 0.3821 | ce 0.0999 | logit 2.8225 | train_acc 58.60%
[Stage2/Head] ep 387/480 | loss 0.3848 | ce 0.1137 | logit 2.7105 | train_acc 58.61%
[Stage2/Head] ep 388/480 | loss 0.3792 | ce 0.1057 | logit 2.7343 | train_acc 58.87%
[Stage2/Head] ep 389/480 | loss 0.3877 | ce 0.1118 | logit 2.7587 | train_acc 58.83%
[Stage2/Head] ep 390/480 | loss 0.3751 | ce 0.1077 | logit 2.6744 | train_acc 59.06%
[Stage2/Head] ep 391/480 | loss 0.3876 | ce 0.1072 | logit 2.8037 | train_acc 58.27%
[Stage2/Head] ep 392/480 | loss 0.3727 | ce 0.1030 | logit 2.6973 | train_acc 58.90%
[Stage2/Head] ep 393/480 | loss 0.3819 | ce 0.1119 | logit 2.6995 | train_acc 59.09%
[Stage2/Head] ep 394/480 | loss 0.3822 | ce 0.1107 | logit 2.7147 | train_acc 58.70%
[Stage2/Head] ep 395/480 | loss 0.3822 | ce 0.1013 | logit 2.8093 | train_acc 58.44%
[Stage2/Head] ep 396/480 | loss 0.3857 | ce 0.1155 | logit 2.7024 | train_acc 58.56%
[Stage2/Head] ep 397/480 | loss 0.3761 | ce 0.1036 | logit 2.7252 | train_acc 58.76%
[Stage2/Head] ep 398/480 | loss 0.3756 | ce 0.1068 | logit 2.6886 | train_acc 59.23%
[Stage2/Head] ep 399/480 | loss 0.3814 | ce 0.1088 | logit 2.7258 | train_acc 58.61%
[Stage2/Head] ep 400/480 | loss 0.3788 | ce 0.1047 | logit 2.7405 | train_acc 58.69%
[Stage2/Head] ep 401/480 | loss 0.3750 | ce 0.1073 | logit 2.6769 | train_acc 58.94%
[Stage2/Head] ep 402/480 | loss 0.3733 | ce 0.1003 | logit 2.7299 | train_acc 59.06%
[Stage2/Head] ep 403/480 | loss 0.3805 | ce 0.1063 | logit 2.7419 | train_acc 59.11%
[Stage2/Head] ep 404/480 | loss 0.3855 | ce 0.1141 | logit 2.7134 | train_acc 59.04%
[Stage2/Head] ep 405/480 | loss 0.3728 | ce 0.1065 | logit 2.6623 | train_acc 59.20%
[Stage2/Head] ep 406/480 | loss 0.3697 | ce 0.1034 | logit 2.6637 | train_acc 59.26%
[Stage2/Head] ep 407/480 | loss 0.3816 | ce 0.1062 | logit 2.7546 | train_acc 58.86%
[Stage2/Head] ep 408/480 | loss 0.3850 | ce 0.1109 | logit 2.7410 | train_acc 58.89%
[Stage2/Head] ep 409/480 | loss 0.3778 | ce 0.1060 | logit 2.7176 | train_acc 58.74%
[Stage2/Head] ep 410/480 | loss 0.3790 | ce 0.1101 | logit 2.6889 | train_acc 58.90%
[Stage2/Head] ep 411/480 | loss 0.3825 | ce 0.1077 | logit 2.7477 | train_acc 58.77%
[Stage2/Head] ep 412/480 | loss 0.3843 | ce 0.1081 | logit 2.7615 | train_acc 58.53%
[Stage2/Head] ep 413/480 | loss 0.3687 | ce 0.1023 | logit 2.6644 | train_acc 59.19%
[Stage2/Head] ep 414/480 | loss 0.3795 | ce 0.1045 | logit 2.7499 | train_acc 58.74%
[Stage2/Head] ep 415/480 | loss 0.3742 | ce 0.1089 | logit 2.6529 | train_acc 59.16%
[Stage2/Head] ep 416/480 | loss 0.3796 | ce 0.1071 | logit 2.7258 | train_acc 58.37%
[Stage2/Head] ep 417/480 | loss 0.3742 | ce 0.1113 | logit 2.6289 | train_acc 58.87%
[Stage2/Head] ep 418/480 | loss 0.3815 | ce 0.1041 | logit 2.7742 | train_acc 58.46%
[Stage2/Head] ep 419/480 | loss 0.3814 | ce 0.1114 | logit 2.6995 | train_acc 58.80%
[Stage2/Head] ep 420/480 | loss 0.3841 | ce 0.1070 | logit 2.7711 | train_acc 58.27%
[Stage2/Head] ep 421/480 | loss 0.3762 | ce 0.1024 | logit 2.7381 | train_acc 58.66%
[Stage2/Head] ep 422/480 | loss 0.3691 | ce 0.1026 | logit 2.6647 | train_acc 59.14%
[Stage2/Head] ep 423/480 | loss 0.3842 | ce 0.1180 | logit 2.6620 | train_acc 58.70%
[Stage2/Head] ep 424/480 | loss 0.3766 | ce 0.1052 | logit 2.7142 | train_acc 58.69%
[Stage2/Head] ep 425/480 | loss 0.3719 | ce 0.1099 | logit 2.6202 | train_acc 59.31%
[Stage2/Head] ep 426/480 | loss 0.3702 | ce 0.1051 | logit 2.6509 | train_acc 58.96%
[Stage2/Head] ep 427/480 | loss 0.3900 | ce 0.1020 | logit 2.8801 | train_acc 57.87%
[Stage2/Head] ep 428/480 | loss 0.3725 | ce 0.1073 | logit 2.6521 | train_acc 59.13%
[Stage2/Head] ep 429/480 | loss 0.3750 | ce 0.1082 | logit 2.6682 | train_acc 58.99%
[Stage2/Head] ep 430/480 | loss 0.3756 | ce 0.1007 | logit 2.7483 | train_acc 58.86%
[Stage2/Head] ep 431/480 | loss 0.3732 | ce 0.1068 | logit 2.6644 | train_acc 59.00%
[Stage2/Head] ep 432/480 | loss 0.3802 | ce 0.1093 | logit 2.7090 | train_acc 58.86%
[Stage2/Head] ep 433/480 | loss 0.3765 | ce 0.0992 | logit 2.7722 | train_acc 58.93%
[Stage2/Head] ep 434/480 | loss 0.3791 | ce 0.1095 | logit 2.6958 | train_acc 59.01%
[Stage2/Head] ep 435/480 | loss 0.3844 | ce 0.1073 | logit 2.7708 | train_acc 58.63%
[Stage2/Head] ep 436/480 | loss 0.3696 | ce 0.1052 | logit 2.6440 | train_acc 59.21%
[Stage2/Head] ep 437/480 | loss 0.3770 | ce 0.1108 | logit 2.6618 | train_acc 58.87%
[Stage2/Head] ep 438/480 | loss 0.3762 | ce 0.1069 | logit 2.6923 | train_acc 58.86%
[Stage2/Head] ep 439/480 | loss 0.3803 | ce 0.1051 | logit 2.7520 | train_acc 58.23%
[Stage2/Head] ep 440/480 | loss 0.3779 | ce 0.1071 | logit 2.7080 | train_acc 58.89%
[Stage2/Head] ep 441/480 | loss 0.3834 | ce 0.1105 | logit 2.7290 | train_acc 58.89%
[Stage2/Head] ep 442/480 | loss 0.3692 | ce 0.1049 | logit 2.6427 | train_acc 59.39%
[Stage2/Head] ep 443/480 | loss 0.3813 | ce 0.1071 | logit 2.7420 | train_acc 58.49%
[Stage2/Head] ep 444/480 | loss 0.3746 | ce 0.1067 | logit 2.6794 | train_acc 59.19%
[Stage2/Head] ep 445/480 | loss 0.3824 | ce 0.1132 | logit 2.6918 | train_acc 58.94%
[Stage2/Head] ep 446/480 | loss 0.3761 | ce 0.1060 | logit 2.7010 | train_acc 58.59%
[Stage2/Head] ep 447/480 | loss 0.3725 | ce 0.0997 | logit 2.7274 | train_acc 59.26%
[Stage2/Head] ep 448/480 | loss 0.3814 | ce 0.1121 | logit 2.6938 | train_acc 58.93%
[Stage2/Head] ep 449/480 | loss 0.3736 | ce 0.1071 | logit 2.6648 | train_acc 59.00%
[Stage2/Head] ep 450/480 | loss 0.3682 | ce 0.1102 | logit 2.5799 | train_acc 59.50%
[Stage2/Head] ep 451/480 | loss 0.3800 | ce 0.1101 | logit 2.6987 | train_acc 58.81%
[Stage2/Head] ep 452/480 | loss 0.3817 | ce 0.1095 | logit 2.7229 | train_acc 58.64%
[Stage2/Head] ep 453/480 | loss 0.3713 | ce 0.0999 | logit 2.7133 | train_acc 59.20%
[Stage2/Head] ep 454/480 | loss 0.3709 | ce 0.1111 | logit 2.5985 | train_acc 59.79%
[Stage2/Head] ep 455/480 | loss 0.3734 | ce 0.1031 | logit 2.7036 | train_acc 58.74%
[Stage2/Head] ep 456/480 | loss 0.3773 | ce 0.1092 | logit 2.6816 | train_acc 58.83%
[Stage2/Head] ep 457/480 | loss 0.3808 | ce 0.1122 | logit 2.6866 | train_acc 58.70%
[Stage2/Head] ep 458/480 | loss 0.3732 | ce 0.1058 | logit 2.6737 | train_acc 59.37%
[Stage2/Head] ep 459/480 | loss 0.3734 | ce 0.1007 | logit 2.7264 | train_acc 59.00%
[Stage2/Head] ep 460/480 | loss 0.3792 | ce 0.1102 | logit 2.6896 | train_acc 58.50%
[Stage2/Head] ep 461/480 | loss 0.3834 | ce 0.1104 | logit 2.7298 | train_acc 58.64%
[Stage2/Head] ep 462/480 | loss 0.3685 | ce 0.1106 | logit 2.5790 | train_acc 59.54%
[Stage2/Head] ep 463/480 | loss 0.3662 | ce 0.1025 | logit 2.6378 | train_acc 59.27%
[Stage2/Head] ep 464/480 | loss 0.3649 | ce 0.1008 | logit 2.6414 | train_acc 59.23%
[Stage2/Head] ep 465/480 | loss 0.3828 | ce 0.1080 | logit 2.7479 | train_acc 58.61%
[Stage2/Head] ep 466/480 | loss 0.3838 | ce 0.1140 | logit 2.6984 | train_acc 58.86%
[Stage2/Head] ep 467/480 | loss 0.3620 | ce 0.1010 | logit 2.6096 | train_acc 59.61%
[Stage2/Head] ep 468/480 | loss 0.3721 | ce 0.1097 | logit 2.6241 | train_acc 59.36%
[Stage2/Head] ep 469/480 | loss 0.3749 | ce 0.1057 | logit 2.6924 | train_acc 58.81%
[Stage2/Head] ep 470/480 | loss 0.3725 | ce 0.1031 | logit 2.6942 | train_acc 58.63%
[Stage2/Head] ep 471/480 | loss 0.3846 | ce 0.1104 | logit 2.7423 | train_acc 58.50%
[Stage2/Head] ep 472/480 | loss 0.3642 | ce 0.1002 | logit 2.6399 | train_acc 59.47%
[Stage2/Head] ep 473/480 | loss 0.3665 | ce 0.1079 | logit 2.5865 | train_acc 59.84%
[Stage2/Head] ep 474/480 | loss 0.3713 | ce 0.1048 | logit 2.6651 | train_acc 59.47%
[Stage2/Head] ep 475/480 | loss 0.3801 | ce 0.1088 | logit 2.7128 | train_acc 58.73%
[Stage2/Head] ep 476/480 | loss 0.3715 | ce 0.1089 | logit 2.6264 | train_acc 59.64%
[Stage2/Head] ep 477/480 | loss 0.3684 | ce 0.1014 | logit 2.6698 | train_acc 59.06%
[Stage2/Head] ep 478/480 | loss 0.3636 | ce 0.0989 | logit 2.6479 | train_acc 59.54%
[Stage2/Head] ep 479/480 | loss 0.3703 | ce 0.1055 | logit 2.6475 | train_acc 59.54%
[Stage2/Head] ep 480/480 | loss 0.3809 | ce 0.1104 | logit 2.7048 | train_acc 58.89%
[Task 4] Training done in 31.58 min.
[Task 4] Test (on new class only) -> ce_loss: 0.0865, acc: 98.25%, rec_loss: 21.6460
  - Filtering train: keep top 95.0% per class based on returned scores.
[Task 4] Wrote CSVs to: ./runs_mnist_continual/run_20260226_122757/task4
Accuracies on seen tasks:
  Task 0 [0,1,2,3,4]: 0.00%
  Task 1 [5]: 0.00%
  Task 2 [6]: 14.72%
  Task 3 [7]: 53.60%
  Task 4 [8]: 98.25%
Mean over seen tasks (0..4): 33.31%
[Task 4] Skipping GP training and Rscript execution as per --skip_GP flag.
[Task 4] Loaded from R CSV: 5000 rows, f_size=16
[Task 4] Decoded images: torch.Size([5000, 1, 28, 28]) -> recovered dataset size 5000
[Task 4] Augmenting Task 5 training set with 5000 recovered samples.
/home/lhalice/miniconda3/envs/NNGP/lib/python3.12/site-packages/torch/utils/data/dataloader.py:627: UserWarning: This DataLoader will create 2 worker processes in total. Our suggested max number of worker in current system is 1, which is smaller than what this DataLoader is going to create. Please be aware that excessive worker creation might get DataLoader running slow or even freeze, lower the worker number to avoid potential slowness/freeze if necessary.
  warnings.warn(

================================================================================
Starting Task 5: digits [9]
Training samples size: 8000
================================================================================
[Stage1/AE] ep 1/600 | loss 0.1524 | rec 0.0325 | feat 0.1199 | train_acc 30.60%
[Stage1/AE] ep 2/600 | loss 0.1377 | rec 0.0280 | feat 0.1097 | train_acc 30.44%
[Stage1/AE] ep 3/600 | loss 0.1346 | rec 0.0271 | feat 0.1075 | train_acc 30.14%
[Stage1/AE] ep 4/600 | loss 0.1336 | rec 0.0265 | feat 0.1071 | train_acc 30.15%
[Stage1/AE] ep 5/600 | loss 0.1312 | rec 0.0261 | feat 0.1051 | train_acc 30.05%
[Stage1/AE] ep 6/600 | loss 0.1291 | rec 0.0260 | feat 0.1031 | train_acc 30.09%
[Stage1/AE] ep 7/600 | loss 0.1296 | rec 0.0256 | feat 0.1041 | train_acc 30.10%
[Stage1/AE] ep 8/600 | loss 0.1267 | rec 0.0254 | feat 0.1013 | train_acc 29.75%
[Stage1/AE] ep 9/600 | loss 0.1291 | rec 0.0253 | feat 0.1039 | train_acc 29.81%
[Stage1/AE] ep 10/600 | loss 0.1235 | rec 0.0252 | feat 0.0983 | train_acc 29.91%
[Stage1/AE] ep 11/600 | loss 0.1247 | rec 0.0248 | feat 0.0998 | train_acc 29.86%
[Stage1/AE] ep 12/600 | loss 0.1252 | rec 0.0247 | feat 0.1005 | train_acc 29.94%
[Stage1/AE] ep 13/600 | loss 0.1235 | rec 0.0249 | feat 0.0986 | train_acc 29.70%
[Stage1/AE] ep 14/600 | loss 0.1242 | rec 0.0248 | feat 0.0994 | train_acc 29.49%
[Stage1/AE] ep 15/600 | loss 0.1243 | rec 0.0246 | feat 0.0997 | train_acc 29.79%
[Stage1/AE] ep 16/600 | loss 0.1209 | rec 0.0245 | feat 0.0964 | train_acc 29.84%
[Stage1/AE] ep 17/600 | loss 0.1215 | rec 0.0244 | feat 0.0971 | train_acc 29.71%
[Stage1/AE] ep 18/600 | loss 0.1219 | rec 0.0244 | feat 0.0975 | train_acc 29.60%
[Stage1/AE] ep 19/600 | loss 0.1201 | rec 0.0241 | feat 0.0960 | train_acc 29.44%
[Stage1/AE] ep 20/600 | loss 0.1194 | rec 0.0242 | feat 0.0952 | train_acc 29.51%
[Stage1/AE] ep 21/600 | loss 0.1212 | rec 0.0242 | feat 0.0970 | train_acc 29.77%
[Stage1/AE] ep 22/600 | loss 0.1216 | rec 0.0241 | feat 0.0975 | train_acc 29.55%
[Stage1/AE] ep 23/600 | loss 0.1212 | rec 0.0241 | feat 0.0971 | train_acc 29.69%
[Stage1/AE] ep 24/600 | loss 0.1197 | rec 0.0239 | feat 0.0958 | train_acc 29.45%
[Stage1/AE] ep 25/600 | loss 0.1201 | rec 0.0240 | feat 0.0961 | train_acc 29.65%
[Stage1/AE] ep 26/600 | loss 0.1204 | rec 0.0238 | feat 0.0965 | train_acc 29.70%
[Stage1/AE] ep 27/600 | loss 0.1196 | rec 0.0238 | feat 0.0957 | train_acc 29.56%
[Stage1/AE] ep 28/600 | loss 0.1191 | rec 0.0237 | feat 0.0954 | train_acc 29.38%
[Stage1/AE] ep 29/600 | loss 0.1181 | rec 0.0237 | feat 0.0944 | train_acc 29.61%
[Stage1/AE] ep 30/600 | loss 0.1183 | rec 0.0237 | feat 0.0946 | train_acc 29.46%
[Stage1/AE] ep 31/600 | loss 0.1152 | rec 0.0236 | feat 0.0916 | train_acc 29.46%
[Stage1/AE] ep 32/600 | loss 0.1186 | rec 0.0236 | feat 0.0951 | train_acc 29.70%
[Stage1/AE] ep 33/600 | loss 0.1164 | rec 0.0236 | feat 0.0928 | train_acc 29.50%
[Stage1/AE] ep 34/600 | loss 0.1171 | rec 0.0236 | feat 0.0935 | train_acc 29.52%
[Stage1/AE] ep 35/600 | loss 0.1176 | rec 0.0237 | feat 0.0939 | train_acc 29.68%
[Stage1/AE] ep 36/600 | loss 0.1177 | rec 0.0235 | feat 0.0943 | train_acc 29.41%
[Stage1/AE] ep 37/600 | loss 0.1188 | rec 0.0234 | feat 0.0954 | train_acc 29.82%
[Stage1/AE] ep 38/600 | loss 0.1169 | rec 0.0234 | feat 0.0935 | train_acc 29.99%
[Stage1/AE] ep 39/600 | loss 0.1162 | rec 0.0233 | feat 0.0929 | train_acc 29.26%
[Stage1/AE] ep 40/600 | loss 0.1164 | rec 0.0234 | feat 0.0930 | train_acc 29.60%
[Stage1/AE] ep 41/600 | loss 0.1152 | rec 0.0234 | feat 0.0918 | train_acc 29.44%
[Stage1/AE] ep 42/600 | loss 0.1157 | rec 0.0233 | feat 0.0924 | train_acc 29.35%
[Stage1/AE] ep 43/600 | loss 0.1143 | rec 0.0234 | feat 0.0910 | train_acc 29.51%
[Stage1/AE] ep 44/600 | loss 0.1165 | rec 0.0233 | feat 0.0932 | train_acc 29.61%
[Stage1/AE] ep 45/600 | loss 0.1146 | rec 0.0231 | feat 0.0914 | train_acc 29.61%
[Stage1/AE] ep 46/600 | loss 0.1131 | rec 0.0232 | feat 0.0899 | train_acc 29.57%
[Stage1/AE] ep 47/600 | loss 0.1145 | rec 0.0232 | feat 0.0912 | train_acc 29.61%
[Stage1/AE] ep 48/600 | loss 0.1133 | rec 0.0232 | feat 0.0902 | train_acc 29.65%
[Stage1/AE] ep 49/600 | loss 0.1144 | rec 0.0230 | feat 0.0914 | train_acc 29.48%
[Stage1/AE] ep 50/600 | loss 0.1145 | rec 0.0232 | feat 0.0913 | train_acc 29.59%
[Stage1/AE] ep 51/600 | loss 0.1138 | rec 0.0229 | feat 0.0910 | train_acc 29.09%
[Stage1/AE] ep 52/600 | loss 0.1135 | rec 0.0230 | feat 0.0905 | train_acc 29.51%
[Stage1/AE] ep 53/600 | loss 0.1151 | rec 0.0229 | feat 0.0922 | train_acc 29.40%
[Stage1/AE] ep 54/600 | loss 0.1150 | rec 0.0229 | feat 0.0921 | train_acc 29.40%
[Stage1/AE] ep 55/600 | loss 0.1132 | rec 0.0229 | feat 0.0902 | train_acc 29.48%
[Stage1/AE] ep 56/600 | loss 0.1138 | rec 0.0228 | feat 0.0910 | train_acc 29.41%
[Stage1/AE] ep 57/600 | loss 0.1145 | rec 0.0228 | feat 0.0917 | train_acc 29.39%
[Stage1/AE] ep 58/600 | loss 0.1128 | rec 0.0228 | feat 0.0900 | train_acc 29.56%
[Stage1/AE] ep 59/600 | loss 0.1136 | rec 0.0227 | feat 0.0909 | train_acc 29.62%
[Stage1/AE] ep 60/600 | loss 0.1150 | rec 0.0227 | feat 0.0923 | train_acc 29.65%
[Stage1/AE] ep 61/600 | loss 0.1136 | rec 0.0228 | feat 0.0908 | train_acc 29.27%
[Stage1/AE] ep 62/600 | loss 0.1135 | rec 0.0228 | feat 0.0907 | train_acc 29.60%
[Stage1/AE] ep 63/600 | loss 0.1123 | rec 0.0227 | feat 0.0896 | train_acc 29.56%
[Stage1/AE] ep 64/600 | loss 0.1125 | rec 0.0227 | feat 0.0898 | train_acc 29.50%
[Stage1/AE] ep 65/600 | loss 0.1115 | rec 0.0227 | feat 0.0889 | train_acc 29.44%
[Stage1/AE] ep 66/600 | loss 0.1127 | rec 0.0226 | feat 0.0901 | train_acc 29.55%
[Stage1/AE] ep 67/600 | loss 0.1121 | rec 0.0227 | feat 0.0894 | train_acc 29.49%
[Stage1/AE] ep 68/600 | loss 0.1118 | rec 0.0226 | feat 0.0892 | train_acc 29.35%
[Stage1/AE] ep 69/600 | loss 0.1123 | rec 0.0227 | feat 0.0896 | train_acc 29.51%
[Stage1/AE] ep 70/600 | loss 0.1120 | rec 0.0229 | feat 0.0890 | train_acc 29.48%
[Stage1/AE] ep 71/600 | loss 0.1103 | rec 0.0225 | feat 0.0878 | train_acc 29.18%
[Stage1/AE] ep 72/600 | loss 0.1124 | rec 0.0226 | feat 0.0898 | train_acc 29.79%
[Stage1/AE] ep 73/600 | loss 0.1128 | rec 0.0225 | feat 0.0903 | train_acc 29.34%
[Stage1/AE] ep 74/600 | loss 0.1120 | rec 0.0225 | feat 0.0895 | train_acc 29.44%
[Stage1/AE] ep 75/600 | loss 0.1130 | rec 0.0226 | feat 0.0904 | train_acc 29.48%
[Stage1/AE] ep 76/600 | loss 0.1119 | rec 0.0225 | feat 0.0894 | train_acc 29.76%
[Stage1/AE] ep 77/600 | loss 0.1120 | rec 0.0224 | feat 0.0895 | train_acc 29.36%
[Stage1/AE] ep 78/600 | loss 0.1122 | rec 0.0226 | feat 0.0896 | train_acc 29.50%
[Stage1/AE] ep 79/600 | loss 0.1113 | rec 0.0224 | feat 0.0889 | train_acc 29.62%
[Stage1/AE] ep 80/600 | loss 0.1102 | rec 0.0223 | feat 0.0880 | train_acc 29.36%
[Stage1/AE] ep 81/600 | loss 0.1112 | rec 0.0224 | feat 0.0888 | train_acc 29.73%
[Stage1/AE] ep 82/600 | loss 0.1098 | rec 0.0224 | feat 0.0874 | train_acc 29.32%
[Stage1/AE] ep 83/600 | loss 0.1116 | rec 0.0223 | feat 0.0892 | train_acc 29.34%
[Stage1/AE] ep 84/600 | loss 0.1105 | rec 0.0223 | feat 0.0882 | train_acc 29.69%
[Stage1/AE] ep 85/600 | loss 0.1100 | rec 0.0223 | feat 0.0877 | train_acc 29.30%
[Stage1/AE] ep 86/600 | loss 0.1101 | rec 0.0222 | feat 0.0879 | train_acc 29.56%
[Stage1/AE] ep 87/600 | loss 0.1111 | rec 0.0223 | feat 0.0888 | train_acc 29.38%
[Stage1/AE] ep 88/600 | loss 0.1084 | rec 0.0221 | feat 0.0863 | train_acc 29.66%
[Stage1/AE] ep 89/600 | loss 0.1096 | rec 0.0224 | feat 0.0872 | train_acc 29.48%
[Stage1/AE] ep 90/600 | loss 0.1121 | rec 0.0223 | feat 0.0898 | train_acc 29.49%
[Stage1/AE] ep 91/600 | loss 0.1099 | rec 0.0222 | feat 0.0877 | train_acc 29.36%
[Stage1/AE] ep 92/600 | loss 0.1097 | rec 0.0222 | feat 0.0875 | train_acc 29.65%
[Stage1/AE] ep 93/600 | loss 0.1104 | rec 0.0221 | feat 0.0883 | train_acc 29.59%
[Stage1/AE] ep 94/600 | loss 0.1106 | rec 0.0223 | feat 0.0883 | train_acc 29.59%
[Stage1/AE] ep 95/600 | loss 0.1113 | rec 0.0223 | feat 0.0891 | train_acc 29.48%
[Stage1/AE] ep 96/600 | loss 0.1078 | rec 0.0222 | feat 0.0856 | train_acc 29.43%
[Stage1/AE] ep 97/600 | loss 0.1071 | rec 0.0223 | feat 0.0848 | train_acc 29.45%
[Stage1/AE] ep 98/600 | loss 0.1110 | rec 0.0220 | feat 0.0890 | train_acc 29.41%
[Stage1/AE] ep 99/600 | loss 0.1086 | rec 0.0222 | feat 0.0864 | train_acc 29.57%
[Stage1/AE] ep 100/600 | loss 0.1089 | rec 0.0221 | feat 0.0868 | train_acc 29.14%
[Stage1/AE] ep 101/600 | loss 0.1092 | rec 0.0221 | feat 0.0871 | train_acc 29.51%
[Stage1/AE] ep 102/600 | loss 0.1087 | rec 0.0221 | feat 0.0866 | train_acc 29.50%
[Stage1/AE] ep 103/600 | loss 0.1094 | rec 0.0220 | feat 0.0874 | train_acc 29.51%
[Stage1/AE] ep 104/600 | loss 0.1079 | rec 0.0221 | feat 0.0859 | train_acc 29.46%
[Stage1/AE] ep 105/600 | loss 0.1072 | rec 0.0221 | feat 0.0850 | train_acc 29.14%
[Stage1/AE] ep 106/600 | loss 0.1085 | rec 0.0221 | feat 0.0863 | train_acc 29.38%
[Stage1/AE] ep 107/600 | loss 0.1096 | rec 0.0220 | feat 0.0876 | train_acc 29.75%
[Stage1/AE] ep 108/600 | loss 0.1082 | rec 0.0220 | feat 0.0863 | train_acc 29.46%
[Stage1/AE] ep 109/600 | loss 0.1070 | rec 0.0220 | feat 0.0851 | train_acc 29.48%
[Stage1/AE] ep 110/600 | loss 0.1081 | rec 0.0220 | feat 0.0861 | train_acc 29.49%
[Stage1/AE] ep 111/600 | loss 0.1106 | rec 0.0219 | feat 0.0886 | train_acc 29.52%
[Stage1/AE] ep 112/600 | loss 0.1079 | rec 0.0219 | feat 0.0860 | train_acc 29.52%
[Stage1/AE] ep 113/600 | loss 0.1080 | rec 0.0220 | feat 0.0860 | train_acc 29.69%
[Stage1/AE] ep 114/600 | loss 0.1089 | rec 0.0221 | feat 0.0868 | train_acc 29.64%
[Stage1/AE] ep 115/600 | loss 0.1081 | rec 0.0219 | feat 0.0862 | train_acc 29.57%
[Stage1/AE] ep 116/600 | loss 0.1075 | rec 0.0219 | feat 0.0856 | train_acc 29.38%
[Stage1/AE] ep 117/600 | loss 0.1079 | rec 0.0218 | feat 0.0861 | train_acc 29.40%
[Stage1/AE] ep 118/600 | loss 0.1080 | rec 0.0220 | feat 0.0860 | train_acc 29.39%
[Stage1/AE] ep 119/600 | loss 0.1050 | rec 0.0217 | feat 0.0833 | train_acc 29.52%
[Stage1/AE] ep 120/600 | loss 0.1097 | rec 0.0218 | feat 0.0879 | train_acc 29.48%
[Stage1/AE] ep 121/600 | loss 0.1076 | rec 0.0219 | feat 0.0858 | train_acc 29.66%
[Stage1/AE] ep 122/600 | loss 0.1060 | rec 0.0219 | feat 0.0841 | train_acc 29.54%
[Stage1/AE] ep 123/600 | loss 0.1064 | rec 0.0217 | feat 0.0847 | train_acc 29.75%
[Stage1/AE] ep 124/600 | loss 0.1065 | rec 0.0219 | feat 0.0846 | train_acc 29.61%
[Stage1/AE] ep 125/600 | loss 0.1083 | rec 0.0217 | feat 0.0866 | train_acc 29.29%
[Stage1/AE] ep 126/600 | loss 0.1077 | rec 0.0219 | feat 0.0858 | train_acc 29.49%
[Stage1/AE] ep 127/600 | loss 0.1074 | rec 0.0220 | feat 0.0854 | train_acc 29.38%
[Stage1/AE] ep 128/600 | loss 0.1087 | rec 0.0218 | feat 0.0869 | train_acc 29.36%
[Stage1/AE] ep 129/600 | loss 0.1071 | rec 0.0216 | feat 0.0855 | train_acc 29.19%
[Stage1/AE] ep 130/600 | loss 0.1059 | rec 0.0218 | feat 0.0841 | train_acc 29.23%
[Stage1/AE] ep 131/600 | loss 0.1060 | rec 0.0216 | feat 0.0844 | train_acc 29.70%
[Stage1/AE] ep 132/600 | loss 0.1059 | rec 0.0217 | feat 0.0842 | train_acc 29.34%
[Stage1/AE] ep 133/600 | loss 0.1060 | rec 0.0217 | feat 0.0843 | train_acc 29.64%
[Stage1/AE] ep 134/600 | loss 0.1063 | rec 0.0216 | feat 0.0847 | train_acc 29.62%
[Stage1/AE] ep 135/600 | loss 0.1059 | rec 0.0217 | feat 0.0842 | train_acc 29.62%
[Stage1/AE] ep 136/600 | loss 0.1053 | rec 0.0214 | feat 0.0839 | train_acc 29.54%
[Stage1/AE] ep 137/600 | loss 0.1063 | rec 0.0215 | feat 0.0847 | train_acc 29.36%
[Stage1/AE] ep 138/600 | loss 0.1045 | rec 0.0217 | feat 0.0828 | train_acc 29.32%
[Stage1/AE] ep 139/600 | loss 0.1077 | rec 0.0216 | feat 0.0861 | train_acc 29.50%
[Stage1/AE] ep 140/600 | loss 0.1053 | rec 0.0216 | feat 0.0837 | train_acc 29.57%
[Stage1/AE] ep 141/600 | loss 0.1058 | rec 0.0218 | feat 0.0840 | train_acc 29.51%
[Stage1/AE] ep 142/600 | loss 0.1081 | rec 0.0217 | feat 0.0864 | train_acc 29.71%
[Stage1/AE] ep 143/600 | loss 0.1057 | rec 0.0216 | feat 0.0841 | train_acc 29.31%
[Stage1/AE] ep 144/600 | loss 0.1078 | rec 0.0215 | feat 0.0863 | train_acc 29.21%
[Stage1/AE] ep 145/600 | loss 0.1050 | rec 0.0217 | feat 0.0833 | train_acc 29.45%
[Stage1/AE] ep 146/600 | loss 0.1060 | rec 0.0216 | feat 0.0843 | train_acc 29.41%
[Stage1/AE] ep 147/600 | loss 0.1057 | rec 0.0216 | feat 0.0841 | train_acc 29.38%
[Stage1/AE] ep 148/600 | loss 0.1070 | rec 0.0217 | feat 0.0853 | train_acc 29.70%
[Stage1/AE] ep 149/600 | loss 0.1044 | rec 0.0216 | feat 0.0828 | train_acc 29.40%
[Stage1/AE] ep 150/600 | loss 0.1047 | rec 0.0216 | feat 0.0831 | train_acc 29.54%
[Stage1/AE] ep 151/600 | loss 0.1060 | rec 0.0215 | feat 0.0845 | train_acc 29.35%
[Stage1/AE] ep 152/600 | loss 0.1037 | rec 0.0214 | feat 0.0823 | train_acc 29.44%
[Stage1/AE] ep 153/600 | loss 0.1041 | rec 0.0214 | feat 0.0827 | train_acc 29.86%
[Stage1/AE] ep 154/600 | loss 0.1051 | rec 0.0215 | feat 0.0836 | train_acc 29.64%
[Stage1/AE] ep 155/600 | loss 0.1062 | rec 0.0215 | feat 0.0847 | train_acc 29.35%
[Stage1/AE] ep 156/600 | loss 0.1051 | rec 0.0215 | feat 0.0837 | train_acc 29.49%
[Stage1/AE] ep 157/600 | loss 0.1049 | rec 0.0214 | feat 0.0834 | train_acc 29.61%
[Stage1/AE] ep 158/600 | loss 0.1063 | rec 0.0213 | feat 0.0849 | train_acc 29.61%
[Stage1/AE] ep 159/600 | loss 0.1039 | rec 0.0214 | feat 0.0825 | train_acc 29.65%
[Stage1/AE] ep 160/600 | loss 0.1037 | rec 0.0215 | feat 0.0823 | train_acc 29.51%
[Stage1/AE] ep 161/600 | loss 0.1047 | rec 0.0213 | feat 0.0834 | train_acc 29.26%
[Stage1/AE] ep 162/600 | loss 0.1053 | rec 0.0215 | feat 0.0838 | train_acc 29.51%
[Stage1/AE] ep 163/600 | loss 0.1046 | rec 0.0214 | feat 0.0831 | train_acc 29.64%
[Stage1/AE] ep 164/600 | loss 0.1053 | rec 0.0215 | feat 0.0838 | train_acc 29.96%
[Stage1/AE] ep 165/600 | loss 0.1023 | rec 0.0213 | feat 0.0810 | train_acc 29.32%
[Stage1/AE] ep 166/600 | loss 0.1048 | rec 0.0215 | feat 0.0832 | train_acc 29.35%
[Stage1/AE] ep 167/600 | loss 0.1039 | rec 0.0215 | feat 0.0824 | train_acc 29.29%
[Stage1/AE] ep 168/600 | loss 0.1026 | rec 0.0213 | feat 0.0813 | train_acc 29.41%
[Stage1/AE] ep 169/600 | loss 0.1040 | rec 0.0214 | feat 0.0826 | train_acc 29.79%
[Stage1/AE] ep 170/600 | loss 0.1062 | rec 0.0214 | feat 0.0849 | train_acc 29.75%
[Stage1/AE] ep 171/600 | loss 0.1042 | rec 0.0213 | feat 0.0828 | train_acc 29.56%
[Stage1/AE] ep 172/600 | loss 0.1052 | rec 0.0213 | feat 0.0839 | train_acc 29.38%
[Stage1/AE] ep 173/600 | loss 0.1054 | rec 0.0214 | feat 0.0840 | train_acc 29.64%
[Stage1/AE] ep 174/600 | loss 0.1047 | rec 0.0213 | feat 0.0834 | train_acc 29.59%
[Stage1/AE] ep 175/600 | loss 0.1049 | rec 0.0214 | feat 0.0835 | train_acc 29.56%
[Stage1/AE] ep 176/600 | loss 0.1054 | rec 0.0213 | feat 0.0841 | train_acc 29.43%
[Stage1/AE] ep 177/600 | loss 0.1037 | rec 0.0213 | feat 0.0824 | train_acc 29.39%
[Stage1/AE] ep 178/600 | loss 0.1036 | rec 0.0212 | feat 0.0824 | train_acc 29.48%
[Stage1/AE] ep 179/600 | loss 0.1033 | rec 0.0214 | feat 0.0819 | train_acc 29.32%
[Stage1/AE] ep 180/600 | loss 0.1047 | rec 0.0213 | feat 0.0834 | train_acc 29.44%
[Stage1/AE] ep 181/600 | loss 0.1036 | rec 0.0214 | feat 0.0821 | train_acc 29.60%
[Stage1/AE] ep 182/600 | loss 0.1056 | rec 0.0213 | feat 0.0843 | train_acc 29.49%
[Stage1/AE] ep 183/600 | loss 0.1043 | rec 0.0212 | feat 0.0831 | train_acc 29.65%
[Stage1/AE] ep 184/600 | loss 0.1032 | rec 0.0212 | feat 0.0820 | train_acc 29.20%
[Stage1/AE] ep 185/600 | loss 0.1046 | rec 0.0212 | feat 0.0834 | train_acc 29.55%
[Stage1/AE] ep 186/600 | loss 0.1034 | rec 0.0213 | feat 0.0821 | train_acc 29.50%
[Stage1/AE] ep 187/600 | loss 0.1033 | rec 0.0212 | feat 0.0821 | train_acc 29.46%
[Stage1/AE] ep 188/600 | loss 0.1035 | rec 0.0213 | feat 0.0822 | train_acc 29.32%
[Stage1/AE] ep 189/600 | loss 0.1034 | rec 0.0212 | feat 0.0822 | train_acc 29.55%
[Stage1/AE] ep 190/600 | loss 0.1033 | rec 0.0213 | feat 0.0820 | train_acc 29.50%
[Stage1/AE] ep 191/600 | loss 0.1049 | rec 0.0213 | feat 0.0836 | train_acc 29.38%
[Stage1/AE] ep 192/600 | loss 0.1051 | rec 0.0213 | feat 0.0839 | train_acc 29.66%
[Stage1/AE] ep 193/600 | loss 0.1024 | rec 0.0211 | feat 0.0813 | train_acc 29.52%
[Stage1/AE] ep 194/600 | loss 0.1022 | rec 0.0212 | feat 0.0810 | train_acc 29.50%
[Stage1/AE] ep 195/600 | loss 0.1039 | rec 0.0211 | feat 0.0828 | train_acc 29.43%
[Stage1/AE] ep 196/600 | loss 0.1021 | rec 0.0212 | feat 0.0809 | train_acc 29.70%
[Stage1/AE] ep 197/600 | loss 0.1014 | rec 0.0212 | feat 0.0802 | train_acc 29.34%
[Stage1/AE] ep 198/600 | loss 0.1036 | rec 0.0211 | feat 0.0825 | train_acc 29.64%
[Stage1/AE] ep 199/600 | loss 0.1016 | rec 0.0210 | feat 0.0806 | train_acc 29.91%
[Stage1/AE] ep 200/600 | loss 0.1036 | rec 0.0212 | feat 0.0824 | train_acc 29.45%
[Stage1/AE] ep 201/600 | loss 0.1019 | rec 0.0209 | feat 0.0809 | train_acc 29.59%
[Stage1/AE] ep 202/600 | loss 0.1041 | rec 0.0211 | feat 0.0830 | train_acc 29.54%
[Stage1/AE] ep 203/600 | loss 0.1019 | rec 0.0211 | feat 0.0808 | train_acc 29.65%
[Stage1/AE] ep 204/600 | loss 0.1008 | rec 0.0211 | feat 0.0797 | train_acc 29.59%
[Stage1/AE] ep 205/600 | loss 0.1037 | rec 0.0212 | feat 0.0825 | train_acc 29.64%
[Stage1/AE] ep 206/600 | loss 0.1001 | rec 0.0209 | feat 0.0791 | train_acc 29.50%
[Stage1/AE] ep 207/600 | loss 0.1028 | rec 0.0212 | feat 0.0816 | train_acc 29.18%
[Stage1/AE] ep 208/600 | loss 0.1009 | rec 0.0210 | feat 0.0799 | train_acc 29.71%
[Stage1/AE] ep 209/600 | loss 0.1009 | rec 0.0210 | feat 0.0799 | train_acc 29.59%
[Stage1/AE] ep 210/600 | loss 0.1029 | rec 0.0212 | feat 0.0817 | train_acc 29.44%
[Stage1/AE] ep 211/600 | loss 0.1003 | rec 0.0211 | feat 0.0792 | train_acc 29.40%
[Stage1/AE] ep 212/600 | loss 0.1014 | rec 0.0210 | feat 0.0804 | train_acc 29.79%
[Stage1/AE] ep 213/600 | loss 0.1010 | rec 0.0210 | feat 0.0800 | train_acc 29.48%
[Stage1/AE] ep 214/600 | loss 0.1012 | rec 0.0211 | feat 0.0801 | train_acc 29.45%
[Stage1/AE] ep 215/600 | loss 0.1014 | rec 0.0210 | feat 0.0804 | train_acc 29.41%
[Stage1/AE] ep 216/600 | loss 0.1021 | rec 0.0211 | feat 0.0810 | train_acc 29.50%
[Stage1/AE] ep 217/600 | loss 0.1033 | rec 0.0210 | feat 0.0822 | train_acc 29.98%
[Stage1/AE] ep 218/600 | loss 0.1030 | rec 0.0209 | feat 0.0821 | train_acc 29.62%
[Stage1/AE] ep 219/600 | loss 0.1022 | rec 0.0210 | feat 0.0812 | train_acc 29.38%
[Stage1/AE] ep 220/600 | loss 0.1005 | rec 0.0209 | feat 0.0796 | train_acc 29.64%
[Stage1/AE] ep 221/600 | loss 0.0995 | rec 0.0210 | feat 0.0785 | train_acc 29.70%
[Stage1/AE] ep 222/600 | loss 0.1032 | rec 0.0210 | feat 0.0822 | train_acc 29.34%
[Stage1/AE] ep 223/600 | loss 0.1038 | rec 0.0210 | feat 0.0829 | train_acc 29.38%
[Stage1/AE] ep 224/600 | loss 0.1001 | rec 0.0210 | feat 0.0791 | train_acc 29.43%
[Stage1/AE] ep 225/600 | loss 0.1007 | rec 0.0210 | feat 0.0797 | train_acc 29.59%
[Stage1/AE] ep 226/600 | loss 0.1012 | rec 0.0209 | feat 0.0803 | train_acc 29.60%
[Stage1/AE] ep 227/600 | loss 0.1003 | rec 0.0211 | feat 0.0792 | train_acc 29.79%
[Stage1/AE] ep 228/600 | loss 0.1013 | rec 0.0208 | feat 0.0805 | train_acc 29.29%
[Stage1/AE] ep 229/600 | loss 0.1024 | rec 0.0209 | feat 0.0816 | train_acc 29.61%
[Stage1/AE] ep 230/600 | loss 0.1034 | rec 0.0210 | feat 0.0824 | train_acc 29.51%
[Stage1/AE] ep 231/600 | loss 0.1023 | rec 0.0211 | feat 0.0812 | train_acc 29.48%
[Stage1/AE] ep 232/600 | loss 0.1014 | rec 0.0210 | feat 0.0805 | train_acc 29.57%
[Stage1/AE] ep 233/600 | loss 0.1008 | rec 0.0210 | feat 0.0797 | train_acc 29.62%
[Stage1/AE] ep 234/600 | loss 0.1028 | rec 0.0210 | feat 0.0818 | train_acc 29.56%
[Stage1/AE] ep 235/600 | loss 0.1007 | rec 0.0210 | feat 0.0797 | train_acc 29.56%
[Stage1/AE] ep 236/600 | loss 0.1026 | rec 0.0209 | feat 0.0817 | train_acc 29.66%
[Stage1/AE] ep 237/600 | loss 0.1033 | rec 0.0210 | feat 0.0822 | train_acc 29.39%
[Stage1/AE] ep 238/600 | loss 0.1020 | rec 0.0209 | feat 0.0811 | train_acc 29.64%
[Stage1/AE] ep 239/600 | loss 0.1018 | rec 0.0208 | feat 0.0810 | train_acc 29.50%
[Stage1/AE] ep 240/600 | loss 0.1017 | rec 0.0208 | feat 0.0810 | train_acc 29.65%
[Stage1/AE] ep 241/600 | loss 0.1015 | rec 0.0210 | feat 0.0805 | train_acc 29.62%
[Stage1/AE] ep 242/600 | loss 0.1018 | rec 0.0208 | feat 0.0810 | train_acc 29.76%
[Stage1/AE] ep 243/600 | loss 0.1023 | rec 0.0208 | feat 0.0815 | train_acc 29.68%
[Stage1/AE] ep 244/600 | loss 0.0998 | rec 0.0208 | feat 0.0790 | train_acc 29.55%
[Stage1/AE] ep 245/600 | loss 0.0996 | rec 0.0208 | feat 0.0788 | train_acc 29.64%
[Stage1/AE] ep 246/600 | loss 0.1011 | rec 0.0208 | feat 0.0802 | train_acc 29.59%
[Stage1/AE] ep 247/600 | loss 0.0999 | rec 0.0209 | feat 0.0790 | train_acc 29.46%
[Stage1/AE] ep 248/600 | loss 0.1029 | rec 0.0207 | feat 0.0822 | train_acc 29.54%
[Stage1/AE] ep 249/600 | loss 0.0999 | rec 0.0208 | feat 0.0790 | train_acc 29.73%
[Stage1/AE] ep 250/600 | loss 0.0990 | rec 0.0208 | feat 0.0782 | train_acc 29.56%
[Stage1/AE] ep 251/600 | loss 0.1010 | rec 0.0208 | feat 0.0802 | train_acc 29.59%
[Stage1/AE] ep 252/600 | loss 0.1017 | rec 0.0209 | feat 0.0808 | train_acc 29.60%
[Stage1/AE] ep 253/600 | loss 0.0998 | rec 0.0208 | feat 0.0790 | train_acc 29.49%
[Stage1/AE] ep 254/600 | loss 0.1003 | rec 0.0209 | feat 0.0795 | train_acc 29.49%
[Stage1/AE] ep 255/600 | loss 0.1009 | rec 0.0210 | feat 0.0799 | train_acc 29.57%
[Stage1/AE] ep 256/600 | loss 0.0998 | rec 0.0207 | feat 0.0791 | train_acc 29.35%
[Stage1/AE] ep 257/600 | loss 0.1015 | rec 0.0208 | feat 0.0807 | train_acc 29.51%
[Stage1/AE] ep 258/600 | loss 0.0988 | rec 0.0206 | feat 0.0782 | train_acc 29.74%
[Stage1/AE] ep 259/600 | loss 0.1019 | rec 0.0206 | feat 0.0812 | train_acc 29.75%
[Stage1/AE] ep 260/600 | loss 0.0997 | rec 0.0207 | feat 0.0790 | train_acc 29.59%
[Stage1/AE] ep 261/600 | loss 0.0998 | rec 0.0207 | feat 0.0791 | train_acc 29.34%
[Stage1/AE] ep 262/600 | loss 0.1010 | rec 0.0208 | feat 0.0802 | train_acc 29.62%
[Stage1/AE] ep 263/600 | loss 0.1021 | rec 0.0209 | feat 0.0812 | train_acc 29.48%
[Stage1/AE] ep 264/600 | loss 0.0981 | rec 0.0208 | feat 0.0773 | train_acc 29.59%
[Stage1/AE] ep 265/600 | loss 0.0999 | rec 0.0208 | feat 0.0791 | train_acc 29.57%
[Stage1/AE] ep 266/600 | loss 0.0995 | rec 0.0207 | feat 0.0787 | train_acc 29.56%
[Stage1/AE] ep 267/600 | loss 0.1005 | rec 0.0209 | feat 0.0796 | train_acc 29.51%
[Stage1/AE] ep 268/600 | loss 0.0985 | rec 0.0207 | feat 0.0778 | train_acc 29.51%
[Stage1/AE] ep 269/600 | loss 0.1016 | rec 0.0208 | feat 0.0807 | train_acc 29.86%
[Stage1/AE] ep 270/600 | loss 0.1006 | rec 0.0207 | feat 0.0799 | train_acc 29.41%
[Stage1/AE] ep 271/600 | loss 0.1011 | rec 0.0206 | feat 0.0804 | train_acc 29.57%
[Stage1/AE] ep 272/600 | loss 0.1014 | rec 0.0208 | feat 0.0805 | train_acc 29.66%
[Stage1/AE] ep 273/600 | loss 0.1002 | rec 0.0207 | feat 0.0795 | train_acc 29.75%
[Stage1/AE] ep 274/600 | loss 0.1009 | rec 0.0207 | feat 0.0801 | train_acc 29.77%
[Stage1/AE] ep 275/600 | loss 0.0998 | rec 0.0208 | feat 0.0790 | train_acc 29.69%
[Stage1/AE] ep 276/600 | loss 0.1001 | rec 0.0205 | feat 0.0796 | train_acc 29.45%
[Stage1/AE] ep 277/600 | loss 0.1020 | rec 0.0208 | feat 0.0812 | train_acc 29.46%
[Stage1/AE] ep 278/600 | loss 0.0995 | rec 0.0206 | feat 0.0789 | train_acc 29.59%
[Stage1/AE] ep 279/600 | loss 0.0999 | rec 0.0207 | feat 0.0792 | train_acc 29.84%
[Stage1/AE] ep 280/600 | loss 0.0983 | rec 0.0204 | feat 0.0779 | train_acc 29.55%
[Stage1/AE] ep 281/600 | loss 0.1003 | rec 0.0207 | feat 0.0796 | train_acc 29.61%
[Stage1/AE] ep 282/600 | loss 0.0989 | rec 0.0206 | feat 0.0783 | train_acc 29.60%
[Stage1/AE] ep 283/600 | loss 0.1000 | rec 0.0208 | feat 0.0793 | train_acc 29.48%
[Stage1/AE] ep 284/600 | loss 0.0997 | rec 0.0206 | feat 0.0791 | train_acc 29.68%
[Stage1/AE] ep 285/600 | loss 0.1005 | rec 0.0205 | feat 0.0799 | train_acc 29.57%
[Stage1/AE] ep 286/600 | loss 0.1001 | rec 0.0205 | feat 0.0796 | train_acc 29.57%
[Stage1/AE] ep 287/600 | loss 0.0999 | rec 0.0207 | feat 0.0793 | train_acc 29.56%
[Stage1/AE] ep 288/600 | loss 0.0987 | rec 0.0206 | feat 0.0781 | train_acc 29.77%
[Stage1/AE] ep 289/600 | loss 0.0995 | rec 0.0207 | feat 0.0789 | train_acc 29.74%
[Stage1/AE] ep 290/600 | loss 0.0989 | rec 0.0207 | feat 0.0783 | train_acc 29.81%
[Stage1/AE] ep 291/600 | loss 0.0992 | rec 0.0205 | feat 0.0787 | train_acc 29.50%
[Stage1/AE] ep 292/600 | loss 0.0996 | rec 0.0206 | feat 0.0790 | train_acc 29.51%
[Stage1/AE] ep 293/600 | loss 0.0981 | rec 0.0206 | feat 0.0775 | train_acc 29.40%
[Stage1/AE] ep 294/600 | loss 0.0992 | rec 0.0206 | feat 0.0786 | train_acc 29.66%
[Stage1/AE] ep 295/600 | loss 0.0979 | rec 0.0205 | feat 0.0775 | train_acc 29.57%
[Stage1/AE] ep 296/600 | loss 0.0994 | rec 0.0205 | feat 0.0790 | train_acc 29.54%
[Stage1/AE] ep 297/600 | loss 0.0999 | rec 0.0205 | feat 0.0794 | train_acc 29.51%
[Stage1/AE] ep 298/600 | loss 0.0990 | rec 0.0207 | feat 0.0783 | train_acc 29.60%
[Stage1/AE] ep 299/600 | loss 0.0975 | rec 0.0207 | feat 0.0768 | train_acc 29.62%
[Stage1/AE] ep 300/600 | loss 0.0996 | rec 0.0207 | feat 0.0789 | train_acc 29.43%
[Stage1/AE] ep 301/600 | loss 0.1001 | rec 0.0204 | feat 0.0796 | train_acc 29.66%
[Stage1/AE] ep 302/600 | loss 0.0980 | rec 0.0204 | feat 0.0776 | train_acc 29.79%
[Stage1/AE] ep 303/600 | loss 0.0985 | rec 0.0205 | feat 0.0780 | train_acc 29.56%
[Stage1/AE] ep 304/600 | loss 0.0981 | rec 0.0205 | feat 0.0777 | train_acc 29.69%
[Stage1/AE] ep 305/600 | loss 0.0993 | rec 0.0205 | feat 0.0788 | train_acc 29.43%
[Stage1/AE] ep 306/600 | loss 0.1002 | rec 0.0205 | feat 0.0797 | train_acc 29.60%
[Stage1/AE] ep 307/600 | loss 0.0996 | rec 0.0205 | feat 0.0792 | train_acc 29.55%
[Stage1/AE] ep 308/600 | loss 0.0995 | rec 0.0204 | feat 0.0791 | train_acc 29.41%
[Stage1/AE] ep 309/600 | loss 0.1005 | rec 0.0205 | feat 0.0800 | train_acc 29.79%
[Stage1/AE] ep 310/600 | loss 0.0991 | rec 0.0204 | feat 0.0787 | train_acc 29.65%
[Stage1/AE] ep 311/600 | loss 0.0988 | rec 0.0204 | feat 0.0784 | train_acc 29.59%
[Stage1/AE] ep 312/600 | loss 0.1003 | rec 0.0206 | feat 0.0798 | train_acc 29.71%
[Stage1/AE] ep 313/600 | loss 0.0987 | rec 0.0204 | feat 0.0783 | train_acc 29.64%
[Stage1/AE] ep 314/600 | loss 0.0983 | rec 0.0207 | feat 0.0777 | train_acc 29.71%
[Stage1/AE] ep 315/600 | loss 0.0982 | rec 0.0204 | feat 0.0778 | train_acc 29.68%
[Stage1/AE] ep 316/600 | loss 0.0993 | rec 0.0203 | feat 0.0790 | train_acc 29.61%
[Stage1/AE] ep 317/600 | loss 0.0977 | rec 0.0203 | feat 0.0774 | train_acc 29.44%
[Stage1/AE] ep 318/600 | loss 0.0995 | rec 0.0204 | feat 0.0791 | train_acc 29.79%
[Stage1/AE] ep 319/600 | loss 0.0976 | rec 0.0205 | feat 0.0771 | train_acc 29.48%
[Stage1/AE] ep 320/600 | loss 0.0994 | rec 0.0203 | feat 0.0791 | train_acc 29.60%
[Stage1/AE] ep 321/600 | loss 0.0992 | rec 0.0205 | feat 0.0787 | train_acc 29.57%
[Stage1/AE] ep 322/600 | loss 0.0980 | rec 0.0203 | feat 0.0776 | train_acc 29.57%
[Stage1/AE] ep 323/600 | loss 0.0984 | rec 0.0204 | feat 0.0779 | train_acc 29.80%
[Stage1/AE] ep 324/600 | loss 0.0982 | rec 0.0205 | feat 0.0778 | train_acc 29.26%
[Stage1/AE] ep 325/600 | loss 0.0993 | rec 0.0203 | feat 0.0790 | train_acc 29.44%
[Stage1/AE] ep 326/600 | loss 0.0981 | rec 0.0204 | feat 0.0776 | train_acc 29.60%
[Stage1/AE] ep 327/600 | loss 0.0981 | rec 0.0204 | feat 0.0777 | train_acc 29.64%
[Stage1/AE] ep 328/600 | loss 0.0999 | rec 0.0204 | feat 0.0795 | train_acc 29.59%
[Stage1/AE] ep 329/600 | loss 0.0982 | rec 0.0203 | feat 0.0779 | train_acc 29.62%
[Stage1/AE] ep 330/600 | loss 0.0987 | rec 0.0205 | feat 0.0782 | train_acc 29.70%
[Stage1/AE] ep 331/600 | loss 0.0983 | rec 0.0205 | feat 0.0778 | train_acc 29.71%
[Stage1/AE] ep 332/600 | loss 0.0989 | rec 0.0204 | feat 0.0785 | train_acc 29.66%
[Stage1/AE] ep 333/600 | loss 0.0975 | rec 0.0204 | feat 0.0771 | train_acc 29.84%
[Stage1/AE] ep 334/600 | loss 0.0975 | rec 0.0203 | feat 0.0772 | train_acc 29.43%
[Stage1/AE] ep 335/600 | loss 0.0977 | rec 0.0205 | feat 0.0773 | train_acc 29.90%
[Stage1/AE] ep 336/600 | loss 0.0995 | rec 0.0204 | feat 0.0792 | train_acc 29.44%
[Stage1/AE] ep 337/600 | loss 0.0971 | rec 0.0203 | feat 0.0768 | train_acc 29.44%
[Stage1/AE] ep 338/600 | loss 0.0968 | rec 0.0202 | feat 0.0766 | train_acc 29.49%
[Stage1/AE] ep 339/600 | loss 0.0978 | rec 0.0203 | feat 0.0775 | train_acc 29.38%
[Stage1/AE] ep 340/600 | loss 0.0985 | rec 0.0204 | feat 0.0781 | train_acc 29.52%
[Stage1/AE] ep 341/600 | loss 0.0972 | rec 0.0202 | feat 0.0770 | train_acc 29.50%
[Stage1/AE] ep 342/600 | loss 0.0976 | rec 0.0204 | feat 0.0772 | train_acc 29.68%
[Stage1/AE] ep 343/600 | loss 0.0955 | rec 0.0203 | feat 0.0752 | train_acc 29.75%
[Stage1/AE] ep 344/600 | loss 0.0964 | rec 0.0204 | feat 0.0760 | train_acc 29.65%
[Stage1/AE] ep 345/600 | loss 0.0966 | rec 0.0204 | feat 0.0762 | train_acc 29.68%
[Stage1/AE] ep 346/600 | loss 0.0957 | rec 0.0202 | feat 0.0754 | train_acc 29.49%
[Stage1/AE] ep 347/600 | loss 0.0974 | rec 0.0205 | feat 0.0769 | train_acc 29.55%
[Stage1/AE] ep 348/600 | loss 0.0980 | rec 0.0204 | feat 0.0776 | train_acc 29.64%
[Stage1/AE] ep 349/600 | loss 0.0968 | rec 0.0202 | feat 0.0767 | train_acc 29.57%
[Stage1/AE] ep 350/600 | loss 0.0965 | rec 0.0202 | feat 0.0763 | train_acc 29.56%
[Stage1/AE] ep 351/600 | loss 0.0979 | rec 0.0203 | feat 0.0775 | train_acc 29.49%
[Stage1/AE] ep 352/600 | loss 0.0977 | rec 0.0202 | feat 0.0775 | train_acc 29.56%
[Stage1/AE] ep 353/600 | loss 0.0966 | rec 0.0203 | feat 0.0764 | train_acc 29.52%
[Stage1/AE] ep 354/600 | loss 0.0975 | rec 0.0201 | feat 0.0774 | train_acc 29.46%
[Stage1/AE] ep 355/600 | loss 0.0978 | rec 0.0201 | feat 0.0776 | train_acc 29.50%
[Stage1/AE] ep 356/600 | loss 0.0996 | rec 0.0201 | feat 0.0794 | train_acc 29.57%
[Stage1/AE] ep 357/600 | loss 0.0988 | rec 0.0205 | feat 0.0783 | train_acc 29.89%
[Stage1/AE] ep 358/600 | loss 0.0984 | rec 0.0203 | feat 0.0781 | train_acc 29.71%
[Stage1/AE] ep 359/600 | loss 0.0996 | rec 0.0203 | feat 0.0793 | train_acc 29.50%
[Stage1/AE] ep 360/600 | loss 0.0988 | rec 0.0202 | feat 0.0786 | train_acc 29.52%
[Stage1/AE] ep 361/600 | loss 0.0981 | rec 0.0202 | feat 0.0779 | train_acc 29.46%
[Stage1/AE] ep 362/600 | loss 0.0979 | rec 0.0203 | feat 0.0776 | train_acc 29.62%
[Stage1/AE] ep 363/600 | loss 0.0974 | rec 0.0203 | feat 0.0770 | train_acc 29.66%
[Stage1/AE] ep 364/600 | loss 0.0967 | rec 0.0203 | feat 0.0764 | train_acc 29.46%
[Stage1/AE] ep 365/600 | loss 0.0972 | rec 0.0202 | feat 0.0770 | train_acc 29.43%
[Stage1/AE] ep 366/600 | loss 0.0964 | rec 0.0202 | feat 0.0762 | train_acc 29.50%
[Stage1/AE] ep 367/600 | loss 0.0974 | rec 0.0202 | feat 0.0772 | train_acc 29.76%
[Stage1/AE] ep 368/600 | loss 0.0965 | rec 0.0202 | feat 0.0762 | train_acc 29.69%
[Stage1/AE] ep 369/600 | loss 0.0980 | rec 0.0202 | feat 0.0778 | train_acc 29.59%
[Stage1/AE] ep 370/600 | loss 0.0965 | rec 0.0202 | feat 0.0763 | train_acc 29.75%
[Stage1/AE] ep 371/600 | loss 0.0976 | rec 0.0203 | feat 0.0773 | train_acc 29.46%
[Stage1/AE] ep 372/600 | loss 0.0973 | rec 0.0202 | feat 0.0772 | train_acc 29.40%
[Stage1/AE] ep 373/600 | loss 0.0961 | rec 0.0200 | feat 0.0761 | train_acc 29.57%
[Stage1/AE] ep 374/600 | loss 0.0974 | rec 0.0201 | feat 0.0773 | train_acc 29.64%
[Stage1/AE] ep 375/600 | loss 0.0975 | rec 0.0203 | feat 0.0772 | train_acc 29.77%
[Stage1/AE] ep 376/600 | loss 0.0972 | rec 0.0201 | feat 0.0771 | train_acc 29.45%
[Stage1/AE] ep 377/600 | loss 0.0974 | rec 0.0201 | feat 0.0773 | train_acc 29.61%
[Stage1/AE] ep 378/600 | loss 0.0970 | rec 0.0201 | feat 0.0769 | train_acc 29.68%
[Stage1/AE] ep 379/600 | loss 0.0972 | rec 0.0202 | feat 0.0770 | train_acc 29.56%
[Stage1/AE] ep 380/600 | loss 0.0959 | rec 0.0202 | feat 0.0756 | train_acc 29.55%
[Stage1/AE] ep 381/600 | loss 0.0963 | rec 0.0201 | feat 0.0761 | train_acc 29.52%
[Stage1/AE] ep 382/600 | loss 0.0967 | rec 0.0203 | feat 0.0764 | train_acc 29.44%
[Stage1/AE] ep 383/600 | loss 0.0974 | rec 0.0203 | feat 0.0771 | train_acc 29.54%
[Stage1/AE] ep 384/600 | loss 0.0962 | rec 0.0200 | feat 0.0762 | train_acc 29.80%
[Stage1/AE] ep 385/600 | loss 0.0982 | rec 0.0200 | feat 0.0781 | train_acc 29.75%
[Stage1/AE] ep 386/600 | loss 0.0975 | rec 0.0201 | feat 0.0775 | train_acc 29.43%
[Stage1/AE] ep 387/600 | loss 0.0968 | rec 0.0202 | feat 0.0766 | train_acc 29.50%
[Stage1/AE] ep 388/600 | loss 0.0957 | rec 0.0201 | feat 0.0756 | train_acc 29.61%
[Stage1/AE] ep 389/600 | loss 0.0978 | rec 0.0200 | feat 0.0778 | train_acc 29.54%
[Stage1/AE] ep 390/600 | loss 0.0967 | rec 0.0200 | feat 0.0767 | train_acc 29.45%
[Stage1/AE] ep 391/600 | loss 0.0952 | rec 0.0201 | feat 0.0751 | train_acc 29.50%
[Stage1/AE] ep 392/600 | loss 0.0967 | rec 0.0201 | feat 0.0767 | train_acc 29.39%
[Stage1/AE] ep 393/600 | loss 0.0972 | rec 0.0202 | feat 0.0770 | train_acc 29.60%
[Stage1/AE] ep 394/600 | loss 0.0973 | rec 0.0199 | feat 0.0774 | train_acc 29.71%
[Stage1/AE] ep 395/600 | loss 0.0964 | rec 0.0202 | feat 0.0762 | train_acc 29.46%
[Stage1/AE] ep 396/600 | loss 0.0974 | rec 0.0201 | feat 0.0773 | train_acc 29.56%
[Stage1/AE] ep 397/600 | loss 0.0982 | rec 0.0201 | feat 0.0781 | train_acc 29.54%
[Stage1/AE] ep 398/600 | loss 0.0973 | rec 0.0201 | feat 0.0772 | train_acc 29.65%
[Stage1/AE] ep 399/600 | loss 0.0979 | rec 0.0200 | feat 0.0779 | train_acc 29.48%
[Stage1/AE] ep 400/600 | loss 0.0968 | rec 0.0200 | feat 0.0768 | train_acc 29.73%
[Stage1/AE] ep 401/600 | loss 0.0965 | rec 0.0202 | feat 0.0764 | train_acc 29.45%
[Stage1/AE] ep 402/600 | loss 0.0950 | rec 0.0201 | feat 0.0749 | train_acc 29.39%
[Stage1/AE] ep 403/600 | loss 0.0964 | rec 0.0200 | feat 0.0764 | train_acc 29.65%
[Stage1/AE] ep 404/600 | loss 0.0959 | rec 0.0201 | feat 0.0758 | train_acc 29.70%
[Stage1/AE] ep 405/600 | loss 0.0970 | rec 0.0200 | feat 0.0771 | train_acc 29.30%
[Stage1/AE] ep 406/600 | loss 0.0976 | rec 0.0201 | feat 0.0776 | train_acc 29.57%
[Stage1/AE] ep 407/600 | loss 0.0956 | rec 0.0199 | feat 0.0758 | train_acc 29.51%
[Stage1/AE] ep 408/600 | loss 0.0964 | rec 0.0199 | feat 0.0766 | train_acc 29.69%
[Stage1/AE] ep 409/600 | loss 0.0975 | rec 0.0202 | feat 0.0774 | train_acc 29.25%
[Stage1/AE] ep 410/600 | loss 0.0978 | rec 0.0200 | feat 0.0778 | train_acc 29.45%
[Stage1/AE] ep 411/600 | loss 0.0965 | rec 0.0201 | feat 0.0764 | train_acc 29.44%
[Stage1/AE] ep 412/600 | loss 0.0968 | rec 0.0199 | feat 0.0768 | train_acc 30.09%
[Stage1/AE] ep 413/600 | loss 0.0975 | rec 0.0202 | feat 0.0773 | train_acc 29.61%
[Stage1/AE] ep 414/600 | loss 0.0961 | rec 0.0201 | feat 0.0760 | train_acc 29.74%
[Stage1/AE] ep 415/600 | loss 0.0958 | rec 0.0198 | feat 0.0760 | train_acc 29.40%
[Stage1/AE] ep 416/600 | loss 0.0962 | rec 0.0201 | feat 0.0761 | train_acc 29.66%
[Stage1/AE] ep 417/600 | loss 0.0970 | rec 0.0200 | feat 0.0770 | train_acc 29.49%
[Stage1/AE] ep 418/600 | loss 0.0944 | rec 0.0200 | feat 0.0743 | train_acc 29.68%
[Stage1/AE] ep 419/600 | loss 0.0959 | rec 0.0201 | feat 0.0758 | train_acc 29.66%
[Stage1/AE] ep 420/600 | loss 0.0971 | rec 0.0200 | feat 0.0771 | train_acc 29.73%
[Stage1/AE] ep 421/600 | loss 0.0966 | rec 0.0200 | feat 0.0766 | train_acc 29.46%
[Stage1/AE] ep 422/600 | loss 0.0945 | rec 0.0198 | feat 0.0747 | train_acc 29.48%
[Stage1/AE] ep 423/600 | loss 0.0963 | rec 0.0200 | feat 0.0763 | train_acc 29.49%
[Stage1/AE] ep 424/600 | loss 0.0948 | rec 0.0200 | feat 0.0748 | train_acc 29.65%
[Stage1/AE] ep 425/600 | loss 0.0962 | rec 0.0201 | feat 0.0760 | train_acc 29.48%
[Stage1/AE] ep 426/600 | loss 0.0958 | rec 0.0201 | feat 0.0757 | train_acc 29.60%
[Stage1/AE] ep 427/600 | loss 0.0953 | rec 0.0199 | feat 0.0754 | train_acc 29.74%
[Stage1/AE] ep 428/600 | loss 0.0962 | rec 0.0199 | feat 0.0763 | train_acc 29.35%
[Stage1/AE] ep 429/600 | loss 0.0952 | rec 0.0198 | feat 0.0754 | train_acc 29.66%
[Stage1/AE] ep 430/600 | loss 0.0962 | rec 0.0199 | feat 0.0763 | train_acc 29.38%
[Stage1/AE] ep 431/600 | loss 0.0962 | rec 0.0199 | feat 0.0763 | train_acc 29.61%
[Stage1/AE] ep 432/600 | loss 0.0962 | rec 0.0200 | feat 0.0762 | train_acc 29.31%
[Stage1/AE] ep 433/600 | loss 0.0955 | rec 0.0200 | feat 0.0756 | train_acc 29.55%
[Stage1/AE] ep 434/600 | loss 0.0969 | rec 0.0200 | feat 0.0769 | train_acc 29.38%
[Stage1/AE] ep 435/600 | loss 0.0962 | rec 0.0198 | feat 0.0764 | train_acc 29.60%
[Stage1/AE] ep 436/600 | loss 0.0950 | rec 0.0200 | feat 0.0750 | train_acc 29.69%
[Stage1/AE] ep 437/600 | loss 0.0966 | rec 0.0200 | feat 0.0766 | train_acc 29.61%
[Stage1/AE] ep 438/600 | loss 0.0957 | rec 0.0200 | feat 0.0757 | train_acc 29.71%
[Stage1/AE] ep 439/600 | loss 0.0955 | rec 0.0199 | feat 0.0756 | train_acc 29.60%
[Stage1/AE] ep 440/600 | loss 0.0949 | rec 0.0199 | feat 0.0750 | train_acc 29.57%
[Stage1/AE] ep 441/600 | loss 0.0946 | rec 0.0200 | feat 0.0747 | train_acc 29.56%
[Stage1/AE] ep 442/600 | loss 0.0963 | rec 0.0200 | feat 0.0763 | train_acc 29.27%
[Stage1/AE] ep 443/600 | loss 0.0964 | rec 0.0200 | feat 0.0764 | train_acc 29.69%
[Stage1/AE] ep 444/600 | loss 0.0963 | rec 0.0198 | feat 0.0765 | train_acc 29.51%
[Stage1/AE] ep 445/600 | loss 0.0967 | rec 0.0199 | feat 0.0768 | train_acc 29.60%
[Stage1/AE] ep 446/600 | loss 0.0946 | rec 0.0199 | feat 0.0747 | train_acc 29.48%
[Stage1/AE] ep 447/600 | loss 0.0944 | rec 0.0198 | feat 0.0746 | train_acc 29.82%
[Stage1/AE] ep 448/600 | loss 0.0959 | rec 0.0200 | feat 0.0759 | train_acc 29.59%
[Stage1/AE] ep 449/600 | loss 0.0945 | rec 0.0199 | feat 0.0745 | train_acc 29.66%
[Stage1/AE] ep 450/600 | loss 0.0948 | rec 0.0198 | feat 0.0751 | train_acc 29.66%
[Stage1/AE] ep 451/600 | loss 0.0979 | rec 0.0199 | feat 0.0780 | train_acc 29.64%
[Stage1/AE] ep 452/600 | loss 0.0946 | rec 0.0200 | feat 0.0746 | train_acc 29.73%
[Stage1/AE] ep 453/600 | loss 0.0960 | rec 0.0199 | feat 0.0761 | train_acc 29.57%
[Stage1/AE] ep 454/600 | loss 0.0958 | rec 0.0199 | feat 0.0758 | train_acc 29.70%
[Stage1/AE] ep 455/600 | loss 0.0964 | rec 0.0200 | feat 0.0764 | train_acc 29.44%
[Stage1/AE] ep 456/600 | loss 0.0952 | rec 0.0197 | feat 0.0756 | train_acc 29.54%
[Stage1/AE] ep 457/600 | loss 0.0962 | rec 0.0199 | feat 0.0763 | train_acc 29.56%
[Stage1/AE] ep 458/600 | loss 0.0942 | rec 0.0199 | feat 0.0743 | train_acc 29.62%
[Stage1/AE] ep 459/600 | loss 0.0948 | rec 0.0197 | feat 0.0751 | train_acc 29.54%
[Stage1/AE] ep 460/600 | loss 0.0963 | rec 0.0198 | feat 0.0764 | train_acc 29.41%
[Stage1/AE] ep 461/600 | loss 0.0940 | rec 0.0198 | feat 0.0742 | train_acc 29.48%
[Stage1/AE] ep 462/600 | loss 0.0957 | rec 0.0199 | feat 0.0759 | train_acc 29.52%
[Stage1/AE] ep 463/600 | loss 0.0977 | rec 0.0197 | feat 0.0780 | train_acc 29.64%
[Stage1/AE] ep 464/600 | loss 0.0954 | rec 0.0198 | feat 0.0756 | train_acc 29.55%
[Stage1/AE] ep 465/600 | loss 0.0947 | rec 0.0197 | feat 0.0750 | train_acc 29.74%
[Stage1/AE] ep 466/600 | loss 0.0950 | rec 0.0198 | feat 0.0752 | train_acc 29.73%
[Stage1/AE] ep 467/600 | loss 0.0937 | rec 0.0199 | feat 0.0738 | train_acc 29.39%
[Stage1/AE] ep 468/600 | loss 0.0957 | rec 0.0199 | feat 0.0759 | train_acc 29.76%
[Stage1/AE] ep 469/600 | loss 0.0959 | rec 0.0197 | feat 0.0762 | train_acc 29.55%
[Stage1/AE] ep 470/600 | loss 0.0934 | rec 0.0198 | feat 0.0736 | train_acc 29.62%
[Stage1/AE] ep 471/600 | loss 0.0959 | rec 0.0198 | feat 0.0761 | train_acc 29.69%
[Stage1/AE] ep 472/600 | loss 0.0962 | rec 0.0198 | feat 0.0764 | train_acc 29.69%
[Stage1/AE] ep 473/600 | loss 0.0962 | rec 0.0197 | feat 0.0765 | train_acc 29.65%
[Stage1/AE] ep 474/600 | loss 0.0958 | rec 0.0199 | feat 0.0759 | train_acc 29.65%
[Stage1/AE] ep 475/600 | loss 0.0971 | rec 0.0197 | feat 0.0774 | train_acc 29.62%
[Stage1/AE] ep 476/600 | loss 0.0948 | rec 0.0199 | feat 0.0749 | train_acc 29.48%
[Stage1/AE] ep 477/600 | loss 0.0951 | rec 0.0198 | feat 0.0753 | train_acc 29.65%
[Stage1/AE] ep 478/600 | loss 0.0952 | rec 0.0198 | feat 0.0754 | train_acc 29.59%
[Stage1/AE] ep 479/600 | loss 0.0954 | rec 0.0198 | feat 0.0756 | train_acc 29.52%
[Stage1/AE] ep 480/600 | loss 0.0943 | rec 0.0196 | feat 0.0747 | train_acc 29.65%
[Stage1/AE] ep 481/600 | loss 0.0957 | rec 0.0198 | feat 0.0760 | train_acc 29.32%
[Stage1/AE] ep 482/600 | loss 0.0953 | rec 0.0197 | feat 0.0756 | train_acc 29.49%
[Stage1/AE] ep 483/600 | loss 0.0954 | rec 0.0198 | feat 0.0756 | train_acc 29.45%
[Stage1/AE] ep 484/600 | loss 0.0962 | rec 0.0197 | feat 0.0765 | train_acc 29.75%
[Stage1/AE] ep 485/600 | loss 0.0949 | rec 0.0198 | feat 0.0751 | train_acc 29.46%
[Stage1/AE] ep 486/600 | loss 0.0949 | rec 0.0197 | feat 0.0752 | train_acc 29.70%
[Stage1/AE] ep 487/600 | loss 0.0953 | rec 0.0197 | feat 0.0755 | train_acc 29.79%
[Stage1/AE] ep 488/600 | loss 0.0947 | rec 0.0197 | feat 0.0750 | train_acc 29.44%
[Stage1/AE] ep 489/600 | loss 0.0943 | rec 0.0197 | feat 0.0746 | train_acc 29.73%
[Stage1/AE] ep 490/600 | loss 0.0943 | rec 0.0198 | feat 0.0745 | train_acc 29.60%
[Stage1/AE] ep 491/600 | loss 0.0960 | rec 0.0197 | feat 0.0763 | train_acc 29.91%
[Stage1/AE] ep 492/600 | loss 0.0955 | rec 0.0197 | feat 0.0758 | train_acc 29.56%
[Stage1/AE] ep 493/600 | loss 0.0962 | rec 0.0198 | feat 0.0764 | train_acc 29.36%
[Stage1/AE] ep 494/600 | loss 0.0949 | rec 0.0197 | feat 0.0752 | train_acc 29.60%
[Stage1/AE] ep 495/600 | loss 0.0959 | rec 0.0199 | feat 0.0761 | train_acc 29.60%
[Stage1/AE] ep 496/600 | loss 0.0936 | rec 0.0198 | feat 0.0738 | train_acc 29.57%
[Stage1/AE] ep 497/600 | loss 0.0947 | rec 0.0196 | feat 0.0751 | train_acc 29.70%
[Stage1/AE] ep 498/600 | loss 0.0928 | rec 0.0197 | feat 0.0731 | train_acc 29.54%
[Stage1/AE] ep 499/600 | loss 0.0949 | rec 0.0196 | feat 0.0752 | train_acc 29.68%
[Stage1/AE] ep 500/600 | loss 0.0955 | rec 0.0196 | feat 0.0760 | train_acc 29.52%
[Stage1/AE] ep 501/600 | loss 0.0948 | rec 0.0198 | feat 0.0750 | train_acc 29.46%
[Stage1/AE] ep 502/600 | loss 0.0950 | rec 0.0197 | feat 0.0752 | train_acc 29.75%
[Stage1/AE] ep 503/600 | loss 0.0942 | rec 0.0196 | feat 0.0746 | train_acc 29.39%
[Stage1/AE] ep 504/600 | loss 0.0947 | rec 0.0197 | feat 0.0750 | train_acc 29.89%
[Stage1/AE] ep 505/600 | loss 0.0945 | rec 0.0197 | feat 0.0748 | train_acc 29.49%
[Stage1/AE] ep 506/600 | loss 0.0956 | rec 0.0196 | feat 0.0760 | train_acc 29.73%
[Stage1/AE] ep 507/600 | loss 0.0937 | rec 0.0198 | feat 0.0739 | train_acc 29.56%
[Stage1/AE] ep 508/600 | loss 0.0937 | rec 0.0196 | feat 0.0741 | train_acc 29.57%
[Stage1/AE] ep 509/600 | loss 0.0945 | rec 0.0197 | feat 0.0749 | train_acc 29.75%
[Stage1/AE] ep 510/600 | loss 0.0968 | rec 0.0198 | feat 0.0770 | train_acc 29.62%
[Stage1/AE] ep 511/600 | loss 0.0958 | rec 0.0196 | feat 0.0761 | train_acc 29.73%
[Stage1/AE] ep 512/600 | loss 0.0947 | rec 0.0198 | feat 0.0750 | train_acc 29.52%
[Stage1/AE] ep 513/600 | loss 0.0950 | rec 0.0197 | feat 0.0753 | train_acc 29.71%
[Stage1/AE] ep 514/600 | loss 0.0935 | rec 0.0195 | feat 0.0739 | train_acc 29.68%
[Stage1/AE] ep 515/600 | loss 0.0930 | rec 0.0197 | feat 0.0733 | train_acc 29.76%
[Stage1/AE] ep 516/600 | loss 0.0944 | rec 0.0197 | feat 0.0747 | train_acc 29.41%
[Stage1/AE] ep 517/600 | loss 0.0960 | rec 0.0196 | feat 0.0764 | train_acc 29.68%
[Stage1/AE] ep 518/600 | loss 0.0945 | rec 0.0197 | feat 0.0748 | train_acc 29.51%
[Stage1/AE] ep 519/600 | loss 0.0944 | rec 0.0197 | feat 0.0747 | train_acc 29.56%
[Stage1/AE] ep 520/600 | loss 0.0952 | rec 0.0196 | feat 0.0756 | train_acc 29.70%
[Stage1/AE] ep 521/600 | loss 0.0940 | rec 0.0195 | feat 0.0745 | train_acc 29.75%
[Stage1/AE] ep 522/600 | loss 0.0936 | rec 0.0196 | feat 0.0740 | train_acc 29.41%
[Stage1/AE] ep 523/600 | loss 0.0939 | rec 0.0197 | feat 0.0742 | train_acc 29.62%
[Stage1/AE] ep 524/600 | loss 0.0962 | rec 0.0196 | feat 0.0766 | train_acc 29.52%
[Stage1/AE] ep 525/600 | loss 0.0941 | rec 0.0195 | feat 0.0746 | train_acc 29.59%
[Stage1/AE] ep 526/600 | loss 0.0947 | rec 0.0197 | feat 0.0750 | train_acc 30.09%
[Stage1/AE] ep 527/600 | loss 0.0946 | rec 0.0197 | feat 0.0749 | train_acc 29.70%
[Stage1/AE] ep 528/600 | loss 0.0938 | rec 0.0195 | feat 0.0743 | train_acc 29.61%
[Stage1/AE] ep 529/600 | loss 0.0945 | rec 0.0196 | feat 0.0749 | train_acc 29.71%
[Stage1/AE] ep 530/600 | loss 0.0939 | rec 0.0197 | feat 0.0743 | train_acc 29.36%
[Stage1/AE] ep 531/600 | loss 0.0945 | rec 0.0196 | feat 0.0749 | train_acc 29.49%
[Stage1/AE] ep 532/600 | loss 0.0942 | rec 0.0197 | feat 0.0745 | train_acc 29.56%
[Stage1/AE] ep 533/600 | loss 0.0944 | rec 0.0195 | feat 0.0749 | train_acc 29.39%
[Stage1/AE] ep 534/600 | loss 0.0930 | rec 0.0194 | feat 0.0736 | train_acc 29.68%
[Stage1/AE] ep 535/600 | loss 0.0943 | rec 0.0196 | feat 0.0747 | train_acc 29.73%
[Stage1/AE] ep 536/600 | loss 0.0943 | rec 0.0197 | feat 0.0745 | train_acc 29.45%
[Stage1/AE] ep 537/600 | loss 0.0950 | rec 0.0195 | feat 0.0754 | train_acc 29.82%
[Stage1/AE] ep 538/600 | loss 0.0937 | rec 0.0196 | feat 0.0741 | train_acc 29.75%
[Stage1/AE] ep 539/600 | loss 0.0944 | rec 0.0197 | feat 0.0747 | train_acc 29.52%
[Stage1/AE] ep 540/600 | loss 0.0941 | rec 0.0195 | feat 0.0746 | train_acc 29.79%
[Stage1/AE] ep 541/600 | loss 0.0916 | rec 0.0196 | feat 0.0720 | train_acc 29.54%
[Stage1/AE] ep 542/600 | loss 0.0960 | rec 0.0196 | feat 0.0763 | train_acc 29.77%
[Stage1/AE] ep 543/600 | loss 0.0934 | rec 0.0196 | feat 0.0738 | train_acc 29.59%
[Stage1/AE] ep 544/600 | loss 0.0942 | rec 0.0196 | feat 0.0746 | train_acc 29.73%
[Stage1/AE] ep 545/600 | loss 0.0932 | rec 0.0197 | feat 0.0736 | train_acc 29.57%
[Stage1/AE] ep 546/600 | loss 0.0944 | rec 0.0197 | feat 0.0748 | train_acc 29.81%
[Stage1/AE] ep 547/600 | loss 0.0933 | rec 0.0195 | feat 0.0739 | train_acc 29.59%
[Stage1/AE] ep 548/600 | loss 0.0937 | rec 0.0196 | feat 0.0741 | train_acc 29.57%
[Stage1/AE] ep 549/600 | loss 0.0924 | rec 0.0195 | feat 0.0729 | train_acc 29.56%
[Stage1/AE] ep 550/600 | loss 0.0941 | rec 0.0194 | feat 0.0746 | train_acc 30.01%
[Stage1/AE] ep 551/600 | loss 0.0932 | rec 0.0196 | feat 0.0736 | train_acc 29.66%
[Stage1/AE] ep 552/600 | loss 0.0942 | rec 0.0196 | feat 0.0747 | train_acc 29.62%
[Stage1/AE] ep 553/600 | loss 0.0936 | rec 0.0196 | feat 0.0740 | train_acc 29.41%
[Stage1/AE] ep 554/600 | loss 0.0941 | rec 0.0195 | feat 0.0746 | train_acc 29.56%
[Stage1/AE] ep 555/600 | loss 0.0940 | rec 0.0196 | feat 0.0744 | train_acc 29.75%
[Stage1/AE] ep 556/600 | loss 0.0928 | rec 0.0196 | feat 0.0732 | train_acc 29.81%
[Stage1/AE] ep 557/600 | loss 0.0961 | rec 0.0196 | feat 0.0765 | train_acc 29.69%
[Stage1/AE] ep 558/600 | loss 0.0948 | rec 0.0196 | feat 0.0752 | train_acc 29.44%
[Stage1/AE] ep 559/600 | loss 0.0942 | rec 0.0197 | feat 0.0746 | train_acc 29.69%
[Stage1/AE] ep 560/600 | loss 0.0924 | rec 0.0195 | feat 0.0729 | train_acc 29.79%
[Stage1/AE] ep 561/600 | loss 0.0949 | rec 0.0195 | feat 0.0754 | train_acc 29.34%
[Stage1/AE] ep 562/600 | loss 0.0955 | rec 0.0195 | feat 0.0760 | train_acc 29.74%
[Stage1/AE] ep 563/600 | loss 0.0938 | rec 0.0194 | feat 0.0744 | train_acc 29.77%
[Stage1/AE] ep 564/600 | loss 0.0936 | rec 0.0196 | feat 0.0740 | train_acc 29.66%
[Stage1/AE] ep 565/600 | loss 0.0943 | rec 0.0195 | feat 0.0749 | train_acc 29.69%
[Stage1/AE] ep 566/600 | loss 0.0943 | rec 0.0195 | feat 0.0749 | train_acc 29.80%
[Stage1/AE] ep 567/600 | loss 0.0946 | rec 0.0196 | feat 0.0750 | train_acc 29.48%
[Stage1/AE] ep 568/600 | loss 0.0928 | rec 0.0196 | feat 0.0732 | train_acc 29.51%
[Stage1/AE] ep 569/600 | loss 0.0938 | rec 0.0196 | feat 0.0742 | train_acc 29.57%
[Stage1/AE] ep 570/600 | loss 0.0936 | rec 0.0194 | feat 0.0742 | train_acc 29.80%
[Stage1/AE] ep 571/600 | loss 0.0939 | rec 0.0195 | feat 0.0744 | train_acc 29.76%
[Stage1/AE] ep 572/600 | loss 0.0942 | rec 0.0194 | feat 0.0748 | train_acc 29.66%
[Stage1/AE] ep 573/600 | loss 0.0949 | rec 0.0195 | feat 0.0754 | train_acc 29.48%
[Stage1/AE] ep 574/600 | loss 0.0939 | rec 0.0196 | feat 0.0743 | train_acc 29.71%
[Stage1/AE] ep 575/600 | loss 0.0941 | rec 0.0195 | feat 0.0746 | train_acc 29.44%
[Stage1/AE] ep 576/600 | loss 0.0925 | rec 0.0194 | feat 0.0731 | train_acc 29.55%
[Stage1/AE] ep 577/600 | loss 0.0942 | rec 0.0194 | feat 0.0748 | train_acc 29.82%
[Stage1/AE] ep 578/600 | loss 0.0927 | rec 0.0195 | feat 0.0732 | train_acc 29.59%
[Stage1/AE] ep 579/600 | loss 0.0946 | rec 0.0194 | feat 0.0752 | train_acc 29.94%
[Stage1/AE] ep 580/600 | loss 0.0938 | rec 0.0194 | feat 0.0743 | train_acc 29.76%
[Stage1/AE] ep 581/600 | loss 0.0941 | rec 0.0194 | feat 0.0747 | train_acc 29.81%
[Stage1/AE] ep 582/600 | loss 0.0944 | rec 0.0194 | feat 0.0750 | train_acc 29.62%
[Stage1/AE] ep 583/600 | loss 0.0934 | rec 0.0196 | feat 0.0738 | train_acc 29.71%
[Stage1/AE] ep 584/600 | loss 0.0935 | rec 0.0193 | feat 0.0743 | train_acc 29.68%
[Stage1/AE] ep 585/600 | loss 0.0928 | rec 0.0195 | feat 0.0733 | train_acc 29.60%
[Stage1/AE] ep 586/600 | loss 0.0955 | rec 0.0194 | feat 0.0761 | train_acc 29.57%
[Stage1/AE] ep 587/600 | loss 0.0924 | rec 0.0196 | feat 0.0728 | train_acc 29.73%
[Stage1/AE] ep 588/600 | loss 0.0936 | rec 0.0194 | feat 0.0742 | train_acc 29.44%
[Stage1/AE] ep 589/600 | loss 0.0944 | rec 0.0193 | feat 0.0751 | train_acc 29.61%
[Stage1/AE] ep 590/600 | loss 0.0958 | rec 0.0194 | feat 0.0764 | train_acc 29.69%
[Stage1/AE] ep 591/600 | loss 0.0937 | rec 0.0195 | feat 0.0742 | train_acc 29.59%
[Stage1/AE] ep 592/600 | loss 0.0948 | rec 0.0196 | feat 0.0751 | train_acc 29.51%
[Stage1/AE] ep 593/600 | loss 0.0920 | rec 0.0193 | feat 0.0726 | train_acc 29.29%
[Stage1/AE] ep 594/600 | loss 0.0940 | rec 0.0194 | feat 0.0747 | train_acc 29.49%
[Stage1/AE] ep 595/600 | loss 0.0945 | rec 0.0195 | feat 0.0750 | train_acc 29.49%
[Stage1/AE] ep 596/600 | loss 0.0943 | rec 0.0194 | feat 0.0748 | train_acc 29.71%
[Stage1/AE] ep 597/600 | loss 0.0928 | rec 0.0194 | feat 0.0735 | train_acc 29.84%
[Stage1/AE] ep 598/600 | loss 0.0934 | rec 0.0194 | feat 0.0740 | train_acc 29.44%
[Stage1/AE] ep 599/600 | loss 0.0945 | rec 0.0193 | feat 0.0752 | train_acc 29.50%
[Stage1/AE] ep 600/600 | loss 0.0940 | rec 0.0194 | feat 0.0746 | train_acc 29.60%
[Stage2/Head] ep 1/600 | loss 30.6089 | ce 26.1651 | logit 44.4374 | train_acc 29.14%
[Stage2/Head] ep 2/600 | loss 25.8421 | ce 22.5040 | logit 33.3809 | train_acc 18.76%
[Stage2/Head] ep 3/600 | loss 25.2290 | ce 22.1160 | logit 31.1299 | train_acc 18.02%
[Stage2/Head] ep 4/600 | loss 24.8569 | ce 21.8383 | logit 30.1861 | train_acc 17.98%
[Stage2/Head] ep 5/600 | loss 24.5172 | ce 21.5695 | logit 29.4769 | train_acc 17.96%
[Stage2/Head] ep 6/600 | loss 24.1922 | ce 21.3109 | logit 28.8136 | train_acc 17.98%
[Stage2/Head] ep 7/600 | loss 23.8699 | ce 21.0497 | logit 28.2020 | train_acc 17.96%
[Stage2/Head] ep 8/600 | loss 23.5508 | ce 20.7940 | logit 27.5676 | train_acc 17.96%
[Stage2/Head] ep 9/600 | loss 23.2357 | ce 20.5397 | logit 26.9597 | train_acc 17.98%
[Stage2/Head] ep 10/600 | loss 22.9229 | ce 20.2872 | logit 26.3578 | train_acc 17.96%
[Stage2/Head] ep 11/600 | loss 22.6139 | ce 20.0350 | logit 25.7887 | train_acc 17.96%
[Stage2/Head] ep 12/600 | loss 22.3058 | ce 19.7841 | logit 25.2173 | train_acc 17.96%
[Stage2/Head] ep 13/600 | loss 22.0009 | ce 19.5355 | logit 24.6541 | train_acc 17.96%
[Stage2/Head] ep 14/600 | loss 21.6979 | ce 19.2860 | logit 24.1195 | train_acc 17.96%
[Stage2/Head] ep 15/600 | loss 21.3960 | ce 19.0389 | logit 23.5716 | train_acc 17.96%
[Stage2/Head] ep 16/600 | loss 21.0996 | ce 18.7953 | logit 23.0431 | train_acc 17.96%
[Stage2/Head] ep 17/600 | loss 20.8018 | ce 18.5487 | logit 22.5309 | train_acc 17.96%
[Stage2/Head] ep 18/600 | loss 20.5081 | ce 18.3052 | logit 22.0290 | train_acc 17.96%
[Stage2/Head] ep 19/600 | loss 20.2155 | ce 18.0620 | logit 21.5352 | train_acc 17.96%
[Stage2/Head] ep 20/600 | loss 19.9277 | ce 17.8216 | logit 21.0603 | train_acc 17.98%
[Stage2/Head] ep 21/600 | loss 19.6398 | ce 17.5815 | logit 20.5838 | train_acc 17.96%
[Stage2/Head] ep 22/600 | loss 19.3548 | ce 17.3416 | logit 20.1322 | train_acc 17.96%
[Stage2/Head] ep 23/600 | loss 19.0752 | ce 17.1067 | logit 19.6848 | train_acc 17.96%
[Stage2/Head] ep 24/600 | loss 18.7961 | ce 16.8704 | logit 19.2569 | train_acc 17.96%
[Stage2/Head] ep 25/600 | loss 18.5207 | ce 16.6370 | logit 18.8371 | train_acc 17.96%
[Stage2/Head] ep 26/600 | loss 18.2487 | ce 16.4052 | logit 18.4351 | train_acc 17.96%
[Stage2/Head] ep 27/600 | loss 17.9817 | ce 16.1771 | logit 18.0459 | train_acc 17.96%
[Stage2/Head] ep 28/600 | loss 17.7169 | ce 15.9493 | logit 17.6769 | train_acc 17.96%
[Stage2/Head] ep 29/600 | loss 17.4564 | ce 15.7243 | logit 17.3209 | train_acc 17.96%
[Stage2/Head] ep 30/600 | loss 17.1998 | ce 15.5016 | logit 16.9818 | train_acc 17.96%
[Stage2/Head] ep 31/600 | loss 16.9478 | ce 15.2809 | logit 16.6688 | train_acc 17.98%
[Stage2/Head] ep 32/600 | loss 16.6986 | ce 15.0627 | logit 16.3586 | train_acc 17.96%
[Stage2/Head] ep 33/600 | loss 16.4547 | ce 14.8473 | logit 16.0743 | train_acc 17.96%
[Stage2/Head] ep 34/600 | loss 16.2116 | ce 14.6303 | logit 15.8131 | train_acc 17.96%
[Stage2/Head] ep 35/600 | loss 15.9715 | ce 14.4150 | logit 15.5643 | train_acc 17.96%
[Stage2/Head] ep 36/600 | loss 15.7348 | ce 14.2005 | logit 15.3437 | train_acc 17.96%
[Stage2/Head] ep 37/600 | loss 15.5000 | ce 13.9865 | logit 15.1348 | train_acc 17.96%
[Stage2/Head] ep 38/600 | loss 15.2695 | ce 13.7746 | logit 14.9487 | train_acc 17.96%
[Stage2/Head] ep 39/600 | loss 15.0368 | ce 13.5595 | logit 14.7734 | train_acc 17.96%
[Stage2/Head] ep 40/600 | loss 14.8080 | ce 13.3457 | logit 14.6231 | train_acc 17.96%
[Stage2/Head] ep 41/600 | loss 14.5806 | ce 13.1322 | logit 14.4843 | train_acc 17.96%
[Stage2/Head] ep 42/600 | loss 14.3547 | ce 12.9189 | logit 14.3582 | train_acc 17.96%
[Stage2/Head] ep 43/600 | loss 14.1306 | ce 12.7056 | logit 14.2503 | train_acc 17.96%
[Stage2/Head] ep 44/600 | loss 13.9076 | ce 12.4925 | logit 14.1513 | train_acc 17.96%
[Stage2/Head] ep 45/600 | loss 13.6869 | ce 12.2795 | logit 14.0734 | train_acc 17.96%
[Stage2/Head] ep 46/600 | loss 13.4672 | ce 12.0672 | logit 14.0002 | train_acc 17.96%
[Stage2/Head] ep 47/600 | loss 13.2494 | ce 11.8553 | logit 13.9413 | train_acc 17.96%
[Stage2/Head] ep 48/600 | loss 13.0332 | ce 11.6436 | logit 13.8961 | train_acc 17.96%
[Stage2/Head] ep 49/600 | loss 12.8191 | ce 11.4328 | logit 13.8632 | train_acc 17.96%
[Stage2/Head] ep 50/600 | loss 12.6057 | ce 11.2222 | logit 13.8351 | train_acc 17.96%
[Stage2/Head] ep 51/600 | loss 12.3944 | ce 11.0118 | logit 13.8255 | train_acc 17.96%
[Stage2/Head] ep 52/600 | loss 12.1847 | ce 10.8025 | logit 13.8224 | train_acc 17.96%
[Stage2/Head] ep 53/600 | loss 11.9765 | ce 10.5939 | logit 13.8252 | train_acc 17.96%
[Stage2/Head] ep 54/600 | loss 11.7703 | ce 10.3857 | logit 13.8455 | train_acc 17.96%
[Stage2/Head] ep 55/600 | loss 11.5657 | ce 10.1781 | logit 13.8760 | train_acc 17.96%
[Stage2/Head] ep 56/600 | loss 11.3627 | ce 9.9715 | logit 13.9118 | train_acc 17.96%
[Stage2/Head] ep 57/600 | loss 11.1610 | ce 9.7654 | logit 13.9558 | train_acc 17.96%
[Stage2/Head] ep 58/600 | loss 10.9613 | ce 9.5604 | logit 14.0088 | train_acc 17.96%
[Stage2/Head] ep 59/600 | loss 10.7638 | ce 9.3547 | logit 14.0909 | train_acc 17.96%
[Stage2/Head] ep 60/600 | loss 10.5673 | ce 9.1513 | logit 14.1600 | train_acc 17.96%
[Stage2/Head] ep 61/600 | loss 10.3725 | ce 8.9482 | logit 14.2435 | train_acc 17.96%
[Stage2/Head] ep 62/600 | loss 10.1797 | ce 8.7462 | logit 14.3357 | train_acc 17.96%
[Stage2/Head] ep 63/600 | loss 9.9883 | ce 8.5437 | logit 14.4459 | train_acc 17.96%
[Stage2/Head] ep 64/600 | loss 9.7986 | ce 8.3432 | logit 14.5543 | train_acc 17.96%
[Stage2/Head] ep 65/600 | loss 9.6108 | ce 8.1432 | logit 14.6759 | train_acc 17.96%
[Stage2/Head] ep 66/600 | loss 9.4240 | ce 7.9443 | logit 14.7973 | train_acc 17.96%
[Stage2/Head] ep 67/600 | loss 9.2392 | ce 7.7456 | logit 14.9362 | train_acc 17.96%
[Stage2/Head] ep 68/600 | loss 9.0559 | ce 7.5480 | logit 15.0793 | train_acc 17.96%
[Stage2/Head] ep 69/600 | loss 8.8742 | ce 7.3516 | logit 15.2254 | train_acc 17.96%
[Stage2/Head] ep 70/600 | loss 8.6944 | ce 7.1556 | logit 15.3886 | train_acc 17.96%
[Stage2/Head] ep 71/600 | loss 8.5162 | ce 6.9604 | logit 15.5582 | train_acc 17.96%
[Stage2/Head] ep 72/600 | loss 8.3390 | ce 6.7674 | logit 15.7157 | train_acc 17.96%
[Stage2/Head] ep 73/600 | loss 8.1635 | ce 6.5741 | logit 15.8942 | train_acc 17.96%
[Stage2/Head] ep 74/600 | loss 7.9902 | ce 6.3817 | logit 16.0852 | train_acc 17.96%
[Stage2/Head] ep 75/600 | loss 7.8181 | ce 6.1908 | logit 16.2726 | train_acc 17.96%
[Stage2/Head] ep 76/600 | loss 7.6478 | ce 6.0014 | logit 16.4639 | train_acc 17.96%
[Stage2/Head] ep 77/600 | loss 7.4794 | ce 5.8127 | logit 16.6676 | train_acc 17.96%
[Stage2/Head] ep 78/600 | loss 7.3115 | ce 5.6250 | logit 16.8650 | train_acc 17.96%
[Stage2/Head] ep 79/600 | loss 7.1457 | ce 5.4389 | logit 17.0682 | train_acc 17.96%
[Stage2/Head] ep 80/600 | loss 6.9817 | ce 5.2545 | logit 17.2715 | train_acc 17.96%
[Stage2/Head] ep 81/600 | loss 6.8198 | ce 5.0707 | logit 17.4908 | train_acc 17.96%
[Stage2/Head] ep 82/600 | loss 6.6589 | ce 4.8880 | logit 17.7086 | train_acc 17.96%
[Stage2/Head] ep 83/600 | loss 6.5003 | ce 4.7085 | logit 17.9178 | train_acc 17.96%
[Stage2/Head] ep 84/600 | loss 6.3429 | ce 4.5304 | logit 18.1247 | train_acc 17.96%
[Stage2/Head] ep 85/600 | loss 6.1881 | ce 4.3538 | logit 18.3430 | train_acc 17.96%
[Stage2/Head] ep 86/600 | loss 6.0343 | ce 4.1801 | logit 18.5419 | train_acc 17.96%
[Stage2/Head] ep 87/600 | loss 5.8833 | ce 4.0080 | logit 18.7529 | train_acc 17.96%
[Stage2/Head] ep 88/600 | loss 5.7338 | ce 3.8388 | logit 18.9494 | train_acc 17.96%
[Stage2/Head] ep 89/600 | loss 5.5871 | ce 3.6735 | logit 19.1366 | train_acc 17.96%
[Stage2/Head] ep 90/600 | loss 5.4427 | ce 3.5101 | logit 19.3254 | train_acc 17.96%
[Stage2/Head] ep 91/600 | loss 5.3006 | ce 3.3512 | logit 19.4942 | train_acc 17.96%
[Stage2/Head] ep 92/600 | loss 5.1615 | ce 3.1965 | logit 19.6501 | train_acc 17.96%
[Stage2/Head] ep 93/600 | loss 5.0244 | ce 3.0458 | logit 19.7867 | train_acc 17.96%
[Stage2/Head] ep 94/600 | loss 4.8908 | ce 2.8996 | logit 19.9122 | train_acc 17.96%
[Stage2/Head] ep 95/600 | loss 4.7601 | ce 2.7586 | logit 20.0156 | train_acc 17.96%
[Stage2/Head] ep 96/600 | loss 4.6329 | ce 2.6247 | logit 20.0823 | train_acc 17.96%
[Stage2/Head] ep 97/600 | loss 4.5087 | ce 2.4947 | logit 20.1395 | train_acc 17.96%
[Stage2/Head] ep 98/600 | loss 4.3878 | ce 2.3718 | logit 20.1596 | train_acc 17.96%
[Stage2/Head] ep 99/600 | loss 4.2707 | ce 2.2551 | logit 20.1561 | train_acc 17.96%
[Stage2/Head] ep 100/600 | loss 4.1571 | ce 2.1451 | logit 20.1197 | train_acc 17.96%
[Stage2/Head] ep 101/600 | loss 4.0468 | ce 2.0414 | logit 20.0543 | train_acc 17.96%
[Stage2/Head] ep 102/600 | loss 3.9400 | ce 1.9445 | logit 19.9551 | train_acc 17.96%
[Stage2/Head] ep 103/600 | loss 3.8365 | ce 1.8531 | logit 19.8338 | train_acc 17.96%
[Stage2/Head] ep 104/600 | loss 3.7367 | ce 1.7683 | logit 19.6845 | train_acc 24.23%
[Stage2/Head] ep 105/600 | loss 3.6398 | ce 1.6891 | logit 19.5067 | train_acc 37.50%
[Stage2/Head] ep 106/600 | loss 3.5467 | ce 1.6167 | logit 19.2992 | train_acc 37.50%
[Stage2/Head] ep 107/600 | loss 3.4560 | ce 1.5478 | logit 19.0821 | train_acc 37.50%
[Stage2/Head] ep 108/600 | loss 3.3679 | ce 1.4848 | logit 18.8310 | train_acc 37.50%
[Stage2/Head] ep 109/600 | loss 3.2834 | ce 1.4253 | logit 18.5806 | train_acc 37.50%
[Stage2/Head] ep 110/600 | loss 3.2005 | ce 1.3700 | logit 18.3050 | train_acc 37.50%
[Stage2/Head] ep 111/600 | loss 3.1199 | ce 1.3187 | logit 18.0122 | train_acc 37.50%
[Stage2/Head] ep 112/600 | loss 3.0420 | ce 1.2713 | logit 17.7064 | train_acc 37.50%
[Stage2/Head] ep 113/600 | loss 2.9666 | ce 1.2258 | logit 17.4086 | train_acc 37.50%
[Stage2/Head] ep 114/600 | loss 2.8928 | ce 1.1841 | logit 17.0870 | train_acc 37.50%
[Stage2/Head] ep 115/600 | loss 2.8204 | ce 1.1437 | logit 16.7665 | train_acc 37.50%
[Stage2/Head] ep 116/600 | loss 2.7506 | ce 1.1069 | logit 16.4371 | train_acc 37.50%
[Stage2/Head] ep 117/600 | loss 2.6822 | ce 1.0714 | logit 16.1089 | train_acc 37.50%
[Stage2/Head] ep 118/600 | loss 2.6156 | ce 1.0378 | logit 15.7783 | train_acc 37.50%
[Stage2/Head] ep 119/600 | loss 2.5508 | ce 1.0060 | logit 15.4480 | train_acc 37.50%
[Stage2/Head] ep 120/600 | loss 2.4870 | ce 0.9763 | logit 15.1069 | train_acc 37.50%
[Stage2/Head] ep 121/600 | loss 2.4250 | ce 0.9471 | logit 14.7792 | train_acc 37.50%
[Stage2/Head] ep 122/600 | loss 2.3646 | ce 0.9194 | logit 14.4520 | train_acc 37.50%
[Stage2/Head] ep 123/600 | loss 2.3053 | ce 0.8942 | logit 14.1105 | train_acc 37.50%
[Stage2/Head] ep 124/600 | loss 2.2470 | ce 0.8682 | logit 13.7883 | train_acc 37.50%
[Stage2/Head] ep 125/600 | loss 2.1905 | ce 0.8442 | logit 13.4630 | train_acc 37.50%
[Stage2/Head] ep 126/600 | loss 2.1354 | ce 0.8209 | logit 13.1449 | train_acc 37.50%
[Stage2/Head] ep 127/600 | loss 2.0812 | ce 0.7991 | logit 12.8217 | train_acc 37.50%
[Stage2/Head] ep 128/600 | loss 2.0284 | ce 0.7773 | logit 12.5109 | train_acc 37.50%
[Stage2/Head] ep 129/600 | loss 1.9768 | ce 0.7568 | logit 12.2005 | train_acc 37.50%
[Stage2/Head] ep 130/600 | loss 1.9264 | ce 0.7368 | logit 11.8968 | train_acc 37.50%
[Stage2/Head] ep 131/600 | loss 1.8768 | ce 0.7172 | logit 11.5960 | train_acc 37.50%
[Stage2/Head] ep 132/600 | loss 1.8287 | ce 0.6992 | logit 11.2954 | train_acc 37.50%
[Stage2/Head] ep 133/600 | loss 1.7820 | ce 0.6802 | logit 11.0175 | train_acc 37.50%
[Stage2/Head] ep 134/600 | loss 1.7360 | ce 0.6632 | logit 10.7282 | train_acc 37.50%
[Stage2/Head] ep 135/600 | loss 1.6912 | ce 0.6464 | logit 10.4473 | train_acc 37.50%
[Stage2/Head] ep 136/600 | loss 1.6477 | ce 0.6293 | logit 10.1847 | train_acc 37.50%
[Stage2/Head] ep 137/600 | loss 1.6048 | ce 0.6139 | logit 9.9091 | train_acc 37.50%
[Stage2/Head] ep 138/600 | loss 1.5636 | ce 0.5984 | logit 9.6522 | train_acc 37.50%
[Stage2/Head] ep 139/600 | loss 1.5233 | ce 0.5835 | logit 9.3988 | train_acc 37.50%
[Stage2/Head] ep 140/600 | loss 1.4839 | ce 0.5688 | logit 9.1510 | train_acc 37.50%
[Stage2/Head] ep 141/600 | loss 1.4454 | ce 0.5540 | logit 8.9142 | train_acc 37.50%
[Stage2/Head] ep 142/600 | loss 1.4083 | ce 0.5407 | logit 8.6757 | train_acc 37.50%
[Stage2/Head] ep 143/600 | loss 1.3718 | ce 0.5267 | logit 8.4509 | train_acc 37.50%
[Stage2/Head] ep 144/600 | loss 1.3367 | ce 0.5137 | logit 8.2302 | train_acc 37.50%
[Stage2/Head] ep 145/600 | loss 1.3025 | ce 0.5013 | logit 8.0115 | train_acc 37.50%
[Stage2/Head] ep 146/600 | loss 1.2693 | ce 0.4886 | logit 7.8068 | train_acc 37.50%
[Stage2/Head] ep 147/600 | loss 1.2370 | ce 0.4765 | logit 7.6049 | train_acc 37.50%
[Stage2/Head] ep 148/600 | loss 1.2061 | ce 0.4648 | logit 7.4125 | train_acc 37.50%
[Stage2/Head] ep 149/600 | loss 1.1755 | ce 0.4533 | logit 7.2217 | train_acc 37.50%
[Stage2/Head] ep 150/600 | loss 1.1462 | ce 0.4423 | logit 7.0384 | train_acc 37.50%
[Stage2/Head] ep 151/600 | loss 1.1179 | ce 0.4314 | logit 6.8652 | train_acc 37.50%
[Stage2/Head] ep 152/600 | loss 1.0902 | ce 0.4208 | logit 6.6944 | train_acc 37.50%
[Stage2/Head] ep 153/600 | loss 1.0637 | ce 0.4106 | logit 6.5309 | train_acc 37.50%
[Stage2/Head] ep 154/600 | loss 1.0382 | ce 0.3999 | logit 6.3828 | train_acc 37.50%
[Stage2/Head] ep 155/600 | loss 1.0132 | ce 0.3907 | logit 6.2244 | train_acc 37.50%
[Stage2/Head] ep 156/600 | loss 0.9892 | ce 0.3810 | logit 6.0820 | train_acc 37.50%
[Stage2/Head] ep 157/600 | loss 0.9661 | ce 0.3715 | logit 5.9460 | train_acc 37.50%
[Stage2/Head] ep 158/600 | loss 0.9438 | ce 0.3627 | logit 5.8111 | train_acc 37.50%
[Stage2/Head] ep 159/600 | loss 0.9225 | ce 0.3539 | logit 5.6862 | train_acc 37.50%
[Stage2/Head] ep 160/600 | loss 0.9016 | ce 0.3449 | logit 5.5675 | train_acc 37.50%
[Stage2/Head] ep 161/600 | loss 0.8816 | ce 0.3371 | logit 5.4447 | train_acc 37.50%
[Stage2/Head] ep 162/600 | loss 0.8628 | ce 0.3286 | logit 5.3413 | train_acc 37.50%
[Stage2/Head] ep 163/600 | loss 0.8443 | ce 0.3209 | logit 5.2342 | train_acc 37.50%
[Stage2/Head] ep 164/600 | loss 0.8268 | ce 0.3130 | logit 5.1385 | train_acc 37.50%
[Stage2/Head] ep 165/600 | loss 0.8098 | ce 0.3057 | logit 5.0405 | train_acc 37.50%
[Stage2/Head] ep 166/600 | loss 0.7937 | ce 0.2983 | logit 4.9540 | train_acc 37.50%
[Stage2/Head] ep 167/600 | loss 0.7781 | ce 0.2909 | logit 4.8719 | train_acc 37.50%
[Stage2/Head] ep 168/600 | loss 0.7637 | ce 0.2844 | logit 4.7929 | train_acc 37.50%
[Stage2/Head] ep 169/600 | loss 0.7491 | ce 0.2779 | logit 4.7117 | train_acc 37.50%
[Stage2/Head] ep 170/600 | loss 0.7355 | ce 0.2712 | logit 4.6437 | train_acc 37.50%
[Stage2/Head] ep 171/600 | loss 0.7226 | ce 0.2648 | logit 4.5778 | train_acc 37.50%
[Stage2/Head] ep 172/600 | loss 0.7103 | ce 0.2587 | logit 4.5162 | train_acc 37.50%
[Stage2/Head] ep 173/600 | loss 0.6984 | ce 0.2528 | logit 4.4554 | train_acc 37.50%
[Stage2/Head] ep 174/600 | loss 0.6872 | ce 0.2469 | logit 4.4027 | train_acc 37.50%
[Stage2/Head] ep 175/600 | loss 0.6764 | ce 0.2412 | logit 4.3520 | train_acc 37.50%
[Stage2/Head] ep 176/600 | loss 0.6657 | ce 0.2360 | logit 4.2976 | train_acc 37.50%
[Stage2/Head] ep 177/600 | loss 0.6565 | ce 0.2305 | logit 4.2601 | train_acc 37.50%
[Stage2/Head] ep 178/600 | loss 0.6476 | ce 0.2252 | logit 4.2234 | train_acc 37.50%
[Stage2/Head] ep 179/600 | loss 0.6385 | ce 0.2208 | logit 4.1769 | train_acc 37.50%
[Stage2/Head] ep 180/600 | loss 0.6302 | ce 0.2156 | logit 4.1462 | train_acc 37.50%
[Stage2/Head] ep 181/600 | loss 0.6224 | ce 0.2109 | logit 4.1141 | train_acc 37.50%
[Stage2/Head] ep 182/600 | loss 0.6150 | ce 0.2067 | logit 4.0838 | train_acc 37.50%
[Stage2/Head] ep 183/600 | loss 0.6082 | ce 0.2020 | logit 4.0619 | train_acc 37.50%
[Stage2/Head] ep 184/600 | loss 0.6017 | ce 0.1980 | logit 4.0378 | train_acc 37.50%
[Stage2/Head] ep 185/600 | loss 0.5954 | ce 0.1940 | logit 4.0134 | train_acc 37.50%
[Stage2/Head] ep 186/600 | loss 0.5895 | ce 0.1900 | logit 3.9953 | train_acc 37.50%
[Stage2/Head] ep 187/600 | loss 0.5839 | ce 0.1862 | logit 3.9768 | train_acc 37.50%
[Stage2/Head] ep 188/600 | loss 0.5789 | ce 0.1824 | logit 3.9656 | train_acc 37.50%
[Stage2/Head] ep 189/600 | loss 0.5739 | ce 0.1788 | logit 3.9509 | train_acc 37.50%
[Stage2/Head] ep 190/600 | loss 0.5693 | ce 0.1754 | logit 3.9390 | train_acc 37.50%
[Stage2/Head] ep 191/600 | loss 0.5653 | ce 0.1722 | logit 3.9312 | train_acc 37.50%
[Stage2/Head] ep 192/600 | loss 0.5612 | ce 0.1690 | logit 3.9223 | train_acc 37.50%
[Stage2/Head] ep 193/600 | loss 0.5574 | ce 0.1660 | logit 3.9142 | train_acc 37.50%
[Stage2/Head] ep 194/600 | loss 0.5539 | ce 0.1627 | logit 3.9121 | train_acc 37.50%
[Stage2/Head] ep 195/600 | loss 0.5507 | ce 0.1600 | logit 3.9068 | train_acc 37.50%
[Stage2/Head] ep 196/600 | loss 0.5477 | ce 0.1572 | logit 3.9050 | train_acc 37.50%
[Stage2/Head] ep 197/600 | loss 0.5452 | ce 0.1547 | logit 3.9050 | train_acc 37.50%
[Stage2/Head] ep 198/600 | loss 0.5424 | ce 0.1520 | logit 3.9046 | train_acc 37.50%
[Stage2/Head] ep 199/600 | loss 0.5403 | ce 0.1496 | logit 3.9069 | train_acc 37.50%
[Stage2/Head] ep 200/600 | loss 0.5382 | ce 0.1473 | logit 3.9089 | train_acc 37.50%
[Stage2/Head] ep 201/600 | loss 0.5360 | ce 0.1452 | logit 3.9086 | train_acc 37.50%
[Stage2/Head] ep 202/600 | loss 0.5342 | ce 0.1430 | logit 3.9119 | train_acc 37.50%
[Stage2/Head] ep 203/600 | loss 0.5323 | ce 0.1408 | logit 3.9149 | train_acc 37.50%
[Stage2/Head] ep 204/600 | loss 0.5308 | ce 0.1387 | logit 3.9213 | train_acc 37.50%
[Stage2/Head] ep 205/600 | loss 0.5296 | ce 0.1371 | logit 3.9254 | train_acc 37.50%
[Stage2/Head] ep 206/600 | loss 0.5284 | ce 0.1347 | logit 3.9372 | train_acc 37.50%
[Stage2/Head] ep 207/600 | loss 0.5271 | ce 0.1337 | logit 3.9344 | train_acc 37.50%
[Stage2/Head] ep 208/600 | loss 0.5262 | ce 0.1317 | logit 3.9448 | train_acc 37.50%
[Stage2/Head] ep 209/600 | loss 0.5252 | ce 0.1300 | logit 3.9528 | train_acc 37.50%
[Stage2/Head] ep 210/600 | loss 0.5243 | ce 0.1288 | logit 3.9553 | train_acc 37.50%
[Stage2/Head] ep 211/600 | loss 0.5235 | ce 0.1268 | logit 3.9670 | train_acc 37.50%
[Stage2/Head] ep 212/600 | loss 0.5230 | ce 0.1261 | logit 3.9687 | train_acc 37.50%
[Stage2/Head] ep 213/600 | loss 0.5223 | ce 0.1245 | logit 3.9785 | train_acc 37.50%
[Stage2/Head] ep 214/600 | loss 0.5219 | ce 0.1234 | logit 3.9850 | train_acc 37.50%
[Stage2/Head] ep 215/600 | loss 0.5217 | ce 0.1222 | logit 3.9942 | train_acc 37.50%
[Stage2/Head] ep 216/600 | loss 0.5210 | ce 0.1213 | logit 3.9971 | train_acc 37.50%
[Stage2/Head] ep 217/600 | loss 0.5207 | ce 0.1199 | logit 4.0080 | train_acc 37.50%
[Stage2/Head] ep 218/600 | loss 0.5204 | ce 0.1192 | logit 4.0117 | train_acc 37.50%
[Stage2/Head] ep 219/600 | loss 0.5201 | ce 0.1183 | logit 4.0180 | train_acc 37.50%
[Stage2/Head] ep 220/600 | loss 0.5199 | ce 0.1174 | logit 4.0256 | train_acc 37.50%
[Stage2/Head] ep 221/600 | loss 0.5195 | ce 0.1165 | logit 4.0304 | train_acc 37.50%
[Stage2/Head] ep 222/600 | loss 0.5193 | ce 0.1157 | logit 4.0362 | train_acc 37.50%
[Stage2/Head] ep 223/600 | loss 0.5190 | ce 0.1151 | logit 4.0383 | train_acc 37.50%
[Stage2/Head] ep 224/600 | loss 0.5192 | ce 0.1147 | logit 4.0454 | train_acc 37.50%
[Stage2/Head] ep 225/600 | loss 0.5187 | ce 0.1138 | logit 4.0488 | train_acc 37.50%
[Stage2/Head] ep 226/600 | loss 0.5187 | ce 0.1133 | logit 4.0543 | train_acc 37.50%
[Stage2/Head] ep 227/600 | loss 0.5190 | ce 0.1128 | logit 4.0617 | train_acc 37.50%
[Stage2/Head] ep 228/600 | loss 0.5188 | ce 0.1123 | logit 4.0645 | train_acc 37.50%
[Stage2/Head] ep 229/600 | loss 0.5187 | ce 0.1121 | logit 4.0658 | train_acc 37.50%
[Stage2/Head] ep 230/600 | loss 0.5187 | ce 0.1113 | logit 4.0742 | train_acc 37.50%
[Stage2/Head] ep 231/600 | loss 0.5184 | ce 0.1114 | logit 4.0705 | train_acc 37.50%
[Stage2/Head] ep 232/600 | loss 0.5186 | ce 0.1106 | logit 4.0801 | train_acc 37.50%
[Stage2/Head] ep 233/600 | loss 0.5186 | ce 0.1105 | logit 4.0812 | train_acc 37.50%
[Stage2/Head] ep 234/600 | loss 0.5187 | ce 0.1104 | logit 4.0829 | train_acc 37.50%
[Stage2/Head] ep 235/600 | loss 0.5186 | ce 0.1101 | logit 4.0849 | train_acc 37.50%
[Stage2/Head] ep 236/600 | loss 0.5185 | ce 0.1098 | logit 4.0869 | train_acc 37.50%
[Stage2/Head] ep 237/600 | loss 0.5184 | ce 0.1097 | logit 4.0868 | train_acc 37.50%
[Stage2/Head] ep 238/600 | loss 0.5186 | ce 0.1093 | logit 4.0926 | train_acc 37.50%
[Stage2/Head] ep 239/600 | loss 0.5185 | ce 0.1093 | logit 4.0923 | train_acc 37.50%
[Stage2/Head] ep 240/600 | loss 0.5186 | ce 0.1094 | logit 4.0914 | train_acc 37.50%
[Stage2/Head] ep 241/600 | loss 0.5185 | ce 0.1091 | logit 4.0937 | train_acc 37.50%
[Stage2/Head] ep 242/600 | loss 0.5186 | ce 0.1087 | logit 4.0984 | train_acc 37.50%
[Stage2/Head] ep 243/600 | loss 0.5184 | ce 0.1088 | logit 4.0958 | train_acc 37.50%
[Stage2/Head] ep 244/600 | loss 0.5184 | ce 0.1089 | logit 4.0959 | train_acc 37.50%
[Stage2/Head] ep 245/600 | loss 0.5184 | ce 0.1087 | logit 4.0972 | train_acc 37.50%
[Stage2/Head] ep 246/600 | loss 0.5184 | ce 0.1087 | logit 4.0968 | train_acc 37.50%
[Stage2/Head] ep 247/600 | loss 0.5184 | ce 0.1087 | logit 4.0963 | train_acc 37.50%
[Stage2/Head] ep 248/600 | loss 0.5187 | ce 0.1085 | logit 4.1024 | train_acc 37.50%
[Stage2/Head] ep 249/600 | loss 0.5185 | ce 0.1085 | logit 4.0999 | train_acc 37.50%
[Stage2/Head] ep 250/600 | loss 0.5185 | ce 0.1087 | logit 4.0983 | train_acc 37.50%
[Stage2/Head] ep 251/600 | loss 0.5184 | ce 0.1085 | logit 4.0997 | train_acc 37.50%
[Stage2/Head] ep 252/600 | loss 0.5185 | ce 0.1084 | logit 4.1008 | train_acc 37.50%
[Stage2/Head] ep 253/600 | loss 0.5186 | ce 0.1085 | logit 4.1004 | train_acc 37.50%
[Stage2/Head] ep 254/600 | loss 0.5185 | ce 0.1084 | logit 4.1010 | train_acc 37.50%
[Stage2/Head] ep 255/600 | loss 0.5185 | ce 0.1087 | logit 4.0987 | train_acc 37.50%
[Stage2/Head] ep 256/600 | loss 0.5186 | ce 0.1083 | logit 4.1028 | train_acc 37.50%
[Stage2/Head] ep 257/600 | loss 0.5184 | ce 0.1083 | logit 4.1003 | train_acc 37.50%
[Stage2/Head] ep 258/600 | loss 0.5185 | ce 0.1085 | logit 4.1002 | train_acc 37.50%
[Stage2/Head] ep 259/600 | loss 0.5186 | ce 0.1085 | logit 4.1012 | train_acc 37.50%
[Stage2/Head] ep 260/600 | loss 0.5187 | ce 0.1084 | logit 4.1024 | train_acc 37.50%
[Stage2/Head] ep 261/600 | loss 0.5186 | ce 0.1084 | logit 4.1026 | train_acc 37.50%
[Stage2/Head] ep 262/600 | loss 0.5184 | ce 0.1085 | logit 4.0986 | train_acc 37.50%
[Stage2/Head] ep 263/600 | loss 0.5186 | ce 0.1083 | logit 4.1030 | train_acc 37.50%
[Stage2/Head] ep 264/600 | loss 0.5185 | ce 0.1084 | logit 4.1003 | train_acc 37.50%
[Stage2/Head] ep 265/600 | loss 0.5187 | ce 0.1084 | logit 4.1025 | train_acc 37.50%
[Stage2/Head] ep 266/600 | loss 0.5183 | ce 0.1086 | logit 4.0972 | train_acc 37.50%
[Stage2/Head] ep 267/600 | loss 0.5186 | ce 0.1082 | logit 4.1035 | train_acc 37.50%
[Stage2/Head] ep 268/600 | loss 0.5186 | ce 0.1086 | logit 4.1000 | train_acc 37.50%
[Stage2/Head] ep 269/600 | loss 0.5185 | ce 0.1084 | logit 4.1012 | train_acc 37.50%
[Stage2/Head] ep 270/600 | loss 0.5186 | ce 0.1084 | logit 4.1016 | train_acc 37.50%
[Stage2/Head] ep 271/600 | loss 0.5185 | ce 0.1084 | logit 4.1011 | train_acc 37.50%
[Stage2/Head] ep 272/600 | loss 0.5184 | ce 0.1083 | logit 4.1009 | train_acc 37.50%
[Stage2/Head] ep 273/600 | loss 0.5184 | ce 0.1085 | logit 4.0990 | train_acc 37.50%
[Stage2/Head] ep 274/600 | loss 0.5184 | ce 0.1083 | logit 4.1006 | train_acc 37.50%
[Stage2/Head] ep 275/600 | loss 0.5183 | ce 0.1084 | logit 4.0993 | train_acc 37.50%
[Stage2/Head] ep 276/600 | loss 0.5185 | ce 0.1084 | logit 4.1006 | train_acc 37.50%
[Stage2/Head] ep 277/600 | loss 0.5184 | ce 0.1085 | logit 4.0995 | train_acc 37.50%
[Stage2/Head] ep 278/600 | loss 0.5183 | ce 0.1083 | logit 4.0995 | train_acc 37.50%
[Stage2/Head] ep 279/600 | loss 0.5185 | ce 0.1084 | logit 4.1009 | train_acc 37.50%
[Stage2/Head] ep 280/600 | loss 0.5183 | ce 0.1084 | logit 4.0984 | train_acc 37.50%
[Stage2/Head] ep 281/600 | loss 0.5184 | ce 0.1084 | logit 4.1000 | train_acc 37.50%
[Stage2/Head] ep 282/600 | loss 0.5183 | ce 0.1084 | logit 4.0990 | train_acc 37.50%
[Stage2/Head] ep 283/600 | loss 0.5187 | ce 0.1083 | logit 4.1040 | train_acc 37.50%
[Stage2/Head] ep 284/600 | loss 0.5185 | ce 0.1085 | logit 4.0993 | train_acc 37.50%
[Stage2/Head] ep 285/600 | loss 0.5186 | ce 0.1084 | logit 4.1014 | train_acc 37.50%
[Stage2/Head] ep 286/600 | loss 0.5186 | ce 0.1083 | logit 4.1031 | train_acc 37.50%
[Stage2/Head] ep 287/600 | loss 0.5184 | ce 0.1084 | logit 4.0998 | train_acc 37.50%
[Stage2/Head] ep 288/600 | loss 0.5183 | ce 0.1085 | logit 4.0983 | train_acc 37.50%
[Stage2/Head] ep 289/600 | loss 0.5187 | ce 0.1084 | logit 4.1030 | train_acc 37.50%
[Stage2/Head] ep 290/600 | loss 0.5187 | ce 0.1085 | logit 4.1018 | train_acc 37.50%
[Stage2/Head] ep 291/600 | loss 0.5185 | ce 0.1084 | logit 4.1011 | train_acc 37.50%
[Stage2/Head] ep 292/600 | loss 0.5184 | ce 0.1083 | logit 4.1005 | train_acc 37.50%
[Stage2/Head] ep 293/600 | loss 0.5184 | ce 0.1083 | logit 4.1011 | train_acc 37.50%
[Stage2/Head] ep 294/600 | loss 0.5184 | ce 0.1085 | logit 4.0991 | train_acc 37.50%
[Stage2/Head] ep 295/600 | loss 0.5181 | ce 0.1084 | logit 4.0970 | train_acc 37.50%
[Stage2/Head] ep 296/600 | loss 0.5184 | ce 0.1082 | logit 4.1017 | train_acc 37.50%
[Stage2/Head] ep 297/600 | loss 0.5187 | ce 0.1085 | logit 4.1017 | train_acc 37.50%
[Stage2/Head] ep 298/600 | loss 0.5185 | ce 0.1084 | logit 4.1012 | train_acc 37.50%
[Stage2/Head] ep 299/600 | loss 0.5185 | ce 0.1085 | logit 4.0999 | train_acc 37.50%
[Stage2/Head] ep 300/600 | loss 0.5186 | ce 0.1084 | logit 4.1023 | train_acc 37.50%
[Stage2/Head] ep 301/600 | loss 0.5186 | ce 0.1084 | logit 4.1020 | train_acc 37.50%
[Stage2/Head] ep 302/600 | loss 0.5188 | ce 0.1084 | logit 4.1033 | train_acc 37.50%
[Stage2/Head] ep 303/600 | loss 0.5184 | ce 0.1084 | logit 4.1000 | train_acc 37.50%
[Stage2/Head] ep 304/600 | loss 0.5186 | ce 0.1085 | logit 4.1007 | train_acc 37.50%
[Stage2/Head] ep 305/600 | loss 0.5188 | ce 0.1084 | logit 4.1035 | train_acc 37.50%
[Stage2/Head] ep 306/600 | loss 0.5185 | ce 0.1084 | logit 4.1006 | train_acc 37.50%
[Stage2/Head] ep 307/600 | loss 0.5184 | ce 0.1085 | logit 4.0995 | train_acc 37.50%
[Stage2/Head] ep 308/600 | loss 0.5185 | ce 0.1083 | logit 4.1024 | train_acc 37.50%
[Stage2/Head] ep 309/600 | loss 0.5181 | ce 0.1085 | logit 4.0966 | train_acc 37.50%
[Stage2/Head] ep 310/600 | loss 0.5185 | ce 0.1083 | logit 4.1020 | train_acc 37.50%
[Stage2/Head] ep 311/600 | loss 0.5185 | ce 0.1085 | logit 4.1003 | train_acc 37.50%
[Stage2/Head] ep 312/600 | loss 0.5186 | ce 0.1084 | logit 4.1022 | train_acc 37.50%
[Stage2/Head] ep 313/600 | loss 0.5185 | ce 0.1085 | logit 4.1002 | train_acc 37.50%
[Stage2/Head] ep 314/600 | loss 0.5184 | ce 0.1084 | logit 4.1006 | train_acc 37.50%
[Stage2/Head] ep 315/600 | loss 0.5184 | ce 0.1084 | logit 4.1007 | train_acc 37.50%
[Stage2/Head] ep 316/600 | loss 0.5188 | ce 0.1084 | logit 4.1037 | train_acc 37.50%
[Stage2/Head] ep 317/600 | loss 0.5184 | ce 0.1084 | logit 4.1005 | train_acc 37.50%
[Stage2/Head] ep 318/600 | loss 0.5185 | ce 0.1085 | logit 4.1002 | train_acc 37.50%
[Stage2/Head] ep 319/600 | loss 0.5183 | ce 0.1084 | logit 4.0984 | train_acc 37.50%
[Stage2/Head] ep 320/600 | loss 0.5185 | ce 0.1084 | logit 4.1010 | train_acc 37.50%
[Stage2/Head] ep 321/600 | loss 0.5182 | ce 0.1084 | logit 4.0985 | train_acc 37.50%
[Stage2/Head] ep 322/600 | loss 0.5185 | ce 0.1085 | logit 4.0997 | train_acc 37.50%
[Stage2/Head] ep 323/600 | loss 0.5186 | ce 0.1083 | logit 4.1026 | train_acc 37.50%
[Stage2/Head] ep 324/600 | loss 0.5187 | ce 0.1085 | logit 4.1019 | train_acc 37.50%
[Stage2/Head] ep 325/600 | loss 0.5186 | ce 0.1084 | logit 4.1014 | train_acc 37.50%
[Stage2/Head] ep 326/600 | loss 0.5185 | ce 0.1084 | logit 4.1005 | train_acc 37.50%
[Stage2/Head] ep 327/600 | loss 0.5187 | ce 0.1085 | logit 4.1026 | train_acc 37.50%
[Stage2/Head] ep 328/600 | loss 0.5186 | ce 0.1083 | logit 4.1026 | train_acc 37.50%
[Stage2/Head] ep 329/600 | loss 0.5185 | ce 0.1085 | logit 4.1003 | train_acc 37.50%
[Stage2/Head] ep 330/600 | loss 0.5186 | ce 0.1084 | logit 4.1023 | train_acc 37.50%
[Stage2/Head] ep 331/600 | loss 0.5184 | ce 0.1084 | logit 4.1000 | train_acc 37.50%
[Stage2/Head] ep 332/600 | loss 0.5185 | ce 0.1084 | logit 4.1010 | train_acc 37.50%
[Stage2/Head] ep 333/600 | loss 0.5185 | ce 0.1085 | logit 4.1001 | train_acc 37.50%
[Stage2/Head] ep 334/600 | loss 0.5184 | ce 0.1084 | logit 4.1006 | train_acc 37.50%
[Stage2/Head] ep 335/600 | loss 0.5187 | ce 0.1084 | logit 4.1027 | train_acc 37.50%
[Stage2/Head] ep 336/600 | loss 0.5186 | ce 0.1085 | logit 4.1011 | train_acc 37.50%
[Stage2/Head] ep 337/600 | loss 0.5185 | ce 0.1084 | logit 4.1011 | train_acc 37.50%
[Stage2/Head] ep 338/600 | loss 0.5186 | ce 0.1084 | logit 4.1016 | train_acc 37.50%
[Stage2/Head] ep 339/600 | loss 0.5185 | ce 0.1084 | logit 4.1009 | train_acc 37.50%
[Stage2/Head] ep 340/600 | loss 0.5185 | ce 0.1084 | logit 4.1010 | train_acc 37.50%
[Stage2/Head] ep 341/600 | loss 0.5183 | ce 0.1084 | logit 4.0989 | train_acc 37.50%
[Stage2/Head] ep 342/600 | loss 0.5185 | ce 0.1084 | logit 4.1010 | train_acc 37.50%
[Stage2/Head] ep 343/600 | loss 0.5185 | ce 0.1083 | logit 4.1015 | train_acc 37.50%
[Stage2/Head] ep 344/600 | loss 0.5185 | ce 0.1085 | logit 4.1004 | train_acc 37.50%
[Stage2/Head] ep 345/600 | loss 0.5184 | ce 0.1084 | logit 4.1008 | train_acc 37.50%
[Stage2/Head] ep 346/600 | loss 0.5183 | ce 0.1084 | logit 4.0982 | train_acc 37.50%
[Stage2/Head] ep 347/600 | loss 0.5186 | ce 0.1084 | logit 4.1020 | train_acc 37.50%
[Stage2/Head] ep 348/600 | loss 0.5186 | ce 0.1085 | logit 4.1014 | train_acc 37.50%
[Stage2/Head] ep 349/600 | loss 0.5186 | ce 0.1083 | logit 4.1034 | train_acc 37.50%
[Stage2/Head] ep 350/600 | loss 0.5185 | ce 0.1085 | logit 4.0996 | train_acc 37.50%
[Stage2/Head] ep 351/600 | loss 0.5185 | ce 0.1084 | logit 4.1017 | train_acc 37.50%
[Stage2/Head] ep 352/600 | loss 0.5184 | ce 0.1085 | logit 4.0997 | train_acc 37.50%
[Stage2/Head] ep 353/600 | loss 0.5184 | ce 0.1083 | logit 4.1006 | train_acc 37.50%
[Stage2/Head] ep 354/600 | loss 0.5184 | ce 0.1085 | logit 4.0990 | train_acc 37.50%
[Stage2/Head] ep 355/600 | loss 0.5185 | ce 0.1083 | logit 4.1013 | train_acc 37.50%
[Stage2/Head] ep 356/600 | loss 0.5185 | ce 0.1085 | logit 4.1003 | train_acc 37.50%
[Stage2/Head] ep 357/600 | loss 0.5185 | ce 0.1084 | logit 4.1010 | train_acc 37.50%
[Stage2/Head] ep 358/600 | loss 0.5184 | ce 0.1084 | logit 4.0996 | train_acc 37.50%
[Stage2/Head] ep 359/600 | loss 0.5187 | ce 0.1084 | logit 4.1029 | train_acc 37.50%
[Stage2/Head] ep 360/600 | loss 0.5182 | ce 0.1084 | logit 4.0979 | train_acc 37.50%
[Stage2/Head] ep 361/600 | loss 0.5184 | ce 0.1084 | logit 4.1006 | train_acc 37.50%
[Stage2/Head] ep 362/600 | loss 0.5185 | ce 0.1084 | logit 4.1012 | train_acc 37.50%
[Stage2/Head] ep 363/600 | loss 0.5184 | ce 0.1084 | logit 4.0994 | train_acc 37.50%
[Stage2/Head] ep 364/600 | loss 0.5184 | ce 0.1084 | logit 4.1006 | train_acc 37.50%
[Stage2/Head] ep 365/600 | loss 0.5186 | ce 0.1084 | logit 4.1024 | train_acc 37.50%
[Stage2/Head] ep 366/600 | loss 0.5185 | ce 0.1085 | logit 4.0999 | train_acc 37.50%
[Stage2/Head] ep 367/600 | loss 0.5184 | ce 0.1084 | logit 4.1003 | train_acc 37.50%
[Stage2/Head] ep 368/600 | loss 0.5185 | ce 0.1084 | logit 4.1016 | train_acc 37.50%
[Stage2/Head] ep 369/600 | loss 0.5183 | ce 0.1085 | logit 4.0983 | train_acc 37.50%
[Stage2/Head] ep 370/600 | loss 0.5185 | ce 0.1083 | logit 4.1016 | train_acc 37.50%
[Stage2/Head] ep 371/600 | loss 0.5187 | ce 0.1085 | logit 4.1024 | train_acc 37.50%
[Stage2/Head] ep 372/600 | loss 0.5186 | ce 0.1084 | logit 4.1012 | train_acc 37.50%
[Stage2/Head] ep 373/600 | loss 0.5185 | ce 0.1084 | logit 4.1014 | train_acc 37.50%
[Stage2/Head] ep 374/600 | loss 0.5185 | ce 0.1084 | logit 4.1011 | train_acc 37.50%
[Stage2/Head] ep 375/600 | loss 0.5185 | ce 0.1085 | logit 4.1001 | train_acc 37.50%
[Stage2/Head] ep 376/600 | loss 0.5187 | ce 0.1084 | logit 4.1027 | train_acc 37.50%
[Stage2/Head] ep 377/600 | loss 0.5187 | ce 0.1085 | logit 4.1020 | train_acc 37.50%
[Stage2/Head] ep 378/600 | loss 0.5183 | ce 0.1084 | logit 4.0993 | train_acc 37.50%
[Stage2/Head] ep 379/600 | loss 0.5184 | ce 0.1084 | logit 4.0998 | train_acc 37.50%
[Stage2/Head] ep 380/600 | loss 0.5184 | ce 0.1084 | logit 4.0996 | train_acc 37.50%
[Stage2/Head] ep 381/600 | loss 0.5187 | ce 0.1084 | logit 4.1035 | train_acc 37.50%
[Stage2/Head] ep 382/600 | loss 0.5186 | ce 0.1085 | logit 4.1013 | train_acc 37.50%
[Stage2/Head] ep 383/600 | loss 0.5185 | ce 0.1084 | logit 4.1009 | train_acc 37.50%
[Stage2/Head] ep 384/600 | loss 0.5186 | ce 0.1085 | logit 4.1012 | train_acc 37.50%
[Stage2/Head] ep 385/600 | loss 0.5186 | ce 0.1084 | logit 4.1022 | train_acc 37.50%
[Stage2/Head] ep 386/600 | loss 0.5186 | ce 0.1084 | logit 4.1014 | train_acc 37.50%
[Stage2/Head] ep 387/600 | loss 0.5185 | ce 0.1084 | logit 4.1014 | train_acc 37.50%
[Stage2/Head] ep 388/600 | loss 0.5185 | ce 0.1084 | logit 4.1012 | train_acc 37.50%
[Stage2/Head] ep 389/600 | loss 0.5187 | ce 0.1084 | logit 4.1027 | train_acc 37.50%
[Stage2/Head] ep 390/600 | loss 0.5183 | ce 0.1085 | logit 4.0982 | train_acc 37.50%
[Stage2/Head] ep 391/600 | loss 0.5184 | ce 0.1084 | logit 4.1002 | train_acc 37.50%
[Stage2/Head] ep 392/600 | loss 0.5184 | ce 0.1084 | logit 4.0997 | train_acc 37.50%
[Stage2/Head] ep 393/600 | loss 0.5184 | ce 0.1084 | logit 4.0999 | train_acc 37.50%
[Stage2/Head] ep 394/600 | loss 0.5186 | ce 0.1084 | logit 4.1017 | train_acc 37.50%
[Stage2/Head] ep 395/600 | loss 0.5185 | ce 0.1085 | logit 4.1005 | train_acc 37.50%
[Stage2/Head] ep 396/600 | loss 0.5187 | ce 0.1084 | logit 4.1030 | train_acc 37.50%
[Stage2/Head] ep 397/600 | loss 0.5185 | ce 0.1084 | logit 4.1006 | train_acc 37.50%
[Stage2/Head] ep 398/600 | loss 0.5185 | ce 0.1085 | logit 4.1007 | train_acc 37.50%
[Stage2/Head] ep 399/600 | loss 0.5183 | ce 0.1084 | logit 4.0993 | train_acc 37.50%
[Stage2/Head] ep 400/600 | loss 0.5184 | ce 0.1084 | logit 4.0996 | train_acc 37.50%
[Stage2/Head] ep 401/600 | loss 0.5185 | ce 0.1084 | logit 4.1015 | train_acc 37.50%
[Stage2/Head] ep 402/600 | loss 0.5186 | ce 0.1085 | logit 4.1012 | train_acc 37.50%
[Stage2/Head] ep 403/600 | loss 0.5185 | ce 0.1084 | logit 4.1017 | train_acc 37.50%
[Stage2/Head] ep 404/600 | loss 0.5184 | ce 0.1084 | logit 4.1002 | train_acc 37.50%
[Stage2/Head] ep 405/600 | loss 0.5186 | ce 0.1084 | logit 4.1024 | train_acc 37.50%
[Stage2/Head] ep 406/600 | loss 0.5188 | ce 0.1084 | logit 4.1045 | train_acc 37.50%
[Stage2/Head] ep 407/600 | loss 0.5185 | ce 0.1084 | logit 4.1011 | train_acc 37.50%
[Stage2/Head] ep 408/600 | loss 0.5186 | ce 0.1084 | logit 4.1013 | train_acc 37.50%
[Stage2/Head] ep 409/600 | loss 0.5185 | ce 0.1084 | logit 4.1012 | train_acc 37.50%
[Stage2/Head] ep 410/600 | loss 0.5187 | ce 0.1084 | logit 4.1025 | train_acc 37.50%
[Stage2/Head] ep 411/600 | loss 0.5182 | ce 0.1084 | logit 4.0976 | train_acc 37.50%
[Stage2/Head] ep 412/600 | loss 0.5185 | ce 0.1084 | logit 4.1009 | train_acc 37.50%
[Stage2/Head] ep 413/600 | loss 0.5187 | ce 0.1084 | logit 4.1032 | train_acc 37.50%
[Stage2/Head] ep 414/600 | loss 0.5186 | ce 0.1084 | logit 4.1016 | train_acc 37.50%
[Stage2/Head] ep 415/600 | loss 0.5185 | ce 0.1084 | logit 4.1003 | train_acc 37.50%
[Stage2/Head] ep 416/600 | loss 0.5186 | ce 0.1085 | logit 4.1009 | train_acc 37.50%
[Stage2/Head] ep 417/600 | loss 0.5184 | ce 0.1084 | logit 4.1003 | train_acc 37.50%
[Stage2/Head] ep 418/600 | loss 0.5184 | ce 0.1084 | logit 4.0999 | train_acc 37.50%
[Stage2/Head] ep 419/600 | loss 0.5185 | ce 0.1084 | logit 4.1011 | train_acc 37.50%
[Stage2/Head] ep 420/600 | loss 0.5189 | ce 0.1084 | logit 4.1055 | train_acc 37.50%
[Stage2/Head] ep 421/600 | loss 0.5185 | ce 0.1084 | logit 4.1007 | train_acc 37.50%
[Stage2/Head] ep 422/600 | loss 0.5185 | ce 0.1084 | logit 4.1008 | train_acc 37.50%
[Stage2/Head] ep 423/600 | loss 0.5186 | ce 0.1085 | logit 4.1018 | train_acc 37.50%
[Stage2/Head] ep 424/600 | loss 0.5185 | ce 0.1084 | logit 4.1004 | train_acc 37.50%
[Stage2/Head] ep 425/600 | loss 0.5184 | ce 0.1084 | logit 4.0994 | train_acc 37.50%
[Stage2/Head] ep 426/600 | loss 0.5185 | ce 0.1084 | logit 4.1009 | train_acc 37.50%
[Stage2/Head] ep 427/600 | loss 0.5185 | ce 0.1084 | logit 4.1009 | train_acc 37.50%
[Stage2/Head] ep 428/600 | loss 0.5184 | ce 0.1084 | logit 4.1003 | train_acc 37.50%
[Stage2/Head] ep 429/600 | loss 0.5184 | ce 0.1084 | logit 4.1001 | train_acc 37.50%
[Stage2/Head] ep 430/600 | loss 0.5184 | ce 0.1085 | logit 4.0996 | train_acc 37.50%
[Stage2/Head] ep 431/600 | loss 0.5187 | ce 0.1084 | logit 4.1032 | train_acc 37.50%
[Stage2/Head] ep 432/600 | loss 0.5186 | ce 0.1085 | logit 4.1009 | train_acc 37.50%
[Stage2/Head] ep 433/600 | loss 0.5186 | ce 0.1084 | logit 4.1019 | train_acc 37.50%
[Stage2/Head] ep 434/600 | loss 0.5185 | ce 0.1084 | logit 4.1007 | train_acc 37.50%
[Stage2/Head] ep 435/600 | loss 0.5185 | ce 0.1084 | logit 4.1005 | train_acc 37.50%
[Stage2/Head] ep 436/600 | loss 0.5184 | ce 0.1083 | logit 4.1010 | train_acc 37.50%
[Stage2/Head] ep 437/600 | loss 0.5186 | ce 0.1084 | logit 4.1017 | train_acc 37.50%
[Stage2/Head] ep 438/600 | loss 0.5185 | ce 0.1085 | logit 4.1004 | train_acc 37.50%
[Stage2/Head] ep 439/600 | loss 0.5186 | ce 0.1084 | logit 4.1024 | train_acc 37.50%
[Stage2/Head] ep 440/600 | loss 0.5185 | ce 0.1084 | logit 4.1007 | train_acc 37.50%
[Stage2/Head] ep 441/600 | loss 0.5185 | ce 0.1084 | logit 4.1008 | train_acc 37.50%
[Stage2/Head] ep 442/600 | loss 0.5185 | ce 0.1085 | logit 4.1001 | train_acc 37.50%
[Stage2/Head] ep 443/600 | loss 0.5187 | ce 0.1084 | logit 4.1031 | train_acc 37.50%
[Stage2/Head] ep 444/600 | loss 0.5184 | ce 0.1084 | logit 4.0998 | train_acc 37.50%
[Stage2/Head] ep 445/600 | loss 0.5184 | ce 0.1084 | logit 4.1004 | train_acc 37.50%
[Stage2/Head] ep 446/600 | loss 0.5184 | ce 0.1085 | logit 4.0989 | train_acc 37.50%
[Stage2/Head] ep 447/600 | loss 0.5185 | ce 0.1083 | logit 4.1019 | train_acc 37.50%
[Stage2/Head] ep 448/600 | loss 0.5187 | ce 0.1084 | logit 4.1029 | train_acc 37.50%
[Stage2/Head] ep 449/600 | loss 0.5185 | ce 0.1084 | logit 4.1002 | train_acc 37.50%
[Stage2/Head] ep 450/600 | loss 0.5185 | ce 0.1084 | logit 4.1007 | train_acc 37.50%
[Stage2/Head] ep 451/600 | loss 0.5185 | ce 0.1083 | logit 4.1017 | train_acc 37.50%
[Stage2/Head] ep 452/600 | loss 0.5187 | ce 0.1084 | logit 4.1026 | train_acc 37.50%
[Stage2/Head] ep 453/600 | loss 0.5184 | ce 0.1084 | logit 4.1002 | train_acc 37.50%
[Stage2/Head] ep 454/600 | loss 0.5184 | ce 0.1084 | logit 4.0996 | train_acc 37.50%
[Stage2/Head] ep 455/600 | loss 0.5184 | ce 0.1084 | logit 4.0998 | train_acc 37.50%
[Stage2/Head] ep 456/600 | loss 0.5185 | ce 0.1084 | logit 4.1010 | train_acc 37.50%
[Stage2/Head] ep 457/600 | loss 0.5186 | ce 0.1084 | logit 4.1020 | train_acc 37.50%
[Stage2/Head] ep 458/600 | loss 0.5183 | ce 0.1084 | logit 4.0991 | train_acc 37.50%
[Stage2/Head] ep 459/600 | loss 0.5184 | ce 0.1084 | logit 4.1003 | train_acc 37.50%
[Stage2/Head] ep 460/600 | loss 0.5185 | ce 0.1084 | logit 4.1010 | train_acc 37.50%
[Stage2/Head] ep 461/600 | loss 0.5186 | ce 0.1084 | logit 4.1014 | train_acc 37.50%
[Stage2/Head] ep 462/600 | loss 0.5182 | ce 0.1085 | logit 4.0973 | train_acc 37.50%
[Stage2/Head] ep 463/600 | loss 0.5184 | ce 0.1083 | logit 4.1012 | train_acc 37.50%
[Stage2/Head] ep 464/600 | loss 0.5186 | ce 0.1084 | logit 4.1018 | train_acc 37.50%
[Stage2/Head] ep 465/600 | loss 0.5187 | ce 0.1084 | logit 4.1029 | train_acc 37.50%
[Stage2/Head] ep 466/600 | loss 0.5184 | ce 0.1085 | logit 4.0997 | train_acc 37.50%
[Stage2/Head] ep 467/600 | loss 0.5186 | ce 0.1084 | logit 4.1023 | train_acc 37.50%
[Stage2/Head] ep 468/600 | loss 0.5186 | ce 0.1084 | logit 4.1024 | train_acc 37.50%
[Stage2/Head] ep 469/600 | loss 0.5188 | ce 0.1085 | logit 4.1031 | train_acc 37.50%
[Stage2/Head] ep 470/600 | loss 0.5185 | ce 0.1084 | logit 4.1004 | train_acc 37.50%
[Stage2/Head] ep 471/600 | loss 0.5186 | ce 0.1084 | logit 4.1021 | train_acc 37.50%
[Stage2/Head] ep 472/600 | loss 0.5185 | ce 0.1084 | logit 4.1007 | train_acc 37.50%
[Stage2/Head] ep 473/600 | loss 0.5187 | ce 0.1084 | logit 4.1034 | train_acc 37.50%
[Stage2/Head] ep 474/600 | loss 0.5185 | ce 0.1084 | logit 4.1004 | train_acc 37.50%
[Stage2/Head] ep 475/600 | loss 0.5186 | ce 0.1085 | logit 4.1013 | train_acc 37.50%
[Stage2/Head] ep 476/600 | loss 0.5182 | ce 0.1083 | logit 4.0994 | train_acc 37.50%
[Stage2/Head] ep 477/600 | loss 0.5186 | ce 0.1084 | logit 4.1021 | train_acc 37.50%
[Stage2/Head] ep 478/600 | loss 0.5185 | ce 0.1084 | logit 4.1010 | train_acc 37.50%
[Stage2/Head] ep 479/600 | loss 0.5186 | ce 0.1084 | logit 4.1020 | train_acc 37.50%
[Stage2/Head] ep 480/600 | loss 0.5187 | ce 0.1085 | logit 4.1018 | train_acc 37.50%
[Stage2/Head] ep 481/600 | loss 0.5186 | ce 0.1084 | logit 4.1026 | train_acc 37.50%
[Stage2/Head] ep 482/600 | loss 0.5184 | ce 0.1084 | logit 4.0994 | train_acc 37.50%
[Stage2/Head] ep 483/600 | loss 0.5185 | ce 0.1084 | logit 4.1012 | train_acc 37.50%
[Stage2/Head] ep 484/600 | loss 0.5184 | ce 0.1084 | logit 4.1007 | train_acc 37.50%
[Stage2/Head] ep 485/600 | loss 0.5184 | ce 0.1084 | logit 4.1002 | train_acc 37.50%
[Stage2/Head] ep 486/600 | loss 0.5183 | ce 0.1084 | logit 4.0989 | train_acc 37.50%
[Stage2/Head] ep 487/600 | loss 0.5183 | ce 0.1083 | logit 4.1000 | train_acc 37.50%
[Stage2/Head] ep 488/600 | loss 0.5183 | ce 0.1084 | logit 4.0991 | train_acc 37.50%
[Stage2/Head] ep 489/600 | loss 0.5184 | ce 0.1084 | logit 4.0999 | train_acc 37.50%
[Stage2/Head] ep 490/600 | loss 0.5185 | ce 0.1084 | logit 4.1011 | train_acc 37.50%
[Stage2/Head] ep 491/600 | loss 0.5184 | ce 0.1084 | logit 4.0999 | train_acc 37.50%
[Stage2/Head] ep 492/600 | loss 0.5185 | ce 0.1084 | logit 4.1012 | train_acc 37.50%
[Stage2/Head] ep 493/600 | loss 0.5187 | ce 0.1084 | logit 4.1029 | train_acc 37.50%
[Stage2/Head] ep 494/600 | loss 0.5185 | ce 0.1084 | logit 4.1013 | train_acc 37.50%
[Stage2/Head] ep 495/600 | loss 0.5185 | ce 0.1085 | logit 4.1006 | train_acc 37.50%
[Stage2/Head] ep 496/600 | loss 0.5186 | ce 0.1084 | logit 4.1016 | train_acc 37.50%
[Stage2/Head] ep 497/600 | loss 0.5186 | ce 0.1084 | logit 4.1023 | train_acc 37.50%
[Stage2/Head] ep 498/600 | loss 0.5185 | ce 0.1084 | logit 4.1007 | train_acc 37.50%
[Stage2/Head] ep 499/600 | loss 0.5186 | ce 0.1084 | logit 4.1013 | train_acc 37.50%
[Stage2/Head] ep 500/600 | loss 0.5183 | ce 0.1084 | logit 4.0991 | train_acc 37.50%
[Stage2/Head] ep 501/600 | loss 0.5187 | ce 0.1084 | logit 4.1027 | train_acc 37.50%
[Stage2/Head] ep 502/600 | loss 0.5186 | ce 0.1084 | logit 4.1018 | train_acc 37.50%
[Stage2/Head] ep 503/600 | loss 0.5186 | ce 0.1084 | logit 4.1024 | train_acc 37.50%
[Stage2/Head] ep 504/600 | loss 0.5188 | ce 0.1085 | logit 4.1037 | train_acc 37.50%
[Stage2/Head] ep 505/600 | loss 0.5185 | ce 0.1084 | logit 4.1011 | train_acc 37.50%
[Stage2/Head] ep 506/600 | loss 0.5184 | ce 0.1084 | logit 4.0996 | train_acc 37.50%
[Stage2/Head] ep 507/600 | loss 0.5187 | ce 0.1084 | logit 4.1026 | train_acc 37.50%
[Stage2/Head] ep 508/600 | loss 0.5184 | ce 0.1084 | logit 4.1002 | train_acc 37.50%
[Stage2/Head] ep 509/600 | loss 0.5185 | ce 0.1084 | logit 4.1006 | train_acc 37.50%
[Stage2/Head] ep 510/600 | loss 0.5185 | ce 0.1085 | logit 4.1007 | train_acc 37.50%
[Stage2/Head] ep 511/600 | loss 0.5187 | ce 0.1083 | logit 4.1036 | train_acc 37.50%
[Stage2/Head] ep 512/600 | loss 0.5187 | ce 0.1084 | logit 4.1024 | train_acc 37.50%
[Stage2/Head] ep 513/600 | loss 0.5184 | ce 0.1084 | logit 4.0995 | train_acc 37.50%
[Stage2/Head] ep 514/600 | loss 0.5185 | ce 0.1084 | logit 4.1012 | train_acc 37.50%
[Stage2/Head] ep 515/600 | loss 0.5185 | ce 0.1084 | logit 4.1007 | train_acc 37.50%
[Stage2/Head] ep 516/600 | loss 0.5186 | ce 0.1085 | logit 4.1009 | train_acc 37.50%
[Stage2/Head] ep 517/600 | loss 0.5186 | ce 0.1084 | logit 4.1018 | train_acc 37.50%
[Stage2/Head] ep 518/600 | loss 0.5186 | ce 0.1084 | logit 4.1022 | train_acc 37.50%
[Stage2/Head] ep 519/600 | loss 0.5187 | ce 0.1084 | logit 4.1026 | train_acc 37.50%
[Stage2/Head] ep 520/600 | loss 0.5185 | ce 0.1084 | logit 4.1009 | train_acc 37.50%
[Stage2/Head] ep 521/600 | loss 0.5187 | ce 0.1084 | logit 4.1025 | train_acc 37.50%
[Stage2/Head] ep 522/600 | loss 0.5184 | ce 0.1084 | logit 4.1006 | train_acc 37.50%
[Stage2/Head] ep 523/600 | loss 0.5186 | ce 0.1085 | logit 4.1012 | train_acc 37.50%
[Stage2/Head] ep 524/600 | loss 0.5185 | ce 0.1083 | logit 4.1011 | train_acc 37.50%
[Stage2/Head] ep 525/600 | loss 0.5185 | ce 0.1085 | logit 4.1000 | train_acc 37.50%
[Stage2/Head] ep 526/600 | loss 0.5185 | ce 0.1084 | logit 4.1016 | train_acc 37.50%
[Stage2/Head] ep 527/600 | loss 0.5185 | ce 0.1085 | logit 4.1001 | train_acc 37.50%
[Stage2/Head] ep 528/600 | loss 0.5186 | ce 0.1084 | logit 4.1020 | train_acc 37.50%
[Stage2/Head] ep 529/600 | loss 0.5186 | ce 0.1084 | logit 4.1017 | train_acc 37.50%
[Stage2/Head] ep 530/600 | loss 0.5185 | ce 0.1084 | logit 4.1010 | train_acc 37.50%
[Stage2/Head] ep 531/600 | loss 0.5186 | ce 0.1085 | logit 4.1010 | train_acc 37.50%
[Stage2/Head] ep 532/600 | loss 0.5186 | ce 0.1084 | logit 4.1024 | train_acc 37.50%
[Stage2/Head] ep 533/600 | loss 0.5187 | ce 0.1084 | logit 4.1029 | train_acc 37.50%
[Stage2/Head] ep 534/600 | loss 0.5187 | ce 0.1084 | logit 4.1021 | train_acc 37.50%
[Stage2/Head] ep 535/600 | loss 0.5185 | ce 0.1084 | logit 4.1006 | train_acc 37.50%
[Stage2/Head] ep 536/600 | loss 0.5186 | ce 0.1084 | logit 4.1020 | train_acc 37.50%
[Stage2/Head] ep 537/600 | loss 0.5185 | ce 0.1085 | logit 4.1001 | train_acc 37.50%
[Stage2/Head] ep 538/600 | loss 0.5185 | ce 0.1083 | logit 4.1015 | train_acc 37.50%
[Stage2/Head] ep 539/600 | loss 0.5185 | ce 0.1084 | logit 4.1011 | train_acc 37.50%
[Stage2/Head] ep 540/600 | loss 0.5185 | ce 0.1084 | logit 4.1014 | train_acc 37.50%
[Stage2/Head] ep 541/600 | loss 0.5187 | ce 0.1085 | logit 4.1025 | train_acc 37.50%
[Stage2/Head] ep 542/600 | loss 0.5186 | ce 0.1084 | logit 4.1026 | train_acc 37.50%
[Stage2/Head] ep 543/600 | loss 0.5185 | ce 0.1084 | logit 4.1003 | train_acc 37.50%
[Stage2/Head] ep 544/600 | loss 0.5185 | ce 0.1085 | logit 4.1005 | train_acc 37.50%
[Stage2/Head] ep 545/600 | loss 0.5185 | ce 0.1084 | logit 4.1012 | train_acc 37.50%
[Stage2/Head] ep 546/600 | loss 0.5184 | ce 0.1084 | logit 4.0997 | train_acc 37.50%
[Stage2/Head] ep 547/600 | loss 0.5184 | ce 0.1084 | logit 4.0993 | train_acc 37.50%
[Stage2/Head] ep 548/600 | loss 0.5186 | ce 0.1084 | logit 4.1020 | train_acc 37.50%
[Stage2/Head] ep 549/600 | loss 0.5186 | ce 0.1084 | logit 4.1017 | train_acc 37.50%
[Stage2/Head] ep 550/600 | loss 0.5187 | ce 0.1084 | logit 4.1030 | train_acc 37.50%
[Stage2/Head] ep 551/600 | loss 0.5185 | ce 0.1084 | logit 4.1012 | train_acc 37.50%
[Stage2/Head] ep 552/600 | loss 0.5185 | ce 0.1085 | logit 4.1006 | train_acc 37.50%
[Stage2/Head] ep 553/600 | loss 0.5185 | ce 0.1084 | logit 4.1009 | train_acc 37.50%
[Stage2/Head] ep 554/600 | loss 0.5186 | ce 0.1084 | logit 4.1016 | train_acc 37.50%
[Stage2/Head] ep 555/600 | loss 0.5185 | ce 0.1084 | logit 4.1017 | train_acc 37.50%
[Stage2/Head] ep 556/600 | loss 0.5185 | ce 0.1085 | logit 4.1005 | train_acc 37.50%
[Stage2/Head] ep 557/600 | loss 0.5184 | ce 0.1083 | logit 4.1006 | train_acc 37.50%
[Stage2/Head] ep 558/600 | loss 0.5184 | ce 0.1084 | logit 4.0990 | train_acc 37.50%
[Stage2/Head] ep 559/600 | loss 0.5184 | ce 0.1084 | logit 4.0991 | train_acc 37.50%
[Stage2/Head] ep 560/600 | loss 0.5186 | ce 0.1083 | logit 4.1029 | train_acc 37.50%
[Stage2/Head] ep 561/600 | loss 0.5186 | ce 0.1084 | logit 4.1018 | train_acc 37.50%
[Stage2/Head] ep 562/600 | loss 0.5183 | ce 0.1085 | logit 4.0985 | train_acc 37.50%
[Stage2/Head] ep 563/600 | loss 0.5187 | ce 0.1084 | logit 4.1033 | train_acc 37.50%
[Stage2/Head] ep 564/600 | loss 0.5183 | ce 0.1085 | logit 4.0988 | train_acc 37.50%
[Stage2/Head] ep 565/600 | loss 0.5185 | ce 0.1085 | logit 4.1005 | train_acc 37.50%
[Stage2/Head] ep 566/600 | loss 0.5187 | ce 0.1082 | logit 4.1044 | train_acc 37.50%
[Stage2/Head] ep 567/600 | loss 0.5184 | ce 0.1085 | logit 4.0993 | train_acc 37.50%
[Stage2/Head] ep 568/600 | loss 0.5186 | ce 0.1084 | logit 4.1022 | train_acc 37.50%
[Stage2/Head] ep 569/600 | loss 0.5183 | ce 0.1085 | logit 4.0981 | train_acc 37.50%
[Stage2/Head] ep 570/600 | loss 0.5185 | ce 0.1084 | logit 4.1010 | train_acc 37.50%
[Stage2/Head] ep 571/600 | loss 0.5188 | ce 0.1084 | logit 4.1039 | train_acc 37.50%
[Stage2/Head] ep 572/600 | loss 0.5184 | ce 0.1084 | logit 4.1005 | train_acc 37.50%
[Stage2/Head] ep 573/600 | loss 0.5182 | ce 0.1085 | logit 4.0977 | train_acc 37.50%
[Stage2/Head] ep 574/600 | loss 0.5187 | ce 0.1084 | logit 4.1028 | train_acc 37.50%
[Stage2/Head] ep 575/600 | loss 0.5184 | ce 0.1084 | logit 4.1007 | train_acc 37.50%
[Stage2/Head] ep 576/600 | loss 0.5187 | ce 0.1084 | logit 4.1027 | train_acc 37.50%
[Stage2/Head] ep 577/600 | loss 0.5185 | ce 0.1084 | logit 4.1015 | train_acc 37.50%
[Stage2/Head] ep 578/600 | loss 0.5185 | ce 0.1085 | logit 4.1008 | train_acc 37.50%
[Stage2/Head] ep 579/600 | loss 0.5187 | ce 0.1084 | logit 4.1028 | train_acc 37.50%
[Stage2/Head] ep 580/600 | loss 0.5185 | ce 0.1084 | logit 4.1004 | train_acc 37.50%
[Stage2/Head] ep 581/600 | loss 0.5185 | ce 0.1084 | logit 4.1005 | train_acc 37.50%
[Stage2/Head] ep 582/600 | loss 0.5184 | ce 0.1084 | logit 4.0996 | train_acc 37.50%
[Stage2/Head] ep 583/600 | loss 0.5186 | ce 0.1084 | logit 4.1017 | train_acc 37.50%
[Stage2/Head] ep 584/600 | loss 0.5186 | ce 0.1084 | logit 4.1014 | train_acc 37.50%
[Stage2/Head] ep 585/600 | loss 0.5186 | ce 0.1084 | logit 4.1028 | train_acc 37.50%
[Stage2/Head] ep 586/600 | loss 0.5185 | ce 0.1085 | logit 4.1004 | train_acc 37.50%
[Stage2/Head] ep 587/600 | loss 0.5184 | ce 0.1084 | logit 4.0999 | train_acc 37.50%
[Stage2/Head] ep 588/600 | loss 0.5184 | ce 0.1084 | logit 4.1003 | train_acc 37.50%
[Stage2/Head] ep 589/600 | loss 0.5187 | ce 0.1084 | logit 4.1033 | train_acc 37.50%
[Stage2/Head] ep 590/600 | loss 0.5184 | ce 0.1085 | logit 4.0997 | train_acc 37.50%
[Stage2/Head] ep 591/600 | loss 0.5183 | ce 0.1084 | logit 4.0991 | train_acc 37.50%
[Stage2/Head] ep 592/600 | loss 0.5184 | ce 0.1084 | logit 4.1005 | train_acc 37.50%
[Stage2/Head] ep 593/600 | loss 0.5185 | ce 0.1085 | logit 4.1007 | train_acc 37.50%
[Stage2/Head] ep 594/600 | loss 0.5187 | ce 0.1084 | logit 4.1038 | train_acc 37.50%
[Stage2/Head] ep 595/600 | loss 0.5182 | ce 0.1084 | logit 4.0979 | train_acc 37.50%
[Stage2/Head] ep 596/600 | loss 0.5186 | ce 0.1084 | logit 4.1017 | train_acc 37.50%
[Stage2/Head] ep 597/600 | loss 0.5184 | ce 0.1084 | logit 4.1005 | train_acc 37.50%
[Stage2/Head] ep 598/600 | loss 0.5186 | ce 0.1084 | logit 4.1020 | train_acc 37.50%
[Stage2/Head] ep 599/600 | loss 0.5188 | ce 0.1084 | logit 4.1035 | train_acc 37.50%
[Stage2/Head] ep 600/600 | loss 0.5185 | ce 0.1084 | logit 4.1003 | train_acc 37.50%
[Task 5] Training done in 43.42 min.
[Task 5] Test (on new class only) -> ce_loss: 0.1084, acc: 100.00%, rec_loss: 12.1149
  - Filtering train: keep top 95.0% per class based on returned scores.
[Task 5] Wrote CSVs to: ./runs_mnist_continual/run_20260226_122757/task5
Accuracies on seen tasks:
  Task 0 [0,1,2,3,4]: 0.00%
  Task 1 [5]: 0.00%
  Task 2 [6]: 0.00%
  Task 3 [7]: 0.00%
  Task 4 [8]: 0.00%
  Task 5 [9]: 100.00%
Mean over seen tasks (0..5): 16.67%
[Task 5] Skipping GP training and Rscript execution as per --skip_GP flag.

All tasks complete.
Run directory: ./runs_mnist_continual/run_20260226_122757
CSV metrics:   ./runs_mnist_continual/run_20260226_122757/metrics.csv
GP training files:    ./runs_mnist_continual/run_20260226_122757/gp_data
