/var/spool/slurmd.spool/job43858580/slurm_script: line 23: eacho: command not found
/home/lhalice/miniconda3/envs/NNGP/bin/python
Python 3.12.12
python: /home/lhalice/miniconda3/envs/NNGP/bin/python
torch: 2.9.1+cu126
cuda available: True
Thu Feb 26 11:38:16 2026       
+-----------------------------------------------------------------------------------------+
| NVIDIA-SMI 580.105.08             Driver Version: 580.105.08     CUDA Version: 13.0     |
+-----------------------------------------+------------------------+----------------------+
| GPU  Name                 Persistence-M | Bus-Id          Disp.A | Volatile Uncorr. ECC |
| Fan  Temp   Perf          Pwr:Usage/Cap |           Memory-Usage | GPU-Util  Compute M. |
|                                         |                        |               MIG M. |
|=========================================+========================+======================|
|   0  Tesla V100-PCIE-16GB           On  |   00000000:3B:00.0 Off |                    0 |
| N/A   37C    P0             24W /  250W |       0MiB /  16384MiB |      0%   E. Process |
|                                         |                        |                  N/A |
+-----------------------------------------+------------------------+----------------------+

+-----------------------------------------------------------------------------------------+
| Processes:                                                                              |
|  GPU   GI   CI              PID   Type   Process name                        GPU Memory |
|        ID   ID                                                               Usage      |
|=========================================================================================|
|  No running processes found                                                             |
+-----------------------------------------------------------------------------------------+
=== Conda Env ===

# conda environments:
#
base                   /home/lhalice/miniconda3
EIS                    /home/lhalice/miniconda3/envs/EIS
NNGP                 * /home/lhalice/miniconda3/envs/NNGP

=== GPU Info ===
Thu Feb 26 11:38:18 2026       
+-----------------------------------------------------------------------------------------+
| NVIDIA-SMI 580.105.08             Driver Version: 580.105.08     CUDA Version: 13.0     |
+-----------------------------------------+------------------------+----------------------+
| GPU  Name                 Persistence-M | Bus-Id          Disp.A | Volatile Uncorr. ECC |
| Fan  Temp   Perf          Pwr:Usage/Cap |           Memory-Usage | GPU-Util  Compute M. |
|                                         |                        |               MIG M. |
|=========================================+========================+======================|
|   0  Tesla V100-PCIE-16GB           On  |   00000000:3B:00.0 Off |                    0 |
| N/A   37C    P0             24W /  250W |       0MiB /  16384MiB |      0%   E. Process |
|                                         |                        |                  N/A |
+-----------------------------------------+------------------------+----------------------+

+-----------------------------------------------------------------------------------------+
| Processes:                                                                              |
|  GPU   GI   CI              PID   Type   Process name                        GPU Memory |
|        ID   ID                                                               Usage      |
|=========================================================================================|
|  No running processes found                                                             |
+-----------------------------------------------------------------------------------------+
=== R ===
/sw/pkgs/arc/stacks/gcc/13.2.0/R/4.5.1/bin/R
R version 4.5.1 (2025-06-13) -- "Great Square Root"
Copyright (C) 2025 The R Foundation for Statistical Computing
Platform: x86_64-pc-linux-gnu

R is free software and comes with ABSOLUTELY NO WARRANTY.
You are welcome to redistribute it under the terms of the
GNU General Public License versions 2 or 3.
For more information about these matters see
https://www.gnu.org/licenses/.

Device: cuda; f_size=16

================================================================================
Starting Task 0: digits [0, 1, 2, 3, 4]
Training samples size: 15000
================================================================================
[Stage1/AE] ep 1/60 | loss 0.1589 | rec 0.1589 | feat 0.0000 | train_acc 8.37%
[Stage1/AE] ep 2/60 | loss 0.0788 | rec 0.0788 | feat 0.0000 | train_acc 19.52%
[Stage1/AE] ep 3/60 | loss 0.0726 | rec 0.0726 | feat 0.0000 | train_acc 19.52%
[Stage1/AE] ep 4/60 | loss 0.0651 | rec 0.0651 | feat 0.0000 | train_acc 19.52%
[Stage1/AE] ep 5/60 | loss 0.0610 | rec 0.0610 | feat 0.0000 | train_acc 19.52%
[Stage1/AE] ep 6/60 | loss 0.0576 | rec 0.0576 | feat 0.0000 | train_acc 19.52%
[Stage1/AE] ep 7/60 | loss 0.0535 | rec 0.0535 | feat 0.0000 | train_acc 19.52%
[Stage1/AE] ep 8/60 | loss 0.0497 | rec 0.0497 | feat 0.0000 | train_acc 19.52%
[Stage1/AE] ep 9/60 | loss 0.0474 | rec 0.0474 | feat 0.0000 | train_acc 19.51%
[Stage1/AE] ep 10/60 | loss 0.0455 | rec 0.0455 | feat 0.0000 | train_acc 19.51%
[Stage1/AE] ep 11/60 | loss 0.0441 | rec 0.0441 | feat 0.0000 | train_acc 19.50%
[Stage1/AE] ep 12/60 | loss 0.0427 | rec 0.0427 | feat 0.0000 | train_acc 19.47%
[Stage1/AE] ep 13/60 | loss 0.0413 | rec 0.0413 | feat 0.0000 | train_acc 19.29%
[Stage1/AE] ep 14/60 | loss 0.0401 | rec 0.0401 | feat 0.0000 | train_acc 19.04%
[Stage1/AE] ep 15/60 | loss 0.0390 | rec 0.0390 | feat 0.0000 | train_acc 18.77%
[Stage1/AE] ep 16/60 | loss 0.0383 | rec 0.0383 | feat 0.0000 | train_acc 18.49%
[Stage1/AE] ep 17/60 | loss 0.0376 | rec 0.0376 | feat 0.0000 | train_acc 18.25%
[Stage1/AE] ep 18/60 | loss 0.0370 | rec 0.0370 | feat 0.0000 | train_acc 18.09%
[Stage1/AE] ep 19/60 | loss 0.0365 | rec 0.0365 | feat 0.0000 | train_acc 17.80%
[Stage1/AE] ep 20/60 | loss 0.0360 | rec 0.0360 | feat 0.0000 | train_acc 17.79%
[Stage1/AE] ep 21/60 | loss 0.0355 | rec 0.0355 | feat 0.0000 | train_acc 17.63%
[Stage1/AE] ep 22/60 | loss 0.0350 | rec 0.0350 | feat 0.0000 | train_acc 17.45%
[Stage1/AE] ep 23/60 | loss 0.0345 | rec 0.0345 | feat 0.0000 | train_acc 17.32%
[Stage1/AE] ep 24/60 | loss 0.0342 | rec 0.0342 | feat 0.0000 | train_acc 17.18%
[Stage1/AE] ep 25/60 | loss 0.0337 | rec 0.0337 | feat 0.0000 | train_acc 17.14%
[Stage1/AE] ep 26/60 | loss 0.0334 | rec 0.0334 | feat 0.0000 | train_acc 16.95%
[Stage1/AE] ep 27/60 | loss 0.0330 | rec 0.0330 | feat 0.0000 | train_acc 16.98%
[Stage1/AE] ep 28/60 | loss 0.0327 | rec 0.0327 | feat 0.0000 | train_acc 16.81%
[Stage1/AE] ep 29/60 | loss 0.0323 | rec 0.0323 | feat 0.0000 | train_acc 16.79%
[Stage1/AE] ep 30/60 | loss 0.0322 | rec 0.0322 | feat 0.0000 | train_acc 16.80%
[Stage1/AE] ep 31/60 | loss 0.0318 | rec 0.0318 | feat 0.0000 | train_acc 16.86%
[Stage1/AE] ep 32/60 | loss 0.0317 | rec 0.0317 | feat 0.0000 | train_acc 16.69%
[Stage1/AE] ep 33/60 | loss 0.0315 | rec 0.0315 | feat 0.0000 | train_acc 16.70%
[Stage1/AE] ep 34/60 | loss 0.0312 | rec 0.0312 | feat 0.0000 | train_acc 16.64%
[Stage1/AE] ep 35/60 | loss 0.0309 | rec 0.0309 | feat 0.0000 | train_acc 16.65%
[Stage1/AE] ep 36/60 | loss 0.0307 | rec 0.0307 | feat 0.0000 | train_acc 16.35%
[Stage1/AE] ep 37/60 | loss 0.0307 | rec 0.0307 | feat 0.0000 | train_acc 16.39%
[Stage1/AE] ep 38/60 | loss 0.0304 | rec 0.0304 | feat 0.0000 | train_acc 16.35%
[Stage1/AE] ep 39/60 | loss 0.0303 | rec 0.0303 | feat 0.0000 | train_acc 16.59%
[Stage1/AE] ep 40/60 | loss 0.0301 | rec 0.0301 | feat 0.0000 | train_acc 16.37%
[Stage1/AE] ep 41/60 | loss 0.0299 | rec 0.0299 | feat 0.0000 | train_acc 16.41%
[Stage1/AE] ep 42/60 | loss 0.0298 | rec 0.0298 | feat 0.0000 | train_acc 16.23%
[Stage1/AE] ep 43/60 | loss 0.0296 | rec 0.0296 | feat 0.0000 | train_acc 16.14%
[Stage1/AE] ep 44/60 | loss 0.0295 | rec 0.0295 | feat 0.0000 | train_acc 16.05%
[Stage1/AE] ep 45/60 | loss 0.0293 | rec 0.0293 | feat 0.0000 | train_acc 15.99%
[Stage1/AE] ep 46/60 | loss 0.0292 | rec 0.0292 | feat 0.0000 | train_acc 16.23%
[Stage1/AE] ep 47/60 | loss 0.0290 | rec 0.0290 | feat 0.0000 | train_acc 16.06%
[Stage1/AE] ep 48/60 | loss 0.0290 | rec 0.0290 | feat 0.0000 | train_acc 16.05%
[Stage1/AE] ep 49/60 | loss 0.0287 | rec 0.0287 | feat 0.0000 | train_acc 16.05%
[Stage1/AE] ep 50/60 | loss 0.0286 | rec 0.0286 | feat 0.0000 | train_acc 15.92%
[Stage1/AE] ep 51/60 | loss 0.0286 | rec 0.0286 | feat 0.0000 | train_acc 15.96%
[Stage1/AE] ep 52/60 | loss 0.0285 | rec 0.0285 | feat 0.0000 | train_acc 15.97%
[Stage1/AE] ep 53/60 | loss 0.0284 | rec 0.0284 | feat 0.0000 | train_acc 15.90%
[Stage1/AE] ep 54/60 | loss 0.0282 | rec 0.0282 | feat 0.0000 | train_acc 15.98%
[Stage1/AE] ep 55/60 | loss 0.0280 | rec 0.0280 | feat 0.0000 | train_acc 15.78%
[Stage1/AE] ep 56/60 | loss 0.0280 | rec 0.0280 | feat 0.0000 | train_acc 15.79%
[Stage1/AE] ep 57/60 | loss 0.0278 | rec 0.0278 | feat 0.0000 | train_acc 15.93%
[Stage1/AE] ep 58/60 | loss 0.0278 | rec 0.0278 | feat 0.0000 | train_acc 15.68%
[Stage1/AE] ep 59/60 | loss 0.0277 | rec 0.0277 | feat 0.0000 | train_acc 15.84%
[Stage1/AE] ep 60/60 | loss 0.0276 | rec 0.0276 | feat 0.0000 | train_acc 15.82%
[Stage2/Head] ep 1/60 | loss 2.0003 | ce 2.0003 | logit 0.0000 | train_acc 35.53%
[Stage2/Head] ep 2/60 | loss 1.5483 | ce 1.5483 | logit 0.0000 | train_acc 85.33%
[Stage2/Head] ep 3/60 | loss 1.2362 | ce 1.2362 | logit 0.0000 | train_acc 90.61%
[Stage2/Head] ep 4/60 | loss 1.0053 | ce 1.0053 | logit 0.0000 | train_acc 91.71%
[Stage2/Head] ep 5/60 | loss 0.8312 | ce 0.8312 | logit 0.0000 | train_acc 92.05%
[Stage2/Head] ep 6/60 | loss 0.7015 | ce 0.7015 | logit 0.0000 | train_acc 92.40%
[Stage2/Head] ep 7/60 | loss 0.6015 | ce 0.6015 | logit 0.0000 | train_acc 92.47%
[Stage2/Head] ep 8/60 | loss 0.5238 | ce 0.5238 | logit 0.0000 | train_acc 92.75%
[Stage2/Head] ep 9/60 | loss 0.4657 | ce 0.4657 | logit 0.0000 | train_acc 93.07%
[Stage2/Head] ep 10/60 | loss 0.4191 | ce 0.4191 | logit 0.0000 | train_acc 93.07%
[Stage2/Head] ep 11/60 | loss 0.3885 | ce 0.3885 | logit 0.0000 | train_acc 92.91%
[Stage2/Head] ep 12/60 | loss 0.3555 | ce 0.3555 | logit 0.0000 | train_acc 93.13%
[Stage2/Head] ep 13/60 | loss 0.3321 | ce 0.3321 | logit 0.0000 | train_acc 93.20%
[Stage2/Head] ep 14/60 | loss 0.3138 | ce 0.3138 | logit 0.0000 | train_acc 93.38%
[Stage2/Head] ep 15/60 | loss 0.2968 | ce 0.2968 | logit 0.0000 | train_acc 93.27%
[Stage2/Head] ep 16/60 | loss 0.2775 | ce 0.2775 | logit 0.0000 | train_acc 93.73%
[Stage2/Head] ep 17/60 | loss 0.2703 | ce 0.2703 | logit 0.0000 | train_acc 93.59%
[Stage2/Head] ep 18/60 | loss 0.2581 | ce 0.2581 | logit 0.0000 | train_acc 93.61%
[Stage2/Head] ep 19/60 | loss 0.2513 | ce 0.2513 | logit 0.0000 | train_acc 93.57%
[Stage2/Head] ep 20/60 | loss 0.2442 | ce 0.2442 | logit 0.0000 | train_acc 93.46%
[Stage2/Head] ep 21/60 | loss 0.2362 | ce 0.2362 | logit 0.0000 | train_acc 93.65%
[Stage2/Head] ep 22/60 | loss 0.2301 | ce 0.2301 | logit 0.0000 | train_acc 93.87%
[Stage2/Head] ep 23/60 | loss 0.2252 | ce 0.2252 | logit 0.0000 | train_acc 93.99%
[Stage2/Head] ep 24/60 | loss 0.2261 | ce 0.2261 | logit 0.0000 | train_acc 93.89%
[Stage2/Head] ep 25/60 | loss 0.2190 | ce 0.2190 | logit 0.0000 | train_acc 93.77%
[Stage2/Head] ep 26/60 | loss 0.2142 | ce 0.2142 | logit 0.0000 | train_acc 93.99%
[Stage2/Head] ep 27/60 | loss 0.2166 | ce 0.2166 | logit 0.0000 | train_acc 93.98%
[Stage2/Head] ep 28/60 | loss 0.2075 | ce 0.2075 | logit 0.0000 | train_acc 93.97%
[Stage2/Head] ep 29/60 | loss 0.2080 | ce 0.2080 | logit 0.0000 | train_acc 94.07%
[Stage2/Head] ep 30/60 | loss 0.2058 | ce 0.2058 | logit 0.0000 | train_acc 94.07%
[Stage2/Head] ep 31/60 | loss 0.2047 | ce 0.2047 | logit 0.0000 | train_acc 94.03%
[Stage2/Head] ep 32/60 | loss 0.1982 | ce 0.1982 | logit 0.0000 | train_acc 94.31%
[Stage2/Head] ep 33/60 | loss 0.1960 | ce 0.1960 | logit 0.0000 | train_acc 94.17%
[Stage2/Head] ep 34/60 | loss 0.1914 | ce 0.1914 | logit 0.0000 | train_acc 94.30%
[Stage2/Head] ep 35/60 | loss 0.1896 | ce 0.1896 | logit 0.0000 | train_acc 94.36%
[Stage2/Head] ep 36/60 | loss 0.1893 | ce 0.1893 | logit 0.0000 | train_acc 94.44%
[Stage2/Head] ep 37/60 | loss 0.1812 | ce 0.1812 | logit 0.0000 | train_acc 94.61%
[Stage2/Head] ep 38/60 | loss 0.1829 | ce 0.1829 | logit 0.0000 | train_acc 94.51%
[Stage2/Head] ep 39/60 | loss 0.1838 | ce 0.1838 | logit 0.0000 | train_acc 94.45%
[Stage2/Head] ep 40/60 | loss 0.1801 | ce 0.1801 | logit 0.0000 | train_acc 94.61%
[Stage2/Head] ep 41/60 | loss 0.1820 | ce 0.1820 | logit 0.0000 | train_acc 94.65%
[Stage2/Head] ep 42/60 | loss 0.1842 | ce 0.1842 | logit 0.0000 | train_acc 94.48%
[Stage2/Head] ep 43/60 | loss 0.1805 | ce 0.1805 | logit 0.0000 | train_acc 94.56%
[Stage2/Head] ep 44/60 | loss 0.1773 | ce 0.1773 | logit 0.0000 | train_acc 94.75%
[Stage2/Head] ep 45/60 | loss 0.1774 | ce 0.1774 | logit 0.0000 | train_acc 94.59%
[Stage2/Head] ep 46/60 | loss 0.1768 | ce 0.1768 | logit 0.0000 | train_acc 94.61%
[Stage2/Head] ep 47/60 | loss 0.1760 | ce 0.1760 | logit 0.0000 | train_acc 94.72%
[Stage2/Head] ep 48/60 | loss 0.1719 | ce 0.1719 | logit 0.0000 | train_acc 94.66%
[Stage2/Head] ep 49/60 | loss 0.1728 | ce 0.1728 | logit 0.0000 | train_acc 94.72%
[Stage2/Head] ep 50/60 | loss 0.1745 | ce 0.1745 | logit 0.0000 | train_acc 94.63%
[Stage2/Head] ep 51/60 | loss 0.1696 | ce 0.1696 | logit 0.0000 | train_acc 94.54%
[Stage2/Head] ep 52/60 | loss 0.1675 | ce 0.1675 | logit 0.0000 | train_acc 94.81%
[Stage2/Head] ep 53/60 | loss 0.1610 | ce 0.1610 | logit 0.0000 | train_acc 95.07%
[Stage2/Head] ep 54/60 | loss 0.1694 | ce 0.1694 | logit 0.0000 | train_acc 94.91%
[Stage2/Head] ep 55/60 | loss 0.1682 | ce 0.1682 | logit 0.0000 | train_acc 94.70%
[Stage2/Head] ep 56/60 | loss 0.1685 | ce 0.1685 | logit 0.0000 | train_acc 94.64%
[Stage2/Head] ep 57/60 | loss 0.1617 | ce 0.1617 | logit 0.0000 | train_acc 94.97%
[Stage2/Head] ep 58/60 | loss 0.1684 | ce 0.1684 | logit 0.0000 | train_acc 94.60%
[Stage2/Head] ep 59/60 | loss 0.1668 | ce 0.1668 | logit 0.0000 | train_acc 94.73%
[Stage2/Head] ep 60/60 | loss 0.1630 | ce 0.1630 | logit 0.0000 | train_acc 95.19%
[Task 0] Training done in 4.09 min.
[Task 0] Test (on new class only) -> ce_loss: 0.0784, acc: 98.05%, rec_loss: 16.3954
  - Filtering train: keep top 95.0% per class based on returned scores.
[Task 0] Wrote CSVs to: ./runs_mnist_continual/run_20260226_113825/task0
Accuracies on seen tasks:
  Task 0 [0,1,2,3,4]: 98.05%
Mean over seen tasks (0..0): 98.05%
[Task 0] Skipping GP training and Rscript execution as per --skip_GP flag.
[Task 0] Loaded from R CSV: 1000 rows, f_size=16
[Task 0] Decoded images: torch.Size([1000, 1, 28, 28]) -> recovered dataset size 1000
[Task 0] Augmenting Task 1 training set with 1000 recovered samples.
/home/lhalice/miniconda3/envs/NNGP/lib/python3.12/site-packages/torch/utils/data/dataloader.py:627: UserWarning: This DataLoader will create 2 worker processes in total. Our suggested max number of worker in current system is 1, which is smaller than what this DataLoader is going to create. Please be aware that excessive worker creation might get DataLoader running slow or even freeze, lower the worker number to avoid potential slowness/freeze if necessary.
  warnings.warn(

================================================================================
Starting Task 1: digits [5]
Training samples size: 4000
================================================================================
[Stage1/AE] ep 1/120 | loss 4.3770 | rec 0.0430 | feat 4.3340 | train_acc 24.32%
[Stage1/AE] ep 2/120 | loss 4.3421 | rec 0.0396 | feat 4.3025 | train_acc 24.38%
[Stage1/AE] ep 3/120 | loss 4.0837 | rec 0.0382 | feat 4.0454 | train_acc 24.50%
[Stage1/AE] ep 4/120 | loss 4.1744 | rec 0.0374 | feat 4.1371 | train_acc 24.35%
[Stage1/AE] ep 5/120 | loss 4.2993 | rec 0.0370 | feat 4.2623 | train_acc 24.40%
[Stage1/AE] ep 6/120 | loss 4.2942 | rec 0.0368 | feat 4.2575 | train_acc 24.25%
[Stage1/AE] ep 7/120 | loss 3.9978 | rec 0.0365 | feat 3.9613 | train_acc 24.38%
[Stage1/AE] ep 8/120 | loss 3.9803 | rec 0.0362 | feat 3.9441 | train_acc 24.32%
[Stage1/AE] ep 9/120 | loss 3.9950 | rec 0.0363 | feat 3.9588 | train_acc 24.35%
[Stage1/AE] ep 10/120 | loss 3.7049 | rec 0.0359 | feat 3.6691 | train_acc 24.27%
[Stage1/AE] ep 11/120 | loss 3.6865 | rec 0.0356 | feat 3.6509 | train_acc 24.48%
[Stage1/AE] ep 12/120 | loss 4.0331 | rec 0.0358 | feat 3.9973 | train_acc 24.45%
[Stage1/AE] ep 13/120 | loss 3.7747 | rec 0.0356 | feat 3.7392 | train_acc 24.43%
[Stage1/AE] ep 14/120 | loss 4.0009 | rec 0.0355 | feat 3.9655 | train_acc 24.38%
[Stage1/AE] ep 15/120 | loss 4.0440 | rec 0.0353 | feat 4.0086 | train_acc 24.40%
[Stage1/AE] ep 16/120 | loss 3.8724 | rec 0.0352 | feat 3.8372 | train_acc 24.38%
[Stage1/AE] ep 17/120 | loss 3.7211 | rec 0.0350 | feat 3.6861 | train_acc 24.48%
[Stage1/AE] ep 18/120 | loss 3.9848 | rec 0.0352 | feat 3.9496 | train_acc 24.35%
[Stage1/AE] ep 19/120 | loss 4.0877 | rec 0.0351 | feat 4.0526 | train_acc 24.62%
[Stage1/AE] ep 20/120 | loss 3.8227 | rec 0.0352 | feat 3.7875 | train_acc 24.32%
[Stage1/AE] ep 21/120 | loss 3.9088 | rec 0.0347 | feat 3.8741 | train_acc 24.45%
[Stage1/AE] ep 22/120 | loss 3.9665 | rec 0.0347 | feat 3.9318 | train_acc 24.40%
[Stage1/AE] ep 23/120 | loss 4.0947 | rec 0.0347 | feat 4.0599 | train_acc 24.48%
[Stage1/AE] ep 24/120 | loss 3.6944 | rec 0.0348 | feat 3.6596 | train_acc 24.20%
[Stage1/AE] ep 25/120 | loss 3.9570 | rec 0.0347 | feat 3.9223 | train_acc 24.52%
[Stage1/AE] ep 26/120 | loss 3.7666 | rec 0.0349 | feat 3.7317 | train_acc 24.43%
[Stage1/AE] ep 27/120 | loss 3.7439 | rec 0.0346 | feat 3.7093 | train_acc 24.32%
[Stage1/AE] ep 28/120 | loss 3.5479 | rec 0.0346 | feat 3.5133 | train_acc 24.35%
[Stage1/AE] ep 29/120 | loss 3.9030 | rec 0.0344 | feat 3.8686 | train_acc 24.25%
[Stage1/AE] ep 30/120 | loss 3.8748 | rec 0.0345 | feat 3.8402 | train_acc 24.12%
[Stage1/AE] ep 31/120 | loss 3.5381 | rec 0.0344 | feat 3.5037 | train_acc 24.27%
[Stage1/AE] ep 32/120 | loss 3.5289 | rec 0.0343 | feat 3.4946 | train_acc 24.48%
[Stage1/AE] ep 33/120 | loss 3.5306 | rec 0.0343 | feat 3.4963 | train_acc 24.30%
[Stage1/AE] ep 34/120 | loss 3.4507 | rec 0.0343 | feat 3.4165 | train_acc 24.27%
[Stage1/AE] ep 35/120 | loss 3.5506 | rec 0.0342 | feat 3.5164 | train_acc 24.12%
[Stage1/AE] ep 36/120 | loss 3.5081 | rec 0.0342 | feat 3.4739 | train_acc 24.30%
[Stage1/AE] ep 37/120 | loss 3.6198 | rec 0.0342 | feat 3.5856 | train_acc 24.40%
[Stage1/AE] ep 38/120 | loss 3.6563 | rec 0.0341 | feat 3.6222 | train_acc 24.48%
[Stage1/AE] ep 39/120 | loss 3.6380 | rec 0.0343 | feat 3.6037 | train_acc 24.15%
[Stage1/AE] ep 40/120 | loss 3.8189 | rec 0.0343 | feat 3.7846 | train_acc 24.12%
[Stage1/AE] ep 41/120 | loss 3.8747 | rec 0.0342 | feat 3.8405 | train_acc 24.25%
[Stage1/AE] ep 42/120 | loss 3.4116 | rec 0.0340 | feat 3.3776 | train_acc 24.30%
[Stage1/AE] ep 43/120 | loss 3.4276 | rec 0.0340 | feat 3.3935 | train_acc 24.25%
[Stage1/AE] ep 44/120 | loss 3.6872 | rec 0.0340 | feat 3.6532 | train_acc 24.38%
[Stage1/AE] ep 45/120 | loss 3.5134 | rec 0.0338 | feat 3.4796 | train_acc 24.27%
[Stage1/AE] ep 46/120 | loss 3.7124 | rec 0.0343 | feat 3.6781 | train_acc 24.07%
[Stage1/AE] ep 47/120 | loss 3.6648 | rec 0.0339 | feat 3.6309 | train_acc 24.30%
[Stage1/AE] ep 48/120 | loss 3.5350 | rec 0.0341 | feat 3.5009 | train_acc 24.43%
[Stage1/AE] ep 49/120 | loss 3.3850 | rec 0.0340 | feat 3.3509 | train_acc 24.40%
[Stage1/AE] ep 50/120 | loss 3.5282 | rec 0.0339 | feat 3.4943 | train_acc 24.48%
[Stage1/AE] ep 51/120 | loss 3.5928 | rec 0.0338 | feat 3.5590 | train_acc 24.23%
[Stage1/AE] ep 52/120 | loss 3.5166 | rec 0.0339 | feat 3.4827 | train_acc 24.35%
[Stage1/AE] ep 53/120 | loss 3.6541 | rec 0.0340 | feat 3.6201 | train_acc 24.15%
[Stage1/AE] ep 54/120 | loss 3.7096 | rec 0.0337 | feat 3.6758 | train_acc 24.12%
[Stage1/AE] ep 55/120 | loss 3.7526 | rec 0.0340 | feat 3.7186 | train_acc 24.20%
[Stage1/AE] ep 56/120 | loss 3.6009 | rec 0.0339 | feat 3.5669 | train_acc 24.45%
[Stage1/AE] ep 57/120 | loss 3.4195 | rec 0.0340 | feat 3.3855 | train_acc 24.38%
[Stage1/AE] ep 58/120 | loss 3.3439 | rec 0.0342 | feat 3.3097 | train_acc 24.40%
[Stage1/AE] ep 59/120 | loss 3.3154 | rec 0.0339 | feat 3.2815 | train_acc 24.32%
[Stage1/AE] ep 60/120 | loss 3.5063 | rec 0.0340 | feat 3.4724 | train_acc 24.32%
[Stage1/AE] ep 61/120 | loss 3.3150 | rec 0.0339 | feat 3.2810 | train_acc 24.38%
[Stage1/AE] ep 62/120 | loss 3.2570 | rec 0.0338 | feat 3.2232 | train_acc 24.18%
[Stage1/AE] ep 63/120 | loss 3.3399 | rec 0.0342 | feat 3.3057 | train_acc 24.38%
[Stage1/AE] ep 64/120 | loss 3.4545 | rec 0.0337 | feat 3.4208 | train_acc 24.10%
[Stage1/AE] ep 65/120 | loss 3.2915 | rec 0.0341 | feat 3.2574 | train_acc 24.40%
[Stage1/AE] ep 66/120 | loss 3.6565 | rec 0.0339 | feat 3.6226 | train_acc 24.30%
[Stage1/AE] ep 67/120 | loss 3.3387 | rec 0.0340 | feat 3.3048 | train_acc 24.32%
[Stage1/AE] ep 68/120 | loss 3.3112 | rec 0.0339 | feat 3.2773 | train_acc 24.32%
[Stage1/AE] ep 69/120 | loss 3.3833 | rec 0.0338 | feat 3.3495 | train_acc 24.30%
[Stage1/AE] ep 70/120 | loss 3.2453 | rec 0.0338 | feat 3.2115 | train_acc 24.40%
[Stage1/AE] ep 71/120 | loss 3.3372 | rec 0.0336 | feat 3.3037 | train_acc 24.27%
[Stage1/AE] ep 72/120 | loss 3.3729 | rec 0.0337 | feat 3.3391 | train_acc 24.10%
[Stage1/AE] ep 73/120 | loss 3.3671 | rec 0.0339 | feat 3.3333 | train_acc 24.23%
[Stage1/AE] ep 74/120 | loss 3.5808 | rec 0.0339 | feat 3.5470 | train_acc 24.23%
[Stage1/AE] ep 75/120 | loss 3.2051 | rec 0.0338 | feat 3.1713 | train_acc 24.20%
[Stage1/AE] ep 76/120 | loss 3.4185 | rec 0.0338 | feat 3.3848 | train_acc 24.12%
[Stage1/AE] ep 77/120 | loss 3.5505 | rec 0.0340 | feat 3.5166 | train_acc 24.35%
[Stage1/AE] ep 78/120 | loss 3.4314 | rec 0.0337 | feat 3.3977 | train_acc 24.15%
[Stage1/AE] ep 79/120 | loss 3.1272 | rec 0.0338 | feat 3.0934 | train_acc 24.25%
[Stage1/AE] ep 80/120 | loss 3.3484 | rec 0.0340 | feat 3.3144 | train_acc 24.27%
[Stage1/AE] ep 81/120 | loss 3.3247 | rec 0.0336 | feat 3.2911 | train_acc 24.10%
[Stage1/AE] ep 82/120 | loss 3.5167 | rec 0.0343 | feat 3.4824 | train_acc 24.15%
[Stage1/AE] ep 83/120 | loss 3.1513 | rec 0.0340 | feat 3.1172 | train_acc 24.40%
[Stage1/AE] ep 84/120 | loss 3.1711 | rec 0.0340 | feat 3.1371 | train_acc 24.35%
[Stage1/AE] ep 85/120 | loss 3.3081 | rec 0.0337 | feat 3.2743 | train_acc 24.25%
[Stage1/AE] ep 86/120 | loss 3.2239 | rec 0.0340 | feat 3.1899 | train_acc 24.27%
[Stage1/AE] ep 87/120 | loss 3.1502 | rec 0.0339 | feat 3.1163 | train_acc 24.05%
[Stage1/AE] ep 88/120 | loss 3.1464 | rec 0.0338 | feat 3.1126 | train_acc 24.15%
[Stage1/AE] ep 89/120 | loss 3.1687 | rec 0.0340 | feat 3.1346 | train_acc 24.12%
[Stage1/AE] ep 90/120 | loss 3.3145 | rec 0.0339 | feat 3.2805 | train_acc 24.12%
[Stage1/AE] ep 91/120 | loss 3.2597 | rec 0.0341 | feat 3.2256 | train_acc 24.15%
[Stage1/AE] ep 92/120 | loss 3.2447 | rec 0.0340 | feat 3.2107 | train_acc 24.07%
[Stage1/AE] ep 93/120 | loss 3.2017 | rec 0.0339 | feat 3.1678 | train_acc 24.40%
[Stage1/AE] ep 94/120 | loss 3.2142 | rec 0.0339 | feat 3.1803 | train_acc 24.25%
[Stage1/AE] ep 95/120 | loss 3.3757 | rec 0.0337 | feat 3.3420 | train_acc 24.12%
[Stage1/AE] ep 96/120 | loss 3.3624 | rec 0.0341 | feat 3.3283 | train_acc 24.12%
[Stage1/AE] ep 97/120 | loss 3.1670 | rec 0.0341 | feat 3.1329 | train_acc 24.23%
[Stage1/AE] ep 98/120 | loss 3.0803 | rec 0.0340 | feat 3.0463 | train_acc 24.27%
[Stage1/AE] ep 99/120 | loss 3.3634 | rec 0.0341 | feat 3.3293 | train_acc 24.25%
[Stage1/AE] ep 100/120 | loss 3.1568 | rec 0.0341 | feat 3.1227 | train_acc 24.35%
[Stage1/AE] ep 101/120 | loss 3.1908 | rec 0.0341 | feat 3.1567 | train_acc 24.43%
[Stage1/AE] ep 102/120 | loss 3.1452 | rec 0.0339 | feat 3.1113 | train_acc 24.10%
[Stage1/AE] ep 103/120 | loss 3.0512 | rec 0.0342 | feat 3.0170 | train_acc 24.18%
[Stage1/AE] ep 104/120 | loss 3.4993 | rec 0.0341 | feat 3.4652 | train_acc 24.12%
[Stage1/AE] ep 105/120 | loss 3.3122 | rec 0.0340 | feat 3.2782 | train_acc 24.23%
[Stage1/AE] ep 106/120 | loss 3.0404 | rec 0.0338 | feat 3.0066 | train_acc 24.38%
[Stage1/AE] ep 107/120 | loss 3.2051 | rec 0.0338 | feat 3.1714 | train_acc 24.23%
[Stage1/AE] ep 108/120 | loss 3.0862 | rec 0.0335 | feat 3.0527 | train_acc 24.30%
[Stage1/AE] ep 109/120 | loss 3.0872 | rec 0.0339 | feat 3.0533 | train_acc 24.23%
[Stage1/AE] ep 110/120 | loss 3.0583 | rec 0.0340 | feat 3.0243 | train_acc 24.27%
[Stage1/AE] ep 111/120 | loss 3.2038 | rec 0.0342 | feat 3.1696 | train_acc 24.25%
[Stage1/AE] ep 112/120 | loss 3.0682 | rec 0.0338 | feat 3.0344 | train_acc 24.25%
[Stage1/AE] ep 113/120 | loss 3.1828 | rec 0.0339 | feat 3.1489 | train_acc 24.38%
[Stage1/AE] ep 114/120 | loss 3.0958 | rec 0.0342 | feat 3.0617 | train_acc 24.20%
[Stage1/AE] ep 115/120 | loss 2.9949 | rec 0.0340 | feat 2.9609 | train_acc 24.20%
[Stage1/AE] ep 116/120 | loss 2.9467 | rec 0.0342 | feat 2.9125 | train_acc 24.32%
[Stage1/AE] ep 117/120 | loss 3.1871 | rec 0.0342 | feat 3.1529 | train_acc 24.12%
[Stage1/AE] ep 118/120 | loss 3.2065 | rec 0.0342 | feat 3.1722 | train_acc 24.12%
[Stage1/AE] ep 119/120 | loss 3.0087 | rec 0.0341 | feat 2.9746 | train_acc 24.30%
[Stage1/AE] ep 120/120 | loss 3.0405 | rec 0.0345 | feat 3.0060 | train_acc 24.27%
[Stage2/Head] ep 1/120 | loss 7.7709 | ce 6.8722 | logit 1.7975 | train_acc 23.52%
[Stage2/Head] ep 2/120 | loss 6.3092 | ce 5.2877 | logit 2.0428 | train_acc 23.20%
[Stage2/Head] ep 3/120 | loss 5.9519 | ce 4.8815 | logit 2.1408 | train_acc 23.57%
[Stage2/Head] ep 4/120 | loss 5.6847 | ce 4.6468 | logit 2.0756 | train_acc 23.43%
[Stage2/Head] ep 5/120 | loss 5.4443 | ce 4.4486 | logit 1.9915 | train_acc 23.68%
[Stage2/Head] ep 6/120 | loss 5.1875 | ce 4.2555 | logit 1.8640 | train_acc 23.90%
[Stage2/Head] ep 7/120 | loss 5.0053 | ce 4.0684 | logit 1.8739 | train_acc 23.70%
[Stage2/Head] ep 8/120 | loss 4.8240 | ce 3.9267 | logit 1.7946 | train_acc 23.65%
[Stage2/Head] ep 9/120 | loss 4.6070 | ce 3.7421 | logit 1.7296 | train_acc 23.65%
[Stage2/Head] ep 10/120 | loss 4.4592 | ce 3.5969 | logit 1.7247 | train_acc 23.75%
[Stage2/Head] ep 11/120 | loss 4.2861 | ce 3.4447 | logit 1.6829 | train_acc 23.90%
[Stage2/Head] ep 12/120 | loss 4.1558 | ce 3.2965 | logit 1.7185 | train_acc 23.88%
[Stage2/Head] ep 13/120 | loss 4.0379 | ce 3.1704 | logit 1.7350 | train_acc 23.90%
[Stage2/Head] ep 14/120 | loss 3.8744 | ce 3.0280 | logit 1.6929 | train_acc 23.75%
[Stage2/Head] ep 15/120 | loss 3.7379 | ce 2.8919 | logit 1.6920 | train_acc 23.90%
[Stage2/Head] ep 16/120 | loss 3.6140 | ce 2.7603 | logit 1.7074 | train_acc 23.88%
[Stage2/Head] ep 17/120 | loss 3.4886 | ce 2.6363 | logit 1.7045 | train_acc 24.10%
[Stage2/Head] ep 18/120 | loss 3.3622 | ce 2.5221 | logit 1.6803 | train_acc 23.77%
[Stage2/Head] ep 19/120 | loss 3.2663 | ce 2.4013 | logit 1.7300 | train_acc 23.73%
[Stage2/Head] ep 20/120 | loss 3.1477 | ce 2.2900 | logit 1.7155 | train_acc 23.80%
[Stage2/Head] ep 21/120 | loss 3.0455 | ce 2.1946 | logit 1.7019 | train_acc 23.95%
[Stage2/Head] ep 22/120 | loss 2.9378 | ce 2.0942 | logit 1.6872 | train_acc 24.25%
[Stage2/Head] ep 23/120 | loss 2.8624 | ce 1.9965 | logit 1.7318 | train_acc 24.82%
[Stage2/Head] ep 24/120 | loss 2.7425 | ce 1.8851 | logit 1.7148 | train_acc 26.23%
[Stage2/Head] ep 25/120 | loss 2.6929 | ce 1.8095 | logit 1.7669 | train_acc 28.62%
[Stage2/Head] ep 26/120 | loss 2.5973 | ce 1.7336 | logit 1.7275 | train_acc 32.40%
[Stage2/Head] ep 27/120 | loss 2.5164 | ce 1.6523 | logit 1.7283 | train_acc 38.35%
[Stage2/Head] ep 28/120 | loss 2.4231 | ce 1.5730 | logit 1.7002 | train_acc 43.95%
[Stage2/Head] ep 29/120 | loss 2.3621 | ce 1.4967 | logit 1.7308 | train_acc 49.73%
[Stage2/Head] ep 30/120 | loss 2.2759 | ce 1.4303 | logit 1.6912 | train_acc 55.42%
[Stage2/Head] ep 31/120 | loss 2.2407 | ce 1.3797 | logit 1.7221 | train_acc 58.40%
[Stage2/Head] ep 32/120 | loss 2.1679 | ce 1.3264 | logit 1.6831 | train_acc 64.03%
[Stage2/Head] ep 33/120 | loss 2.1101 | ce 1.2500 | logit 1.7203 | train_acc 67.30%
[Stage2/Head] ep 34/120 | loss 2.0632 | ce 1.2183 | logit 1.6899 | train_acc 68.85%
[Stage2/Head] ep 35/120 | loss 1.9726 | ce 1.1593 | logit 1.6267 | train_acc 71.60%
[Stage2/Head] ep 36/120 | loss 1.9132 | ce 1.0931 | logit 1.6401 | train_acc 75.33%
[Stage2/Head] ep 37/120 | loss 1.8758 | ce 1.1013 | logit 1.5490 | train_acc 75.03%
[Stage2/Head] ep 38/120 | loss 1.8558 | ce 1.0323 | logit 1.6470 | train_acc 78.05%
[Stage2/Head] ep 39/120 | loss 1.8320 | ce 1.0164 | logit 1.6313 | train_acc 78.12%
[Stage2/Head] ep 40/120 | loss 1.7976 | ce 0.9705 | logit 1.6543 | train_acc 80.62%
[Stage2/Head] ep 41/120 | loss 1.7468 | ce 0.9547 | logit 1.5841 | train_acc 80.00%
[Stage2/Head] ep 42/120 | loss 1.7063 | ce 0.9209 | logit 1.5708 | train_acc 82.17%
[Stage2/Head] ep 43/120 | loss 1.6619 | ce 0.8872 | logit 1.5494 | train_acc 81.95%
[Stage2/Head] ep 44/120 | loss 1.6301 | ce 0.8572 | logit 1.5457 | train_acc 83.58%
[Stage2/Head] ep 45/120 | loss 1.5814 | ce 0.8134 | logit 1.5361 | train_acc 84.40%
[Stage2/Head] ep 46/120 | loss 1.5874 | ce 0.8099 | logit 1.5549 | train_acc 83.22%
[Stage2/Head] ep 47/120 | loss 1.5319 | ce 0.7921 | logit 1.4795 | train_acc 84.65%
[Stage2/Head] ep 48/120 | loss 1.5157 | ce 0.7648 | logit 1.5018 | train_acc 84.65%
[Stage2/Head] ep 49/120 | loss 1.5428 | ce 0.7404 | logit 1.6047 | train_acc 84.35%
[Stage2/Head] ep 50/120 | loss 1.4485 | ce 0.7175 | logit 1.4620 | train_acc 85.20%
[Stage2/Head] ep 51/120 | loss 1.5050 | ce 0.7213 | logit 1.5674 | train_acc 85.53%
[Stage2/Head] ep 52/120 | loss 1.4396 | ce 0.6876 | logit 1.5039 | train_acc 85.28%
[Stage2/Head] ep 53/120 | loss 1.4007 | ce 0.6938 | logit 1.4138 | train_acc 84.92%
[Stage2/Head] ep 54/120 | loss 1.3905 | ce 0.6454 | logit 1.4902 | train_acc 85.78%
[Stage2/Head] ep 55/120 | loss 1.3842 | ce 0.6645 | logit 1.4393 | train_acc 85.58%
[Stage2/Head] ep 56/120 | loss 1.3608 | ce 0.6231 | logit 1.4753 | train_acc 86.47%
[Stage2/Head] ep 57/120 | loss 1.3755 | ce 0.6463 | logit 1.4584 | train_acc 86.08%
[Stage2/Head] ep 58/120 | loss 1.3141 | ce 0.6030 | logit 1.4222 | train_acc 86.92%
[Stage2/Head] ep 59/120 | loss 1.3014 | ce 0.5837 | logit 1.4354 | train_acc 86.90%
[Stage2/Head] ep 60/120 | loss 1.3085 | ce 0.5956 | logit 1.4258 | train_acc 86.50%
[Stage2/Head] ep 61/120 | loss 1.2808 | ce 0.5764 | logit 1.4087 | train_acc 87.55%
[Stage2/Head] ep 62/120 | loss 1.2431 | ce 0.5549 | logit 1.3765 | train_acc 87.65%
[Stage2/Head] ep 63/120 | loss 1.2889 | ce 0.5657 | logit 1.4465 | train_acc 87.12%
[Stage2/Head] ep 64/120 | loss 1.2526 | ce 0.5414 | logit 1.4224 | train_acc 87.60%
[Stage2/Head] ep 65/120 | loss 1.2560 | ce 0.5573 | logit 1.3974 | train_acc 86.90%
[Stage2/Head] ep 66/120 | loss 1.1731 | ce 0.5122 | logit 1.3218 | train_acc 88.70%
[Stage2/Head] ep 67/120 | loss 1.2179 | ce 0.5290 | logit 1.3777 | train_acc 87.30%
[Stage2/Head] ep 68/120 | loss 1.2136 | ce 0.5171 | logit 1.3929 | train_acc 87.58%
[Stage2/Head] ep 69/120 | loss 1.2286 | ce 0.5260 | logit 1.4051 | train_acc 87.10%
[Stage2/Head] ep 70/120 | loss 1.1967 | ce 0.5014 | logit 1.3905 | train_acc 87.90%
[Stage2/Head] ep 71/120 | loss 1.1521 | ce 0.4941 | logit 1.3160 | train_acc 88.15%
[Stage2/Head] ep 72/120 | loss 1.1842 | ce 0.5131 | logit 1.3421 | train_acc 87.42%
[Stage2/Head] ep 73/120 | loss 1.1769 | ce 0.4861 | logit 1.3817 | train_acc 87.85%
[Stage2/Head] ep 74/120 | loss 1.1660 | ce 0.4806 | logit 1.3707 | train_acc 87.95%
[Stage2/Head] ep 75/120 | loss 1.1117 | ce 0.4658 | logit 1.2919 | train_acc 88.22%
[Stage2/Head] ep 76/120 | loss 1.0914 | ce 0.4408 | logit 1.3012 | train_acc 88.83%
[Stage2/Head] ep 77/120 | loss 1.1997 | ce 0.4844 | logit 1.4307 | train_acc 87.62%
[Stage2/Head] ep 78/120 | loss 1.1062 | ce 0.4522 | logit 1.3080 | train_acc 88.85%
[Stage2/Head] ep 79/120 | loss 1.1245 | ce 0.4592 | logit 1.3306 | train_acc 87.12%
[Stage2/Head] ep 80/120 | loss 1.1771 | ce 0.4592 | logit 1.4358 | train_acc 87.80%
[Stage2/Head] ep 81/120 | loss 1.0680 | ce 0.4441 | logit 1.2480 | train_acc 88.08%
[Stage2/Head] ep 82/120 | loss 1.0973 | ce 0.4328 | logit 1.3289 | train_acc 88.15%
[Stage2/Head] ep 83/120 | loss 1.1047 | ce 0.4241 | logit 1.3614 | train_acc 88.65%
[Stage2/Head] ep 84/120 | loss 1.0878 | ce 0.4505 | logit 1.2746 | train_acc 88.03%
[Stage2/Head] ep 85/120 | loss 1.0629 | ce 0.4310 | logit 1.2639 | train_acc 88.42%
[Stage2/Head] ep 86/120 | loss 1.0780 | ce 0.4171 | logit 1.3218 | train_acc 88.60%
[Stage2/Head] ep 87/120 | loss 1.1360 | ce 0.4328 | logit 1.4064 | train_acc 87.88%
[Stage2/Head] ep 88/120 | loss 1.0534 | ce 0.4247 | logit 1.2575 | train_acc 88.08%
[Stage2/Head] ep 89/120 | loss 1.0642 | ce 0.3983 | logit 1.3318 | train_acc 88.95%
[Stage2/Head] ep 90/120 | loss 1.0732 | ce 0.4011 | logit 1.3442 | train_acc 88.55%
[Stage2/Head] ep 91/120 | loss 1.0750 | ce 0.4076 | logit 1.3346 | train_acc 88.33%
[Stage2/Head] ep 92/120 | loss 1.0392 | ce 0.4074 | logit 1.2636 | train_acc 88.62%
[Stage2/Head] ep 93/120 | loss 1.0513 | ce 0.3972 | logit 1.3082 | train_acc 88.80%
[Stage2/Head] ep 94/120 | loss 1.0906 | ce 0.4303 | logit 1.3207 | train_acc 88.47%
[Stage2/Head] ep 95/120 | loss 1.0601 | ce 0.4009 | logit 1.3182 | train_acc 88.70%
[Stage2/Head] ep 96/120 | loss 1.0370 | ce 0.3830 | logit 1.3080 | train_acc 89.30%
[Stage2/Head] ep 97/120 | loss 1.0180 | ce 0.4163 | logit 1.2034 | train_acc 88.78%
[Stage2/Head] ep 98/120 | loss 1.0508 | ce 0.3956 | logit 1.3105 | train_acc 88.90%
[Stage2/Head] ep 99/120 | loss 1.0166 | ce 0.3797 | logit 1.2738 | train_acc 88.58%
[Stage2/Head] ep 100/120 | loss 1.0092 | ce 0.3998 | logit 1.2188 | train_acc 89.25%
[Stage2/Head] ep 101/120 | loss 1.0169 | ce 0.3811 | logit 1.2717 | train_acc 88.65%
[Stage2/Head] ep 102/120 | loss 1.0207 | ce 0.4107 | logit 1.2201 | train_acc 89.15%
[Stage2/Head] ep 103/120 | loss 1.0135 | ce 0.3833 | logit 1.2604 | train_acc 88.90%
[Stage2/Head] ep 104/120 | loss 1.0463 | ce 0.3773 | logit 1.3378 | train_acc 88.60%
[Stage2/Head] ep 105/120 | loss 1.0200 | ce 0.3967 | logit 1.2467 | train_acc 88.83%
[Stage2/Head] ep 106/120 | loss 1.0280 | ce 0.3778 | logit 1.3005 | train_acc 89.05%
[Stage2/Head] ep 107/120 | loss 0.9833 | ce 0.3821 | logit 1.2024 | train_acc 89.17%
[Stage2/Head] ep 108/120 | loss 0.9905 | ce 0.3876 | logit 1.2057 | train_acc 89.05%
[Stage2/Head] ep 109/120 | loss 1.0479 | ce 0.3834 | logit 1.3290 | train_acc 88.12%
[Stage2/Head] ep 110/120 | loss 0.9641 | ce 0.3666 | logit 1.1950 | train_acc 89.17%
[Stage2/Head] ep 111/120 | loss 1.0106 | ce 0.3833 | logit 1.2546 | train_acc 88.28%
[Stage2/Head] ep 112/120 | loss 0.9606 | ce 0.3705 | logit 1.1802 | train_acc 88.70%
[Stage2/Head] ep 113/120 | loss 1.0078 | ce 0.3622 | logit 1.2912 | train_acc 89.40%
[Stage2/Head] ep 114/120 | loss 0.9498 | ce 0.3733 | logit 1.1529 | train_acc 89.55%
[Stage2/Head] ep 115/120 | loss 0.9848 | ce 0.3618 | logit 1.2461 | train_acc 88.90%
[Stage2/Head] ep 116/120 | loss 0.9632 | ce 0.3452 | logit 1.2361 | train_acc 88.97%
[Stage2/Head] ep 117/120 | loss 0.9946 | ce 0.3505 | logit 1.2882 | train_acc 89.40%
[Stage2/Head] ep 118/120 | loss 1.0118 | ce 0.3686 | logit 1.2863 | train_acc 89.03%
[Stage2/Head] ep 119/120 | loss 0.9860 | ce 0.3807 | logit 1.2105 | train_acc 88.72%
[Stage2/Head] ep 120/120 | loss 0.9517 | ce 0.3688 | logit 1.1657 | train_acc 89.58%
[Task 1] Training done in 4.59 min.
[Task 1] Test (on new class only) -> ce_loss: 0.2648, acc: 91.82%, rec_loss: 22.1201
  - Filtering train: keep top 95.0% per class based on returned scores.
[Task 1] Wrote CSVs to: ./runs_mnist_continual/run_20260226_113825/task1
Accuracies on seen tasks:
  Task 0 [0,1,2,3,4]: 89.63%
  Task 1 [5]: 91.82%
Mean over seen tasks (0..1): 90.72%
[Task 1] Skipping GP training and Rscript execution as per --skip_GP flag.
[Task 1] Loaded from R CSV: 2000 rows, f_size=16
[Task 1] Decoded images: torch.Size([2000, 1, 28, 28]) -> recovered dataset size 2000
[Task 1] Augmenting Task 2 training set with 2000 recovered samples.
/home/lhalice/miniconda3/envs/NNGP/lib/python3.12/site-packages/torch/utils/data/dataloader.py:627: UserWarning: This DataLoader will create 2 worker processes in total. Our suggested max number of worker in current system is 1, which is smaller than what this DataLoader is going to create. Please be aware that excessive worker creation might get DataLoader running slow or even freeze, lower the worker number to avoid potential slowness/freeze if necessary.
  warnings.warn(

================================================================================
Starting Task 2: digits [6]
Training samples size: 5000
================================================================================
[Stage1/AE] ep 1/240 | loss 1.4027 | rec 0.0416 | feat 1.3612 | train_acc 36.08%
[Stage1/AE] ep 2/240 | loss 1.2993 | rec 0.0372 | feat 1.2620 | train_acc 36.04%
[Stage1/AE] ep 3/240 | loss 1.2312 | rec 0.0360 | feat 1.1952 | train_acc 35.86%
[Stage1/AE] ep 4/240 | loss 1.2209 | rec 0.0355 | feat 1.1854 | train_acc 35.66%
[Stage1/AE] ep 5/240 | loss 1.2346 | rec 0.0351 | feat 1.1995 | train_acc 35.94%
[Stage1/AE] ep 6/240 | loss 1.1433 | rec 0.0347 | feat 1.1087 | train_acc 36.52%
[Stage1/AE] ep 7/240 | loss 1.1899 | rec 0.0344 | feat 1.1555 | train_acc 35.76%
[Stage1/AE] ep 8/240 | loss 1.1094 | rec 0.0342 | feat 1.0753 | train_acc 36.14%
[Stage1/AE] ep 9/240 | loss 1.1991 | rec 0.0343 | feat 1.1649 | train_acc 36.30%
[Stage1/AE] ep 10/240 | loss 1.1845 | rec 0.0344 | feat 1.1501 | train_acc 36.04%
[Stage1/AE] ep 11/240 | loss 1.1234 | rec 0.0341 | feat 1.0893 | train_acc 35.98%
[Stage1/AE] ep 12/240 | loss 1.1179 | rec 0.0337 | feat 1.0842 | train_acc 35.50%
[Stage1/AE] ep 13/240 | loss 1.1450 | rec 0.0335 | feat 1.1115 | train_acc 36.00%
[Stage1/AE] ep 14/240 | loss 1.0797 | rec 0.0335 | feat 1.0462 | train_acc 36.08%
[Stage1/AE] ep 15/240 | loss 1.0931 | rec 0.0336 | feat 1.0595 | train_acc 36.06%
[Stage1/AE] ep 16/240 | loss 1.1576 | rec 0.0335 | feat 1.1241 | train_acc 36.16%
[Stage1/AE] ep 17/240 | loss 1.1234 | rec 0.0334 | feat 1.0899 | train_acc 36.06%
[Stage1/AE] ep 18/240 | loss 1.0491 | rec 0.0336 | feat 1.0155 | train_acc 35.92%
[Stage1/AE] ep 19/240 | loss 1.1033 | rec 0.0331 | feat 1.0702 | train_acc 36.18%
[Stage1/AE] ep 20/240 | loss 1.0823 | rec 0.0330 | feat 1.0492 | train_acc 35.74%
[Stage1/AE] ep 21/240 | loss 1.0743 | rec 0.0333 | feat 1.0410 | train_acc 36.04%
[Stage1/AE] ep 22/240 | loss 1.0531 | rec 0.0330 | feat 1.0200 | train_acc 36.02%
[Stage1/AE] ep 23/240 | loss 1.0251 | rec 0.0331 | feat 0.9920 | train_acc 35.74%
[Stage1/AE] ep 24/240 | loss 1.0662 | rec 0.0330 | feat 1.0332 | train_acc 35.76%
[Stage1/AE] ep 25/240 | loss 1.0646 | rec 0.0330 | feat 1.0316 | train_acc 36.00%
[Stage1/AE] ep 26/240 | loss 1.0228 | rec 0.0332 | feat 0.9896 | train_acc 35.64%
[Stage1/AE] ep 27/240 | loss 1.0764 | rec 0.0332 | feat 1.0432 | train_acc 35.92%
[Stage1/AE] ep 28/240 | loss 1.0086 | rec 0.0331 | feat 0.9755 | train_acc 35.86%
[Stage1/AE] ep 29/240 | loss 1.0120 | rec 0.0327 | feat 0.9792 | train_acc 35.86%
[Stage1/AE] ep 30/240 | loss 1.0472 | rec 0.0328 | feat 1.0144 | train_acc 35.94%
[Stage1/AE] ep 31/240 | loss 0.9634 | rec 0.0327 | feat 0.9307 | train_acc 35.44%
[Stage1/AE] ep 32/240 | loss 1.0508 | rec 0.0327 | feat 1.0181 | train_acc 35.88%
[Stage1/AE] ep 33/240 | loss 1.0303 | rec 0.0327 | feat 0.9976 | train_acc 36.08%
[Stage1/AE] ep 34/240 | loss 0.9981 | rec 0.0326 | feat 0.9655 | train_acc 35.48%
[Stage1/AE] ep 35/240 | loss 1.0256 | rec 0.0328 | feat 0.9929 | train_acc 35.74%
[Stage1/AE] ep 36/240 | loss 1.0104 | rec 0.0329 | feat 0.9774 | train_acc 35.54%
[Stage1/AE] ep 37/240 | loss 0.9922 | rec 0.0328 | feat 0.9594 | train_acc 36.08%
[Stage1/AE] ep 38/240 | loss 1.0234 | rec 0.0326 | feat 0.9908 | train_acc 35.76%
[Stage1/AE] ep 39/240 | loss 1.0253 | rec 0.0329 | feat 0.9924 | train_acc 35.56%
[Stage1/AE] ep 40/240 | loss 0.9982 | rec 0.0328 | feat 0.9654 | train_acc 35.40%
[Stage1/AE] ep 41/240 | loss 0.9977 | rec 0.0328 | feat 0.9649 | train_acc 36.02%
[Stage1/AE] ep 42/240 | loss 0.9899 | rec 0.0324 | feat 0.9575 | train_acc 35.92%
[Stage1/AE] ep 43/240 | loss 0.9750 | rec 0.0329 | feat 0.9421 | train_acc 35.90%
[Stage1/AE] ep 44/240 | loss 0.9856 | rec 0.0328 | feat 0.9528 | train_acc 35.72%
[Stage1/AE] ep 45/240 | loss 0.9861 | rec 0.0325 | feat 0.9536 | train_acc 35.66%
[Stage1/AE] ep 46/240 | loss 0.9903 | rec 0.0328 | feat 0.9575 | train_acc 35.76%
[Stage1/AE] ep 47/240 | loss 0.9534 | rec 0.0325 | feat 0.9209 | train_acc 35.72%
[Stage1/AE] ep 48/240 | loss 0.9488 | rec 0.0322 | feat 0.9166 | train_acc 35.52%
[Stage1/AE] ep 49/240 | loss 0.9313 | rec 0.0322 | feat 0.8991 | train_acc 35.60%
[Stage1/AE] ep 50/240 | loss 0.9803 | rec 0.0323 | feat 0.9479 | train_acc 35.90%
[Stage1/AE] ep 51/240 | loss 0.9551 | rec 0.0324 | feat 0.9227 | train_acc 35.44%
[Stage1/AE] ep 52/240 | loss 1.0042 | rec 0.0322 | feat 0.9719 | train_acc 35.40%
[Stage1/AE] ep 53/240 | loss 1.0053 | rec 0.0323 | feat 0.9730 | train_acc 35.56%
[Stage1/AE] ep 54/240 | loss 1.0025 | rec 0.0324 | feat 0.9701 | train_acc 35.66%
[Stage1/AE] ep 55/240 | loss 0.9559 | rec 0.0326 | feat 0.9233 | train_acc 35.80%
[Stage1/AE] ep 56/240 | loss 0.9401 | rec 0.0325 | feat 0.9077 | train_acc 35.92%
[Stage1/AE] ep 57/240 | loss 0.9762 | rec 0.0325 | feat 0.9436 | train_acc 35.74%
[Stage1/AE] ep 58/240 | loss 0.9839 | rec 0.0323 | feat 0.9515 | train_acc 35.64%
[Stage1/AE] ep 59/240 | loss 0.9772 | rec 0.0321 | feat 0.9451 | train_acc 35.70%
[Stage1/AE] ep 60/240 | loss 0.9561 | rec 0.0324 | feat 0.9237 | train_acc 35.36%
[Stage1/AE] ep 61/240 | loss 0.9512 | rec 0.0320 | feat 0.9192 | train_acc 35.52%
[Stage1/AE] ep 62/240 | loss 0.9957 | rec 0.0325 | feat 0.9633 | train_acc 35.96%
[Stage1/AE] ep 63/240 | loss 0.9669 | rec 0.0326 | feat 0.9343 | train_acc 35.78%
[Stage1/AE] ep 64/240 | loss 0.9359 | rec 0.0323 | feat 0.9036 | train_acc 35.56%
[Stage1/AE] ep 65/240 | loss 0.9571 | rec 0.0325 | feat 0.9246 | train_acc 35.68%
[Stage1/AE] ep 66/240 | loss 0.9348 | rec 0.0324 | feat 0.9024 | train_acc 35.60%
[Stage1/AE] ep 67/240 | loss 0.9243 | rec 0.0321 | feat 0.8923 | train_acc 35.68%
[Stage1/AE] ep 68/240 | loss 0.9054 | rec 0.0319 | feat 0.8735 | train_acc 35.48%
[Stage1/AE] ep 69/240 | loss 0.9116 | rec 0.0322 | feat 0.8795 | train_acc 35.68%
[Stage1/AE] ep 70/240 | loss 0.9405 | rec 0.0320 | feat 0.9085 | train_acc 35.40%
[Stage1/AE] ep 71/240 | loss 0.9093 | rec 0.0319 | feat 0.8774 | train_acc 35.40%
[Stage1/AE] ep 72/240 | loss 0.8861 | rec 0.0320 | feat 0.8541 | train_acc 35.76%
[Stage1/AE] ep 73/240 | loss 0.9445 | rec 0.0323 | feat 0.9122 | train_acc 35.70%
[Stage1/AE] ep 74/240 | loss 0.9274 | rec 0.0321 | feat 0.8953 | train_acc 35.32%
[Stage1/AE] ep 75/240 | loss 0.9061 | rec 0.0318 | feat 0.8744 | train_acc 35.68%
[Stage1/AE] ep 76/240 | loss 0.9219 | rec 0.0320 | feat 0.8899 | train_acc 35.50%
[Stage1/AE] ep 77/240 | loss 0.9068 | rec 0.0318 | feat 0.8750 | train_acc 35.60%
[Stage1/AE] ep 78/240 | loss 0.9338 | rec 0.0322 | feat 0.9016 | train_acc 35.50%
[Stage1/AE] ep 79/240 | loss 0.9450 | rec 0.0319 | feat 0.9131 | train_acc 35.62%
[Stage1/AE] ep 80/240 | loss 0.9008 | rec 0.0318 | feat 0.8690 | train_acc 35.72%
[Stage1/AE] ep 81/240 | loss 0.9114 | rec 0.0318 | feat 0.8795 | train_acc 35.96%
[Stage1/AE] ep 82/240 | loss 0.9378 | rec 0.0318 | feat 0.9060 | train_acc 35.64%
[Stage1/AE] ep 83/240 | loss 0.9358 | rec 0.0320 | feat 0.9037 | train_acc 35.40%
[Stage1/AE] ep 84/240 | loss 0.8941 | rec 0.0318 | feat 0.8623 | train_acc 35.90%
[Stage1/AE] ep 85/240 | loss 0.9114 | rec 0.0319 | feat 0.8795 | train_acc 35.60%
[Stage1/AE] ep 86/240 | loss 0.9126 | rec 0.0319 | feat 0.8807 | train_acc 35.44%
[Stage1/AE] ep 87/240 | loss 0.8555 | rec 0.0321 | feat 0.8234 | train_acc 35.46%
[Stage1/AE] ep 88/240 | loss 0.8642 | rec 0.0318 | feat 0.8324 | train_acc 35.58%
[Stage1/AE] ep 89/240 | loss 0.9129 | rec 0.0319 | feat 0.8810 | train_acc 35.92%
[Stage1/AE] ep 90/240 | loss 0.8844 | rec 0.0320 | feat 0.8524 | train_acc 35.48%
[Stage1/AE] ep 91/240 | loss 0.8890 | rec 0.0319 | feat 0.8571 | train_acc 35.44%
[Stage1/AE] ep 92/240 | loss 0.8745 | rec 0.0318 | feat 0.8427 | train_acc 35.56%
[Stage1/AE] ep 93/240 | loss 0.8731 | rec 0.0316 | feat 0.8415 | train_acc 35.72%
[Stage1/AE] ep 94/240 | loss 0.8811 | rec 0.0316 | feat 0.8495 | train_acc 35.70%
[Stage1/AE] ep 95/240 | loss 0.9078 | rec 0.0315 | feat 0.8764 | train_acc 35.56%
[Stage1/AE] ep 96/240 | loss 0.8503 | rec 0.0314 | feat 0.8190 | train_acc 35.58%
[Stage1/AE] ep 97/240 | loss 0.9077 | rec 0.0316 | feat 0.8760 | train_acc 35.94%
[Stage1/AE] ep 98/240 | loss 0.8592 | rec 0.0317 | feat 0.8275 | train_acc 35.60%
[Stage1/AE] ep 99/240 | loss 0.8993 | rec 0.0317 | feat 0.8676 | train_acc 35.70%
[Stage1/AE] ep 100/240 | loss 0.8890 | rec 0.0316 | feat 0.8575 | train_acc 35.40%
[Stage1/AE] ep 101/240 | loss 0.8942 | rec 0.0317 | feat 0.8625 | train_acc 35.96%
[Stage1/AE] ep 102/240 | loss 0.8887 | rec 0.0318 | feat 0.8569 | train_acc 35.46%
[Stage1/AE] ep 103/240 | loss 0.8703 | rec 0.0315 | feat 0.8388 | train_acc 35.56%
[Stage1/AE] ep 104/240 | loss 0.9129 | rec 0.0315 | feat 0.8814 | train_acc 35.48%
[Stage1/AE] ep 105/240 | loss 0.8736 | rec 0.0318 | feat 0.8418 | train_acc 35.72%
[Stage1/AE] ep 106/240 | loss 0.8742 | rec 0.0317 | feat 0.8424 | train_acc 35.68%
[Stage1/AE] ep 107/240 | loss 0.8544 | rec 0.0315 | feat 0.8229 | train_acc 35.78%
[Stage1/AE] ep 108/240 | loss 0.8534 | rec 0.0312 | feat 0.8222 | train_acc 35.70%
[Stage1/AE] ep 109/240 | loss 0.8903 | rec 0.0316 | feat 0.8587 | train_acc 35.48%
[Stage1/AE] ep 110/240 | loss 0.8693 | rec 0.0313 | feat 0.8379 | train_acc 35.88%
[Stage1/AE] ep 111/240 | loss 0.8572 | rec 0.0315 | feat 0.8257 | train_acc 35.76%
[Stage1/AE] ep 112/240 | loss 0.8787 | rec 0.0315 | feat 0.8472 | train_acc 35.36%
[Stage1/AE] ep 113/240 | loss 0.8380 | rec 0.0316 | feat 0.8064 | train_acc 35.50%
[Stage1/AE] ep 114/240 | loss 0.8581 | rec 0.0313 | feat 0.8267 | train_acc 35.50%
[Stage1/AE] ep 115/240 | loss 0.8943 | rec 0.0315 | feat 0.8627 | train_acc 35.50%
[Stage1/AE] ep 116/240 | loss 0.8529 | rec 0.0314 | feat 0.8216 | train_acc 35.30%
[Stage1/AE] ep 117/240 | loss 0.8684 | rec 0.0312 | feat 0.8372 | train_acc 35.74%
[Stage1/AE] ep 118/240 | loss 0.9287 | rec 0.0314 | feat 0.8973 | train_acc 35.44%
[Stage1/AE] ep 119/240 | loss 0.8552 | rec 0.0313 | feat 0.8239 | train_acc 35.58%
[Stage1/AE] ep 120/240 | loss 0.8398 | rec 0.0312 | feat 0.8086 | train_acc 35.92%
[Stage1/AE] ep 121/240 | loss 0.8403 | rec 0.0314 | feat 0.8089 | train_acc 35.70%
[Stage1/AE] ep 122/240 | loss 0.8580 | rec 0.0312 | feat 0.8268 | train_acc 35.52%
[Stage1/AE] ep 123/240 | loss 0.8684 | rec 0.0316 | feat 0.8368 | train_acc 35.74%
[Stage1/AE] ep 124/240 | loss 0.8454 | rec 0.0315 | feat 0.8139 | train_acc 35.48%
[Stage1/AE] ep 125/240 | loss 0.8490 | rec 0.0314 | feat 0.8177 | train_acc 36.00%
[Stage1/AE] ep 126/240 | loss 0.8649 | rec 0.0315 | feat 0.8334 | train_acc 35.62%
[Stage1/AE] ep 127/240 | loss 0.8549 | rec 0.0314 | feat 0.8235 | train_acc 35.38%
[Stage1/AE] ep 128/240 | loss 0.8501 | rec 0.0311 | feat 0.8191 | train_acc 35.58%
[Stage1/AE] ep 129/240 | loss 0.8454 | rec 0.0309 | feat 0.8145 | train_acc 35.64%
[Stage1/AE] ep 130/240 | loss 0.8290 | rec 0.0314 | feat 0.7976 | train_acc 35.74%
[Stage1/AE] ep 131/240 | loss 0.8296 | rec 0.0312 | feat 0.7983 | train_acc 35.72%
[Stage1/AE] ep 132/240 | loss 0.8394 | rec 0.0315 | feat 0.8079 | train_acc 35.56%
[Stage1/AE] ep 133/240 | loss 0.8220 | rec 0.0312 | feat 0.7908 | train_acc 35.52%
[Stage1/AE] ep 134/240 | loss 0.8447 | rec 0.0310 | feat 0.8137 | train_acc 35.70%
[Stage1/AE] ep 135/240 | loss 0.8102 | rec 0.0309 | feat 0.7793 | train_acc 35.56%
[Stage1/AE] ep 136/240 | loss 0.7998 | rec 0.0311 | feat 0.7687 | train_acc 35.80%
[Stage1/AE] ep 137/240 | loss 0.8152 | rec 0.0313 | feat 0.7839 | train_acc 35.50%
[Stage1/AE] ep 138/240 | loss 0.8005 | rec 0.0313 | feat 0.7692 | train_acc 35.46%
[Stage1/AE] ep 139/240 | loss 0.8845 | rec 0.0312 | feat 0.8533 | train_acc 36.08%
[Stage1/AE] ep 140/240 | loss 0.8470 | rec 0.0308 | feat 0.8162 | train_acc 35.40%
[Stage1/AE] ep 141/240 | loss 0.8310 | rec 0.0309 | feat 0.8001 | train_acc 35.86%
[Stage1/AE] ep 142/240 | loss 0.8160 | rec 0.0312 | feat 0.7849 | train_acc 35.54%
[Stage1/AE] ep 143/240 | loss 0.7673 | rec 0.0308 | feat 0.7365 | train_acc 36.28%
[Stage1/AE] ep 144/240 | loss 0.8262 | rec 0.0308 | feat 0.7954 | train_acc 35.78%
[Stage1/AE] ep 145/240 | loss 0.8148 | rec 0.0311 | feat 0.7838 | train_acc 35.58%
[Stage1/AE] ep 146/240 | loss 0.8101 | rec 0.0312 | feat 0.7788 | train_acc 35.86%
[Stage1/AE] ep 147/240 | loss 0.8121 | rec 0.0312 | feat 0.7809 | train_acc 35.34%
[Stage1/AE] ep 148/240 | loss 0.7991 | rec 0.0309 | feat 0.7682 | train_acc 35.82%
[Stage1/AE] ep 149/240 | loss 0.8155 | rec 0.0309 | feat 0.7847 | train_acc 35.56%
[Stage1/AE] ep 150/240 | loss 0.8192 | rec 0.0309 | feat 0.7882 | train_acc 35.78%
[Stage1/AE] ep 151/240 | loss 0.8162 | rec 0.0308 | feat 0.7855 | train_acc 36.08%
[Stage1/AE] ep 152/240 | loss 0.8050 | rec 0.0310 | feat 0.7740 | train_acc 35.60%
[Stage1/AE] ep 153/240 | loss 0.8191 | rec 0.0308 | feat 0.7883 | train_acc 35.80%
[Stage1/AE] ep 154/240 | loss 0.7868 | rec 0.0309 | feat 0.7559 | train_acc 35.94%
[Stage1/AE] ep 155/240 | loss 0.8080 | rec 0.0307 | feat 0.7772 | train_acc 35.40%
[Stage1/AE] ep 156/240 | loss 0.8083 | rec 0.0310 | feat 0.7773 | train_acc 35.82%
[Stage1/AE] ep 157/240 | loss 0.8215 | rec 0.0307 | feat 0.7908 | train_acc 35.64%
[Stage1/AE] ep 158/240 | loss 0.7932 | rec 0.0310 | feat 0.7621 | train_acc 35.70%
[Stage1/AE] ep 159/240 | loss 0.7769 | rec 0.0308 | feat 0.7462 | train_acc 35.76%
[Stage1/AE] ep 160/240 | loss 0.7958 | rec 0.0310 | feat 0.7648 | train_acc 35.84%
[Stage1/AE] ep 161/240 | loss 0.7936 | rec 0.0312 | feat 0.7624 | train_acc 35.82%
[Stage1/AE] ep 162/240 | loss 0.7892 | rec 0.0309 | feat 0.7583 | train_acc 35.66%
[Stage1/AE] ep 163/240 | loss 0.7689 | rec 0.0308 | feat 0.7381 | train_acc 36.00%
[Stage1/AE] ep 164/240 | loss 0.8302 | rec 0.0309 | feat 0.7993 | train_acc 35.72%
[Stage1/AE] ep 165/240 | loss 0.7978 | rec 0.0306 | feat 0.7672 | train_acc 35.82%
[Stage1/AE] ep 166/240 | loss 0.8044 | rec 0.0306 | feat 0.7738 | train_acc 35.66%
[Stage1/AE] ep 167/240 | loss 0.8022 | rec 0.0307 | feat 0.7716 | train_acc 36.12%
[Stage1/AE] ep 168/240 | loss 0.8003 | rec 0.0305 | feat 0.7697 | train_acc 35.40%
[Stage1/AE] ep 169/240 | loss 0.7923 | rec 0.0306 | feat 0.7617 | train_acc 35.84%
[Stage1/AE] ep 170/240 | loss 0.8020 | rec 0.0307 | feat 0.7713 | train_acc 35.72%
[Stage1/AE] ep 171/240 | loss 0.7731 | rec 0.0305 | feat 0.7426 | train_acc 35.90%
[Stage1/AE] ep 172/240 | loss 0.7939 | rec 0.0308 | feat 0.7631 | train_acc 35.58%
[Stage1/AE] ep 173/240 | loss 0.8258 | rec 0.0304 | feat 0.7953 | train_acc 35.66%
[Stage1/AE] ep 174/240 | loss 0.8107 | rec 0.0306 | feat 0.7801 | train_acc 35.84%
[Stage1/AE] ep 175/240 | loss 0.8080 | rec 0.0306 | feat 0.7774 | train_acc 35.68%
[Stage1/AE] ep 176/240 | loss 0.7787 | rec 0.0306 | feat 0.7481 | train_acc 35.54%
[Stage1/AE] ep 177/240 | loss 0.8574 | rec 0.0305 | feat 0.8269 | train_acc 35.34%
[Stage1/AE] ep 178/240 | loss 0.7642 | rec 0.0307 | feat 0.7335 | train_acc 35.56%
[Stage1/AE] ep 179/240 | loss 0.7859 | rec 0.0309 | feat 0.7550 | train_acc 35.38%
[Stage1/AE] ep 180/240 | loss 0.7631 | rec 0.0306 | feat 0.7324 | train_acc 35.66%
[Stage1/AE] ep 181/240 | loss 0.7767 | rec 0.0306 | feat 0.7461 | train_acc 35.80%
[Stage1/AE] ep 182/240 | loss 0.7846 | rec 0.0305 | feat 0.7540 | train_acc 35.78%
[Stage1/AE] ep 183/240 | loss 0.8039 | rec 0.0307 | feat 0.7732 | train_acc 35.60%
[Stage1/AE] ep 184/240 | loss 0.8129 | rec 0.0307 | feat 0.7822 | train_acc 35.70%
[Stage1/AE] ep 185/240 | loss 0.8095 | rec 0.0306 | feat 0.7788 | train_acc 35.68%
[Stage1/AE] ep 186/240 | loss 0.7638 | rec 0.0303 | feat 0.7334 | train_acc 35.72%
[Stage1/AE] ep 187/240 | loss 0.7770 | rec 0.0304 | feat 0.7466 | train_acc 35.80%
[Stage1/AE] ep 188/240 | loss 0.7594 | rec 0.0307 | feat 0.7287 | train_acc 35.50%
[Stage1/AE] ep 189/240 | loss 0.7576 | rec 0.0305 | feat 0.7271 | train_acc 36.06%
[Stage1/AE] ep 190/240 | loss 0.7648 | rec 0.0302 | feat 0.7346 | train_acc 35.80%
[Stage1/AE] ep 191/240 | loss 0.8084 | rec 0.0307 | feat 0.7777 | train_acc 35.58%
[Stage1/AE] ep 192/240 | loss 0.7974 | rec 0.0308 | feat 0.7666 | train_acc 36.02%
[Stage1/AE] ep 193/240 | loss 0.7661 | rec 0.0304 | feat 0.7357 | train_acc 35.64%
[Stage1/AE] ep 194/240 | loss 0.8005 | rec 0.0305 | feat 0.7700 | train_acc 35.58%
[Stage1/AE] ep 195/240 | loss 0.7729 | rec 0.0307 | feat 0.7422 | train_acc 35.88%
[Stage1/AE] ep 196/240 | loss 0.7781 | rec 0.0305 | feat 0.7476 | train_acc 36.18%
[Stage1/AE] ep 197/240 | loss 0.7544 | rec 0.0305 | feat 0.7239 | train_acc 35.72%
[Stage1/AE] ep 198/240 | loss 0.7482 | rec 0.0311 | feat 0.7171 | train_acc 35.74%
[Stage1/AE] ep 199/240 | loss 0.7627 | rec 0.0304 | feat 0.7323 | train_acc 36.00%
[Stage1/AE] ep 200/240 | loss 0.7848 | rec 0.0302 | feat 0.7546 | train_acc 36.12%
[Stage1/AE] ep 201/240 | loss 0.7545 | rec 0.0303 | feat 0.7242 | train_acc 35.68%
[Stage1/AE] ep 202/240 | loss 0.7727 | rec 0.0302 | feat 0.7425 | train_acc 35.82%
[Stage1/AE] ep 203/240 | loss 0.7789 | rec 0.0303 | feat 0.7485 | train_acc 35.98%
[Stage1/AE] ep 204/240 | loss 0.7375 | rec 0.0303 | feat 0.7072 | train_acc 35.76%
[Stage1/AE] ep 205/240 | loss 0.7455 | rec 0.0300 | feat 0.7155 | train_acc 35.96%
[Stage1/AE] ep 206/240 | loss 0.7468 | rec 0.0301 | feat 0.7168 | train_acc 35.84%
[Stage1/AE] ep 207/240 | loss 0.7342 | rec 0.0305 | feat 0.7037 | train_acc 35.46%
[Stage1/AE] ep 208/240 | loss 0.7442 | rec 0.0302 | feat 0.7140 | train_acc 35.90%
[Stage1/AE] ep 209/240 | loss 0.7691 | rec 0.0303 | feat 0.7388 | train_acc 35.48%
[Stage1/AE] ep 210/240 | loss 0.7312 | rec 0.0304 | feat 0.7008 | train_acc 36.12%
[Stage1/AE] ep 211/240 | loss 0.7442 | rec 0.0304 | feat 0.7138 | train_acc 35.52%
[Stage1/AE] ep 212/240 | loss 0.7528 | rec 0.0303 | feat 0.7225 | train_acc 35.66%
[Stage1/AE] ep 213/240 | loss 0.7414 | rec 0.0302 | feat 0.7112 | train_acc 35.52%
[Stage1/AE] ep 214/240 | loss 0.7689 | rec 0.0304 | feat 0.7385 | train_acc 35.48%
[Stage1/AE] ep 215/240 | loss 0.7653 | rec 0.0304 | feat 0.7349 | train_acc 35.70%
[Stage1/AE] ep 216/240 | loss 0.7636 | rec 0.0305 | feat 0.7330 | train_acc 35.72%
[Stage1/AE] ep 217/240 | loss 0.7155 | rec 0.0302 | feat 0.6853 | train_acc 35.88%
[Stage1/AE] ep 218/240 | loss 0.7553 | rec 0.0303 | feat 0.7250 | train_acc 35.80%
[Stage1/AE] ep 219/240 | loss 0.7675 | rec 0.0303 | feat 0.7372 | train_acc 35.46%
[Stage1/AE] ep 220/240 | loss 0.7377 | rec 0.0303 | feat 0.7074 | train_acc 35.78%
[Stage1/AE] ep 221/240 | loss 0.7451 | rec 0.0302 | feat 0.7149 | train_acc 36.10%
[Stage1/AE] ep 222/240 | loss 0.7490 | rec 0.0300 | feat 0.7190 | train_acc 35.94%
[Stage1/AE] ep 223/240 | loss 0.7454 | rec 0.0306 | feat 0.7148 | train_acc 35.74%
[Stage1/AE] ep 224/240 | loss 0.7114 | rec 0.0311 | feat 0.6803 | train_acc 36.12%
[Stage1/AE] ep 225/240 | loss 0.7392 | rec 0.0299 | feat 0.7094 | train_acc 36.08%
[Stage1/AE] ep 226/240 | loss 0.7298 | rec 0.0303 | feat 0.6996 | train_acc 36.04%
[Stage1/AE] ep 227/240 | loss 0.7185 | rec 0.0303 | feat 0.6882 | train_acc 35.86%
[Stage1/AE] ep 228/240 | loss 0.7539 | rec 0.0302 | feat 0.7237 | train_acc 35.72%
[Stage1/AE] ep 229/240 | loss 0.7305 | rec 0.0303 | feat 0.7002 | train_acc 36.02%
[Stage1/AE] ep 230/240 | loss 0.7291 | rec 0.0303 | feat 0.6987 | train_acc 36.18%
[Stage1/AE] ep 231/240 | loss 0.7277 | rec 0.0304 | feat 0.6973 | train_acc 35.70%
[Stage1/AE] ep 232/240 | loss 0.7246 | rec 0.0304 | feat 0.6942 | train_acc 35.78%
[Stage1/AE] ep 233/240 | loss 0.7126 | rec 0.0297 | feat 0.6829 | train_acc 36.00%
[Stage1/AE] ep 234/240 | loss 0.7200 | rec 0.0299 | feat 0.6901 | train_acc 35.74%
[Stage1/AE] ep 235/240 | loss 0.7538 | rec 0.0301 | feat 0.7238 | train_acc 35.66%
[Stage1/AE] ep 236/240 | loss 0.7288 | rec 0.0303 | feat 0.6985 | train_acc 35.90%
[Stage1/AE] ep 237/240 | loss 0.7213 | rec 0.0301 | feat 0.6912 | train_acc 36.02%
[Stage1/AE] ep 238/240 | loss 0.7296 | rec 0.0301 | feat 0.6995 | train_acc 35.68%
[Stage1/AE] ep 239/240 | loss 0.7326 | rec 0.0298 | feat 0.7027 | train_acc 35.86%
[Stage1/AE] ep 240/240 | loss 0.7453 | rec 0.0300 | feat 0.7153 | train_acc 35.90%
[Stage2/Head] ep 1/240 | loss 10.9343 | ce 8.6246 | logit 4.6193 | train_acc 34.32%
[Stage2/Head] ep 2/240 | loss 9.5577 | ce 7.3534 | logit 4.4086 | train_acc 32.66%
[Stage2/Head] ep 3/240 | loss 9.2010 | ce 7.1829 | logit 4.0363 | train_acc 32.50%
[Stage2/Head] ep 4/240 | loss 8.9163 | ce 7.0077 | logit 3.8173 | train_acc 32.28%
[Stage2/Head] ep 5/240 | loss 8.4938 | ce 6.6703 | logit 3.6469 | train_acc 32.56%
[Stage2/Head] ep 6/240 | loss 8.4297 | ce 6.6879 | logit 3.4837 | train_acc 32.80%
[Stage2/Head] ep 7/240 | loss 8.1931 | ce 6.5254 | logit 3.3352 | train_acc 32.60%
[Stage2/Head] ep 8/240 | loss 7.9672 | ce 6.3713 | logit 3.1917 | train_acc 33.06%
[Stage2/Head] ep 9/240 | loss 7.7558 | ce 6.2200 | logit 3.0716 | train_acc 32.98%
[Stage2/Head] ep 10/240 | loss 7.5553 | ce 6.0793 | logit 2.9520 | train_acc 32.94%
[Stage2/Head] ep 11/240 | loss 7.3662 | ce 5.9348 | logit 2.8628 | train_acc 32.90%
[Stage2/Head] ep 12/240 | loss 7.1770 | ce 5.7903 | logit 2.7736 | train_acc 32.66%
[Stage2/Head] ep 13/240 | loss 6.9914 | ce 5.6564 | logit 2.6698 | train_acc 33.26%
[Stage2/Head] ep 14/240 | loss 6.8225 | ce 5.5212 | logit 2.6025 | train_acc 33.04%
[Stage2/Head] ep 15/240 | loss 6.6375 | ce 5.3796 | logit 2.5157 | train_acc 33.50%
[Stage2/Head] ep 16/240 | loss 6.4817 | ce 5.2559 | logit 2.4516 | train_acc 33.56%
[Stage2/Head] ep 17/240 | loss 6.3072 | ce 5.1243 | logit 2.3658 | train_acc 33.44%
[Stage2/Head] ep 18/240 | loss 6.1441 | ce 4.9942 | logit 2.2998 | train_acc 33.66%
[Stage2/Head] ep 19/240 | loss 5.9833 | ce 4.8653 | logit 2.2360 | train_acc 33.60%
[Stage2/Head] ep 20/240 | loss 5.8369 | ce 4.7451 | logit 2.1835 | train_acc 33.82%
[Stage2/Head] ep 21/240 | loss 5.7011 | ce 4.6193 | logit 2.1635 | train_acc 33.62%
[Stage2/Head] ep 22/240 | loss 5.5389 | ce 4.4945 | logit 2.0888 | train_acc 33.72%
[Stage2/Head] ep 23/240 | loss 5.4142 | ce 4.3711 | logit 2.0861 | train_acc 33.70%
[Stage2/Head] ep 24/240 | loss 5.2584 | ce 4.2540 | logit 2.0089 | train_acc 33.90%
[Stage2/Head] ep 25/240 | loss 5.1316 | ce 4.1407 | logit 1.9818 | train_acc 33.68%
[Stage2/Head] ep 26/240 | loss 4.9985 | ce 4.0221 | logit 1.9529 | train_acc 34.10%
[Stage2/Head] ep 27/240 | loss 4.8925 | ce 3.9089 | logit 1.9673 | train_acc 33.96%
[Stage2/Head] ep 28/240 | loss 4.7512 | ce 3.8011 | logit 1.9003 | train_acc 34.12%
[Stage2/Head] ep 29/240 | loss 4.6204 | ce 3.6899 | logit 1.8610 | train_acc 33.86%
[Stage2/Head] ep 30/240 | loss 4.4951 | ce 3.5781 | logit 1.8340 | train_acc 33.84%
[Stage2/Head] ep 31/240 | loss 4.3912 | ce 3.4822 | logit 1.8180 | train_acc 34.02%
[Stage2/Head] ep 32/240 | loss 4.2792 | ce 3.3736 | logit 1.8112 | train_acc 33.74%
[Stage2/Head] ep 33/240 | loss 4.1386 | ce 3.2634 | logit 1.7503 | train_acc 34.26%
[Stage2/Head] ep 34/240 | loss 4.0384 | ce 3.1633 | logit 1.7502 | train_acc 34.00%
[Stage2/Head] ep 35/240 | loss 3.9074 | ce 3.0649 | logit 1.6849 | train_acc 34.14%
[Stage2/Head] ep 36/240 | loss 3.8156 | ce 2.9692 | logit 1.6927 | train_acc 34.20%
[Stage2/Head] ep 37/240 | loss 3.7107 | ce 2.8706 | logit 1.6803 | train_acc 34.36%
[Stage2/Head] ep 38/240 | loss 3.5787 | ce 2.7738 | logit 1.6097 | train_acc 34.62%
[Stage2/Head] ep 39/240 | loss 3.4945 | ce 2.6751 | logit 1.6387 | train_acc 33.96%
[Stage2/Head] ep 40/240 | loss 3.3985 | ce 2.5870 | logit 1.6231 | train_acc 33.90%
[Stage2/Head] ep 41/240 | loss 3.2594 | ce 2.4949 | logit 1.5290 | train_acc 33.82%
[Stage2/Head] ep 42/240 | loss 3.1481 | ce 2.3900 | logit 1.5163 | train_acc 34.30%
[Stage2/Head] ep 43/240 | loss 3.0323 | ce 2.3094 | logit 1.4458 | train_acc 34.38%
[Stage2/Head] ep 44/240 | loss 2.9185 | ce 2.2072 | logit 1.4227 | train_acc 34.04%
[Stage2/Head] ep 45/240 | loss 2.8141 | ce 2.1127 | logit 1.4029 | train_acc 33.84%
[Stage2/Head] ep 46/240 | loss 2.6942 | ce 2.0235 | logit 1.3414 | train_acc 34.28%
[Stage2/Head] ep 47/240 | loss 2.5990 | ce 1.9379 | logit 1.3223 | train_acc 34.06%
[Stage2/Head] ep 48/240 | loss 2.4800 | ce 1.8517 | logit 1.2566 | train_acc 34.26%
[Stage2/Head] ep 49/240 | loss 2.3957 | ce 1.7614 | logit 1.2687 | train_acc 34.06%
[Stage2/Head] ep 50/240 | loss 2.2814 | ce 1.6699 | logit 1.2231 | train_acc 34.00%
[Stage2/Head] ep 51/240 | loss 2.1853 | ce 1.6034 | logit 1.1637 | train_acc 34.66%
[Stage2/Head] ep 52/240 | loss 2.0923 | ce 1.5211 | logit 1.1423 | train_acc 34.72%
[Stage2/Head] ep 53/240 | loss 1.9884 | ce 1.4522 | logit 1.0723 | train_acc 77.64%
[Stage2/Head] ep 54/240 | loss 1.9356 | ce 1.3631 | logit 1.1450 | train_acc 85.22%
[Stage2/Head] ep 55/240 | loss 1.8150 | ce 1.2960 | logit 1.0378 | train_acc 86.92%
[Stage2/Head] ep 56/240 | loss 1.7393 | ce 1.2444 | logit 0.9898 | train_acc 87.42%
[Stage2/Head] ep 57/240 | loss 1.6722 | ce 1.1710 | logit 1.0023 | train_acc 87.62%
[Stage2/Head] ep 58/240 | loss 1.5890 | ce 1.1016 | logit 0.9749 | train_acc 88.46%
[Stage2/Head] ep 59/240 | loss 1.5267 | ce 1.0591 | logit 0.9352 | train_acc 87.86%
[Stage2/Head] ep 60/240 | loss 1.4660 | ce 1.0048 | logit 0.9225 | train_acc 88.60%
[Stage2/Head] ep 61/240 | loss 1.4127 | ce 0.9607 | logit 0.9040 | train_acc 88.54%
[Stage2/Head] ep 62/240 | loss 1.3513 | ce 0.9110 | logit 0.8807 | train_acc 88.80%
[Stage2/Head] ep 63/240 | loss 1.3074 | ce 0.8766 | logit 0.8615 | train_acc 88.12%
[Stage2/Head] ep 64/240 | loss 1.3814 | ce 0.8066 | logit 1.1496 | train_acc 89.34%
[Stage2/Head] ep 65/240 | loss 1.2402 | ce 0.7804 | logit 0.9197 | train_acc 89.12%
[Stage2/Head] ep 66/240 | loss 1.2297 | ce 0.7769 | logit 0.9056 | train_acc 88.08%
[Stage2/Head] ep 67/240 | loss 1.1390 | ce 0.7184 | logit 0.8413 | train_acc 89.32%
[Stage2/Head] ep 68/240 | loss 1.1117 | ce 0.6943 | logit 0.8347 | train_acc 88.68%
[Stage2/Head] ep 69/240 | loss 1.0709 | ce 0.6670 | logit 0.8079 | train_acc 88.94%
[Stage2/Head] ep 70/240 | loss 1.0870 | ce 0.6626 | logit 0.8489 | train_acc 89.26%
[Stage2/Head] ep 71/240 | loss 1.0198 | ce 0.6025 | logit 0.8346 | train_acc 89.92%
[Stage2/Head] ep 72/240 | loss 1.0406 | ce 0.6100 | logit 0.8612 | train_acc 89.42%
[Stage2/Head] ep 73/240 | loss 0.9726 | ce 0.5746 | logit 0.7962 | train_acc 89.46%
[Stage2/Head] ep 74/240 | loss 0.9902 | ce 0.5344 | logit 0.9116 | train_acc 89.60%
[Stage2/Head] ep 75/240 | loss 0.9337 | ce 0.5199 | logit 0.8275 | train_acc 89.90%
[Stage2/Head] ep 76/240 | loss 0.9170 | ce 0.5154 | logit 0.8033 | train_acc 89.26%
[Stage2/Head] ep 77/240 | loss 0.9106 | ce 0.4964 | logit 0.8285 | train_acc 89.34%
[Stage2/Head] ep 78/240 | loss 0.8756 | ce 0.4870 | logit 0.7772 | train_acc 89.58%
[Stage2/Head] ep 79/240 | loss 0.8805 | ce 0.4614 | logit 0.8383 | train_acc 89.92%
[Stage2/Head] ep 80/240 | loss 0.8694 | ce 0.4559 | logit 0.8270 | train_acc 90.16%
[Stage2/Head] ep 81/240 | loss 0.8388 | ce 0.4500 | logit 0.7776 | train_acc 89.34%
[Stage2/Head] ep 82/240 | loss 0.8316 | ce 0.4311 | logit 0.8010 | train_acc 89.14%
[Stage2/Head] ep 83/240 | loss 0.8100 | ce 0.4273 | logit 0.7653 | train_acc 89.46%
[Stage2/Head] ep 84/240 | loss 0.7962 | ce 0.4166 | logit 0.7592 | train_acc 90.02%
[Stage2/Head] ep 85/240 | loss 0.8116 | ce 0.4085 | logit 0.8062 | train_acc 89.84%
[Stage2/Head] ep 86/240 | loss 0.7869 | ce 0.3922 | logit 0.7893 | train_acc 90.02%
[Stage2/Head] ep 87/240 | loss 0.8028 | ce 0.3883 | logit 0.8289 | train_acc 89.28%
[Stage2/Head] ep 88/240 | loss 0.7836 | ce 0.3782 | logit 0.8107 | train_acc 89.72%
[Stage2/Head] ep 89/240 | loss 0.7833 | ce 0.3753 | logit 0.8161 | train_acc 89.90%
[Stage2/Head] ep 90/240 | loss 0.7609 | ce 0.3628 | logit 0.7962 | train_acc 89.44%
[Stage2/Head] ep 91/240 | loss 0.7740 | ce 0.3521 | logit 0.8438 | train_acc 90.06%
[Stage2/Head] ep 92/240 | loss 0.7600 | ce 0.3620 | logit 0.7960 | train_acc 89.18%
[Stage2/Head] ep 93/240 | loss 0.7464 | ce 0.3414 | logit 0.8100 | train_acc 90.08%
[Stage2/Head] ep 94/240 | loss 0.7342 | ce 0.3428 | logit 0.7827 | train_acc 89.74%
[Stage2/Head] ep 95/240 | loss 0.7829 | ce 0.3440 | logit 0.8778 | train_acc 88.96%
[Stage2/Head] ep 96/240 | loss 0.7324 | ce 0.3296 | logit 0.8057 | train_acc 90.06%
[Stage2/Head] ep 97/240 | loss 0.7095 | ce 0.3146 | logit 0.7897 | train_acc 90.02%
[Stage2/Head] ep 98/240 | loss 0.7076 | ce 0.3249 | logit 0.7655 | train_acc 89.82%
[Stage2/Head] ep 99/240 | loss 0.6919 | ce 0.3108 | logit 0.7621 | train_acc 90.62%
[Stage2/Head] ep 100/240 | loss 0.7107 | ce 0.3113 | logit 0.7987 | train_acc 90.22%
[Stage2/Head] ep 101/240 | loss 0.7315 | ce 0.3237 | logit 0.8155 | train_acc 89.54%
[Stage2/Head] ep 102/240 | loss 0.7232 | ce 0.3140 | logit 0.8184 | train_acc 89.90%
[Stage2/Head] ep 103/240 | loss 0.7084 | ce 0.3203 | logit 0.7761 | train_acc 89.48%
[Stage2/Head] ep 104/240 | loss 0.7052 | ce 0.3010 | logit 0.8085 | train_acc 90.04%
[Stage2/Head] ep 105/240 | loss 0.6985 | ce 0.2992 | logit 0.7986 | train_acc 90.08%
[Stage2/Head] ep 106/240 | loss 0.6815 | ce 0.2875 | logit 0.7882 | train_acc 90.36%
[Stage2/Head] ep 107/240 | loss 0.6570 | ce 0.2884 | logit 0.7371 | train_acc 89.92%
[Stage2/Head] ep 108/240 | loss 0.6566 | ce 0.2827 | logit 0.7478 | train_acc 90.34%
[Stage2/Head] ep 109/240 | loss 0.6835 | ce 0.2762 | logit 0.8145 | train_acc 89.96%
[Stage2/Head] ep 110/240 | loss 0.6745 | ce 0.2952 | logit 0.7585 | train_acc 90.08%
[Stage2/Head] ep 111/240 | loss 0.6541 | ce 0.2464 | logit 0.8155 | train_acc 90.50%
[Stage2/Head] ep 112/240 | loss 0.6424 | ce 0.2643 | logit 0.7562 | train_acc 90.44%
[Stage2/Head] ep 113/240 | loss 0.6637 | ce 0.2732 | logit 0.7811 | train_acc 90.12%
[Stage2/Head] ep 114/240 | loss 0.6398 | ce 0.2508 | logit 0.7781 | train_acc 90.28%
[Stage2/Head] ep 115/240 | loss 0.6311 | ce 0.2627 | logit 0.7368 | train_acc 90.28%
[Stage2/Head] ep 116/240 | loss 0.6590 | ce 0.2737 | logit 0.7706 | train_acc 89.90%
[Stage2/Head] ep 117/240 | loss 0.6114 | ce 0.2548 | logit 0.7133 | train_acc 90.86%
[Stage2/Head] ep 118/240 | loss 0.6444 | ce 0.2693 | logit 0.7502 | train_acc 90.46%
[Stage2/Head] ep 119/240 | loss 0.6312 | ce 0.2485 | logit 0.7654 | train_acc 90.44%
[Stage2/Head] ep 120/240 | loss 0.6268 | ce 0.2452 | logit 0.7632 | train_acc 90.80%
[Stage2/Head] ep 121/240 | loss 0.7590 | ce 0.2498 | logit 1.0185 | train_acc 90.42%
[Stage2/Head] ep 122/240 | loss 0.6485 | ce 0.2580 | logit 0.7811 | train_acc 90.04%
[Stage2/Head] ep 123/240 | loss 0.6050 | ce 0.2419 | logit 0.7262 | train_acc 90.38%
[Stage2/Head] ep 124/240 | loss 0.6446 | ce 0.2542 | logit 0.7807 | train_acc 90.16%
[Stage2/Head] ep 125/240 | loss 0.6163 | ce 0.2592 | logit 0.7141 | train_acc 90.80%
[Stage2/Head] ep 126/240 | loss 0.6313 | ce 0.2382 | logit 0.7864 | train_acc 90.52%
[Stage2/Head] ep 127/240 | loss 0.6471 | ce 0.2479 | logit 0.7984 | train_acc 89.94%
[Stage2/Head] ep 128/240 | loss 0.5986 | ce 0.2466 | logit 0.7040 | train_acc 90.46%
[Stage2/Head] ep 129/240 | loss 0.6104 | ce 0.2364 | logit 0.7480 | train_acc 90.58%
[Stage2/Head] ep 130/240 | loss 0.6153 | ce 0.2229 | logit 0.7848 | train_acc 90.62%
[Stage2/Head] ep 131/240 | loss 0.5685 | ce 0.2198 | logit 0.6976 | train_acc 90.84%
[Stage2/Head] ep 132/240 | loss 0.5779 | ce 0.2300 | logit 0.6959 | train_acc 90.78%
[Stage2/Head] ep 133/240 | loss 0.5883 | ce 0.2427 | logit 0.6912 | train_acc 90.28%
[Stage2/Head] ep 134/240 | loss 0.5828 | ce 0.2253 | logit 0.7148 | train_acc 90.68%
[Stage2/Head] ep 135/240 | loss 0.5823 | ce 0.2197 | logit 0.7253 | train_acc 90.54%
[Stage2/Head] ep 136/240 | loss 0.5718 | ce 0.2201 | logit 0.7033 | train_acc 90.08%
[Stage2/Head] ep 137/240 | loss 0.5655 | ce 0.1976 | logit 0.7360 | train_acc 91.22%
[Stage2/Head] ep 138/240 | loss 0.5800 | ce 0.2163 | logit 0.7274 | train_acc 90.76%
[Stage2/Head] ep 139/240 | loss 0.5723 | ce 0.2182 | logit 0.7080 | train_acc 90.64%
[Stage2/Head] ep 140/240 | loss 0.5557 | ce 0.2078 | logit 0.6958 | train_acc 90.94%
[Stage2/Head] ep 141/240 | loss 0.5680 | ce 0.2182 | logit 0.6996 | train_acc 90.34%
[Stage2/Head] ep 142/240 | loss 0.5548 | ce 0.2060 | logit 0.6975 | train_acc 90.82%
[Stage2/Head] ep 143/240 | loss 0.5462 | ce 0.2063 | logit 0.6798 | train_acc 90.88%
[Stage2/Head] ep 144/240 | loss 0.5576 | ce 0.2000 | logit 0.7152 | train_acc 90.36%
[Stage2/Head] ep 145/240 | loss 0.5650 | ce 0.2032 | logit 0.7237 | train_acc 90.56%
[Stage2/Head] ep 146/240 | loss 0.5542 | ce 0.2021 | logit 0.7042 | train_acc 90.82%
[Stage2/Head] ep 147/240 | loss 0.5519 | ce 0.1947 | logit 0.7144 | train_acc 91.20%
[Stage2/Head] ep 148/240 | loss 0.5287 | ce 0.1946 | logit 0.6683 | train_acc 91.00%
[Stage2/Head] ep 149/240 | loss 0.5500 | ce 0.2028 | logit 0.6943 | train_acc 90.74%
[Stage2/Head] ep 150/240 | loss 0.5636 | ce 0.1986 | logit 0.7300 | train_acc 90.98%
[Stage2/Head] ep 151/240 | loss 0.5616 | ce 0.2094 | logit 0.7045 | train_acc 90.40%
[Stage2/Head] ep 152/240 | loss 0.5538 | ce 0.2082 | logit 0.6913 | train_acc 90.74%
[Stage2/Head] ep 153/240 | loss 0.5392 | ce 0.1919 | logit 0.6947 | train_acc 91.04%
[Stage2/Head] ep 154/240 | loss 0.5405 | ce 0.1952 | logit 0.6905 | train_acc 90.80%
[Stage2/Head] ep 155/240 | loss 0.5337 | ce 0.1890 | logit 0.6895 | train_acc 90.82%
[Stage2/Head] ep 156/240 | loss 0.5206 | ce 0.1829 | logit 0.6754 | train_acc 91.26%
[Stage2/Head] ep 157/240 | loss 0.5275 | ce 0.1882 | logit 0.6785 | train_acc 90.90%
[Stage2/Head] ep 158/240 | loss 0.5348 | ce 0.1893 | logit 0.6909 | train_acc 90.52%
[Stage2/Head] ep 159/240 | loss 0.5105 | ce 0.1727 | logit 0.6757 | train_acc 91.32%
[Stage2/Head] ep 160/240 | loss 0.5230 | ce 0.1834 | logit 0.6793 | train_acc 91.22%
[Stage2/Head] ep 161/240 | loss 0.5302 | ce 0.1770 | logit 0.7063 | train_acc 91.18%
[Stage2/Head] ep 162/240 | loss 0.5464 | ce 0.1986 | logit 0.6955 | train_acc 90.38%
[Stage2/Head] ep 163/240 | loss 0.5287 | ce 0.1859 | logit 0.6855 | train_acc 90.22%
[Stage2/Head] ep 164/240 | loss 0.5429 | ce 0.1929 | logit 0.6999 | train_acc 91.32%
[Stage2/Head] ep 165/240 | loss 0.5461 | ce 0.1798 | logit 0.7324 | train_acc 90.56%
[Stage2/Head] ep 166/240 | loss 0.5208 | ce 0.1944 | logit 0.6529 | train_acc 90.26%
[Stage2/Head] ep 167/240 | loss 0.5317 | ce 0.1774 | logit 0.7087 | train_acc 90.62%
[Stage2/Head] ep 168/240 | loss 0.5230 | ce 0.1820 | logit 0.6820 | train_acc 91.24%
[Stage2/Head] ep 169/240 | loss 0.5019 | ce 0.1743 | logit 0.6552 | train_acc 90.84%
[Stage2/Head] ep 170/240 | loss 0.5181 | ce 0.1897 | logit 0.6569 | train_acc 90.84%
[Stage2/Head] ep 171/240 | loss 0.5163 | ce 0.1650 | logit 0.7026 | train_acc 90.92%
[Stage2/Head] ep 172/240 | loss 0.5130 | ce 0.1747 | logit 0.6767 | train_acc 91.16%
[Stage2/Head] ep 173/240 | loss 0.5077 | ce 0.1568 | logit 0.7017 | train_acc 91.30%
[Stage2/Head] ep 174/240 | loss 0.5304 | ce 0.1883 | logit 0.6842 | train_acc 90.36%
[Stage2/Head] ep 175/240 | loss 0.5016 | ce 0.1616 | logit 0.6801 | train_acc 91.00%
[Stage2/Head] ep 176/240 | loss 0.4986 | ce 0.1685 | logit 0.6602 | train_acc 91.10%
[Stage2/Head] ep 177/240 | loss 0.4890 | ce 0.1626 | logit 0.6528 | train_acc 91.34%
[Stage2/Head] ep 178/240 | loss 0.5132 | ce 0.1653 | logit 0.6959 | train_acc 90.64%
[Stage2/Head] ep 179/240 | loss 0.5048 | ce 0.1755 | logit 0.6584 | train_acc 90.66%
[Stage2/Head] ep 180/240 | loss 0.4846 | ce 0.1580 | logit 0.6531 | train_acc 91.08%
[Stage2/Head] ep 181/240 | loss 0.4586 | ce 0.1585 | logit 0.6001 | train_acc 91.02%
[Stage2/Head] ep 182/240 | loss 0.4975 | ce 0.1669 | logit 0.6612 | train_acc 91.02%
[Stage2/Head] ep 183/240 | loss 0.4949 | ce 0.1644 | logit 0.6609 | train_acc 90.82%
[Stage2/Head] ep 184/240 | loss 0.4799 | ce 0.1590 | logit 0.6418 | train_acc 91.26%
[Stage2/Head] ep 185/240 | loss 0.4882 | ce 0.1595 | logit 0.6575 | train_acc 90.92%
[Stage2/Head] ep 186/240 | loss 0.4847 | ce 0.1456 | logit 0.6782 | train_acc 91.56%
[Stage2/Head] ep 187/240 | loss 0.4932 | ce 0.1601 | logit 0.6661 | train_acc 90.98%
[Stage2/Head] ep 188/240 | loss 0.5044 | ce 0.1536 | logit 0.7016 | train_acc 90.88%
[Stage2/Head] ep 189/240 | loss 0.4809 | ce 0.1644 | logit 0.6330 | train_acc 91.18%
[Stage2/Head] ep 190/240 | loss 0.4869 | ce 0.1467 | logit 0.6804 | train_acc 90.90%
[Stage2/Head] ep 191/240 | loss 0.4663 | ce 0.1484 | logit 0.6357 | train_acc 91.06%
[Stage2/Head] ep 192/240 | loss 0.4603 | ce 0.1412 | logit 0.6381 | train_acc 91.18%
[Stage2/Head] ep 193/240 | loss 0.4737 | ce 0.1471 | logit 0.6534 | train_acc 91.14%
[Stage2/Head] ep 194/240 | loss 0.4709 | ce 0.1482 | logit 0.6454 | train_acc 91.14%
[Stage2/Head] ep 195/240 | loss 0.4807 | ce 0.1550 | logit 0.6514 | train_acc 90.70%
[Stage2/Head] ep 196/240 | loss 0.4766 | ce 0.1512 | logit 0.6507 | train_acc 90.92%
[Stage2/Head] ep 197/240 | loss 0.4610 | ce 0.1509 | logit 0.6202 | train_acc 91.34%
[Stage2/Head] ep 198/240 | loss 0.4718 | ce 0.1379 | logit 0.6677 | train_acc 91.08%
[Stage2/Head] ep 199/240 | loss 0.4745 | ce 0.1572 | logit 0.6346 | train_acc 91.00%
[Stage2/Head] ep 200/240 | loss 0.4823 | ce 0.1506 | logit 0.6634 | train_acc 90.90%
[Stage2/Head] ep 201/240 | loss 0.4555 | ce 0.1395 | logit 0.6321 | train_acc 91.02%
[Stage2/Head] ep 202/240 | loss 0.4947 | ce 0.1597 | logit 0.6699 | train_acc 90.32%
[Stage2/Head] ep 203/240 | loss 0.4867 | ce 0.1489 | logit 0.6754 | train_acc 90.72%
[Stage2/Head] ep 204/240 | loss 0.4599 | ce 0.1405 | logit 0.6388 | train_acc 91.12%
[Stage2/Head] ep 205/240 | loss 0.4556 | ce 0.1386 | logit 0.6338 | train_acc 91.16%
[Stage2/Head] ep 206/240 | loss 0.4740 | ce 0.1402 | logit 0.6675 | train_acc 90.86%
[Stage2/Head] ep 207/240 | loss 0.4793 | ce 0.1373 | logit 0.6840 | train_acc 90.98%
[Stage2/Head] ep 208/240 | loss 0.4858 | ce 0.1545 | logit 0.6626 | train_acc 90.70%
[Stage2/Head] ep 209/240 | loss 0.4635 | ce 0.1426 | logit 0.6417 | train_acc 90.46%
[Stage2/Head] ep 210/240 | loss 0.4510 | ce 0.1377 | logit 0.6267 | train_acc 90.98%
[Stage2/Head] ep 211/240 | loss 0.4536 | ce 0.1359 | logit 0.6354 | train_acc 91.24%
[Stage2/Head] ep 212/240 | loss 0.4957 | ce 0.1338 | logit 0.7238 | train_acc 91.30%
[Stage2/Head] ep 213/240 | loss 0.4759 | ce 0.1459 | logit 0.6599 | train_acc 90.70%
[Stage2/Head] ep 214/240 | loss 0.4463 | ce 0.1292 | logit 0.6342 | train_acc 91.42%
[Stage2/Head] ep 215/240 | loss 0.4721 | ce 0.1503 | logit 0.6436 | train_acc 90.96%
[Stage2/Head] ep 216/240 | loss 0.4843 | ce 0.1514 | logit 0.6657 | train_acc 90.48%
[Stage2/Head] ep 217/240 | loss 0.4469 | ce 0.1404 | logit 0.6131 | train_acc 91.02%
[Stage2/Head] ep 218/240 | loss 0.4582 | ce 0.1334 | logit 0.6496 | train_acc 91.22%
[Stage2/Head] ep 219/240 | loss 0.4698 | ce 0.1370 | logit 0.6655 | train_acc 91.10%
[Stage2/Head] ep 220/240 | loss 0.4717 | ce 0.1483 | logit 0.6468 | train_acc 90.56%
[Stage2/Head] ep 221/240 | loss 0.4706 | ce 0.1515 | logit 0.6382 | train_acc 91.32%
[Stage2/Head] ep 222/240 | loss 0.4768 | ce 0.1460 | logit 0.6616 | train_acc 90.94%
[Stage2/Head] ep 223/240 | loss 0.4853 | ce 0.1434 | logit 0.6840 | train_acc 90.38%
[Stage2/Head] ep 224/240 | loss 0.4484 | ce 0.1420 | logit 0.6127 | train_acc 91.24%
[Stage2/Head] ep 225/240 | loss 0.4516 | ce 0.1289 | logit 0.6455 | train_acc 90.94%
[Stage2/Head] ep 226/240 | loss 0.4508 | ce 0.1424 | logit 0.6168 | train_acc 91.24%
[Stage2/Head] ep 227/240 | loss 0.4570 | ce 0.1348 | logit 0.6443 | train_acc 91.10%
[Stage2/Head] ep 228/240 | loss 0.4514 | ce 0.1390 | logit 0.6248 | train_acc 90.92%
[Stage2/Head] ep 229/240 | loss 0.4515 | ce 0.1287 | logit 0.6456 | train_acc 90.94%
[Stage2/Head] ep 230/240 | loss 0.4708 | ce 0.1360 | logit 0.6696 | train_acc 91.22%
[Stage2/Head] ep 231/240 | loss 0.4574 | ce 0.1407 | logit 0.6334 | train_acc 91.12%
[Stage2/Head] ep 232/240 | loss 0.4605 | ce 0.1353 | logit 0.6505 | train_acc 91.12%
[Stage2/Head] ep 233/240 | loss 0.4437 | ce 0.1416 | logit 0.6041 | train_acc 91.38%
[Stage2/Head] ep 234/240 | loss 0.4552 | ce 0.1326 | logit 0.6453 | train_acc 91.08%
[Stage2/Head] ep 235/240 | loss 0.4480 | ce 0.1413 | logit 0.6135 | train_acc 90.98%
[Stage2/Head] ep 236/240 | loss 0.4532 | ce 0.1317 | logit 0.6431 | train_acc 90.70%
[Stage2/Head] ep 237/240 | loss 0.4729 | ce 0.1353 | logit 0.6753 | train_acc 91.04%
[Stage2/Head] ep 238/240 | loss 0.4292 | ce 0.1410 | logit 0.5764 | train_acc 91.12%
[Stage2/Head] ep 239/240 | loss 0.4482 | ce 0.1276 | logit 0.6412 | train_acc 91.20%
[Stage2/Head] ep 240/240 | loss 0.4292 | ce 0.1230 | logit 0.6124 | train_acc 91.60%
[Task 2] Training done in 10.33 min.
[Task 2] Test (on new class only) -> ce_loss: 0.0577, acc: 98.75%, rec_loss: 21.0093
  - Filtering train: keep top 95.0% per class based on returned scores.
[Task 2] Wrote CSVs to: ./runs_mnist_continual/run_20260226_113825/task2
Accuracies on seen tasks:
  Task 0 [0,1,2,3,4]: 59.29%
  Task 1 [5]: 85.76%
  Task 2 [6]: 98.75%
Mean over seen tasks (0..2): 81.27%
[Task 2] Skipping GP training and Rscript execution as per --skip_GP flag.
[Task 2] Loaded from R CSV: 3000 rows, f_size=16
[Task 2] Decoded images: torch.Size([3000, 1, 28, 28]) -> recovered dataset size 3000
[Task 2] Augmenting Task 3 training set with 3000 recovered samples.
/home/lhalice/miniconda3/envs/NNGP/lib/python3.12/site-packages/torch/utils/data/dataloader.py:627: UserWarning: This DataLoader will create 2 worker processes in total. Our suggested max number of worker in current system is 1, which is smaller than what this DataLoader is going to create. Please be aware that excessive worker creation might get DataLoader running slow or even freeze, lower the worker number to avoid potential slowness/freeze if necessary.
  warnings.warn(

================================================================================
Starting Task 3: digits [7]
Training samples size: 6000
================================================================================
[Stage1/AE] ep 1/360 | loss 0.6104 | rec 0.0447 | feat 0.5657 | train_acc 42.12%
[Stage1/AE] ep 2/360 | loss 0.5476 | rec 0.0348 | feat 0.5128 | train_acc 41.77%
[Stage1/AE] ep 3/360 | loss 0.4924 | rec 0.0324 | feat 0.4600 | train_acc 41.37%
[Stage1/AE] ep 4/360 | loss 0.4676 | rec 0.0312 | feat 0.4364 | train_acc 40.90%
[Stage1/AE] ep 5/360 | loss 0.4684 | rec 0.0304 | feat 0.4380 | train_acc 40.42%
[Stage1/AE] ep 6/360 | loss 0.4465 | rec 0.0299 | feat 0.4166 | train_acc 40.77%
[Stage1/AE] ep 7/360 | loss 0.4405 | rec 0.0296 | feat 0.4109 | train_acc 40.07%
[Stage1/AE] ep 8/360 | loss 0.4420 | rec 0.0294 | feat 0.4125 | train_acc 40.08%
[Stage1/AE] ep 9/360 | loss 0.4273 | rec 0.0292 | feat 0.3981 | train_acc 39.87%
[Stage1/AE] ep 10/360 | loss 0.4183 | rec 0.0290 | feat 0.3893 | train_acc 39.63%
[Stage1/AE] ep 11/360 | loss 0.4162 | rec 0.0288 | feat 0.3874 | train_acc 39.93%
[Stage1/AE] ep 12/360 | loss 0.4050 | rec 0.0287 | feat 0.3763 | train_acc 39.80%
[Stage1/AE] ep 13/360 | loss 0.4008 | rec 0.0287 | feat 0.3721 | train_acc 39.52%
[Stage1/AE] ep 14/360 | loss 0.4027 | rec 0.0285 | feat 0.3742 | train_acc 39.45%
[Stage1/AE] ep 15/360 | loss 0.3892 | rec 0.0284 | feat 0.3608 | train_acc 39.37%
[Stage1/AE] ep 16/360 | loss 0.3882 | rec 0.0285 | feat 0.3597 | train_acc 39.50%
[Stage1/AE] ep 17/360 | loss 0.3829 | rec 0.0282 | feat 0.3547 | train_acc 39.12%
[Stage1/AE] ep 18/360 | loss 0.3958 | rec 0.0283 | feat 0.3675 | train_acc 39.33%
[Stage1/AE] ep 19/360 | loss 0.3812 | rec 0.0281 | feat 0.3531 | train_acc 39.73%
[Stage1/AE] ep 20/360 | loss 0.3774 | rec 0.0282 | feat 0.3492 | train_acc 39.80%
[Stage1/AE] ep 21/360 | loss 0.3750 | rec 0.0279 | feat 0.3471 | train_acc 39.53%
[Stage1/AE] ep 22/360 | loss 0.3710 | rec 0.0278 | feat 0.3432 | train_acc 39.95%
[Stage1/AE] ep 23/360 | loss 0.3688 | rec 0.0278 | feat 0.3410 | train_acc 39.60%
[Stage1/AE] ep 24/360 | loss 0.3733 | rec 0.0277 | feat 0.3456 | train_acc 39.12%
[Stage1/AE] ep 25/360 | loss 0.3726 | rec 0.0275 | feat 0.3451 | train_acc 39.37%
[Stage1/AE] ep 26/360 | loss 0.3634 | rec 0.0275 | feat 0.3359 | train_acc 39.78%
[Stage1/AE] ep 27/360 | loss 0.3649 | rec 0.0275 | feat 0.3374 | train_acc 39.88%
[Stage1/AE] ep 28/360 | loss 0.3664 | rec 0.0274 | feat 0.3389 | train_acc 39.10%
[Stage1/AE] ep 29/360 | loss 0.3718 | rec 0.0275 | feat 0.3442 | train_acc 39.42%
[Stage1/AE] ep 30/360 | loss 0.3585 | rec 0.0272 | feat 0.3313 | train_acc 39.65%
[Stage1/AE] ep 31/360 | loss 0.3554 | rec 0.0271 | feat 0.3282 | train_acc 39.50%
[Stage1/AE] ep 32/360 | loss 0.3609 | rec 0.0273 | feat 0.3337 | train_acc 39.48%
[Stage1/AE] ep 33/360 | loss 0.3567 | rec 0.0271 | feat 0.3297 | train_acc 39.33%
[Stage1/AE] ep 34/360 | loss 0.3469 | rec 0.0270 | feat 0.3198 | train_acc 39.48%
[Stage1/AE] ep 35/360 | loss 0.3429 | rec 0.0270 | feat 0.3159 | train_acc 39.65%
[Stage1/AE] ep 36/360 | loss 0.3467 | rec 0.0270 | feat 0.3198 | train_acc 39.42%
[Stage1/AE] ep 37/360 | loss 0.3563 | rec 0.0269 | feat 0.3294 | train_acc 39.48%
[Stage1/AE] ep 38/360 | loss 0.3559 | rec 0.0268 | feat 0.3291 | train_acc 39.45%
[Stage1/AE] ep 39/360 | loss 0.3392 | rec 0.0268 | feat 0.3124 | train_acc 39.55%
[Stage1/AE] ep 40/360 | loss 0.3525 | rec 0.0266 | feat 0.3259 | train_acc 39.53%
[Stage1/AE] ep 41/360 | loss 0.3535 | rec 0.0268 | feat 0.3267 | train_acc 39.17%
[Stage1/AE] ep 42/360 | loss 0.3437 | rec 0.0267 | feat 0.3171 | train_acc 39.82%
[Stage1/AE] ep 43/360 | loss 0.3472 | rec 0.0266 | feat 0.3206 | train_acc 39.25%
[Stage1/AE] ep 44/360 | loss 0.3453 | rec 0.0265 | feat 0.3188 | train_acc 39.23%
[Stage1/AE] ep 45/360 | loss 0.3453 | rec 0.0265 | feat 0.3188 | train_acc 39.48%
[Stage1/AE] ep 46/360 | loss 0.3583 | rec 0.0264 | feat 0.3318 | train_acc 39.27%
[Stage1/AE] ep 47/360 | loss 0.3492 | rec 0.0266 | feat 0.3225 | train_acc 39.37%
[Stage1/AE] ep 48/360 | loss 0.3482 | rec 0.0263 | feat 0.3220 | train_acc 39.52%
[Stage1/AE] ep 49/360 | loss 0.3427 | rec 0.0264 | feat 0.3163 | train_acc 39.32%
[Stage1/AE] ep 50/360 | loss 0.3421 | rec 0.0265 | feat 0.3156 | train_acc 39.63%
[Stage1/AE] ep 51/360 | loss 0.3450 | rec 0.0265 | feat 0.3185 | train_acc 39.35%
[Stage1/AE] ep 52/360 | loss 0.3358 | rec 0.0263 | feat 0.3095 | train_acc 39.53%
[Stage1/AE] ep 53/360 | loss 0.3502 | rec 0.0262 | feat 0.3240 | train_acc 39.18%
[Stage1/AE] ep 54/360 | loss 0.3358 | rec 0.0262 | feat 0.3096 | train_acc 39.27%
[Stage1/AE] ep 55/360 | loss 0.3449 | rec 0.0263 | feat 0.3186 | train_acc 39.50%
[Stage1/AE] ep 56/360 | loss 0.3305 | rec 0.0263 | feat 0.3042 | train_acc 39.18%
[Stage1/AE] ep 57/360 | loss 0.3391 | rec 0.0261 | feat 0.3129 | train_acc 39.60%
[Stage1/AE] ep 58/360 | loss 0.3297 | rec 0.0261 | feat 0.3036 | train_acc 39.47%
[Stage1/AE] ep 59/360 | loss 0.3476 | rec 0.0260 | feat 0.3215 | train_acc 39.88%
[Stage1/AE] ep 60/360 | loss 0.3358 | rec 0.0261 | feat 0.3097 | train_acc 39.32%
[Stage1/AE] ep 61/360 | loss 0.3307 | rec 0.0260 | feat 0.3047 | train_acc 39.60%
[Stage1/AE] ep 62/360 | loss 0.3312 | rec 0.0258 | feat 0.3054 | train_acc 39.45%
[Stage1/AE] ep 63/360 | loss 0.3437 | rec 0.0260 | feat 0.3177 | train_acc 39.48%
[Stage1/AE] ep 64/360 | loss 0.3352 | rec 0.0258 | feat 0.3094 | train_acc 39.62%
[Stage1/AE] ep 65/360 | loss 0.3296 | rec 0.0258 | feat 0.3038 | train_acc 39.72%
[Stage1/AE] ep 66/360 | loss 0.3275 | rec 0.0260 | feat 0.3016 | train_acc 39.80%
[Stage1/AE] ep 67/360 | loss 0.3426 | rec 0.0259 | feat 0.3167 | train_acc 39.30%
[Stage1/AE] ep 68/360 | loss 0.3344 | rec 0.0259 | feat 0.3085 | train_acc 39.68%
[Stage1/AE] ep 69/360 | loss 0.3335 | rec 0.0256 | feat 0.3079 | train_acc 39.20%
[Stage1/AE] ep 70/360 | loss 0.3280 | rec 0.0257 | feat 0.3023 | train_acc 39.45%
[Stage1/AE] ep 71/360 | loss 0.3310 | rec 0.0257 | feat 0.3053 | train_acc 39.48%
[Stage1/AE] ep 72/360 | loss 0.3414 | rec 0.0258 | feat 0.3156 | train_acc 39.17%
[Stage1/AE] ep 73/360 | loss 0.3245 | rec 0.0256 | feat 0.2989 | train_acc 39.08%
[Stage1/AE] ep 74/360 | loss 0.3215 | rec 0.0256 | feat 0.2959 | train_acc 39.67%
[Stage1/AE] ep 75/360 | loss 0.3284 | rec 0.0257 | feat 0.3027 | train_acc 39.22%
[Stage1/AE] ep 76/360 | loss 0.3306 | rec 0.0256 | feat 0.3050 | train_acc 39.93%
[Stage1/AE] ep 77/360 | loss 0.3324 | rec 0.0256 | feat 0.3068 | train_acc 39.63%
[Stage1/AE] ep 78/360 | loss 0.3249 | rec 0.0255 | feat 0.2993 | train_acc 39.37%
[Stage1/AE] ep 79/360 | loss 0.3270 | rec 0.0254 | feat 0.3015 | train_acc 39.17%
[Stage1/AE] ep 80/360 | loss 0.3315 | rec 0.0255 | feat 0.3060 | train_acc 39.60%
[Stage1/AE] ep 81/360 | loss 0.3243 | rec 0.0254 | feat 0.2989 | train_acc 39.78%
[Stage1/AE] ep 82/360 | loss 0.3297 | rec 0.0255 | feat 0.3043 | train_acc 39.38%
[Stage1/AE] ep 83/360 | loss 0.3233 | rec 0.0254 | feat 0.2979 | train_acc 39.77%
[Stage1/AE] ep 84/360 | loss 0.3260 | rec 0.0253 | feat 0.3007 | train_acc 39.63%
[Stage1/AE] ep 85/360 | loss 0.3195 | rec 0.0253 | feat 0.2942 | train_acc 39.47%
[Stage1/AE] ep 86/360 | loss 0.3323 | rec 0.0253 | feat 0.3070 | train_acc 39.57%
[Stage1/AE] ep 87/360 | loss 0.3299 | rec 0.0255 | feat 0.3044 | train_acc 39.92%
[Stage1/AE] ep 88/360 | loss 0.3218 | rec 0.0254 | feat 0.2964 | train_acc 39.47%
[Stage1/AE] ep 89/360 | loss 0.3187 | rec 0.0252 | feat 0.2935 | train_acc 39.53%
[Stage1/AE] ep 90/360 | loss 0.3234 | rec 0.0252 | feat 0.2982 | train_acc 39.43%
[Stage1/AE] ep 91/360 | loss 0.3281 | rec 0.0252 | feat 0.3029 | train_acc 39.42%
[Stage1/AE] ep 92/360 | loss 0.3217 | rec 0.0253 | feat 0.2964 | train_acc 39.62%
[Stage1/AE] ep 93/360 | loss 0.3243 | rec 0.0252 | feat 0.2991 | train_acc 39.38%
[Stage1/AE] ep 94/360 | loss 0.3162 | rec 0.0252 | feat 0.2910 | train_acc 39.25%
[Stage1/AE] ep 95/360 | loss 0.3178 | rec 0.0252 | feat 0.2925 | train_acc 39.35%
[Stage1/AE] ep 96/360 | loss 0.3155 | rec 0.0251 | feat 0.2905 | train_acc 39.62%
[Stage1/AE] ep 97/360 | loss 0.3173 | rec 0.0252 | feat 0.2921 | train_acc 39.33%
[Stage1/AE] ep 98/360 | loss 0.3103 | rec 0.0250 | feat 0.2853 | train_acc 39.15%
[Stage1/AE] ep 99/360 | loss 0.3128 | rec 0.0251 | feat 0.2877 | train_acc 39.83%
[Stage1/AE] ep 100/360 | loss 0.3146 | rec 0.0252 | feat 0.2894 | train_acc 39.93%
[Stage1/AE] ep 101/360 | loss 0.3149 | rec 0.0251 | feat 0.2897 | train_acc 39.13%
[Stage1/AE] ep 102/360 | loss 0.3050 | rec 0.0250 | feat 0.2800 | train_acc 39.42%
[Stage1/AE] ep 103/360 | loss 0.3161 | rec 0.0249 | feat 0.2912 | train_acc 39.55%
[Stage1/AE] ep 104/360 | loss 0.3095 | rec 0.0250 | feat 0.2846 | train_acc 39.43%
[Stage1/AE] ep 105/360 | loss 0.3121 | rec 0.0249 | feat 0.2873 | train_acc 39.70%
[Stage1/AE] ep 106/360 | loss 0.3145 | rec 0.0250 | feat 0.2894 | train_acc 39.40%
[Stage1/AE] ep 107/360 | loss 0.3086 | rec 0.0249 | feat 0.2837 | train_acc 39.28%
[Stage1/AE] ep 108/360 | loss 0.3126 | rec 0.0249 | feat 0.2877 | train_acc 39.50%
[Stage1/AE] ep 109/360 | loss 0.3156 | rec 0.0248 | feat 0.2908 | train_acc 39.72%
[Stage1/AE] ep 110/360 | loss 0.3099 | rec 0.0249 | feat 0.2850 | train_acc 39.32%
[Stage1/AE] ep 111/360 | loss 0.3102 | rec 0.0247 | feat 0.2855 | train_acc 39.42%
[Stage1/AE] ep 112/360 | loss 0.3032 | rec 0.0249 | feat 0.2783 | train_acc 39.52%
[Stage1/AE] ep 113/360 | loss 0.3132 | rec 0.0250 | feat 0.2882 | train_acc 39.57%
[Stage1/AE] ep 114/360 | loss 0.3048 | rec 0.0248 | feat 0.2799 | train_acc 39.30%
[Stage1/AE] ep 115/360 | loss 0.3138 | rec 0.0249 | feat 0.2889 | train_acc 39.53%
[Stage1/AE] ep 116/360 | loss 0.3063 | rec 0.0250 | feat 0.2814 | train_acc 39.45%
[Stage1/AE] ep 117/360 | loss 0.3116 | rec 0.0248 | feat 0.2868 | train_acc 39.77%
[Stage1/AE] ep 118/360 | loss 0.2997 | rec 0.0249 | feat 0.2748 | train_acc 39.40%
[Stage1/AE] ep 119/360 | loss 0.3060 | rec 0.0245 | feat 0.2814 | train_acc 39.70%
[Stage1/AE] ep 120/360 | loss 0.3188 | rec 0.0247 | feat 0.2941 | train_acc 39.57%
[Stage1/AE] ep 121/360 | loss 0.3087 | rec 0.0246 | feat 0.2841 | train_acc 39.22%
[Stage1/AE] ep 122/360 | loss 0.3096 | rec 0.0247 | feat 0.2849 | train_acc 39.57%
[Stage1/AE] ep 123/360 | loss 0.3138 | rec 0.0247 | feat 0.2891 | train_acc 39.68%
[Stage1/AE] ep 124/360 | loss 0.3157 | rec 0.0246 | feat 0.2911 | train_acc 39.62%
[Stage1/AE] ep 125/360 | loss 0.3055 | rec 0.0248 | feat 0.2807 | train_acc 39.47%
[Stage1/AE] ep 126/360 | loss 0.3104 | rec 0.0244 | feat 0.2859 | train_acc 39.37%
[Stage1/AE] ep 127/360 | loss 0.2990 | rec 0.0246 | feat 0.2744 | train_acc 39.72%
[Stage1/AE] ep 128/360 | loss 0.3088 | rec 0.0245 | feat 0.2843 | train_acc 39.70%
[Stage1/AE] ep 129/360 | loss 0.3046 | rec 0.0246 | feat 0.2800 | train_acc 39.27%
[Stage1/AE] ep 130/360 | loss 0.3055 | rec 0.0247 | feat 0.2808 | train_acc 39.20%
[Stage1/AE] ep 131/360 | loss 0.3056 | rec 0.0247 | feat 0.2810 | train_acc 39.58%
[Stage1/AE] ep 132/360 | loss 0.2980 | rec 0.0245 | feat 0.2735 | train_acc 39.73%
[Stage1/AE] ep 133/360 | loss 0.3047 | rec 0.0245 | feat 0.2802 | train_acc 39.70%
[Stage1/AE] ep 134/360 | loss 0.3065 | rec 0.0247 | feat 0.2819 | train_acc 39.90%
[Stage1/AE] ep 135/360 | loss 0.2957 | rec 0.0245 | feat 0.2713 | train_acc 39.50%
[Stage1/AE] ep 136/360 | loss 0.2983 | rec 0.0243 | feat 0.2741 | train_acc 39.60%
[Stage1/AE] ep 137/360 | loss 0.3021 | rec 0.0244 | feat 0.2777 | train_acc 40.07%
[Stage1/AE] ep 138/360 | loss 0.2962 | rec 0.0241 | feat 0.2720 | train_acc 39.55%
[Stage1/AE] ep 139/360 | loss 0.3060 | rec 0.0244 | feat 0.2816 | train_acc 39.67%
[Stage1/AE] ep 140/360 | loss 0.3038 | rec 0.0244 | feat 0.2794 | train_acc 39.23%
[Stage1/AE] ep 141/360 | loss 0.3068 | rec 0.0244 | feat 0.2825 | train_acc 39.55%
[Stage1/AE] ep 142/360 | loss 0.2993 | rec 0.0243 | feat 0.2750 | train_acc 39.90%
[Stage1/AE] ep 143/360 | loss 0.3059 | rec 0.0242 | feat 0.2817 | train_acc 39.37%
[Stage1/AE] ep 144/360 | loss 0.3088 | rec 0.0244 | feat 0.2844 | train_acc 39.83%
[Stage1/AE] ep 145/360 | loss 0.3004 | rec 0.0244 | feat 0.2760 | train_acc 39.63%
[Stage1/AE] ep 146/360 | loss 0.2972 | rec 0.0242 | feat 0.2731 | train_acc 39.87%
[Stage1/AE] ep 147/360 | loss 0.2984 | rec 0.0241 | feat 0.2743 | train_acc 39.70%
[Stage1/AE] ep 148/360 | loss 0.2923 | rec 0.0243 | feat 0.2680 | train_acc 39.75%
[Stage1/AE] ep 149/360 | loss 0.2938 | rec 0.0243 | feat 0.2694 | train_acc 39.80%
[Stage1/AE] ep 150/360 | loss 0.2964 | rec 0.0242 | feat 0.2721 | train_acc 39.55%
[Stage1/AE] ep 151/360 | loss 0.2910 | rec 0.0242 | feat 0.2668 | train_acc 39.82%
[Stage1/AE] ep 152/360 | loss 0.2961 | rec 0.0241 | feat 0.2720 | train_acc 39.67%
[Stage1/AE] ep 153/360 | loss 0.2969 | rec 0.0241 | feat 0.2728 | train_acc 39.33%
[Stage1/AE] ep 154/360 | loss 0.2929 | rec 0.0241 | feat 0.2688 | train_acc 39.77%
[Stage1/AE] ep 155/360 | loss 0.2984 | rec 0.0240 | feat 0.2743 | train_acc 39.18%
[Stage1/AE] ep 156/360 | loss 0.2984 | rec 0.0242 | feat 0.2742 | train_acc 39.77%
[Stage1/AE] ep 157/360 | loss 0.2971 | rec 0.0241 | feat 0.2730 | train_acc 39.77%
[Stage1/AE] ep 158/360 | loss 0.2958 | rec 0.0242 | feat 0.2717 | train_acc 39.72%
[Stage1/AE] ep 159/360 | loss 0.3049 | rec 0.0240 | feat 0.2809 | train_acc 39.85%
[Stage1/AE] ep 160/360 | loss 0.2982 | rec 0.0241 | feat 0.2741 | train_acc 39.47%
[Stage1/AE] ep 161/360 | loss 0.2979 | rec 0.0242 | feat 0.2737 | train_acc 39.83%
[Stage1/AE] ep 162/360 | loss 0.3009 | rec 0.0242 | feat 0.2767 | train_acc 39.18%
[Stage1/AE] ep 163/360 | loss 0.2971 | rec 0.0241 | feat 0.2730 | train_acc 39.40%
[Stage1/AE] ep 164/360 | loss 0.2906 | rec 0.0240 | feat 0.2666 | train_acc 40.07%
[Stage1/AE] ep 165/360 | loss 0.2850 | rec 0.0239 | feat 0.2611 | train_acc 39.38%
[Stage1/AE] ep 166/360 | loss 0.2932 | rec 0.0240 | feat 0.2691 | train_acc 39.77%
[Stage1/AE] ep 167/360 | loss 0.2927 | rec 0.0239 | feat 0.2688 | train_acc 39.45%
[Stage1/AE] ep 168/360 | loss 0.2955 | rec 0.0237 | feat 0.2718 | train_acc 39.30%
[Stage1/AE] ep 169/360 | loss 0.2912 | rec 0.0238 | feat 0.2674 | train_acc 39.90%
[Stage1/AE] ep 170/360 | loss 0.2947 | rec 0.0239 | feat 0.2708 | train_acc 39.67%
[Stage1/AE] ep 171/360 | loss 0.2954 | rec 0.0239 | feat 0.2716 | train_acc 39.30%
[Stage1/AE] ep 172/360 | loss 0.2886 | rec 0.0242 | feat 0.2644 | train_acc 39.58%
[Stage1/AE] ep 173/360 | loss 0.2823 | rec 0.0240 | feat 0.2583 | train_acc 39.68%
[Stage1/AE] ep 174/360 | loss 0.2940 | rec 0.0237 | feat 0.2703 | train_acc 39.43%
[Stage1/AE] ep 175/360 | loss 0.2928 | rec 0.0238 | feat 0.2690 | train_acc 39.77%
[Stage1/AE] ep 176/360 | loss 0.2894 | rec 0.0239 | feat 0.2655 | train_acc 39.78%
[Stage1/AE] ep 177/360 | loss 0.2906 | rec 0.0240 | feat 0.2666 | train_acc 39.52%
[Stage1/AE] ep 178/360 | loss 0.2951 | rec 0.0238 | feat 0.2713 | train_acc 39.62%
[Stage1/AE] ep 179/360 | loss 0.2907 | rec 0.0239 | feat 0.2668 | train_acc 39.55%
[Stage1/AE] ep 180/360 | loss 0.2853 | rec 0.0239 | feat 0.2614 | train_acc 39.75%
[Stage1/AE] ep 181/360 | loss 0.2826 | rec 0.0238 | feat 0.2588 | train_acc 40.15%
[Stage1/AE] ep 182/360 | loss 0.2870 | rec 0.0238 | feat 0.2633 | train_acc 39.52%
[Stage1/AE] ep 183/360 | loss 0.2861 | rec 0.0237 | feat 0.2623 | train_acc 40.08%
[Stage1/AE] ep 184/360 | loss 0.2876 | rec 0.0237 | feat 0.2640 | train_acc 39.62%
[Stage1/AE] ep 185/360 | loss 0.2874 | rec 0.0236 | feat 0.2638 | train_acc 39.78%
[Stage1/AE] ep 186/360 | loss 0.2827 | rec 0.0236 | feat 0.2592 | train_acc 39.73%
[Stage1/AE] ep 187/360 | loss 0.2879 | rec 0.0236 | feat 0.2643 | train_acc 39.78%
[Stage1/AE] ep 188/360 | loss 0.2920 | rec 0.0238 | feat 0.2682 | train_acc 39.90%
[Stage1/AE] ep 189/360 | loss 0.2898 | rec 0.0235 | feat 0.2662 | train_acc 39.75%
[Stage1/AE] ep 190/360 | loss 0.2838 | rec 0.0236 | feat 0.2601 | train_acc 39.43%
[Stage1/AE] ep 191/360 | loss 0.2883 | rec 0.0237 | feat 0.2647 | train_acc 39.70%
[Stage1/AE] ep 192/360 | loss 0.2779 | rec 0.0237 | feat 0.2543 | train_acc 39.58%
[Stage1/AE] ep 193/360 | loss 0.2859 | rec 0.0236 | feat 0.2624 | train_acc 39.52%
[Stage1/AE] ep 194/360 | loss 0.2906 | rec 0.0237 | feat 0.2669 | train_acc 39.67%
[Stage1/AE] ep 195/360 | loss 0.2855 | rec 0.0236 | feat 0.2619 | train_acc 40.10%
[Stage1/AE] ep 196/360 | loss 0.2858 | rec 0.0235 | feat 0.2624 | train_acc 39.68%
[Stage1/AE] ep 197/360 | loss 0.2854 | rec 0.0237 | feat 0.2617 | train_acc 40.00%
[Stage1/AE] ep 198/360 | loss 0.2850 | rec 0.0236 | feat 0.2614 | train_acc 39.38%
[Stage1/AE] ep 199/360 | loss 0.2884 | rec 0.0236 | feat 0.2648 | train_acc 39.53%
[Stage1/AE] ep 200/360 | loss 0.2874 | rec 0.0235 | feat 0.2639 | train_acc 39.72%
[Stage1/AE] ep 201/360 | loss 0.2902 | rec 0.0234 | feat 0.2668 | train_acc 39.60%
[Stage1/AE] ep 202/360 | loss 0.2826 | rec 0.0235 | feat 0.2590 | train_acc 39.60%
[Stage1/AE] ep 203/360 | loss 0.2808 | rec 0.0235 | feat 0.2572 | train_acc 39.48%
[Stage1/AE] ep 204/360 | loss 0.2899 | rec 0.0235 | feat 0.2665 | train_acc 39.50%
[Stage1/AE] ep 205/360 | loss 0.2866 | rec 0.0237 | feat 0.2629 | train_acc 39.78%
[Stage1/AE] ep 206/360 | loss 0.2831 | rec 0.0233 | feat 0.2598 | train_acc 39.37%
[Stage1/AE] ep 207/360 | loss 0.2782 | rec 0.0236 | feat 0.2546 | train_acc 40.05%
[Stage1/AE] ep 208/360 | loss 0.2830 | rec 0.0235 | feat 0.2595 | train_acc 39.97%
[Stage1/AE] ep 209/360 | loss 0.2857 | rec 0.0236 | feat 0.2622 | train_acc 39.35%
[Stage1/AE] ep 210/360 | loss 0.2816 | rec 0.0234 | feat 0.2582 | train_acc 39.72%
[Stage1/AE] ep 211/360 | loss 0.2869 | rec 0.0233 | feat 0.2636 | train_acc 39.93%
[Stage1/AE] ep 212/360 | loss 0.2838 | rec 0.0234 | feat 0.2605 | train_acc 39.73%
[Stage1/AE] ep 213/360 | loss 0.2887 | rec 0.0235 | feat 0.2652 | train_acc 39.80%
[Stage1/AE] ep 214/360 | loss 0.2816 | rec 0.0234 | feat 0.2582 | train_acc 39.58%
[Stage1/AE] ep 215/360 | loss 0.2769 | rec 0.0235 | feat 0.2534 | train_acc 40.20%
[Stage1/AE] ep 216/360 | loss 0.2844 | rec 0.0235 | feat 0.2610 | train_acc 39.48%
[Stage1/AE] ep 217/360 | loss 0.2789 | rec 0.0234 | feat 0.2555 | train_acc 39.77%
[Stage1/AE] ep 218/360 | loss 0.2808 | rec 0.0232 | feat 0.2577 | train_acc 40.15%
[Stage1/AE] ep 219/360 | loss 0.2867 | rec 0.0235 | feat 0.2633 | train_acc 40.12%
[Stage1/AE] ep 220/360 | loss 0.2792 | rec 0.0235 | feat 0.2557 | train_acc 39.68%
[Stage1/AE] ep 221/360 | loss 0.2861 | rec 0.0235 | feat 0.2625 | train_acc 39.87%
[Stage1/AE] ep 222/360 | loss 0.2805 | rec 0.0233 | feat 0.2572 | train_acc 39.72%
[Stage1/AE] ep 223/360 | loss 0.2833 | rec 0.0234 | feat 0.2600 | train_acc 39.97%
[Stage1/AE] ep 224/360 | loss 0.2805 | rec 0.0232 | feat 0.2573 | train_acc 39.75%
[Stage1/AE] ep 225/360 | loss 0.2807 | rec 0.0236 | feat 0.2572 | train_acc 39.48%
[Stage1/AE] ep 226/360 | loss 0.2765 | rec 0.0233 | feat 0.2532 | train_acc 40.02%
[Stage1/AE] ep 227/360 | loss 0.2727 | rec 0.0235 | feat 0.2492 | train_acc 39.80%
[Stage1/AE] ep 228/360 | loss 0.2806 | rec 0.0233 | feat 0.2573 | train_acc 39.82%
[Stage1/AE] ep 229/360 | loss 0.2812 | rec 0.0233 | feat 0.2579 | train_acc 39.68%
[Stage1/AE] ep 230/360 | loss 0.2767 | rec 0.0232 | feat 0.2534 | train_acc 39.60%
[Stage1/AE] ep 231/360 | loss 0.2830 | rec 0.0231 | feat 0.2599 | train_acc 39.52%
[Stage1/AE] ep 232/360 | loss 0.2813 | rec 0.0232 | feat 0.2581 | train_acc 39.88%
[Stage1/AE] ep 233/360 | loss 0.2745 | rec 0.0234 | feat 0.2511 | train_acc 39.92%
[Stage1/AE] ep 234/360 | loss 0.2760 | rec 0.0232 | feat 0.2528 | train_acc 39.45%
[Stage1/AE] ep 235/360 | loss 0.2758 | rec 0.0232 | feat 0.2526 | train_acc 39.43%
[Stage1/AE] ep 236/360 | loss 0.2742 | rec 0.0231 | feat 0.2511 | train_acc 39.53%
[Stage1/AE] ep 237/360 | loss 0.2786 | rec 0.0231 | feat 0.2555 | train_acc 39.67%
[Stage1/AE] ep 238/360 | loss 0.2773 | rec 0.0233 | feat 0.2540 | train_acc 39.85%
[Stage1/AE] ep 239/360 | loss 0.2791 | rec 0.0232 | feat 0.2559 | train_acc 39.68%
[Stage1/AE] ep 240/360 | loss 0.2758 | rec 0.0233 | feat 0.2525 | train_acc 39.53%
[Stage1/AE] ep 241/360 | loss 0.2716 | rec 0.0231 | feat 0.2485 | train_acc 39.92%
[Stage1/AE] ep 242/360 | loss 0.2746 | rec 0.0232 | feat 0.2514 | train_acc 39.58%
[Stage1/AE] ep 243/360 | loss 0.2753 | rec 0.0233 | feat 0.2520 | train_acc 39.67%
[Stage1/AE] ep 244/360 | loss 0.2704 | rec 0.0232 | feat 0.2472 | train_acc 39.32%
[Stage1/AE] ep 245/360 | loss 0.2820 | rec 0.0232 | feat 0.2587 | train_acc 39.73%
[Stage1/AE] ep 246/360 | loss 0.2723 | rec 0.0231 | feat 0.2492 | train_acc 39.70%
[Stage1/AE] ep 247/360 | loss 0.2653 | rec 0.0231 | feat 0.2422 | train_acc 39.98%
[Stage1/AE] ep 248/360 | loss 0.2680 | rec 0.0229 | feat 0.2451 | train_acc 39.55%
[Stage1/AE] ep 249/360 | loss 0.2750 | rec 0.0230 | feat 0.2520 | train_acc 39.58%
[Stage1/AE] ep 250/360 | loss 0.2717 | rec 0.0231 | feat 0.2486 | train_acc 39.80%
[Stage1/AE] ep 251/360 | loss 0.2748 | rec 0.0232 | feat 0.2516 | train_acc 39.62%
[Stage1/AE] ep 252/360 | loss 0.2737 | rec 0.0231 | feat 0.2506 | train_acc 39.50%
[Stage1/AE] ep 253/360 | loss 0.2772 | rec 0.0230 | feat 0.2542 | train_acc 39.62%
[Stage1/AE] ep 254/360 | loss 0.2690 | rec 0.0232 | feat 0.2458 | train_acc 39.28%
[Stage1/AE] ep 255/360 | loss 0.2698 | rec 0.0232 | feat 0.2466 | train_acc 39.50%
[Stage1/AE] ep 256/360 | loss 0.2734 | rec 0.0231 | feat 0.2503 | train_acc 39.80%
[Stage1/AE] ep 257/360 | loss 0.2765 | rec 0.0231 | feat 0.2534 | train_acc 39.83%
[Stage1/AE] ep 258/360 | loss 0.2689 | rec 0.0230 | feat 0.2459 | train_acc 39.77%
[Stage1/AE] ep 259/360 | loss 0.2734 | rec 0.0230 | feat 0.2505 | train_acc 39.93%
[Stage1/AE] ep 260/360 | loss 0.2707 | rec 0.0229 | feat 0.2477 | train_acc 39.83%
[Stage1/AE] ep 261/360 | loss 0.2736 | rec 0.0228 | feat 0.2508 | train_acc 39.75%
[Stage1/AE] ep 262/360 | loss 0.2687 | rec 0.0229 | feat 0.2458 | train_acc 39.72%
[Stage1/AE] ep 263/360 | loss 0.2735 | rec 0.0230 | feat 0.2505 | train_acc 39.55%
[Stage1/AE] ep 264/360 | loss 0.2670 | rec 0.0229 | feat 0.2440 | train_acc 40.08%
[Stage1/AE] ep 265/360 | loss 0.2705 | rec 0.0229 | feat 0.2475 | train_acc 39.85%
[Stage1/AE] ep 266/360 | loss 0.2732 | rec 0.0228 | feat 0.2504 | train_acc 39.85%
[Stage1/AE] ep 267/360 | loss 0.2698 | rec 0.0230 | feat 0.2469 | train_acc 39.85%
[Stage1/AE] ep 268/360 | loss 0.2677 | rec 0.0230 | feat 0.2447 | train_acc 40.33%
[Stage1/AE] ep 269/360 | loss 0.2734 | rec 0.0231 | feat 0.2503 | train_acc 39.75%
[Stage1/AE] ep 270/360 | loss 0.2724 | rec 0.0231 | feat 0.2494 | train_acc 39.95%
[Stage1/AE] ep 271/360 | loss 0.2609 | rec 0.0230 | feat 0.2379 | train_acc 39.92%
[Stage1/AE] ep 272/360 | loss 0.2599 | rec 0.0228 | feat 0.2372 | train_acc 39.78%
[Stage1/AE] ep 273/360 | loss 0.2680 | rec 0.0229 | feat 0.2451 | train_acc 39.45%
[Stage1/AE] ep 274/360 | loss 0.2717 | rec 0.0230 | feat 0.2486 | train_acc 39.45%
[Stage1/AE] ep 275/360 | loss 0.2640 | rec 0.0229 | feat 0.2411 | train_acc 39.72%
[Stage1/AE] ep 276/360 | loss 0.2613 | rec 0.0227 | feat 0.2386 | train_acc 39.92%
[Stage1/AE] ep 277/360 | loss 0.2699 | rec 0.0229 | feat 0.2470 | train_acc 39.93%
[Stage1/AE] ep 278/360 | loss 0.2706 | rec 0.0230 | feat 0.2476 | train_acc 39.57%
[Stage1/AE] ep 279/360 | loss 0.2578 | rec 0.0230 | feat 0.2348 | train_acc 39.52%
[Stage1/AE] ep 280/360 | loss 0.2626 | rec 0.0228 | feat 0.2398 | train_acc 39.73%
[Stage1/AE] ep 281/360 | loss 0.2735 | rec 0.0228 | feat 0.2507 | train_acc 39.60%
[Stage1/AE] ep 282/360 | loss 0.2644 | rec 0.0227 | feat 0.2417 | train_acc 39.52%
[Stage1/AE] ep 283/360 | loss 0.2665 | rec 0.0226 | feat 0.2439 | train_acc 39.60%
[Stage1/AE] ep 284/360 | loss 0.2693 | rec 0.0228 | feat 0.2464 | train_acc 39.50%
[Stage1/AE] ep 285/360 | loss 0.2712 | rec 0.0226 | feat 0.2486 | train_acc 39.87%
[Stage1/AE] ep 286/360 | loss 0.2657 | rec 0.0228 | feat 0.2429 | train_acc 39.68%
[Stage1/AE] ep 287/360 | loss 0.2677 | rec 0.0228 | feat 0.2449 | train_acc 39.50%
[Stage1/AE] ep 288/360 | loss 0.2664 | rec 0.0229 | feat 0.2435 | train_acc 39.73%
[Stage1/AE] ep 289/360 | loss 0.2614 | rec 0.0228 | feat 0.2386 | train_acc 39.87%
[Stage1/AE] ep 290/360 | loss 0.2571 | rec 0.0228 | feat 0.2344 | train_acc 39.85%
[Stage1/AE] ep 291/360 | loss 0.2689 | rec 0.0228 | feat 0.2462 | train_acc 39.93%
[Stage1/AE] ep 292/360 | loss 0.2603 | rec 0.0228 | feat 0.2375 | train_acc 40.30%
[Stage1/AE] ep 293/360 | loss 0.2649 | rec 0.0228 | feat 0.2421 | train_acc 39.93%
[Stage1/AE] ep 294/360 | loss 0.2622 | rec 0.0230 | feat 0.2393 | train_acc 39.32%
[Stage1/AE] ep 295/360 | loss 0.2712 | rec 0.0226 | feat 0.2486 | train_acc 39.92%
[Stage1/AE] ep 296/360 | loss 0.2630 | rec 0.0229 | feat 0.2402 | train_acc 39.75%
[Stage1/AE] ep 297/360 | loss 0.2651 | rec 0.0228 | feat 0.2422 | train_acc 39.42%
[Stage1/AE] ep 298/360 | loss 0.2606 | rec 0.0228 | feat 0.2378 | train_acc 39.95%
[Stage1/AE] ep 299/360 | loss 0.2633 | rec 0.0227 | feat 0.2406 | train_acc 39.85%
[Stage1/AE] ep 300/360 | loss 0.2661 | rec 0.0227 | feat 0.2434 | train_acc 39.70%
[Stage1/AE] ep 301/360 | loss 0.2639 | rec 0.0227 | feat 0.2411 | train_acc 39.72%
[Stage1/AE] ep 302/360 | loss 0.2679 | rec 0.0228 | feat 0.2451 | train_acc 39.37%
[Stage1/AE] ep 303/360 | loss 0.2679 | rec 0.0227 | feat 0.2452 | train_acc 39.83%
[Stage1/AE] ep 304/360 | loss 0.2656 | rec 0.0227 | feat 0.2429 | train_acc 39.78%
[Stage1/AE] ep 305/360 | loss 0.2555 | rec 0.0226 | feat 0.2328 | train_acc 39.80%
[Stage1/AE] ep 306/360 | loss 0.2619 | rec 0.0227 | feat 0.2392 | train_acc 39.80%
[Stage1/AE] ep 307/360 | loss 0.2617 | rec 0.0230 | feat 0.2388 | train_acc 39.50%
[Stage1/AE] ep 308/360 | loss 0.2656 | rec 0.0226 | feat 0.2429 | train_acc 40.03%
[Stage1/AE] ep 309/360 | loss 0.2618 | rec 0.0227 | feat 0.2391 | train_acc 39.93%
[Stage1/AE] ep 310/360 | loss 0.2622 | rec 0.0226 | feat 0.2396 | train_acc 39.80%
[Stage1/AE] ep 311/360 | loss 0.2635 | rec 0.0226 | feat 0.2409 | train_acc 39.52%
[Stage1/AE] ep 312/360 | loss 0.2657 | rec 0.0226 | feat 0.2431 | train_acc 39.65%
[Stage1/AE] ep 313/360 | loss 0.2585 | rec 0.0226 | feat 0.2359 | train_acc 39.63%
[Stage1/AE] ep 314/360 | loss 0.2626 | rec 0.0227 | feat 0.2398 | train_acc 39.72%
[Stage1/AE] ep 315/360 | loss 0.2662 | rec 0.0226 | feat 0.2436 | train_acc 39.53%
[Stage1/AE] ep 316/360 | loss 0.2563 | rec 0.0228 | feat 0.2335 | train_acc 39.67%
[Stage1/AE] ep 317/360 | loss 0.2674 | rec 0.0226 | feat 0.2448 | train_acc 39.93%
[Stage1/AE] ep 318/360 | loss 0.2547 | rec 0.0225 | feat 0.2322 | train_acc 39.52%
[Stage1/AE] ep 319/360 | loss 0.2640 | rec 0.0225 | feat 0.2415 | train_acc 39.77%
[Stage1/AE] ep 320/360 | loss 0.2579 | rec 0.0226 | feat 0.2353 | train_acc 39.83%
[Stage1/AE] ep 321/360 | loss 0.2604 | rec 0.0225 | feat 0.2379 | train_acc 39.83%
[Stage1/AE] ep 322/360 | loss 0.2606 | rec 0.0225 | feat 0.2381 | train_acc 39.97%
[Stage1/AE] ep 323/360 | loss 0.2600 | rec 0.0226 | feat 0.2375 | train_acc 40.05%
[Stage1/AE] ep 324/360 | loss 0.2642 | rec 0.0224 | feat 0.2418 | train_acc 39.68%
[Stage1/AE] ep 325/360 | loss 0.2611 | rec 0.0223 | feat 0.2388 | train_acc 39.60%
[Stage1/AE] ep 326/360 | loss 0.2604 | rec 0.0226 | feat 0.2378 | train_acc 39.33%
[Stage1/AE] ep 327/360 | loss 0.2600 | rec 0.0224 | feat 0.2376 | train_acc 39.90%
[Stage1/AE] ep 328/360 | loss 0.2546 | rec 0.0226 | feat 0.2321 | train_acc 40.10%
[Stage1/AE] ep 329/360 | loss 0.2609 | rec 0.0227 | feat 0.2382 | train_acc 39.87%
[Stage1/AE] ep 330/360 | loss 0.2584 | rec 0.0226 | feat 0.2358 | train_acc 39.72%
[Stage1/AE] ep 331/360 | loss 0.2594 | rec 0.0226 | feat 0.2368 | train_acc 39.95%
[Stage1/AE] ep 332/360 | loss 0.2576 | rec 0.0224 | feat 0.2352 | train_acc 39.67%
[Stage1/AE] ep 333/360 | loss 0.2601 | rec 0.0225 | feat 0.2375 | train_acc 39.62%
[Stage1/AE] ep 334/360 | loss 0.2584 | rec 0.0225 | feat 0.2359 | train_acc 39.73%
[Stage1/AE] ep 335/360 | loss 0.2614 | rec 0.0224 | feat 0.2390 | train_acc 39.92%
[Stage1/AE] ep 336/360 | loss 0.2573 | rec 0.0225 | feat 0.2348 | train_acc 39.43%
[Stage1/AE] ep 337/360 | loss 0.2609 | rec 0.0224 | feat 0.2385 | train_acc 39.68%
[Stage1/AE] ep 338/360 | loss 0.2563 | rec 0.0226 | feat 0.2337 | train_acc 39.43%
[Stage1/AE] ep 339/360 | loss 0.2541 | rec 0.0224 | feat 0.2317 | train_acc 39.85%
[Stage1/AE] ep 340/360 | loss 0.2553 | rec 0.0224 | feat 0.2329 | train_acc 39.57%
[Stage1/AE] ep 341/360 | loss 0.2574 | rec 0.0223 | feat 0.2351 | train_acc 39.82%
[Stage1/AE] ep 342/360 | loss 0.2606 | rec 0.0223 | feat 0.2383 | train_acc 39.92%
[Stage1/AE] ep 343/360 | loss 0.2563 | rec 0.0226 | feat 0.2338 | train_acc 39.77%
[Stage1/AE] ep 344/360 | loss 0.2504 | rec 0.0225 | feat 0.2279 | train_acc 39.80%
[Stage1/AE] ep 345/360 | loss 0.2539 | rec 0.0224 | feat 0.2315 | train_acc 39.70%
[Stage1/AE] ep 346/360 | loss 0.2511 | rec 0.0225 | feat 0.2287 | train_acc 39.78%
[Stage1/AE] ep 347/360 | loss 0.2534 | rec 0.0223 | feat 0.2311 | train_acc 39.35%
[Stage1/AE] ep 348/360 | loss 0.2565 | rec 0.0222 | feat 0.2344 | train_acc 39.88%
[Stage1/AE] ep 349/360 | loss 0.2514 | rec 0.0226 | feat 0.2289 | train_acc 39.63%
[Stage1/AE] ep 350/360 | loss 0.2583 | rec 0.0224 | feat 0.2358 | train_acc 39.88%
[Stage1/AE] ep 351/360 | loss 0.2625 | rec 0.0223 | feat 0.2403 | train_acc 39.77%
[Stage1/AE] ep 352/360 | loss 0.2526 | rec 0.0223 | feat 0.2304 | train_acc 40.08%
[Stage1/AE] ep 353/360 | loss 0.2526 | rec 0.0223 | feat 0.2303 | train_acc 39.73%
[Stage1/AE] ep 354/360 | loss 0.2545 | rec 0.0223 | feat 0.2322 | train_acc 39.62%
[Stage1/AE] ep 355/360 | loss 0.2530 | rec 0.0224 | feat 0.2307 | train_acc 39.77%
[Stage1/AE] ep 356/360 | loss 0.2551 | rec 0.0224 | feat 0.2327 | train_acc 39.95%
[Stage1/AE] ep 357/360 | loss 0.2511 | rec 0.0224 | feat 0.2287 | train_acc 39.18%
[Stage1/AE] ep 358/360 | loss 0.2527 | rec 0.0223 | feat 0.2304 | train_acc 40.13%
[Stage1/AE] ep 359/360 | loss 0.2533 | rec 0.0223 | feat 0.2310 | train_acc 39.68%
[Stage1/AE] ep 360/360 | loss 0.2502 | rec 0.0224 | feat 0.2277 | train_acc 39.68%
[Stage2/Head] ep 1/360 | loss 20.3605 | ce 14.0637 | logit 12.5937 | train_acc 31.70%
[Stage2/Head] ep 2/360 | loss 17.7054 | ce 11.8164 | logit 11.7781 | train_acc 28.27%
[Stage2/Head] ep 3/360 | loss 15.6029 | ce 10.0174 | logit 11.1710 | train_acc 3.82%
[Stage2/Head] ep 4/360 | loss 14.5606 | ce 9.3913 | logit 10.3386 | train_acc 0.90%
[Stage2/Head] ep 5/360 | loss 14.1074 | ce 9.1696 | logit 9.8757 | train_acc 0.90%
[Stage2/Head] ep 6/360 | loss 13.7071 | ce 8.9723 | logit 9.4696 | train_acc 0.90%
[Stage2/Head] ep 7/360 | loss 13.3364 | ce 8.7879 | logit 9.0971 | train_acc 0.90%
[Stage2/Head] ep 8/360 | loss 12.9920 | ce 8.6115 | logit 8.7610 | train_acc 0.90%
[Stage2/Head] ep 9/360 | loss 12.6676 | ce 8.4431 | logit 8.4490 | train_acc 0.90%
[Stage2/Head] ep 10/360 | loss 12.3627 | ce 8.2808 | logit 8.1638 | train_acc 0.90%
[Stage2/Head] ep 11/360 | loss 12.0693 | ce 8.1262 | logit 7.8862 | train_acc 0.90%
[Stage2/Head] ep 12/360 | loss 11.7891 | ce 7.9754 | logit 7.6273 | train_acc 0.90%
[Stage2/Head] ep 13/360 | loss 11.5244 | ce 7.8303 | logit 7.3881 | train_acc 0.90%
[Stage2/Head] ep 14/360 | loss 11.2702 | ce 7.6906 | logit 7.1593 | train_acc 0.90%
[Stage2/Head] ep 15/360 | loss 11.0282 | ce 7.5555 | logit 6.9453 | train_acc 0.92%
[Stage2/Head] ep 16/360 | loss 10.7953 | ce 7.4246 | logit 6.7413 | train_acc 0.90%
[Stage2/Head] ep 17/360 | loss 10.5712 | ce 7.2979 | logit 6.5468 | train_acc 0.92%
[Stage2/Head] ep 18/360 | loss 10.3573 | ce 7.1744 | logit 6.3658 | train_acc 0.90%
[Stage2/Head] ep 19/360 | loss 10.1512 | ce 7.0543 | logit 6.1938 | train_acc 0.90%
[Stage2/Head] ep 20/360 | loss 9.9525 | ce 6.9372 | logit 6.0306 | train_acc 0.90%
[Stage2/Head] ep 21/360 | loss 9.7601 | ce 6.8222 | logit 5.8757 | train_acc 0.90%
[Stage2/Head] ep 22/360 | loss 9.5757 | ce 6.7099 | logit 5.7317 | train_acc 0.92%
[Stage2/Head] ep 23/360 | loss 9.3972 | ce 6.5995 | logit 5.5953 | train_acc 0.90%
[Stage2/Head] ep 24/360 | loss 9.2180 | ce 6.4897 | logit 5.4564 | train_acc 17.20%
[Stage2/Head] ep 25/360 | loss 9.0507 | ce 6.3810 | logit 5.3395 | train_acc 29.70%
[Stage2/Head] ep 26/360 | loss 8.8859 | ce 6.2742 | logit 5.2232 | train_acc 29.70%
[Stage2/Head] ep 27/360 | loss 8.7229 | ce 6.1679 | logit 5.1101 | train_acc 29.70%
[Stage2/Head] ep 28/360 | loss 8.5639 | ce 6.0617 | logit 5.0044 | train_acc 29.70%
[Stage2/Head] ep 29/360 | loss 8.4092 | ce 5.9564 | logit 4.9056 | train_acc 29.70%
[Stage2/Head] ep 30/360 | loss 8.2579 | ce 5.8513 | logit 4.8132 | train_acc 29.70%
[Stage2/Head] ep 31/360 | loss 8.1085 | ce 5.7465 | logit 4.7241 | train_acc 29.70%
[Stage2/Head] ep 32/360 | loss 7.9614 | ce 5.6421 | logit 4.6387 | train_acc 29.70%
[Stage2/Head] ep 33/360 | loss 7.8169 | ce 5.5377 | logit 4.5585 | train_acc 29.70%
[Stage2/Head] ep 34/360 | loss 7.6786 | ce 5.4344 | logit 4.4884 | train_acc 29.70%
[Stage2/Head] ep 35/360 | loss 7.5386 | ce 5.3303 | logit 4.4166 | train_acc 29.70%
[Stage2/Head] ep 36/360 | loss 7.4028 | ce 5.2281 | logit 4.3492 | train_acc 29.70%
[Stage2/Head] ep 37/360 | loss 7.2702 | ce 5.1258 | logit 4.2888 | train_acc 29.70%
[Stage2/Head] ep 38/360 | loss 7.1370 | ce 5.0235 | logit 4.2270 | train_acc 29.70%
[Stage2/Head] ep 39/360 | loss 7.0085 | ce 4.9217 | logit 4.1735 | train_acc 29.70%
[Stage2/Head] ep 40/360 | loss 6.8810 | ce 4.8210 | logit 4.1199 | train_acc 29.70%
[Stage2/Head] ep 41/360 | loss 6.7550 | ce 4.7213 | logit 4.0675 | train_acc 29.70%
[Stage2/Head] ep 42/360 | loss 6.6316 | ce 4.6219 | logit 4.0194 | train_acc 29.70%
[Stage2/Head] ep 43/360 | loss 6.5119 | ce 4.5233 | logit 3.9773 | train_acc 29.70%
[Stage2/Head] ep 44/360 | loss 6.3897 | ce 4.4260 | logit 3.9274 | train_acc 29.70%
[Stage2/Head] ep 45/360 | loss 6.2757 | ce 4.3298 | logit 3.8919 | train_acc 29.70%
[Stage2/Head] ep 46/360 | loss 6.1605 | ce 4.2338 | logit 3.8534 | train_acc 29.70%
[Stage2/Head] ep 47/360 | loss 6.0454 | ce 4.1386 | logit 3.8135 | train_acc 29.70%
[Stage2/Head] ep 48/360 | loss 5.9343 | ce 4.0442 | logit 3.7802 | train_acc 29.70%
[Stage2/Head] ep 49/360 | loss 5.8276 | ce 3.9521 | logit 3.7510 | train_acc 29.70%
[Stage2/Head] ep 50/360 | loss 5.7191 | ce 3.8607 | logit 3.7169 | train_acc 29.70%
[Stage2/Head] ep 51/360 | loss 5.6160 | ce 3.7702 | logit 3.6918 | train_acc 29.70%
[Stage2/Head] ep 52/360 | loss 5.5113 | ce 3.6806 | logit 3.6614 | train_acc 29.70%
[Stage2/Head] ep 53/360 | loss 5.4095 | ce 3.5927 | logit 3.6337 | train_acc 29.70%
[Stage2/Head] ep 54/360 | loss 5.3081 | ce 3.5052 | logit 3.6059 | train_acc 29.70%
[Stage2/Head] ep 55/360 | loss 5.2108 | ce 3.4199 | logit 3.5818 | train_acc 29.70%
[Stage2/Head] ep 56/360 | loss 5.1146 | ce 3.3348 | logit 3.5597 | train_acc 29.70%
[Stage2/Head] ep 57/360 | loss 5.0210 | ce 3.2515 | logit 3.5389 | train_acc 29.70%
[Stage2/Head] ep 58/360 | loss 4.9279 | ce 3.1691 | logit 3.5175 | train_acc 29.70%
[Stage2/Head] ep 59/360 | loss 4.8385 | ce 3.0882 | logit 3.5006 | train_acc 29.70%
[Stage2/Head] ep 60/360 | loss 4.7492 | ce 3.0094 | logit 3.4798 | train_acc 29.70%
[Stage2/Head] ep 61/360 | loss 4.6592 | ce 2.9310 | logit 3.4564 | train_acc 29.70%
[Stage2/Head] ep 62/360 | loss 4.5756 | ce 2.8550 | logit 3.4413 | train_acc 29.70%
[Stage2/Head] ep 63/360 | loss 4.4934 | ce 2.7804 | logit 3.4259 | train_acc 29.70%
[Stage2/Head] ep 64/360 | loss 4.4124 | ce 2.7068 | logit 3.4111 | train_acc 29.70%
[Stage2/Head] ep 65/360 | loss 4.3302 | ce 2.6342 | logit 3.3920 | train_acc 29.70%
[Stage2/Head] ep 66/360 | loss 4.2516 | ce 2.5642 | logit 3.3748 | train_acc 29.70%
[Stage2/Head] ep 67/360 | loss 4.1749 | ce 2.4940 | logit 3.3619 | train_acc 29.70%
[Stage2/Head] ep 68/360 | loss 4.1026 | ce 2.4268 | logit 3.3517 | train_acc 29.70%
[Stage2/Head] ep 69/360 | loss 4.0281 | ce 2.3616 | logit 3.3331 | train_acc 29.70%
[Stage2/Head] ep 70/360 | loss 3.9549 | ce 2.2977 | logit 3.3144 | train_acc 29.70%
[Stage2/Head] ep 71/360 | loss 3.8180 | ce 2.2797 | logit 3.0767 | train_acc 29.70%
[Stage2/Head] ep 72/360 | loss 3.6322 | ce 2.2049 | logit 2.8547 | train_acc 29.70%
[Stage2/Head] ep 73/360 | loss 3.4241 | ce 2.0686 | logit 2.7111 | train_acc 29.70%
[Stage2/Head] ep 74/360 | loss 3.2585 | ce 1.9408 | logit 2.6355 | train_acc 29.70%
[Stage2/Head] ep 75/360 | loss 3.1193 | ce 1.8216 | logit 2.5954 | train_acc 29.70%
[Stage2/Head] ep 76/360 | loss 2.9882 | ce 1.7063 | logit 2.5638 | train_acc 29.70%
[Stage2/Head] ep 77/360 | loss 2.8736 | ce 1.6099 | logit 2.5274 | train_acc 29.70%
[Stage2/Head] ep 78/360 | loss 2.7602 | ce 1.5132 | logit 2.4941 | train_acc 29.70%
[Stage2/Head] ep 79/360 | loss 2.6513 | ce 1.4243 | logit 2.4540 | train_acc 29.70%
[Stage2/Head] ep 80/360 | loss 2.5520 | ce 1.3397 | logit 2.4248 | train_acc 54.08%
[Stage2/Head] ep 81/360 | loss 2.4520 | ce 1.2550 | logit 2.3941 | train_acc 75.97%
[Stage2/Head] ep 82/360 | loss 2.3765 | ce 1.1919 | logit 2.3692 | train_acc 76.00%
[Stage2/Head] ep 83/360 | loss 2.2835 | ce 1.1263 | logit 2.3144 | train_acc 76.15%
[Stage2/Head] ep 84/360 | loss 2.2022 | ce 1.0626 | logit 2.2792 | train_acc 76.60%
[Stage2/Head] ep 85/360 | loss 2.1392 | ce 1.0110 | logit 2.2563 | train_acc 76.70%
[Stage2/Head] ep 86/360 | loss 2.0675 | ce 0.9617 | logit 2.2116 | train_acc 76.45%
[Stage2/Head] ep 87/360 | loss 1.9975 | ce 0.9208 | logit 2.1532 | train_acc 76.87%
[Stage2/Head] ep 88/360 | loss 1.9255 | ce 0.8615 | logit 2.1279 | train_acc 77.02%
[Stage2/Head] ep 89/360 | loss 1.8705 | ce 0.8234 | logit 2.0942 | train_acc 77.02%
[Stage2/Head] ep 90/360 | loss 1.8252 | ce 0.7963 | logit 2.0577 | train_acc 76.95%
[Stage2/Head] ep 91/360 | loss 1.7727 | ce 0.7521 | logit 2.0413 | train_acc 77.35%
[Stage2/Head] ep 92/360 | loss 1.7170 | ce 0.7168 | logit 2.0003 | train_acc 77.32%
[Stage2/Head] ep 93/360 | loss 1.6714 | ce 0.6928 | logit 1.9571 | train_acc 77.33%
[Stage2/Head] ep 94/360 | loss 1.6325 | ce 0.6642 | logit 1.9365 | train_acc 77.55%
[Stage2/Head] ep 95/360 | loss 1.6012 | ce 0.6515 | logit 1.8995 | train_acc 77.05%
[Stage2/Head] ep 96/360 | loss 1.5566 | ce 0.6166 | logit 1.8799 | train_acc 77.28%
[Stage2/Head] ep 97/360 | loss 1.5228 | ce 0.6024 | logit 1.8408 | train_acc 77.37%
[Stage2/Head] ep 98/360 | loss 1.4868 | ce 0.5784 | logit 1.8169 | train_acc 77.45%
[Stage2/Head] ep 99/360 | loss 1.4530 | ce 0.5515 | logit 1.8029 | train_acc 77.45%
[Stage2/Head] ep 100/360 | loss 1.4184 | ce 0.5356 | logit 1.7656 | train_acc 77.72%
[Stage2/Head] ep 101/360 | loss 1.3918 | ce 0.5164 | logit 1.7509 | train_acc 77.70%
[Stage2/Head] ep 102/360 | loss 1.3760 | ce 0.5007 | logit 1.7506 | train_acc 77.77%
[Stage2/Head] ep 103/360 | loss 1.3412 | ce 0.4888 | logit 1.7048 | train_acc 77.80%
[Stage2/Head] ep 104/360 | loss 1.3160 | ce 0.4627 | logit 1.7066 | train_acc 77.88%
[Stage2/Head] ep 105/360 | loss 1.2840 | ce 0.4524 | logit 1.6632 | train_acc 78.02%
[Stage2/Head] ep 106/360 | loss 1.2797 | ce 0.4475 | logit 1.6643 | train_acc 77.57%
[Stage2/Head] ep 107/360 | loss 1.2617 | ce 0.4382 | logit 1.6471 | train_acc 77.53%
[Stage2/Head] ep 108/360 | loss 1.2333 | ce 0.4139 | logit 1.6389 | train_acc 78.03%
[Stage2/Head] ep 109/360 | loss 1.2060 | ce 0.4086 | logit 1.5947 | train_acc 77.92%
[Stage2/Head] ep 110/360 | loss 1.2093 | ce 0.4060 | logit 1.6066 | train_acc 77.78%
[Stage2/Head] ep 111/360 | loss 1.1852 | ce 0.3940 | logit 1.5825 | train_acc 77.82%
[Stage2/Head] ep 112/360 | loss 1.1790 | ce 0.3893 | logit 1.5795 | train_acc 77.78%
[Stage2/Head] ep 113/360 | loss 1.1614 | ce 0.3695 | logit 1.5838 | train_acc 77.88%
[Stage2/Head] ep 114/360 | loss 1.1473 | ce 0.3639 | logit 1.5668 | train_acc 77.83%
[Stage2/Head] ep 115/360 | loss 1.1397 | ce 0.3623 | logit 1.5548 | train_acc 77.88%
[Stage2/Head] ep 116/360 | loss 1.1159 | ce 0.3474 | logit 1.5369 | train_acc 77.88%
[Stage2/Head] ep 117/360 | loss 1.1264 | ce 0.3523 | logit 1.5481 | train_acc 77.57%
[Stage2/Head] ep 118/360 | loss 1.1067 | ce 0.3378 | logit 1.5377 | train_acc 77.87%
[Stage2/Head] ep 119/360 | loss 1.0881 | ce 0.3294 | logit 1.5175 | train_acc 78.12%
[Stage2/Head] ep 120/360 | loss 1.0799 | ce 0.3275 | logit 1.5049 | train_acc 78.07%
[Stage2/Head] ep 121/360 | loss 1.0761 | ce 0.3181 | logit 1.5160 | train_acc 77.93%
[Stage2/Head] ep 122/360 | loss 1.0561 | ce 0.3065 | logit 1.4993 | train_acc 77.87%
[Stage2/Head] ep 123/360 | loss 1.0513 | ce 0.3038 | logit 1.4950 | train_acc 78.10%
[Stage2/Head] ep 124/360 | loss 1.0434 | ce 0.2926 | logit 1.5017 | train_acc 78.05%
[Stage2/Head] ep 125/360 | loss 1.0414 | ce 0.2910 | logit 1.5007 | train_acc 78.18%
[Stage2/Head] ep 126/360 | loss 1.0327 | ce 0.2918 | logit 1.4818 | train_acc 78.08%
[Stage2/Head] ep 127/360 | loss 1.0270 | ce 0.2854 | logit 1.4832 | train_acc 78.10%
[Stage2/Head] ep 128/360 | loss 1.0183 | ce 0.2806 | logit 1.4753 | train_acc 78.22%
[Stage2/Head] ep 129/360 | loss 1.0287 | ce 0.2828 | logit 1.4917 | train_acc 78.12%
[Stage2/Head] ep 130/360 | loss 1.0295 | ce 0.2891 | logit 1.4810 | train_acc 77.80%
[Stage2/Head] ep 131/360 | loss 1.0180 | ce 0.2786 | logit 1.4787 | train_acc 77.97%
[Stage2/Head] ep 132/360 | loss 1.0044 | ce 0.2727 | logit 1.4633 | train_acc 78.00%
[Stage2/Head] ep 133/360 | loss 1.0025 | ce 0.2664 | logit 1.4722 | train_acc 78.00%
[Stage2/Head] ep 134/360 | loss 1.0011 | ce 0.2644 | logit 1.4733 | train_acc 78.05%
[Stage2/Head] ep 135/360 | loss 0.9843 | ce 0.2594 | logit 1.4499 | train_acc 78.02%
[Stage2/Head] ep 136/360 | loss 0.9918 | ce 0.2552 | logit 1.4732 | train_acc 78.02%
[Stage2/Head] ep 137/360 | loss 0.9760 | ce 0.2513 | logit 1.4494 | train_acc 78.05%
[Stage2/Head] ep 138/360 | loss 0.9753 | ce 0.2468 | logit 1.4570 | train_acc 78.07%
[Stage2/Head] ep 139/360 | loss 0.9723 | ce 0.2390 | logit 1.4665 | train_acc 78.17%
[Stage2/Head] ep 140/360 | loss 0.9683 | ce 0.2441 | logit 1.4483 | train_acc 77.87%
[Stage2/Head] ep 141/360 | loss 0.9582 | ce 0.2357 | logit 1.4449 | train_acc 78.20%
[Stage2/Head] ep 142/360 | loss 0.9668 | ce 0.2385 | logit 1.4566 | train_acc 78.30%
[Stage2/Head] ep 143/360 | loss 0.9525 | ce 0.2318 | logit 1.4414 | train_acc 78.20%
[Stage2/Head] ep 144/360 | loss 0.9637 | ce 0.2372 | logit 1.4528 | train_acc 78.13%
[Stage2/Head] ep 145/360 | loss 0.9646 | ce 0.2419 | logit 1.4454 | train_acc 77.88%
[Stage2/Head] ep 146/360 | loss 0.9551 | ce 0.2382 | logit 1.4337 | train_acc 78.00%
[Stage2/Head] ep 147/360 | loss 0.9467 | ce 0.2254 | logit 1.4426 | train_acc 78.32%
[Stage2/Head] ep 148/360 | loss 0.9557 | ce 0.2250 | logit 1.4613 | train_acc 78.03%
[Stage2/Head] ep 149/360 | loss 0.9391 | ce 0.2245 | logit 1.4290 | train_acc 78.10%
[Stage2/Head] ep 150/360 | loss 0.9389 | ce 0.2307 | logit 1.4164 | train_acc 78.13%
[Stage2/Head] ep 151/360 | loss 0.9347 | ce 0.2383 | logit 1.3928 | train_acc 78.25%
[Stage2/Head] ep 152/360 | loss 0.9042 | ce 0.2384 | logit 1.3315 | train_acc 79.08%
[Stage2/Head] ep 153/360 | loss 0.8490 | ce 0.2377 | logit 1.2227 | train_acc 80.43%
[Stage2/Head] ep 154/360 | loss 0.8210 | ce 0.2208 | logit 1.2004 | train_acc 81.00%
[Stage2/Head] ep 155/360 | loss 0.8107 | ce 0.2137 | logit 1.1940 | train_acc 81.17%
[Stage2/Head] ep 156/360 | loss 0.8086 | ce 0.2129 | logit 1.1915 | train_acc 81.37%
[Stage2/Head] ep 157/360 | loss 0.8260 | ce 0.2239 | logit 1.2043 | train_acc 80.78%
[Stage2/Head] ep 158/360 | loss 0.7884 | ce 0.2015 | logit 1.1737 | train_acc 81.03%
[Stage2/Head] ep 159/360 | loss 0.8097 | ce 0.2101 | logit 1.1991 | train_acc 81.17%
[Stage2/Head] ep 160/360 | loss 0.7668 | ce 0.1893 | logit 1.1551 | train_acc 81.85%
[Stage2/Head] ep 161/360 | loss 0.7821 | ce 0.1947 | logit 1.1747 | train_acc 81.85%
[Stage2/Head] ep 162/360 | loss 0.7519 | ce 0.1939 | logit 1.1160 | train_acc 82.10%
[Stage2/Head] ep 163/360 | loss 0.7703 | ce 0.1915 | logit 1.1577 | train_acc 81.85%
[Stage2/Head] ep 164/360 | loss 0.7509 | ce 0.1827 | logit 1.1364 | train_acc 82.07%
[Stage2/Head] ep 165/360 | loss 0.7616 | ce 0.1885 | logit 1.1463 | train_acc 81.92%
[Stage2/Head] ep 166/360 | loss 0.7510 | ce 0.1879 | logit 1.1262 | train_acc 81.83%
[Stage2/Head] ep 167/360 | loss 0.7544 | ce 0.1869 | logit 1.1351 | train_acc 81.77%
[Stage2/Head] ep 168/360 | loss 0.7409 | ce 0.1868 | logit 1.1083 | train_acc 81.95%
[Stage2/Head] ep 169/360 | loss 0.7391 | ce 0.1793 | logit 1.1195 | train_acc 81.95%
[Stage2/Head] ep 170/360 | loss 0.7375 | ce 0.1775 | logit 1.1201 | train_acc 82.18%
[Stage2/Head] ep 171/360 | loss 0.7410 | ce 0.1765 | logit 1.1290 | train_acc 82.42%
[Stage2/Head] ep 172/360 | loss 0.7388 | ce 0.1863 | logit 1.1051 | train_acc 82.12%
[Stage2/Head] ep 173/360 | loss 0.7509 | ce 0.1897 | logit 1.1224 | train_acc 81.40%
[Stage2/Head] ep 174/360 | loss 0.7499 | ce 0.1678 | logit 1.1643 | train_acc 82.43%
[Stage2/Head] ep 175/360 | loss 0.7398 | ce 0.1834 | logit 1.1127 | train_acc 81.75%
[Stage2/Head] ep 176/360 | loss 0.7262 | ce 0.1681 | logit 1.1163 | train_acc 82.03%
[Stage2/Head] ep 177/360 | loss 0.7099 | ce 0.1648 | logit 1.0902 | train_acc 82.48%
[Stage2/Head] ep 178/360 | loss 0.7123 | ce 0.1672 | logit 1.0901 | train_acc 82.72%
[Stage2/Head] ep 179/360 | loss 0.7206 | ce 0.1740 | logit 1.0932 | train_acc 82.35%
[Stage2/Head] ep 180/360 | loss 0.7018 | ce 0.1645 | logit 1.0746 | train_acc 82.73%
[Stage2/Head] ep 181/360 | loss 0.7057 | ce 0.1598 | logit 1.0919 | train_acc 82.65%
[Stage2/Head] ep 182/360 | loss 0.6982 | ce 0.1615 | logit 1.0734 | train_acc 83.05%
[Stage2/Head] ep 183/360 | loss 0.7044 | ce 0.1606 | logit 1.0876 | train_acc 82.73%
[Stage2/Head] ep 184/360 | loss 0.7039 | ce 0.1636 | logit 1.0806 | train_acc 82.50%
[Stage2/Head] ep 185/360 | loss 0.6932 | ce 0.1523 | logit 1.0818 | train_acc 83.32%
[Stage2/Head] ep 186/360 | loss 0.7068 | ce 0.1642 | logit 1.0852 | train_acc 82.73%
[Stage2/Head] ep 187/360 | loss 0.6832 | ce 0.1516 | logit 1.0632 | train_acc 83.03%
[Stage2/Head] ep 188/360 | loss 0.6965 | ce 0.1525 | logit 1.0880 | train_acc 82.85%
[Stage2/Head] ep 189/360 | loss 0.6910 | ce 0.1542 | logit 1.0736 | train_acc 82.53%
[Stage2/Head] ep 190/360 | loss 0.6920 | ce 0.1576 | logit 1.0687 | train_acc 82.60%
[Stage2/Head] ep 191/360 | loss 0.6906 | ce 0.1564 | logit 1.0683 | train_acc 82.90%
[Stage2/Head] ep 192/360 | loss 0.6818 | ce 0.1499 | logit 1.0639 | train_acc 83.12%
[Stage2/Head] ep 193/360 | loss 0.6916 | ce 0.1578 | logit 1.0676 | train_acc 82.87%
[Stage2/Head] ep 194/360 | loss 0.6751 | ce 0.1466 | logit 1.0570 | train_acc 83.15%
[Stage2/Head] ep 195/360 | loss 0.6853 | ce 0.1553 | logit 1.0601 | train_acc 83.05%
[Stage2/Head] ep 196/360 | loss 0.6795 | ce 0.1570 | logit 1.0450 | train_acc 82.85%
[Stage2/Head] ep 197/360 | loss 0.6962 | ce 0.1594 | logit 1.0735 | train_acc 83.13%
[Stage2/Head] ep 198/360 | loss 0.6904 | ce 0.1602 | logit 1.0603 | train_acc 83.00%
[Stage2/Head] ep 199/360 | loss 0.6857 | ce 0.1509 | logit 1.0695 | train_acc 82.95%
[Stage2/Head] ep 200/360 | loss 0.6737 | ce 0.1465 | logit 1.0544 | train_acc 83.07%
[Stage2/Head] ep 201/360 | loss 0.6761 | ce 0.1384 | logit 1.0753 | train_acc 83.02%
[Stage2/Head] ep 202/360 | loss 0.6810 | ce 0.1524 | logit 1.0572 | train_acc 83.12%
[Stage2/Head] ep 203/360 | loss 0.6754 | ce 0.1475 | logit 1.0557 | train_acc 83.27%
[Stage2/Head] ep 204/360 | loss 0.6697 | ce 0.1492 | logit 1.0411 | train_acc 82.83%
[Stage2/Head] ep 205/360 | loss 0.6746 | ce 0.1547 | logit 1.0398 | train_acc 83.32%
[Stage2/Head] ep 206/360 | loss 0.6710 | ce 0.1497 | logit 1.0427 | train_acc 83.58%
[Stage2/Head] ep 207/360 | loss 0.6705 | ce 0.1481 | logit 1.0446 | train_acc 83.43%
[Stage2/Head] ep 208/360 | loss 0.6709 | ce 0.1463 | logit 1.0493 | train_acc 83.33%
[Stage2/Head] ep 209/360 | loss 0.6545 | ce 0.1374 | logit 1.0341 | train_acc 83.50%
[Stage2/Head] ep 210/360 | loss 0.6686 | ce 0.1456 | logit 1.0460 | train_acc 83.15%
[Stage2/Head] ep 211/360 | loss 0.6752 | ce 0.1590 | logit 1.0325 | train_acc 83.07%
[Stage2/Head] ep 212/360 | loss 0.6668 | ce 0.1453 | logit 1.0429 | train_acc 83.52%
[Stage2/Head] ep 213/360 | loss 0.6629 | ce 0.1429 | logit 1.0399 | train_acc 82.97%
[Stage2/Head] ep 214/360 | loss 0.6627 | ce 0.1437 | logit 1.0380 | train_acc 83.57%
[Stage2/Head] ep 215/360 | loss 0.6601 | ce 0.1459 | logit 1.0284 | train_acc 83.35%
[Stage2/Head] ep 216/360 | loss 0.6530 | ce 0.1392 | logit 1.0276 | train_acc 83.32%
[Stage2/Head] ep 217/360 | loss 0.6684 | ce 0.1456 | logit 1.0457 | train_acc 83.38%
[Stage2/Head] ep 218/360 | loss 0.6665 | ce 0.1428 | logit 1.0474 | train_acc 83.32%
[Stage2/Head] ep 219/360 | loss 0.6601 | ce 0.1374 | logit 1.0453 | train_acc 83.12%
[Stage2/Head] ep 220/360 | loss 0.6686 | ce 0.1553 | logit 1.0267 | train_acc 83.20%
[Stage2/Head] ep 221/360 | loss 0.6599 | ce 0.1345 | logit 1.0508 | train_acc 83.48%
[Stage2/Head] ep 222/360 | loss 0.6700 | ce 0.1403 | logit 1.0594 | train_acc 83.20%
[Stage2/Head] ep 223/360 | loss 0.6587 | ce 0.1435 | logit 1.0305 | train_acc 83.47%
[Stage2/Head] ep 224/360 | loss 0.6521 | ce 0.1336 | logit 1.0369 | train_acc 83.63%
[Stage2/Head] ep 225/360 | loss 0.6639 | ce 0.1537 | logit 1.0204 | train_acc 83.18%
[Stage2/Head] ep 226/360 | loss 0.6583 | ce 0.1383 | logit 1.0400 | train_acc 83.40%
[Stage2/Head] ep 227/360 | loss 0.6442 | ce 0.1328 | logit 1.0228 | train_acc 83.38%
[Stage2/Head] ep 228/360 | loss 0.6637 | ce 0.1434 | logit 1.0404 | train_acc 83.23%
[Stage2/Head] ep 229/360 | loss 0.6471 | ce 0.1347 | logit 1.0248 | train_acc 83.38%
[Stage2/Head] ep 230/360 | loss 0.6806 | ce 0.1527 | logit 1.0558 | train_acc 82.45%
[Stage2/Head] ep 231/360 | loss 0.6442 | ce 0.1297 | logit 1.0290 | train_acc 83.50%
[Stage2/Head] ep 232/360 | loss 0.6446 | ce 0.1407 | logit 1.0078 | train_acc 83.80%
[Stage2/Head] ep 233/360 | loss 0.6635 | ce 0.1442 | logit 1.0388 | train_acc 83.02%
[Stage2/Head] ep 234/360 | loss 0.6502 | ce 0.1350 | logit 1.0304 | train_acc 83.70%
[Stage2/Head] ep 235/360 | loss 0.6511 | ce 0.1349 | logit 1.0326 | train_acc 83.62%
[Stage2/Head] ep 236/360 | loss 0.6451 | ce 0.1309 | logit 1.0285 | train_acc 83.63%
[Stage2/Head] ep 237/360 | loss 0.6438 | ce 0.1412 | logit 1.0052 | train_acc 83.72%
[Stage2/Head] ep 238/360 | loss 0.6464 | ce 0.1321 | logit 1.0287 | train_acc 83.55%
[Stage2/Head] ep 239/360 | loss 0.6471 | ce 0.1395 | logit 1.0153 | train_acc 83.42%
[Stage2/Head] ep 240/360 | loss 0.6452 | ce 0.1371 | logit 1.0163 | train_acc 83.57%
[Stage2/Head] ep 241/360 | loss 0.6494 | ce 0.1376 | logit 1.0236 | train_acc 83.70%
[Stage2/Head] ep 242/360 | loss 0.6594 | ce 0.1339 | logit 1.0510 | train_acc 83.32%
[Stage2/Head] ep 243/360 | loss 0.6530 | ce 0.1372 | logit 1.0315 | train_acc 83.47%
[Stage2/Head] ep 244/360 | loss 0.6321 | ce 0.1348 | logit 0.9945 | train_acc 83.78%
[Stage2/Head] ep 245/360 | loss 0.6396 | ce 0.1346 | logit 1.0101 | train_acc 83.65%
[Stage2/Head] ep 246/360 | loss 0.6525 | ce 0.1436 | logit 1.0178 | train_acc 83.63%
[Stage2/Head] ep 247/360 | loss 0.6498 | ce 0.1373 | logit 1.0250 | train_acc 83.28%
[Stage2/Head] ep 248/360 | loss 0.6470 | ce 0.1339 | logit 1.0263 | train_acc 83.65%
[Stage2/Head] ep 249/360 | loss 0.6436 | ce 0.1353 | logit 1.0165 | train_acc 83.45%
[Stage2/Head] ep 250/360 | loss 0.6399 | ce 0.1290 | logit 1.0217 | train_acc 83.60%
[Stage2/Head] ep 251/360 | loss 0.6547 | ce 0.1399 | logit 1.0297 | train_acc 83.28%
[Stage2/Head] ep 252/360 | loss 0.6463 | ce 0.1381 | logit 1.0164 | train_acc 83.45%
[Stage2/Head] ep 253/360 | loss 0.6561 | ce 0.1506 | logit 1.0110 | train_acc 83.38%
[Stage2/Head] ep 254/360 | loss 0.6301 | ce 0.1262 | logit 1.0080 | train_acc 83.83%
[Stage2/Head] ep 255/360 | loss 0.6421 | ce 0.1336 | logit 1.0170 | train_acc 83.53%
[Stage2/Head] ep 256/360 | loss 0.6598 | ce 0.1340 | logit 1.0516 | train_acc 83.55%
[Stage2/Head] ep 257/360 | loss 0.6314 | ce 0.1318 | logit 0.9992 | train_acc 84.28%
[Stage2/Head] ep 258/360 | loss 0.6361 | ce 0.1304 | logit 1.0114 | train_acc 83.85%
[Stage2/Head] ep 259/360 | loss 0.6446 | ce 0.1349 | logit 1.0193 | train_acc 83.70%
[Stage2/Head] ep 260/360 | loss 0.6390 | ce 0.1292 | logit 1.0197 | train_acc 83.72%
[Stage2/Head] ep 261/360 | loss 0.6431 | ce 0.1392 | logit 1.0077 | train_acc 83.45%
[Stage2/Head] ep 262/360 | loss 0.6479 | ce 0.1447 | logit 1.0064 | train_acc 83.43%
[Stage2/Head] ep 263/360 | loss 0.6337 | ce 0.1313 | logit 1.0049 | train_acc 83.90%
[Stage2/Head] ep 264/360 | loss 0.6434 | ce 0.1339 | logit 1.0189 | train_acc 83.60%
[Stage2/Head] ep 265/360 | loss 0.6432 | ce 0.1342 | logit 1.0180 | train_acc 83.68%
[Stage2/Head] ep 266/360 | loss 0.6271 | ce 0.1298 | logit 0.9946 | train_acc 84.15%
[Stage2/Head] ep 267/360 | loss 0.6293 | ce 0.1357 | logit 0.9871 | train_acc 83.95%
[Stage2/Head] ep 268/360 | loss 0.6536 | ce 0.1402 | logit 1.0269 | train_acc 83.67%
[Stage2/Head] ep 269/360 | loss 0.6256 | ce 0.1334 | logit 0.9843 | train_acc 83.98%
[Stage2/Head] ep 270/360 | loss 0.6453 | ce 0.1404 | logit 1.0098 | train_acc 83.75%
[Stage2/Head] ep 271/360 | loss 0.6441 | ce 0.1393 | logit 1.0095 | train_acc 83.55%
[Stage2/Head] ep 272/360 | loss 0.6400 | ce 0.1452 | logit 0.9897 | train_acc 83.88%
[Stage2/Head] ep 273/360 | loss 0.6316 | ce 0.1258 | logit 1.0117 | train_acc 83.90%
[Stage2/Head] ep 274/360 | loss 0.6336 | ce 0.1389 | logit 0.9894 | train_acc 84.00%
[Stage2/Head] ep 275/360 | loss 0.6396 | ce 0.1408 | logit 0.9975 | train_acc 83.32%
[Stage2/Head] ep 276/360 | loss 0.6237 | ce 0.1267 | logit 0.9941 | train_acc 83.93%
[Stage2/Head] ep 277/360 | loss 0.6127 | ce 0.1181 | logit 0.9893 | train_acc 84.17%
[Stage2/Head] ep 278/360 | loss 0.6211 | ce 0.1322 | logit 0.9777 | train_acc 84.23%
[Stage2/Head] ep 279/360 | loss 0.6113 | ce 0.1214 | logit 0.9798 | train_acc 84.18%
[Stage2/Head] ep 280/360 | loss 0.6437 | ce 0.1463 | logit 0.9948 | train_acc 83.42%
[Stage2/Head] ep 281/360 | loss 0.6429 | ce 0.1377 | logit 1.0104 | train_acc 83.77%
[Stage2/Head] ep 282/360 | loss 0.6305 | ce 0.1373 | logit 0.9866 | train_acc 83.97%
[Stage2/Head] ep 283/360 | loss 0.6122 | ce 0.1256 | logit 0.9732 | train_acc 84.25%
[Stage2/Head] ep 284/360 | loss 0.6429 | ce 0.1404 | logit 1.0050 | train_acc 83.70%
[Stage2/Head] ep 285/360 | loss 0.6285 | ce 0.1399 | logit 0.9773 | train_acc 84.05%
[Stage2/Head] ep 286/360 | loss 0.6339 | ce 0.1380 | logit 0.9918 | train_acc 83.68%
[Stage2/Head] ep 287/360 | loss 0.6356 | ce 0.1333 | logit 1.0047 | train_acc 83.65%
[Stage2/Head] ep 288/360 | loss 0.6432 | ce 0.1449 | logit 0.9964 | train_acc 83.87%
[Stage2/Head] ep 289/360 | loss 0.6265 | ce 0.1282 | logit 0.9966 | train_acc 84.02%
[Stage2/Head] ep 290/360 | loss 0.6276 | ce 0.1288 | logit 0.9975 | train_acc 84.13%
[Stage2/Head] ep 291/360 | loss 0.6311 | ce 0.1338 | logit 0.9945 | train_acc 84.08%
[Stage2/Head] ep 292/360 | loss 0.6124 | ce 0.1235 | logit 0.9777 | train_acc 84.15%
[Stage2/Head] ep 293/360 | loss 0.6303 | ce 0.1379 | logit 0.9848 | train_acc 83.67%
[Stage2/Head] ep 294/360 | loss 0.6301 | ce 0.1310 | logit 0.9982 | train_acc 83.73%
[Stage2/Head] ep 295/360 | loss 0.6247 | ce 0.1276 | logit 0.9942 | train_acc 83.85%
[Stage2/Head] ep 296/360 | loss 0.6198 | ce 0.1236 | logit 0.9923 | train_acc 83.95%
[Stage2/Head] ep 297/360 | loss 0.6371 | ce 0.1435 | logit 0.9874 | train_acc 83.35%
[Stage2/Head] ep 298/360 | loss 0.6257 | ce 0.1291 | logit 0.9931 | train_acc 83.75%
[Stage2/Head] ep 299/360 | loss 0.6248 | ce 0.1352 | logit 0.9792 | train_acc 83.58%
[Stage2/Head] ep 300/360 | loss 0.6277 | ce 0.1411 | logit 0.9731 | train_acc 83.85%
[Stage2/Head] ep 301/360 | loss 0.6289 | ce 0.1317 | logit 0.9943 | train_acc 84.07%
[Stage2/Head] ep 302/360 | loss 0.6344 | ce 0.1416 | logit 0.9856 | train_acc 83.98%
[Stage2/Head] ep 303/360 | loss 0.6203 | ce 0.1310 | logit 0.9786 | train_acc 84.12%
[Stage2/Head] ep 304/360 | loss 0.6144 | ce 0.1236 | logit 0.9816 | train_acc 83.87%
[Stage2/Head] ep 305/360 | loss 0.6518 | ce 0.1522 | logit 0.9992 | train_acc 83.75%
[Stage2/Head] ep 306/360 | loss 0.6281 | ce 0.1334 | logit 0.9894 | train_acc 83.58%
[Stage2/Head] ep 307/360 | loss 0.6038 | ce 0.1155 | logit 0.9765 | train_acc 84.40%
[Stage2/Head] ep 308/360 | loss 0.6171 | ce 0.1383 | logit 0.9577 | train_acc 84.12%
[Stage2/Head] ep 309/360 | loss 0.6255 | ce 0.1384 | logit 0.9741 | train_acc 83.72%
[Stage2/Head] ep 310/360 | loss 0.6244 | ce 0.1347 | logit 0.9793 | train_acc 83.93%
[Stage2/Head] ep 311/360 | loss 0.6252 | ce 0.1378 | logit 0.9750 | train_acc 84.00%
[Stage2/Head] ep 312/360 | loss 0.6316 | ce 0.1354 | logit 0.9924 | train_acc 83.98%
[Stage2/Head] ep 313/360 | loss 0.6221 | ce 0.1318 | logit 0.9806 | train_acc 84.38%
[Stage2/Head] ep 314/360 | loss 0.6121 | ce 0.1363 | logit 0.9517 | train_acc 84.62%
[Stage2/Head] ep 315/360 | loss 0.6169 | ce 0.1348 | logit 0.9641 | train_acc 84.23%
[Stage2/Head] ep 316/360 | loss 0.6137 | ce 0.1264 | logit 0.9746 | train_acc 83.85%
[Stage2/Head] ep 317/360 | loss 0.6140 | ce 0.1282 | logit 0.9715 | train_acc 84.27%
[Stage2/Head] ep 318/360 | loss 0.6094 | ce 0.1278 | logit 0.9632 | train_acc 84.23%
[Stage2/Head] ep 319/360 | loss 0.6132 | ce 0.1253 | logit 0.9758 | train_acc 84.07%
[Stage2/Head] ep 320/360 | loss 0.6405 | ce 0.1370 | logit 1.0069 | train_acc 84.03%
[Stage2/Head] ep 321/360 | loss 0.6322 | ce 0.1423 | logit 0.9798 | train_acc 83.73%
[Stage2/Head] ep 322/360 | loss 0.6117 | ce 0.1317 | logit 0.9600 | train_acc 84.22%
[Stage2/Head] ep 323/360 | loss 0.6240 | ce 0.1381 | logit 0.9718 | train_acc 83.95%
[Stage2/Head] ep 324/360 | loss 0.6309 | ce 0.1326 | logit 0.9966 | train_acc 84.30%
[Stage2/Head] ep 325/360 | loss 0.6849 | ce 0.1502 | logit 1.0693 | train_acc 82.95%
[Stage2/Head] ep 326/360 | loss 0.6240 | ce 0.1308 | logit 0.9865 | train_acc 83.88%
[Stage2/Head] ep 327/360 | loss 0.6266 | ce 0.1396 | logit 0.9740 | train_acc 83.97%
[Stage2/Head] ep 328/360 | loss 0.6180 | ce 0.1265 | logit 0.9829 | train_acc 84.22%
[Stage2/Head] ep 329/360 | loss 0.6198 | ce 0.1309 | logit 0.9778 | train_acc 83.95%
[Stage2/Head] ep 330/360 | loss 0.6134 | ce 0.1346 | logit 0.9575 | train_acc 84.27%
[Stage2/Head] ep 331/360 | loss 0.6111 | ce 0.1256 | logit 0.9711 | train_acc 83.50%
[Stage2/Head] ep 332/360 | loss 0.6161 | ce 0.1416 | logit 0.9489 | train_acc 84.22%
[Stage2/Head] ep 333/360 | loss 0.6192 | ce 0.1286 | logit 0.9813 | train_acc 84.27%
[Stage2/Head] ep 334/360 | loss 0.6324 | ce 0.1418 | logit 0.9812 | train_acc 83.97%
[Stage2/Head] ep 335/360 | loss 0.5997 | ce 0.1246 | logit 0.9502 | train_acc 84.05%
[Stage2/Head] ep 336/360 | loss 0.6072 | ce 0.1257 | logit 0.9631 | train_acc 84.10%
[Stage2/Head] ep 337/360 | loss 0.5932 | ce 0.1168 | logit 0.9528 | train_acc 84.47%
[Stage2/Head] ep 338/360 | loss 0.6178 | ce 0.1335 | logit 0.9686 | train_acc 83.90%
[Stage2/Head] ep 339/360 | loss 0.6154 | ce 0.1213 | logit 0.9881 | train_acc 84.13%
[Stage2/Head] ep 340/360 | loss 0.6086 | ce 0.1353 | logit 0.9465 | train_acc 84.18%
[Stage2/Head] ep 341/360 | loss 0.6009 | ce 0.1252 | logit 0.9513 | train_acc 84.35%
[Stage2/Head] ep 342/360 | loss 0.6262 | ce 0.1374 | logit 0.9777 | train_acc 84.18%
[Stage2/Head] ep 343/360 | loss 0.6081 | ce 0.1262 | logit 0.9637 | train_acc 84.20%
[Stage2/Head] ep 344/360 | loss 0.6361 | ce 0.1466 | logit 0.9791 | train_acc 84.15%
[Stage2/Head] ep 345/360 | loss 0.6055 | ce 0.1344 | logit 0.9420 | train_acc 83.92%
[Stage2/Head] ep 346/360 | loss 0.6152 | ce 0.1239 | logit 0.9826 | train_acc 84.15%
[Stage2/Head] ep 347/360 | loss 0.6060 | ce 0.1250 | logit 0.9620 | train_acc 84.18%
[Stage2/Head] ep 348/360 | loss 0.6177 | ce 0.1358 | logit 0.9638 | train_acc 84.45%
[Stage2/Head] ep 349/360 | loss 0.6288 | ce 0.1404 | logit 0.9769 | train_acc 83.92%
[Stage2/Head] ep 350/360 | loss 0.6067 | ce 0.1288 | logit 0.9558 | train_acc 83.87%
[Stage2/Head] ep 351/360 | loss 0.6008 | ce 0.1256 | logit 0.9504 | train_acc 84.35%
[Stage2/Head] ep 352/360 | loss 0.6026 | ce 0.1202 | logit 0.9648 | train_acc 84.20%
[Stage2/Head] ep 353/360 | loss 0.6013 | ce 0.1231 | logit 0.9565 | train_acc 84.08%
[Stage2/Head] ep 354/360 | loss 0.5884 | ce 0.1144 | logit 0.9480 | train_acc 84.25%
[Stage2/Head] ep 355/360 | loss 0.6204 | ce 0.1362 | logit 0.9684 | train_acc 83.93%
[Stage2/Head] ep 356/360 | loss 0.5992 | ce 0.1209 | logit 0.9565 | train_acc 84.52%
[Stage2/Head] ep 357/360 | loss 0.6223 | ce 0.1424 | logit 0.9598 | train_acc 84.00%
[Stage2/Head] ep 358/360 | loss 0.6094 | ce 0.1290 | logit 0.9608 | train_acc 84.28%
[Stage2/Head] ep 359/360 | loss 0.6092 | ce 0.1241 | logit 0.9703 | train_acc 84.05%
[Stage2/Head] ep 360/360 | loss 0.6149 | ce 0.1372 | logit 0.9554 | train_acc 83.88%
[Task 3] Training done in 17.28 min.
[Task 3] Test (on new class only) -> ce_loss: 0.0701, acc: 98.54%, rec_loss: 13.3116
  - Filtering train: keep top 95.0% per class based on returned scores.
[Task 3] Wrote CSVs to: ./runs_mnist_continual/run_20260226_113825/task3
Accuracies on seen tasks:
  Task 0 [0,1,2,3,4]: 0.00%
  Task 1 [5]: 55.27%
  Task 2 [6]: 96.35%
  Task 3 [7]: 98.54%
Mean over seen tasks (0..3): 62.54%
[Task 3] Skipping GP training and Rscript execution as per --skip_GP flag.
[Task 3] Loaded from R CSV: 4000 rows, f_size=16
[Task 3] Decoded images: torch.Size([4000, 1, 28, 28]) -> recovered dataset size 4000
[Task 3] Augmenting Task 4 training set with 4000 recovered samples.
/home/lhalice/miniconda3/envs/NNGP/lib/python3.12/site-packages/torch/utils/data/dataloader.py:627: UserWarning: This DataLoader will create 2 worker processes in total. Our suggested max number of worker in current system is 1, which is smaller than what this DataLoader is going to create. Please be aware that excessive worker creation might get DataLoader running slow or even freeze, lower the worker number to avoid potential slowness/freeze if necessary.
  warnings.warn(

================================================================================
Starting Task 4: digits [8]
Training samples size: 7000
================================================================================
[Stage1/AE] ep 1/480 | loss 0.4457 | rec 0.0521 | feat 0.3936 | train_acc 44.10%
[Stage1/AE] ep 2/480 | loss 0.4008 | rec 0.0431 | feat 0.3578 | train_acc 42.69%
[Stage1/AE] ep 3/480 | loss 0.3754 | rec 0.0412 | feat 0.3342 | train_acc 41.91%
[Stage1/AE] ep 4/480 | loss 0.3625 | rec 0.0405 | feat 0.3221 | train_acc 41.79%
[Stage1/AE] ep 5/480 | loss 0.3567 | rec 0.0400 | feat 0.3167 | train_acc 41.97%
[Stage1/AE] ep 6/480 | loss 0.3391 | rec 0.0394 | feat 0.2998 | train_acc 42.19%
[Stage1/AE] ep 7/480 | loss 0.3395 | rec 0.0392 | feat 0.3003 | train_acc 41.79%
[Stage1/AE] ep 8/480 | loss 0.3319 | rec 0.0389 | feat 0.2930 | train_acc 41.59%
[Stage1/AE] ep 9/480 | loss 0.3274 | rec 0.0386 | feat 0.2888 | train_acc 41.77%
[Stage1/AE] ep 10/480 | loss 0.3237 | rec 0.0384 | feat 0.2853 | train_acc 41.67%
[Stage1/AE] ep 11/480 | loss 0.3144 | rec 0.0381 | feat 0.2763 | train_acc 41.51%
[Stage1/AE] ep 12/480 | loss 0.3161 | rec 0.0380 | feat 0.2781 | train_acc 41.70%
[Stage1/AE] ep 13/480 | loss 0.3135 | rec 0.0379 | feat 0.2756 | train_acc 41.93%
[Stage1/AE] ep 14/480 | loss 0.3096 | rec 0.0377 | feat 0.2719 | train_acc 41.16%
[Stage1/AE] ep 15/480 | loss 0.3042 | rec 0.0377 | feat 0.2665 | train_acc 41.69%
[Stage1/AE] ep 16/480 | loss 0.3036 | rec 0.0376 | feat 0.2659 | train_acc 41.81%
[Stage1/AE] ep 17/480 | loss 0.3041 | rec 0.0374 | feat 0.2666 | train_acc 41.69%
[Stage1/AE] ep 18/480 | loss 0.2972 | rec 0.0372 | feat 0.2599 | train_acc 41.77%
[Stage1/AE] ep 19/480 | loss 0.2975 | rec 0.0372 | feat 0.2604 | train_acc 41.67%
[Stage1/AE] ep 20/480 | loss 0.2994 | rec 0.0370 | feat 0.2624 | train_acc 41.26%
[Stage1/AE] ep 21/480 | loss 0.2930 | rec 0.0371 | feat 0.2559 | train_acc 41.74%
[Stage1/AE] ep 22/480 | loss 0.3012 | rec 0.0370 | feat 0.2642 | train_acc 42.20%
[Stage1/AE] ep 23/480 | loss 0.2946 | rec 0.0369 | feat 0.2576 | train_acc 41.20%
[Stage1/AE] ep 24/480 | loss 0.2913 | rec 0.0368 | feat 0.2545 | train_acc 41.67%
[Stage1/AE] ep 25/480 | loss 0.2908 | rec 0.0367 | feat 0.2541 | train_acc 41.50%
[Stage1/AE] ep 26/480 | loss 0.2904 | rec 0.0367 | feat 0.2538 | train_acc 41.70%
[Stage1/AE] ep 27/480 | loss 0.2884 | rec 0.0365 | feat 0.2518 | train_acc 41.84%
[Stage1/AE] ep 28/480 | loss 0.2917 | rec 0.0367 | feat 0.2550 | train_acc 41.51%
[Stage1/AE] ep 29/480 | loss 0.2900 | rec 0.0366 | feat 0.2534 | train_acc 41.79%
[Stage1/AE] ep 30/480 | loss 0.2835 | rec 0.0366 | feat 0.2469 | train_acc 41.83%
[Stage1/AE] ep 31/480 | loss 0.2824 | rec 0.0366 | feat 0.2458 | train_acc 42.03%
[Stage1/AE] ep 32/480 | loss 0.2836 | rec 0.0364 | feat 0.2472 | train_acc 41.90%
[Stage1/AE] ep 33/480 | loss 0.2794 | rec 0.0364 | feat 0.2430 | train_acc 41.54%
[Stage1/AE] ep 34/480 | loss 0.2866 | rec 0.0362 | feat 0.2504 | train_acc 41.84%
[Stage1/AE] ep 35/480 | loss 0.2841 | rec 0.0363 | feat 0.2478 | train_acc 41.60%
[Stage1/AE] ep 36/480 | loss 0.2809 | rec 0.0361 | feat 0.2448 | train_acc 41.53%
[Stage1/AE] ep 37/480 | loss 0.2858 | rec 0.0360 | feat 0.2497 | train_acc 41.80%
[Stage1/AE] ep 38/480 | loss 0.2799 | rec 0.0362 | feat 0.2437 | train_acc 41.74%
[Stage1/AE] ep 39/480 | loss 0.2812 | rec 0.0362 | feat 0.2450 | train_acc 42.21%
[Stage1/AE] ep 40/480 | loss 0.2792 | rec 0.0360 | feat 0.2433 | train_acc 41.53%
[Stage1/AE] ep 41/480 | loss 0.2790 | rec 0.0360 | feat 0.2430 | train_acc 42.04%
[Stage1/AE] ep 42/480 | loss 0.2804 | rec 0.0358 | feat 0.2446 | train_acc 41.54%
[Stage1/AE] ep 43/480 | loss 0.2742 | rec 0.0360 | feat 0.2382 | train_acc 42.10%
[Stage1/AE] ep 44/480 | loss 0.2730 | rec 0.0359 | feat 0.2372 | train_acc 41.76%
[Stage1/AE] ep 45/480 | loss 0.2749 | rec 0.0359 | feat 0.2391 | train_acc 41.67%
[Stage1/AE] ep 46/480 | loss 0.2767 | rec 0.0358 | feat 0.2408 | train_acc 41.66%
[Stage1/AE] ep 47/480 | loss 0.2786 | rec 0.0358 | feat 0.2429 | train_acc 41.94%
[Stage1/AE] ep 48/480 | loss 0.2787 | rec 0.0357 | feat 0.2430 | train_acc 41.56%
[Stage1/AE] ep 49/480 | loss 0.2749 | rec 0.0357 | feat 0.2392 | train_acc 42.06%
[Stage1/AE] ep 50/480 | loss 0.2764 | rec 0.0358 | feat 0.2406 | train_acc 41.97%
[Stage1/AE] ep 51/480 | loss 0.2748 | rec 0.0356 | feat 0.2392 | train_acc 41.71%
[Stage1/AE] ep 52/480 | loss 0.2788 | rec 0.0358 | feat 0.2430 | train_acc 42.34%
[Stage1/AE] ep 53/480 | loss 0.2716 | rec 0.0357 | feat 0.2359 | train_acc 41.83%
[Stage1/AE] ep 54/480 | loss 0.2768 | rec 0.0355 | feat 0.2413 | train_acc 42.11%
[Stage1/AE] ep 55/480 | loss 0.2700 | rec 0.0354 | feat 0.2346 | train_acc 41.61%
[Stage1/AE] ep 56/480 | loss 0.2775 | rec 0.0356 | feat 0.2419 | train_acc 42.20%
[Stage1/AE] ep 57/480 | loss 0.2668 | rec 0.0355 | feat 0.2313 | train_acc 42.19%
[Stage1/AE] ep 58/480 | loss 0.2689 | rec 0.0355 | feat 0.2335 | train_acc 41.87%
[Stage1/AE] ep 59/480 | loss 0.2676 | rec 0.0353 | feat 0.2323 | train_acc 41.60%
[Stage1/AE] ep 60/480 | loss 0.2696 | rec 0.0353 | feat 0.2343 | train_acc 42.30%
[Stage1/AE] ep 61/480 | loss 0.2671 | rec 0.0354 | feat 0.2317 | train_acc 42.07%
[Stage1/AE] ep 62/480 | loss 0.2669 | rec 0.0353 | feat 0.2317 | train_acc 41.94%
[Stage1/AE] ep 63/480 | loss 0.2655 | rec 0.0353 | feat 0.2301 | train_acc 41.70%
[Stage1/AE] ep 64/480 | loss 0.2643 | rec 0.0352 | feat 0.2290 | train_acc 41.89%
[Stage1/AE] ep 65/480 | loss 0.2687 | rec 0.0354 | feat 0.2333 | train_acc 42.21%
[Stage1/AE] ep 66/480 | loss 0.2688 | rec 0.0351 | feat 0.2337 | train_acc 42.16%
[Stage1/AE] ep 67/480 | loss 0.2709 | rec 0.0354 | feat 0.2356 | train_acc 42.56%
[Stage1/AE] ep 68/480 | loss 0.2632 | rec 0.0352 | feat 0.2280 | train_acc 42.04%
[Stage1/AE] ep 69/480 | loss 0.2623 | rec 0.0351 | feat 0.2272 | train_acc 41.69%
[Stage1/AE] ep 70/480 | loss 0.2666 | rec 0.0353 | feat 0.2313 | train_acc 42.09%
[Stage1/AE] ep 71/480 | loss 0.2659 | rec 0.0353 | feat 0.2306 | train_acc 42.41%
[Stage1/AE] ep 72/480 | loss 0.2640 | rec 0.0351 | feat 0.2289 | train_acc 42.29%
[Stage1/AE] ep 73/480 | loss 0.2651 | rec 0.0352 | feat 0.2299 | train_acc 41.80%
[Stage1/AE] ep 74/480 | loss 0.2569 | rec 0.0352 | feat 0.2217 | train_acc 42.30%
[Stage1/AE] ep 75/480 | loss 0.2602 | rec 0.0351 | feat 0.2251 | train_acc 42.09%
[Stage1/AE] ep 76/480 | loss 0.2589 | rec 0.0350 | feat 0.2239 | train_acc 42.09%
[Stage1/AE] ep 77/480 | loss 0.2656 | rec 0.0350 | feat 0.2306 | train_acc 42.20%
[Stage1/AE] ep 78/480 | loss 0.2625 | rec 0.0350 | feat 0.2275 | train_acc 41.97%
[Stage1/AE] ep 79/480 | loss 0.2629 | rec 0.0351 | feat 0.2278 | train_acc 42.57%
[Stage1/AE] ep 80/480 | loss 0.2688 | rec 0.0349 | feat 0.2339 | train_acc 41.86%
[Stage1/AE] ep 81/480 | loss 0.2567 | rec 0.0348 | feat 0.2218 | train_acc 41.96%
[Stage1/AE] ep 82/480 | loss 0.2579 | rec 0.0348 | feat 0.2231 | train_acc 41.89%
[Stage1/AE] ep 83/480 | loss 0.2571 | rec 0.0349 | feat 0.2222 | train_acc 42.09%
[Stage1/AE] ep 84/480 | loss 0.2626 | rec 0.0349 | feat 0.2277 | train_acc 42.01%
[Stage1/AE] ep 85/480 | loss 0.2575 | rec 0.0349 | feat 0.2226 | train_acc 42.34%
[Stage1/AE] ep 86/480 | loss 0.2571 | rec 0.0348 | feat 0.2223 | train_acc 42.16%
[Stage1/AE] ep 87/480 | loss 0.2634 | rec 0.0349 | feat 0.2284 | train_acc 41.94%
[Stage1/AE] ep 88/480 | loss 0.2580 | rec 0.0349 | feat 0.2231 | train_acc 42.24%
[Stage1/AE] ep 89/480 | loss 0.2635 | rec 0.0349 | feat 0.2286 | train_acc 42.11%
[Stage1/AE] ep 90/480 | loss 0.2585 | rec 0.0348 | feat 0.2237 | train_acc 42.04%
[Stage1/AE] ep 91/480 | loss 0.2579 | rec 0.0350 | feat 0.2229 | train_acc 41.96%
[Stage1/AE] ep 92/480 | loss 0.2562 | rec 0.0348 | feat 0.2214 | train_acc 42.00%
[Stage1/AE] ep 93/480 | loss 0.2646 | rec 0.0346 | feat 0.2300 | train_acc 41.83%
[Stage1/AE] ep 94/480 | loss 0.2611 | rec 0.0347 | feat 0.2264 | train_acc 42.01%
[Stage1/AE] ep 95/480 | loss 0.2582 | rec 0.0347 | feat 0.2235 | train_acc 41.91%
[Stage1/AE] ep 96/480 | loss 0.2624 | rec 0.0345 | feat 0.2280 | train_acc 42.61%
[Stage1/AE] ep 97/480 | loss 0.2543 | rec 0.0346 | feat 0.2197 | train_acc 42.14%
[Stage1/AE] ep 98/480 | loss 0.2554 | rec 0.0347 | feat 0.2207 | train_acc 42.34%
[Stage1/AE] ep 99/480 | loss 0.2512 | rec 0.0348 | feat 0.2164 | train_acc 42.21%
[Stage1/AE] ep 100/480 | loss 0.2595 | rec 0.0344 | feat 0.2251 | train_acc 42.00%
[Stage1/AE] ep 101/480 | loss 0.2567 | rec 0.0343 | feat 0.2224 | train_acc 41.77%
[Stage1/AE] ep 102/480 | loss 0.2644 | rec 0.0346 | feat 0.2298 | train_acc 42.04%
[Stage1/AE] ep 103/480 | loss 0.2507 | rec 0.0346 | feat 0.2161 | train_acc 42.16%
[Stage1/AE] ep 104/480 | loss 0.2546 | rec 0.0346 | feat 0.2200 | train_acc 42.09%
[Stage1/AE] ep 105/480 | loss 0.2535 | rec 0.0344 | feat 0.2191 | train_acc 42.24%
[Stage1/AE] ep 106/480 | loss 0.2527 | rec 0.0345 | feat 0.2182 | train_acc 41.93%
[Stage1/AE] ep 107/480 | loss 0.2584 | rec 0.0344 | feat 0.2240 | train_acc 42.39%
[Stage1/AE] ep 108/480 | loss 0.2502 | rec 0.0346 | feat 0.2157 | train_acc 42.26%
[Stage1/AE] ep 109/480 | loss 0.2558 | rec 0.0344 | feat 0.2214 | train_acc 41.93%
[Stage1/AE] ep 110/480 | loss 0.2577 | rec 0.0344 | feat 0.2232 | train_acc 41.61%
[Stage1/AE] ep 111/480 | loss 0.2543 | rec 0.0347 | feat 0.2197 | train_acc 42.01%
[Stage1/AE] ep 112/480 | loss 0.2458 | rec 0.0345 | feat 0.2113 | train_acc 42.16%
[Stage1/AE] ep 113/480 | loss 0.2546 | rec 0.0344 | feat 0.2202 | train_acc 42.41%
[Stage1/AE] ep 114/480 | loss 0.2488 | rec 0.0346 | feat 0.2143 | train_acc 41.86%
[Stage1/AE] ep 115/480 | loss 0.2541 | rec 0.0347 | feat 0.2195 | train_acc 41.74%
[Stage1/AE] ep 116/480 | loss 0.2503 | rec 0.0343 | feat 0.2160 | train_acc 42.17%
[Stage1/AE] ep 117/480 | loss 0.2511 | rec 0.0344 | feat 0.2167 | train_acc 42.77%
[Stage1/AE] ep 118/480 | loss 0.2492 | rec 0.0345 | feat 0.2147 | train_acc 42.21%
[Stage1/AE] ep 119/480 | loss 0.2473 | rec 0.0344 | feat 0.2130 | train_acc 42.16%
[Stage1/AE] ep 120/480 | loss 0.2496 | rec 0.0343 | feat 0.2153 | train_acc 41.96%
[Stage1/AE] ep 121/480 | loss 0.2551 | rec 0.0344 | feat 0.2207 | train_acc 41.89%
[Stage1/AE] ep 122/480 | loss 0.2563 | rec 0.0345 | feat 0.2219 | train_acc 42.09%
[Stage1/AE] ep 123/480 | loss 0.2531 | rec 0.0344 | feat 0.2188 | train_acc 42.00%
[Stage1/AE] ep 124/480 | loss 0.2556 | rec 0.0343 | feat 0.2214 | train_acc 42.23%
[Stage1/AE] ep 125/480 | loss 0.2504 | rec 0.0343 | feat 0.2161 | train_acc 41.91%
[Stage1/AE] ep 126/480 | loss 0.2480 | rec 0.0342 | feat 0.2138 | train_acc 42.34%
[Stage1/AE] ep 127/480 | loss 0.2490 | rec 0.0342 | feat 0.2148 | train_acc 42.46%
[Stage1/AE] ep 128/480 | loss 0.2475 | rec 0.0342 | feat 0.2133 | train_acc 41.90%
[Stage1/AE] ep 129/480 | loss 0.2500 | rec 0.0342 | feat 0.2158 | train_acc 42.33%
[Stage1/AE] ep 130/480 | loss 0.2528 | rec 0.0343 | feat 0.2186 | train_acc 42.34%
[Stage1/AE] ep 131/480 | loss 0.2514 | rec 0.0341 | feat 0.2174 | train_acc 42.40%
[Stage1/AE] ep 132/480 | loss 0.2463 | rec 0.0341 | feat 0.2121 | train_acc 42.29%
[Stage1/AE] ep 133/480 | loss 0.2433 | rec 0.0341 | feat 0.2092 | train_acc 42.09%
[Stage1/AE] ep 134/480 | loss 0.2494 | rec 0.0341 | feat 0.2153 | train_acc 42.04%
[Stage1/AE] ep 135/480 | loss 0.2521 | rec 0.0341 | feat 0.2180 | train_acc 42.21%
[Stage1/AE] ep 136/480 | loss 0.2484 | rec 0.0341 | feat 0.2143 | train_acc 42.51%
[Stage1/AE] ep 137/480 | loss 0.2471 | rec 0.0340 | feat 0.2132 | train_acc 42.47%
[Stage1/AE] ep 138/480 | loss 0.2480 | rec 0.0343 | feat 0.2137 | train_acc 42.03%
[Stage1/AE] ep 139/480 | loss 0.2534 | rec 0.0342 | feat 0.2192 | train_acc 42.16%
[Stage1/AE] ep 140/480 | loss 0.2462 | rec 0.0342 | feat 0.2120 | train_acc 42.11%
[Stage1/AE] ep 141/480 | loss 0.2427 | rec 0.0342 | feat 0.2085 | train_acc 42.69%
[Stage1/AE] ep 142/480 | loss 0.2456 | rec 0.0342 | feat 0.2114 | train_acc 42.14%
[Stage1/AE] ep 143/480 | loss 0.2526 | rec 0.0341 | feat 0.2185 | train_acc 41.91%
[Stage1/AE] ep 144/480 | loss 0.2450 | rec 0.0340 | feat 0.2110 | train_acc 42.40%
[Stage1/AE] ep 145/480 | loss 0.2548 | rec 0.0342 | feat 0.2207 | train_acc 42.03%
[Stage1/AE] ep 146/480 | loss 0.2510 | rec 0.0341 | feat 0.2169 | train_acc 41.93%
[Stage1/AE] ep 147/480 | loss 0.2451 | rec 0.0339 | feat 0.2112 | train_acc 42.59%
[Stage1/AE] ep 148/480 | loss 0.2429 | rec 0.0339 | feat 0.2090 | train_acc 42.13%
[Stage1/AE] ep 149/480 | loss 0.2444 | rec 0.0340 | feat 0.2105 | train_acc 42.26%
[Stage1/AE] ep 150/480 | loss 0.2401 | rec 0.0340 | feat 0.2062 | train_acc 42.33%
[Stage1/AE] ep 151/480 | loss 0.2417 | rec 0.0341 | feat 0.2077 | train_acc 42.26%
[Stage1/AE] ep 152/480 | loss 0.2439 | rec 0.0340 | feat 0.2098 | train_acc 41.70%
[Stage1/AE] ep 153/480 | loss 0.2409 | rec 0.0340 | feat 0.2069 | train_acc 42.19%
[Stage1/AE] ep 154/480 | loss 0.2452 | rec 0.0339 | feat 0.2113 | train_acc 42.24%
[Stage1/AE] ep 155/480 | loss 0.2410 | rec 0.0339 | feat 0.2071 | train_acc 42.30%
[Stage1/AE] ep 156/480 | loss 0.2451 | rec 0.0339 | feat 0.2112 | train_acc 42.27%
[Stage1/AE] ep 157/480 | loss 0.2473 | rec 0.0339 | feat 0.2134 | train_acc 42.27%
[Stage1/AE] ep 158/480 | loss 0.2457 | rec 0.0339 | feat 0.2118 | train_acc 41.97%
[Stage1/AE] ep 159/480 | loss 0.2444 | rec 0.0339 | feat 0.2104 | train_acc 42.16%
[Stage1/AE] ep 160/480 | loss 0.2408 | rec 0.0340 | feat 0.2068 | train_acc 42.07%
[Stage1/AE] ep 161/480 | loss 0.2376 | rec 0.0339 | feat 0.2037 | train_acc 42.06%
[Stage1/AE] ep 162/480 | loss 0.2436 | rec 0.0338 | feat 0.2098 | train_acc 41.94%
[Stage1/AE] ep 163/480 | loss 0.2389 | rec 0.0338 | feat 0.2051 | train_acc 42.26%
[Stage1/AE] ep 164/480 | loss 0.2380 | rec 0.0338 | feat 0.2042 | train_acc 42.46%
[Stage1/AE] ep 165/480 | loss 0.2400 | rec 0.0339 | feat 0.2061 | train_acc 42.60%
[Stage1/AE] ep 166/480 | loss 0.2389 | rec 0.0338 | feat 0.2051 | train_acc 41.59%
[Stage1/AE] ep 167/480 | loss 0.2451 | rec 0.0337 | feat 0.2113 | train_acc 42.20%
[Stage1/AE] ep 168/480 | loss 0.2421 | rec 0.0338 | feat 0.2083 | train_acc 42.66%
[Stage1/AE] ep 169/480 | loss 0.2423 | rec 0.0339 | feat 0.2084 | train_acc 42.27%
[Stage1/AE] ep 170/480 | loss 0.2379 | rec 0.0338 | feat 0.2041 | train_acc 42.10%
[Stage1/AE] ep 171/480 | loss 0.2334 | rec 0.0338 | feat 0.1995 | train_acc 42.20%
[Stage1/AE] ep 172/480 | loss 0.2390 | rec 0.0337 | feat 0.2053 | train_acc 42.53%
[Stage1/AE] ep 173/480 | loss 0.2399 | rec 0.0338 | feat 0.2060 | train_acc 42.00%
[Stage1/AE] ep 174/480 | loss 0.2431 | rec 0.0339 | feat 0.2092 | train_acc 41.86%
[Stage1/AE] ep 175/480 | loss 0.2438 | rec 0.0338 | feat 0.2100 | train_acc 42.11%
[Stage1/AE] ep 176/480 | loss 0.2396 | rec 0.0338 | feat 0.2058 | train_acc 42.09%
[Stage1/AE] ep 177/480 | loss 0.2387 | rec 0.0338 | feat 0.2050 | train_acc 42.39%
[Stage1/AE] ep 178/480 | loss 0.2399 | rec 0.0338 | feat 0.2061 | train_acc 42.06%
[Stage1/AE] ep 179/480 | loss 0.2348 | rec 0.0337 | feat 0.2011 | train_acc 42.20%
[Stage1/AE] ep 180/480 | loss 0.2374 | rec 0.0338 | feat 0.2036 | train_acc 42.10%
[Stage1/AE] ep 181/480 | loss 0.2455 | rec 0.0338 | feat 0.2117 | train_acc 42.00%
[Stage1/AE] ep 182/480 | loss 0.2349 | rec 0.0338 | feat 0.2011 | train_acc 42.11%
[Stage1/AE] ep 183/480 | loss 0.2392 | rec 0.0338 | feat 0.2054 | train_acc 42.14%
[Stage1/AE] ep 184/480 | loss 0.2428 | rec 0.0337 | feat 0.2091 | train_acc 42.16%
[Stage1/AE] ep 185/480 | loss 0.2415 | rec 0.0336 | feat 0.2079 | train_acc 42.34%
[Stage1/AE] ep 186/480 | loss 0.2362 | rec 0.0338 | feat 0.2024 | train_acc 42.63%
[Stage1/AE] ep 187/480 | loss 0.2399 | rec 0.0337 | feat 0.2062 | train_acc 42.31%
[Stage1/AE] ep 188/480 | loss 0.2386 | rec 0.0337 | feat 0.2049 | train_acc 42.37%
[Stage1/AE] ep 189/480 | loss 0.2360 | rec 0.0334 | feat 0.2026 | train_acc 41.89%
[Stage1/AE] ep 190/480 | loss 0.2373 | rec 0.0337 | feat 0.2036 | train_acc 42.03%
[Stage1/AE] ep 191/480 | loss 0.2431 | rec 0.0337 | feat 0.2094 | train_acc 42.04%
[Stage1/AE] ep 192/480 | loss 0.2340 | rec 0.0335 | feat 0.2005 | train_acc 42.34%
[Stage1/AE] ep 193/480 | loss 0.2369 | rec 0.0335 | feat 0.2034 | train_acc 42.30%
[Stage1/AE] ep 194/480 | loss 0.2347 | rec 0.0336 | feat 0.2011 | train_acc 42.00%
[Stage1/AE] ep 195/480 | loss 0.2385 | rec 0.0335 | feat 0.2050 | train_acc 41.87%
[Stage1/AE] ep 196/480 | loss 0.2375 | rec 0.0336 | feat 0.2039 | train_acc 42.01%
[Stage1/AE] ep 197/480 | loss 0.2391 | rec 0.0337 | feat 0.2054 | train_acc 42.40%
[Stage1/AE] ep 198/480 | loss 0.2359 | rec 0.0336 | feat 0.2023 | train_acc 41.91%
[Stage1/AE] ep 199/480 | loss 0.2333 | rec 0.0336 | feat 0.1997 | train_acc 42.23%
[Stage1/AE] ep 200/480 | loss 0.2339 | rec 0.0334 | feat 0.2005 | train_acc 42.53%
[Stage1/AE] ep 201/480 | loss 0.2368 | rec 0.0334 | feat 0.2034 | train_acc 42.63%
[Stage1/AE] ep 202/480 | loss 0.2361 | rec 0.0335 | feat 0.2026 | train_acc 42.23%
[Stage1/AE] ep 203/480 | loss 0.2333 | rec 0.0334 | feat 0.1998 | train_acc 42.31%
[Stage1/AE] ep 204/480 | loss 0.2387 | rec 0.0336 | feat 0.2051 | train_acc 42.31%
[Stage1/AE] ep 205/480 | loss 0.2392 | rec 0.0335 | feat 0.2057 | train_acc 42.19%
[Stage1/AE] ep 206/480 | loss 0.2381 | rec 0.0335 | feat 0.2046 | train_acc 42.27%
[Stage1/AE] ep 207/480 | loss 0.2356 | rec 0.0335 | feat 0.2021 | train_acc 42.34%
[Stage1/AE] ep 208/480 | loss 0.2328 | rec 0.0335 | feat 0.1993 | train_acc 42.47%
[Stage1/AE] ep 209/480 | loss 0.2382 | rec 0.0335 | feat 0.2048 | train_acc 42.44%
[Stage1/AE] ep 210/480 | loss 0.2326 | rec 0.0336 | feat 0.1990 | train_acc 42.31%
[Stage1/AE] ep 211/480 | loss 0.2358 | rec 0.0333 | feat 0.2025 | train_acc 42.21%
[Stage1/AE] ep 212/480 | loss 0.2319 | rec 0.0334 | feat 0.1985 | train_acc 42.53%
[Stage1/AE] ep 213/480 | loss 0.2344 | rec 0.0334 | feat 0.2009 | train_acc 42.24%
[Stage1/AE] ep 214/480 | loss 0.2316 | rec 0.0335 | feat 0.1981 | train_acc 42.07%
[Stage1/AE] ep 215/480 | loss 0.2406 | rec 0.0334 | feat 0.2072 | train_acc 41.99%
[Stage1/AE] ep 216/480 | loss 0.2310 | rec 0.0333 | feat 0.1977 | train_acc 42.20%
[Stage1/AE] ep 217/480 | loss 0.2358 | rec 0.0336 | feat 0.2023 | train_acc 42.39%
[Stage1/AE] ep 218/480 | loss 0.2288 | rec 0.0333 | feat 0.1955 | train_acc 42.47%
[Stage1/AE] ep 219/480 | loss 0.2331 | rec 0.0333 | feat 0.1998 | train_acc 42.19%
[Stage1/AE] ep 220/480 | loss 0.2353 | rec 0.0333 | feat 0.2020 | train_acc 42.49%
[Stage1/AE] ep 221/480 | loss 0.2363 | rec 0.0335 | feat 0.2028 | train_acc 42.23%
[Stage1/AE] ep 222/480 | loss 0.2293 | rec 0.0333 | feat 0.1960 | train_acc 42.76%
[Stage1/AE] ep 223/480 | loss 0.2342 | rec 0.0334 | feat 0.2008 | train_acc 42.10%
[Stage1/AE] ep 224/480 | loss 0.2346 | rec 0.0335 | feat 0.2010 | train_acc 42.17%
[Stage1/AE] ep 225/480 | loss 0.2308 | rec 0.0333 | feat 0.1975 | train_acc 42.36%
[Stage1/AE] ep 226/480 | loss 0.2308 | rec 0.0333 | feat 0.1975 | train_acc 42.26%
[Stage1/AE] ep 227/480 | loss 0.2349 | rec 0.0331 | feat 0.2017 | train_acc 42.49%
[Stage1/AE] ep 228/480 | loss 0.2377 | rec 0.0333 | feat 0.2044 | train_acc 42.33%
[Stage1/AE] ep 229/480 | loss 0.2334 | rec 0.0333 | feat 0.2001 | train_acc 41.87%
[Stage1/AE] ep 230/480 | loss 0.2266 | rec 0.0333 | feat 0.1934 | train_acc 42.30%
[Stage1/AE] ep 231/480 | loss 0.2296 | rec 0.0332 | feat 0.1964 | train_acc 42.20%
[Stage1/AE] ep 232/480 | loss 0.2314 | rec 0.0332 | feat 0.1982 | train_acc 42.16%
[Stage1/AE] ep 233/480 | loss 0.2343 | rec 0.0331 | feat 0.2012 | train_acc 42.47%
[Stage1/AE] ep 234/480 | loss 0.2317 | rec 0.0331 | feat 0.1986 | train_acc 42.50%
[Stage1/AE] ep 235/480 | loss 0.2335 | rec 0.0332 | feat 0.2002 | train_acc 42.03%
[Stage1/AE] ep 236/480 | loss 0.2274 | rec 0.0332 | feat 0.1942 | train_acc 42.06%
[Stage1/AE] ep 237/480 | loss 0.2299 | rec 0.0335 | feat 0.1964 | train_acc 41.91%
[Stage1/AE] ep 238/480 | loss 0.2294 | rec 0.0333 | feat 0.1961 | train_acc 42.44%
[Stage1/AE] ep 239/480 | loss 0.2300 | rec 0.0332 | feat 0.1968 | train_acc 42.50%
[Stage1/AE] ep 240/480 | loss 0.2295 | rec 0.0332 | feat 0.1962 | train_acc 42.81%
[Stage1/AE] ep 241/480 | loss 0.2281 | rec 0.0333 | feat 0.1949 | train_acc 42.06%
[Stage1/AE] ep 242/480 | loss 0.2321 | rec 0.0332 | feat 0.1989 | train_acc 42.01%
[Stage1/AE] ep 243/480 | loss 0.2326 | rec 0.0330 | feat 0.1996 | train_acc 42.07%
[Stage1/AE] ep 244/480 | loss 0.2306 | rec 0.0333 | feat 0.1973 | train_acc 42.23%
[Stage1/AE] ep 245/480 | loss 0.2248 | rec 0.0329 | feat 0.1918 | train_acc 42.37%
[Stage1/AE] ep 246/480 | loss 0.2289 | rec 0.0331 | feat 0.1957 | train_acc 42.41%
[Stage1/AE] ep 247/480 | loss 0.2272 | rec 0.0331 | feat 0.1941 | train_acc 42.44%
[Stage1/AE] ep 248/480 | loss 0.2245 | rec 0.0334 | feat 0.1911 | train_acc 42.07%
[Stage1/AE] ep 249/480 | loss 0.2239 | rec 0.0330 | feat 0.1909 | train_acc 42.23%
[Stage1/AE] ep 250/480 | loss 0.2262 | rec 0.0331 | feat 0.1931 | train_acc 42.51%
[Stage1/AE] ep 251/480 | loss 0.2260 | rec 0.0331 | feat 0.1929 | train_acc 42.27%
[Stage1/AE] ep 252/480 | loss 0.2235 | rec 0.0331 | feat 0.1904 | train_acc 42.14%
[Stage1/AE] ep 253/480 | loss 0.2283 | rec 0.0331 | feat 0.1952 | train_acc 42.03%
[Stage1/AE] ep 254/480 | loss 0.2290 | rec 0.0331 | feat 0.1959 | train_acc 42.17%
[Stage1/AE] ep 255/480 | loss 0.2270 | rec 0.0329 | feat 0.1941 | train_acc 41.87%
[Stage1/AE] ep 256/480 | loss 0.2267 | rec 0.0330 | feat 0.1937 | train_acc 42.40%
[Stage1/AE] ep 257/480 | loss 0.2283 | rec 0.0329 | feat 0.1954 | train_acc 42.51%
[Stage1/AE] ep 258/480 | loss 0.2294 | rec 0.0328 | feat 0.1966 | train_acc 41.71%
[Stage1/AE] ep 259/480 | loss 0.2231 | rec 0.0329 | feat 0.1903 | train_acc 42.73%
[Stage1/AE] ep 260/480 | loss 0.2273 | rec 0.0330 | feat 0.1943 | train_acc 42.46%
[Stage1/AE] ep 261/480 | loss 0.2248 | rec 0.0329 | feat 0.1919 | train_acc 42.16%
[Stage1/AE] ep 262/480 | loss 0.2339 | rec 0.0329 | feat 0.2010 | train_acc 42.33%
[Stage1/AE] ep 263/480 | loss 0.2257 | rec 0.0330 | feat 0.1928 | train_acc 42.00%
[Stage1/AE] ep 264/480 | loss 0.2271 | rec 0.0328 | feat 0.1943 | train_acc 42.56%
[Stage1/AE] ep 265/480 | loss 0.2282 | rec 0.0329 | feat 0.1953 | train_acc 42.56%
[Stage1/AE] ep 266/480 | loss 0.2280 | rec 0.0330 | feat 0.1951 | train_acc 42.40%
[Stage1/AE] ep 267/480 | loss 0.2209 | rec 0.0331 | feat 0.1878 | train_acc 42.47%
[Stage1/AE] ep 268/480 | loss 0.2220 | rec 0.0328 | feat 0.1892 | train_acc 42.31%
[Stage1/AE] ep 269/480 | loss 0.2286 | rec 0.0330 | feat 0.1957 | train_acc 42.11%
[Stage1/AE] ep 270/480 | loss 0.2254 | rec 0.0329 | feat 0.1925 | train_acc 42.26%
[Stage1/AE] ep 271/480 | loss 0.2275 | rec 0.0329 | feat 0.1946 | train_acc 42.69%
[Stage1/AE] ep 272/480 | loss 0.2219 | rec 0.0328 | feat 0.1890 | train_acc 42.49%
[Stage1/AE] ep 273/480 | loss 0.2262 | rec 0.0330 | feat 0.1932 | train_acc 41.79%
[Stage1/AE] ep 274/480 | loss 0.2288 | rec 0.0329 | feat 0.1960 | train_acc 42.49%
[Stage1/AE] ep 275/480 | loss 0.2272 | rec 0.0329 | feat 0.1943 | train_acc 42.17%
[Stage1/AE] ep 276/480 | loss 0.2208 | rec 0.0327 | feat 0.1881 | train_acc 42.43%
[Stage1/AE] ep 277/480 | loss 0.2250 | rec 0.0328 | feat 0.1923 | train_acc 42.24%
[Stage1/AE] ep 278/480 | loss 0.2215 | rec 0.0328 | feat 0.1888 | train_acc 42.33%
[Stage1/AE] ep 279/480 | loss 0.2269 | rec 0.0327 | feat 0.1942 | train_acc 42.04%
[Stage1/AE] ep 280/480 | loss 0.2257 | rec 0.0328 | feat 0.1929 | train_acc 42.27%
[Stage1/AE] ep 281/480 | loss 0.2241 | rec 0.0328 | feat 0.1913 | train_acc 42.26%
[Stage1/AE] ep 282/480 | loss 0.2284 | rec 0.0328 | feat 0.1957 | train_acc 41.83%
[Stage1/AE] ep 283/480 | loss 0.2236 | rec 0.0325 | feat 0.1910 | train_acc 42.24%
[Stage1/AE] ep 284/480 | loss 0.2287 | rec 0.0327 | feat 0.1961 | train_acc 42.13%
[Stage1/AE] ep 285/480 | loss 0.2229 | rec 0.0327 | feat 0.1902 | train_acc 42.54%
[Stage1/AE] ep 286/480 | loss 0.2246 | rec 0.0328 | feat 0.1918 | train_acc 42.64%
[Stage1/AE] ep 287/480 | loss 0.2216 | rec 0.0328 | feat 0.1888 | train_acc 42.59%
[Stage1/AE] ep 288/480 | loss 0.2230 | rec 0.0327 | feat 0.1902 | train_acc 42.03%
[Stage1/AE] ep 289/480 | loss 0.2215 | rec 0.0327 | feat 0.1887 | train_acc 41.93%
[Stage1/AE] ep 290/480 | loss 0.2222 | rec 0.0326 | feat 0.1896 | train_acc 42.70%
[Stage1/AE] ep 291/480 | loss 0.2234 | rec 0.0327 | feat 0.1907 | train_acc 42.83%
[Stage1/AE] ep 292/480 | loss 0.2179 | rec 0.0327 | feat 0.1852 | train_acc 42.40%
[Stage1/AE] ep 293/480 | loss 0.2225 | rec 0.0327 | feat 0.1898 | train_acc 42.46%
[Stage1/AE] ep 294/480 | loss 0.2210 | rec 0.0327 | feat 0.1883 | train_acc 42.40%
[Stage1/AE] ep 295/480 | loss 0.2226 | rec 0.0326 | feat 0.1900 | train_acc 42.30%
[Stage1/AE] ep 296/480 | loss 0.2187 | rec 0.0325 | feat 0.1862 | train_acc 41.71%
[Stage1/AE] ep 297/480 | loss 0.2212 | rec 0.0326 | feat 0.1886 | train_acc 42.46%
[Stage1/AE] ep 298/480 | loss 0.2211 | rec 0.0327 | feat 0.1885 | train_acc 42.23%
[Stage1/AE] ep 299/480 | loss 0.2254 | rec 0.0326 | feat 0.1928 | train_acc 42.53%
[Stage1/AE] ep 300/480 | loss 0.2205 | rec 0.0327 | feat 0.1878 | train_acc 42.50%
[Stage1/AE] ep 301/480 | loss 0.2215 | rec 0.0326 | feat 0.1890 | train_acc 42.34%
[Stage1/AE] ep 302/480 | loss 0.2163 | rec 0.0324 | feat 0.1839 | train_acc 42.43%
[Stage1/AE] ep 303/480 | loss 0.2241 | rec 0.0325 | feat 0.1916 | train_acc 42.20%
[Stage1/AE] ep 304/480 | loss 0.2201 | rec 0.0326 | feat 0.1876 | train_acc 42.57%
[Stage1/AE] ep 305/480 | loss 0.2214 | rec 0.0325 | feat 0.1889 | train_acc 42.26%
[Stage1/AE] ep 306/480 | loss 0.2189 | rec 0.0324 | feat 0.1865 | train_acc 42.39%
[Stage1/AE] ep 307/480 | loss 0.2227 | rec 0.0326 | feat 0.1901 | train_acc 42.90%
[Stage1/AE] ep 308/480 | loss 0.2167 | rec 0.0325 | feat 0.1842 | train_acc 42.64%
[Stage1/AE] ep 309/480 | loss 0.2244 | rec 0.0327 | feat 0.1917 | train_acc 41.99%
[Stage1/AE] ep 310/480 | loss 0.2158 | rec 0.0326 | feat 0.1832 | train_acc 42.47%
[Stage1/AE] ep 311/480 | loss 0.2213 | rec 0.0325 | feat 0.1888 | train_acc 42.40%
[Stage1/AE] ep 312/480 | loss 0.2180 | rec 0.0325 | feat 0.1855 | train_acc 42.23%
[Stage1/AE] ep 313/480 | loss 0.2171 | rec 0.0324 | feat 0.1848 | train_acc 42.41%
[Stage1/AE] ep 314/480 | loss 0.2182 | rec 0.0325 | feat 0.1857 | train_acc 42.14%
[Stage1/AE] ep 315/480 | loss 0.2167 | rec 0.0327 | feat 0.1840 | train_acc 42.09%
[Stage1/AE] ep 316/480 | loss 0.2185 | rec 0.0324 | feat 0.1861 | train_acc 42.53%
[Stage1/AE] ep 317/480 | loss 0.2192 | rec 0.0326 | feat 0.1865 | train_acc 42.19%
[Stage1/AE] ep 318/480 | loss 0.2175 | rec 0.0325 | feat 0.1849 | train_acc 41.97%
[Stage1/AE] ep 319/480 | loss 0.2185 | rec 0.0325 | feat 0.1861 | train_acc 42.40%
[Stage1/AE] ep 320/480 | loss 0.2189 | rec 0.0323 | feat 0.1866 | train_acc 42.56%
[Stage1/AE] ep 321/480 | loss 0.2133 | rec 0.0325 | feat 0.1808 | train_acc 42.33%
[Stage1/AE] ep 322/480 | loss 0.2209 | rec 0.0325 | feat 0.1884 | train_acc 42.53%
[Stage1/AE] ep 323/480 | loss 0.2165 | rec 0.0323 | feat 0.1842 | train_acc 42.34%
[Stage1/AE] ep 324/480 | loss 0.2181 | rec 0.0325 | feat 0.1856 | train_acc 42.49%
[Stage1/AE] ep 325/480 | loss 0.2183 | rec 0.0325 | feat 0.1858 | train_acc 42.40%
[Stage1/AE] ep 326/480 | loss 0.2166 | rec 0.0325 | feat 0.1841 | train_acc 42.43%
[Stage1/AE] ep 327/480 | loss 0.2135 | rec 0.0324 | feat 0.1811 | train_acc 42.33%
[Stage1/AE] ep 328/480 | loss 0.2156 | rec 0.0326 | feat 0.1830 | train_acc 42.63%
[Stage1/AE] ep 329/480 | loss 0.2189 | rec 0.0325 | feat 0.1864 | train_acc 42.20%
[Stage1/AE] ep 330/480 | loss 0.2149 | rec 0.0326 | feat 0.1824 | train_acc 42.44%
[Stage1/AE] ep 331/480 | loss 0.2144 | rec 0.0325 | feat 0.1819 | train_acc 42.21%
[Stage1/AE] ep 332/480 | loss 0.2173 | rec 0.0326 | feat 0.1847 | train_acc 42.01%
[Stage1/AE] ep 333/480 | loss 0.2172 | rec 0.0322 | feat 0.1850 | train_acc 42.34%
[Stage1/AE] ep 334/480 | loss 0.2196 | rec 0.0326 | feat 0.1871 | train_acc 42.61%
[Stage1/AE] ep 335/480 | loss 0.2169 | rec 0.0324 | feat 0.1845 | train_acc 42.50%
[Stage1/AE] ep 336/480 | loss 0.2143 | rec 0.0324 | feat 0.1818 | train_acc 42.06%
[Stage1/AE] ep 337/480 | loss 0.2210 | rec 0.0325 | feat 0.1885 | train_acc 42.27%
[Stage1/AE] ep 338/480 | loss 0.2189 | rec 0.0325 | feat 0.1864 | train_acc 42.40%
[Stage1/AE] ep 339/480 | loss 0.2174 | rec 0.0323 | feat 0.1851 | train_acc 41.89%
[Stage1/AE] ep 340/480 | loss 0.2211 | rec 0.0324 | feat 0.1887 | train_acc 42.21%
[Stage1/AE] ep 341/480 | loss 0.2164 | rec 0.0323 | feat 0.1841 | train_acc 42.03%
[Stage1/AE] ep 342/480 | loss 0.2174 | rec 0.0323 | feat 0.1852 | train_acc 42.13%
[Stage1/AE] ep 343/480 | loss 0.2129 | rec 0.0324 | feat 0.1805 | train_acc 42.36%
[Stage1/AE] ep 344/480 | loss 0.2178 | rec 0.0324 | feat 0.1853 | train_acc 42.09%
[Stage1/AE] ep 345/480 | loss 0.2191 | rec 0.0322 | feat 0.1869 | train_acc 42.49%
[Stage1/AE] ep 346/480 | loss 0.2167 | rec 0.0323 | feat 0.1844 | train_acc 42.53%
[Stage1/AE] ep 347/480 | loss 0.2170 | rec 0.0322 | feat 0.1848 | train_acc 42.04%
[Stage1/AE] ep 348/480 | loss 0.2155 | rec 0.0323 | feat 0.1833 | train_acc 42.30%
[Stage1/AE] ep 349/480 | loss 0.2140 | rec 0.0323 | feat 0.1817 | train_acc 42.61%
[Stage1/AE] ep 350/480 | loss 0.2161 | rec 0.0323 | feat 0.1838 | train_acc 42.30%
[Stage1/AE] ep 351/480 | loss 0.2129 | rec 0.0324 | feat 0.1805 | train_acc 42.39%
[Stage1/AE] ep 352/480 | loss 0.2164 | rec 0.0322 | feat 0.1842 | train_acc 42.13%
[Stage1/AE] ep 353/480 | loss 0.2141 | rec 0.0322 | feat 0.1819 | train_acc 42.47%
[Stage1/AE] ep 354/480 | loss 0.2159 | rec 0.0323 | feat 0.1836 | train_acc 42.40%
[Stage1/AE] ep 355/480 | loss 0.2123 | rec 0.0322 | feat 0.1801 | train_acc 42.14%
[Stage1/AE] ep 356/480 | loss 0.2101 | rec 0.0321 | feat 0.1780 | train_acc 42.31%
[Stage1/AE] ep 357/480 | loss 0.2139 | rec 0.0322 | feat 0.1817 | train_acc 42.41%
[Stage1/AE] ep 358/480 | loss 0.2167 | rec 0.0323 | feat 0.1844 | train_acc 42.03%
[Stage1/AE] ep 359/480 | loss 0.2166 | rec 0.0324 | feat 0.1843 | train_acc 42.31%
[Stage1/AE] ep 360/480 | loss 0.2121 | rec 0.0323 | feat 0.1798 | train_acc 42.44%
[Stage1/AE] ep 361/480 | loss 0.2141 | rec 0.0321 | feat 0.1820 | train_acc 42.44%
[Stage1/AE] ep 362/480 | loss 0.2129 | rec 0.0320 | feat 0.1808 | train_acc 42.24%
[Stage1/AE] ep 363/480 | loss 0.2134 | rec 0.0322 | feat 0.1812 | train_acc 42.27%
[Stage1/AE] ep 364/480 | loss 0.2118 | rec 0.0322 | feat 0.1796 | train_acc 42.57%
[Stage1/AE] ep 365/480 | loss 0.2161 | rec 0.0323 | feat 0.1838 | train_acc 42.41%
[Stage1/AE] ep 366/480 | loss 0.2161 | rec 0.0322 | feat 0.1839 | train_acc 42.41%
[Stage1/AE] ep 367/480 | loss 0.2179 | rec 0.0322 | feat 0.1857 | train_acc 42.49%
[Stage1/AE] ep 368/480 | loss 0.2143 | rec 0.0320 | feat 0.1823 | train_acc 41.94%
[Stage1/AE] ep 369/480 | loss 0.2096 | rec 0.0322 | feat 0.1774 | train_acc 42.67%
[Stage1/AE] ep 370/480 | loss 0.2133 | rec 0.0321 | feat 0.1812 | train_acc 42.19%
[Stage1/AE] ep 371/480 | loss 0.2123 | rec 0.0321 | feat 0.1802 | train_acc 42.33%
[Stage1/AE] ep 372/480 | loss 0.2120 | rec 0.0323 | feat 0.1797 | train_acc 41.80%
[Stage1/AE] ep 373/480 | loss 0.2123 | rec 0.0322 | feat 0.1801 | train_acc 42.50%
[Stage1/AE] ep 374/480 | loss 0.2079 | rec 0.0321 | feat 0.1759 | train_acc 42.23%
[Stage1/AE] ep 375/480 | loss 0.2124 | rec 0.0321 | feat 0.1803 | train_acc 42.61%
[Stage1/AE] ep 376/480 | loss 0.2146 | rec 0.0320 | feat 0.1826 | train_acc 42.21%
[Stage1/AE] ep 377/480 | loss 0.2142 | rec 0.0320 | feat 0.1821 | train_acc 42.06%
[Stage1/AE] ep 378/480 | loss 0.2126 | rec 0.0320 | feat 0.1806 | train_acc 42.27%
[Stage1/AE] ep 379/480 | loss 0.2126 | rec 0.0323 | feat 0.1803 | train_acc 42.09%
[Stage1/AE] ep 380/480 | loss 0.2168 | rec 0.0320 | feat 0.1848 | train_acc 42.39%
[Stage1/AE] ep 381/480 | loss 0.2147 | rec 0.0321 | feat 0.1826 | train_acc 42.06%
[Stage1/AE] ep 382/480 | loss 0.2083 | rec 0.0320 | feat 0.1763 | train_acc 42.30%
[Stage1/AE] ep 383/480 | loss 0.2109 | rec 0.0323 | feat 0.1786 | train_acc 42.40%
[Stage1/AE] ep 384/480 | loss 0.2150 | rec 0.0319 | feat 0.1831 | train_acc 42.11%
[Stage1/AE] ep 385/480 | loss 0.2110 | rec 0.0320 | feat 0.1789 | train_acc 42.14%
[Stage1/AE] ep 386/480 | loss 0.2140 | rec 0.0319 | feat 0.1821 | train_acc 42.49%
[Stage1/AE] ep 387/480 | loss 0.2131 | rec 0.0321 | feat 0.1810 | train_acc 42.31%
[Stage1/AE] ep 388/480 | loss 0.2127 | rec 0.0321 | feat 0.1806 | train_acc 42.16%
[Stage1/AE] ep 389/480 | loss 0.2103 | rec 0.0320 | feat 0.1783 | train_acc 41.83%
[Stage1/AE] ep 390/480 | loss 0.2097 | rec 0.0321 | feat 0.1776 | train_acc 42.67%
[Stage1/AE] ep 391/480 | loss 0.2095 | rec 0.0320 | feat 0.1775 | train_acc 42.17%
[Stage1/AE] ep 392/480 | loss 0.2108 | rec 0.0320 | feat 0.1788 | train_acc 41.93%
[Stage1/AE] ep 393/480 | loss 0.2094 | rec 0.0320 | feat 0.1775 | train_acc 42.64%
[Stage1/AE] ep 394/480 | loss 0.2075 | rec 0.0319 | feat 0.1756 | train_acc 41.96%
[Stage1/AE] ep 395/480 | loss 0.2107 | rec 0.0319 | feat 0.1787 | train_acc 42.33%
[Stage1/AE] ep 396/480 | loss 0.2129 | rec 0.0320 | feat 0.1809 | train_acc 42.46%
[Stage1/AE] ep 397/480 | loss 0.2110 | rec 0.0321 | feat 0.1789 | train_acc 42.87%
[Stage1/AE] ep 398/480 | loss 0.2107 | rec 0.0320 | feat 0.1787 | train_acc 42.59%
[Stage1/AE] ep 399/480 | loss 0.2122 | rec 0.0319 | feat 0.1804 | train_acc 42.44%
[Stage1/AE] ep 400/480 | loss 0.2096 | rec 0.0318 | feat 0.1777 | train_acc 42.29%
[Stage1/AE] ep 401/480 | loss 0.2146 | rec 0.0319 | feat 0.1827 | train_acc 42.41%
[Stage1/AE] ep 402/480 | loss 0.2097 | rec 0.0320 | feat 0.1777 | train_acc 42.13%
[Stage1/AE] ep 403/480 | loss 0.2111 | rec 0.0319 | feat 0.1792 | train_acc 42.49%
[Stage1/AE] ep 404/480 | loss 0.2096 | rec 0.0319 | feat 0.1777 | train_acc 42.63%
[Stage1/AE] ep 405/480 | loss 0.2088 | rec 0.0317 | feat 0.1771 | train_acc 42.37%
[Stage1/AE] ep 406/480 | loss 0.2126 | rec 0.0320 | feat 0.1806 | train_acc 42.39%
[Stage1/AE] ep 407/480 | loss 0.2068 | rec 0.0318 | feat 0.1750 | train_acc 42.56%
[Stage1/AE] ep 408/480 | loss 0.2091 | rec 0.0320 | feat 0.1771 | train_acc 42.23%
[Stage1/AE] ep 409/480 | loss 0.2075 | rec 0.0320 | feat 0.1755 | train_acc 42.26%
[Stage1/AE] ep 410/480 | loss 0.2082 | rec 0.0319 | feat 0.1763 | train_acc 42.20%
[Stage1/AE] ep 411/480 | loss 0.2068 | rec 0.0321 | feat 0.1747 | train_acc 42.61%
[Stage1/AE] ep 412/480 | loss 0.2121 | rec 0.0320 | feat 0.1802 | train_acc 42.11%
[Stage1/AE] ep 413/480 | loss 0.2104 | rec 0.0320 | feat 0.1784 | train_acc 42.10%
[Stage1/AE] ep 414/480 | loss 0.2061 | rec 0.0319 | feat 0.1742 | train_acc 42.50%
[Stage1/AE] ep 415/480 | loss 0.2085 | rec 0.0320 | feat 0.1765 | train_acc 42.31%
[Stage1/AE] ep 416/480 | loss 0.2044 | rec 0.0319 | feat 0.1726 | train_acc 42.39%
[Stage1/AE] ep 417/480 | loss 0.2078 | rec 0.0319 | feat 0.1759 | train_acc 42.36%
[Stage1/AE] ep 418/480 | loss 0.2077 | rec 0.0320 | feat 0.1758 | train_acc 42.39%
[Stage1/AE] ep 419/480 | loss 0.2064 | rec 0.0319 | feat 0.1745 | train_acc 42.34%
[Stage1/AE] ep 420/480 | loss 0.2057 | rec 0.0317 | feat 0.1741 | train_acc 42.26%
[Stage1/AE] ep 421/480 | loss 0.2061 | rec 0.0318 | feat 0.1743 | train_acc 42.44%
[Stage1/AE] ep 422/480 | loss 0.2082 | rec 0.0317 | feat 0.1765 | train_acc 42.24%
[Stage1/AE] ep 423/480 | loss 0.2029 | rec 0.0317 | feat 0.1712 | train_acc 42.03%
[Stage1/AE] ep 424/480 | loss 0.2091 | rec 0.0317 | feat 0.1774 | train_acc 41.97%
[Stage1/AE] ep 425/480 | loss 0.2064 | rec 0.0317 | feat 0.1746 | train_acc 42.31%
[Stage1/AE] ep 426/480 | loss 0.2033 | rec 0.0317 | feat 0.1716 | train_acc 42.79%
[Stage1/AE] ep 427/480 | loss 0.2122 | rec 0.0319 | feat 0.1803 | train_acc 42.19%
[Stage1/AE] ep 428/480 | loss 0.2103 | rec 0.0317 | feat 0.1786 | train_acc 41.90%
[Stage1/AE] ep 429/480 | loss 0.2087 | rec 0.0317 | feat 0.1770 | train_acc 42.53%
[Stage1/AE] ep 430/480 | loss 0.2046 | rec 0.0317 | feat 0.1729 | train_acc 42.86%
[Stage1/AE] ep 431/480 | loss 0.2059 | rec 0.0319 | feat 0.1740 | train_acc 42.47%
[Stage1/AE] ep 432/480 | loss 0.2049 | rec 0.0318 | feat 0.1731 | train_acc 42.23%
[Stage1/AE] ep 433/480 | loss 0.2069 | rec 0.0316 | feat 0.1753 | train_acc 42.26%
[Stage1/AE] ep 434/480 | loss 0.2063 | rec 0.0319 | feat 0.1744 | train_acc 41.99%
[Stage1/AE] ep 435/480 | loss 0.2047 | rec 0.0316 | feat 0.1731 | train_acc 42.36%
[Stage1/AE] ep 436/480 | loss 0.2094 | rec 0.0317 | feat 0.1778 | train_acc 42.59%
[Stage1/AE] ep 437/480 | loss 0.2119 | rec 0.0316 | feat 0.1803 | train_acc 42.60%
[Stage1/AE] ep 438/480 | loss 0.2035 | rec 0.0317 | feat 0.1718 | train_acc 42.30%
[Stage1/AE] ep 439/480 | loss 0.2044 | rec 0.0317 | feat 0.1727 | train_acc 42.29%
[Stage1/AE] ep 440/480 | loss 0.2048 | rec 0.0318 | feat 0.1730 | train_acc 42.56%
[Stage1/AE] ep 441/480 | loss 0.2051 | rec 0.0316 | feat 0.1735 | train_acc 42.04%
[Stage1/AE] ep 442/480 | loss 0.2056 | rec 0.0318 | feat 0.1738 | train_acc 42.36%
[Stage1/AE] ep 443/480 | loss 0.1998 | rec 0.0317 | feat 0.1681 | train_acc 42.64%
[Stage1/AE] ep 444/480 | loss 0.2068 | rec 0.0316 | feat 0.1752 | train_acc 42.34%
[Stage1/AE] ep 445/480 | loss 0.2017 | rec 0.0317 | feat 0.1700 | train_acc 42.87%
[Stage1/AE] ep 446/480 | loss 0.2054 | rec 0.0315 | feat 0.1738 | train_acc 42.53%
[Stage1/AE] ep 447/480 | loss 0.2040 | rec 0.0316 | feat 0.1724 | train_acc 42.27%
[Stage1/AE] ep 448/480 | loss 0.2027 | rec 0.0316 | feat 0.1711 | train_acc 42.50%
[Stage1/AE] ep 449/480 | loss 0.2048 | rec 0.0314 | feat 0.1734 | train_acc 42.66%
[Stage1/AE] ep 450/480 | loss 0.2054 | rec 0.0314 | feat 0.1740 | train_acc 42.46%
[Stage1/AE] ep 451/480 | loss 0.2050 | rec 0.0315 | feat 0.1735 | train_acc 42.81%
[Stage1/AE] ep 452/480 | loss 0.2006 | rec 0.0315 | feat 0.1691 | train_acc 42.73%
[Stage1/AE] ep 453/480 | loss 0.2096 | rec 0.0315 | feat 0.1782 | train_acc 42.36%
[Stage1/AE] ep 454/480 | loss 0.2019 | rec 0.0315 | feat 0.1704 | train_acc 42.14%
[Stage1/AE] ep 455/480 | loss 0.2028 | rec 0.0315 | feat 0.1713 | train_acc 42.31%
[Stage1/AE] ep 456/480 | loss 0.2042 | rec 0.0316 | feat 0.1726 | train_acc 42.16%
[Stage1/AE] ep 457/480 | loss 0.2054 | rec 0.0316 | feat 0.1738 | train_acc 42.56%
[Stage1/AE] ep 458/480 | loss 0.2072 | rec 0.0315 | feat 0.1756 | train_acc 41.87%
[Stage1/AE] ep 459/480 | loss 0.1982 | rec 0.0314 | feat 0.1667 | train_acc 42.46%
[Stage1/AE] ep 460/480 | loss 0.2030 | rec 0.0317 | feat 0.1714 | train_acc 42.10%
[Stage1/AE] ep 461/480 | loss 0.2031 | rec 0.0315 | feat 0.1716 | train_acc 42.46%
[Stage1/AE] ep 462/480 | loss 0.2034 | rec 0.0315 | feat 0.1719 | train_acc 42.24%
[Stage1/AE] ep 463/480 | loss 0.2028 | rec 0.0317 | feat 0.1710 | train_acc 42.29%
[Stage1/AE] ep 464/480 | loss 0.2070 | rec 0.0315 | feat 0.1755 | train_acc 42.34%
[Stage1/AE] ep 465/480 | loss 0.2052 | rec 0.0316 | feat 0.1736 | train_acc 41.89%
[Stage1/AE] ep 466/480 | loss 0.2085 | rec 0.0315 | feat 0.1770 | train_acc 42.41%
[Stage1/AE] ep 467/480 | loss 0.2050 | rec 0.0314 | feat 0.1736 | train_acc 42.43%
[Stage1/AE] ep 468/480 | loss 0.2013 | rec 0.0317 | feat 0.1696 | train_acc 42.40%
[Stage1/AE] ep 469/480 | loss 0.1974 | rec 0.0315 | feat 0.1658 | train_acc 42.59%
[Stage1/AE] ep 470/480 | loss 0.2020 | rec 0.0315 | feat 0.1704 | train_acc 41.93%
[Stage1/AE] ep 471/480 | loss 0.2089 | rec 0.0316 | feat 0.1773 | train_acc 42.10%
[Stage1/AE] ep 472/480 | loss 0.2018 | rec 0.0314 | feat 0.1704 | train_acc 42.76%
[Stage1/AE] ep 473/480 | loss 0.2015 | rec 0.0316 | feat 0.1699 | train_acc 42.37%
[Stage1/AE] ep 474/480 | loss 0.2046 | rec 0.0313 | feat 0.1733 | train_acc 42.33%
[Stage1/AE] ep 475/480 | loss 0.2052 | rec 0.0316 | feat 0.1736 | train_acc 42.16%
[Stage1/AE] ep 476/480 | loss 0.2054 | rec 0.0314 | feat 0.1740 | train_acc 42.41%
[Stage1/AE] ep 477/480 | loss 0.2064 | rec 0.0313 | feat 0.1751 | train_acc 42.19%
[Stage1/AE] ep 478/480 | loss 0.2027 | rec 0.0314 | feat 0.1714 | train_acc 42.29%
[Stage1/AE] ep 479/480 | loss 0.2011 | rec 0.0314 | feat 0.1697 | train_acc 42.54%
[Stage1/AE] ep 480/480 | loss 0.1976 | rec 0.0315 | feat 0.1661 | train_acc 41.91%
[Stage2/Head] ep 1/480 | loss 31.8214 | ce 20.0467 | logit 23.5493 | train_acc 30.17%
[Stage2/Head] ep 2/480 | loss 30.8243 | ce 19.6803 | logit 22.2881 | train_acc 28.93%
[Stage2/Head] ep 3/480 | loss 30.3852 | ce 19.4605 | logit 21.8494 | train_acc 28.93%
[Stage2/Head] ep 4/480 | loss 29.9566 | ce 19.2430 | logit 21.4273 | train_acc 28.93%
[Stage2/Head] ep 5/480 | loss 29.5381 | ce 19.0274 | logit 21.0215 | train_acc 28.93%
[Stage2/Head] ep 6/480 | loss 29.1259 | ce 18.8128 | logit 20.6263 | train_acc 28.93%
[Stage2/Head] ep 7/480 | loss 28.7184 | ce 18.5994 | logit 20.2379 | train_acc 28.93%
[Stage2/Head] ep 8/480 | loss 28.3204 | ce 18.3882 | logit 19.8644 | train_acc 28.93%
[Stage2/Head] ep 9/480 | loss 27.9323 | ce 18.1775 | logit 19.5097 | train_acc 28.93%
[Stage2/Head] ep 10/480 | loss 27.5458 | ce 17.9682 | logit 19.1553 | train_acc 28.93%
[Stage2/Head] ep 11/480 | loss 27.1643 | ce 17.7602 | logit 18.8082 | train_acc 28.93%
[Stage2/Head] ep 12/480 | loss 26.7907 | ce 17.5536 | logit 18.4743 | train_acc 28.93%
[Stage2/Head] ep 13/480 | loss 26.4206 | ce 17.3483 | logit 18.1444 | train_acc 28.93%
[Stage2/Head] ep 14/480 | loss 26.0551 | ce 17.1446 | logit 17.8210 | train_acc 28.93%
[Stage2/Head] ep 15/480 | loss 25.6993 | ce 16.9423 | logit 17.5139 | train_acc 28.93%
[Stage2/Head] ep 16/480 | loss 25.3428 | ce 16.7411 | logit 17.2033 | train_acc 28.93%
[Stage2/Head] ep 17/480 | loss 24.9963 | ce 16.5421 | logit 16.9085 | train_acc 28.93%
[Stage2/Head] ep 18/480 | loss 24.6494 | ce 16.3444 | logit 16.6099 | train_acc 28.93%
[Stage2/Head] ep 19/480 | loss 24.3104 | ce 16.1485 | logit 16.3238 | train_acc 28.93%
[Stage2/Head] ep 20/480 | loss 23.9778 | ce 15.9540 | logit 16.0474 | train_acc 28.93%
[Stage2/Head] ep 21/480 | loss 23.6461 | ce 15.7615 | logit 15.7692 | train_acc 28.93%
[Stage2/Head] ep 22/480 | loss 23.3255 | ce 15.5705 | logit 15.5099 | train_acc 28.93%
[Stage2/Head] ep 23/480 | loss 23.0024 | ce 15.3817 | logit 15.2415 | train_acc 28.93%
[Stage2/Head] ep 24/480 | loss 22.6860 | ce 15.1942 | logit 14.9835 | train_acc 28.93%
[Stage2/Head] ep 25/480 | loss 22.3745 | ce 15.0089 | logit 14.7312 | train_acc 28.93%
[Stage2/Head] ep 26/480 | loss 22.0682 | ce 14.8252 | logit 14.4862 | train_acc 28.93%
[Stage2/Head] ep 27/480 | loss 21.7680 | ce 14.6432 | logit 14.2497 | train_acc 28.93%
[Stage2/Head] ep 28/480 | loss 21.4671 | ce 14.4627 | logit 14.0087 | train_acc 28.93%
[Stage2/Head] ep 29/480 | loss 21.1742 | ce 14.2845 | logit 13.7795 | train_acc 28.93%
[Stage2/Head] ep 30/480 | loss 20.8831 | ce 14.1076 | logit 13.5510 | train_acc 28.93%
[Stage2/Head] ep 31/480 | loss 20.5969 | ce 13.9327 | logit 13.3284 | train_acc 28.93%
[Stage2/Head] ep 32/480 | loss 20.3159 | ce 13.7594 | logit 13.1132 | train_acc 28.93%
[Stage2/Head] ep 33/480 | loss 20.0381 | ce 13.5881 | logit 12.8999 | train_acc 28.93%
[Stage2/Head] ep 34/480 | loss 19.7653 | ce 13.4182 | logit 12.6941 | train_acc 28.93%
[Stage2/Head] ep 35/480 | loss 19.4956 | ce 13.2507 | logit 12.4897 | train_acc 28.93%
[Stage2/Head] ep 36/480 | loss 19.2290 | ce 13.0838 | logit 12.2904 | train_acc 28.93%
[Stage2/Head] ep 37/480 | loss 18.9689 | ce 12.9195 | logit 12.0988 | train_acc 28.93%
[Stage2/Head] ep 38/480 | loss 18.7114 | ce 12.7569 | logit 11.9092 | train_acc 28.93%
[Stage2/Head] ep 39/480 | loss 18.4559 | ce 12.5957 | logit 11.7204 | train_acc 28.93%
[Stage2/Head] ep 40/480 | loss 18.2064 | ce 12.4366 | logit 11.5397 | train_acc 28.93%
[Stage2/Head] ep 41/480 | loss 17.9579 | ce 12.2789 | logit 11.3580 | train_acc 28.93%
[Stage2/Head] ep 42/480 | loss 17.7144 | ce 12.1229 | logit 11.1829 | train_acc 28.93%
[Stage2/Head] ep 43/480 | loss 17.4751 | ce 11.9688 | logit 11.0127 | train_acc 28.93%
[Stage2/Head] ep 44/480 | loss 17.2399 | ce 11.8162 | logit 10.8473 | train_acc 28.93%
[Stage2/Head] ep 45/480 | loss 17.0052 | ce 11.6651 | logit 10.6800 | train_acc 28.93%
[Stage2/Head] ep 46/480 | loss 16.7747 | ce 11.5168 | logit 10.5159 | train_acc 28.93%
[Stage2/Head] ep 47/480 | loss 16.5492 | ce 11.3692 | logit 10.3600 | train_acc 28.93%
[Stage2/Head] ep 48/480 | loss 16.3257 | ce 11.2231 | logit 10.2052 | train_acc 28.93%
[Stage2/Head] ep 49/480 | loss 16.1052 | ce 11.0798 | logit 10.0507 | train_acc 28.93%
[Stage2/Head] ep 50/480 | loss 15.8863 | ce 10.9366 | logit 9.8996 | train_acc 28.93%
[Stage2/Head] ep 51/480 | loss 15.6725 | ce 10.7952 | logit 9.7546 | train_acc 28.93%
[Stage2/Head] ep 52/480 | loss 15.4614 | ce 10.6560 | logit 9.6107 | train_acc 28.93%
[Stage2/Head] ep 53/480 | loss 15.2517 | ce 10.5183 | logit 9.4669 | train_acc 28.93%
[Stage2/Head] ep 54/480 | loss 15.0448 | ce 10.3825 | logit 9.3245 | train_acc 28.93%
[Stage2/Head] ep 55/480 | loss 14.8417 | ce 10.2475 | logit 9.1885 | train_acc 28.93%
[Stage2/Head] ep 56/480 | loss 14.6399 | ce 10.1147 | logit 9.0504 | train_acc 28.93%
[Stage2/Head] ep 57/480 | loss 14.4413 | ce 9.9822 | logit 8.9181 | train_acc 28.93%
[Stage2/Head] ep 58/480 | loss 14.2447 | ce 9.8524 | logit 8.7845 | train_acc 28.93%
[Stage2/Head] ep 59/480 | loss 14.0508 | ce 9.7229 | logit 8.6558 | train_acc 28.93%
[Stage2/Head] ep 60/480 | loss 13.8587 | ce 9.5952 | logit 8.5271 | train_acc 28.93%
[Stage2/Head] ep 61/480 | loss 13.6690 | ce 9.4689 | logit 8.4001 | train_acc 28.93%
[Stage2/Head] ep 62/480 | loss 13.4808 | ce 9.3447 | logit 8.2722 | train_acc 28.93%
[Stage2/Head] ep 63/480 | loss 13.2952 | ce 9.2201 | logit 8.1502 | train_acc 28.93%
[Stage2/Head] ep 64/480 | loss 13.1117 | ce 9.0987 | logit 8.0260 | train_acc 28.93%
[Stage2/Head] ep 65/480 | loss 12.9302 | ce 8.9767 | logit 7.9069 | train_acc 28.93%
[Stage2/Head] ep 66/480 | loss 12.7504 | ce 8.8571 | logit 7.7864 | train_acc 28.93%
[Stage2/Head] ep 67/480 | loss 12.5708 | ce 8.7376 | logit 7.6664 | train_acc 28.93%
[Stage2/Head] ep 68/480 | loss 12.3958 | ce 8.6204 | logit 7.5508 | train_acc 28.93%
[Stage2/Head] ep 69/480 | loss 12.2207 | ce 8.5030 | logit 7.4355 | train_acc 28.93%
[Stage2/Head] ep 70/480 | loss 12.0475 | ce 8.3896 | logit 7.3158 | train_acc 28.93%
[Stage2/Head] ep 71/480 | loss 11.8759 | ce 8.2731 | logit 7.2056 | train_acc 28.93%
[Stage2/Head] ep 72/480 | loss 11.7068 | ce 8.1601 | logit 7.0934 | train_acc 28.93%
[Stage2/Head] ep 73/480 | loss 11.5378 | ce 8.0481 | logit 6.9793 | train_acc 28.93%
[Stage2/Head] ep 74/480 | loss 11.3721 | ce 7.9357 | logit 6.8728 | train_acc 28.93%
[Stage2/Head] ep 75/480 | loss 11.2065 | ce 7.8252 | logit 6.7625 | train_acc 28.93%
[Stage2/Head] ep 76/480 | loss 11.0431 | ce 7.7164 | logit 6.6534 | train_acc 28.93%
[Stage2/Head] ep 77/480 | loss 10.8811 | ce 7.6076 | logit 6.5470 | train_acc 28.93%
[Stage2/Head] ep 78/480 | loss 10.7203 | ce 7.4986 | logit 6.4434 | train_acc 28.93%
[Stage2/Head] ep 79/480 | loss 10.5607 | ce 7.3929 | logit 6.3355 | train_acc 28.93%
[Stage2/Head] ep 80/480 | loss 10.4032 | ce 7.2854 | logit 6.2356 | train_acc 28.93%
[Stage2/Head] ep 81/480 | loss 10.2456 | ce 7.1786 | logit 6.1340 | train_acc 28.93%
[Stage2/Head] ep 82/480 | loss 10.0902 | ce 7.0760 | logit 6.0284 | train_acc 28.93%
[Stage2/Head] ep 83/480 | loss 9.9356 | ce 6.9716 | logit 5.9280 | train_acc 28.93%
[Stage2/Head] ep 84/480 | loss 9.7827 | ce 6.8673 | logit 5.8308 | train_acc 28.93%
[Stage2/Head] ep 85/480 | loss 9.6310 | ce 6.7647 | logit 5.7327 | train_acc 28.93%
[Stage2/Head] ep 86/480 | loss 9.4811 | ce 6.6623 | logit 5.6375 | train_acc 28.93%
[Stage2/Head] ep 87/480 | loss 9.3320 | ce 6.5617 | logit 5.5405 | train_acc 28.93%
[Stage2/Head] ep 88/480 | loss 9.1836 | ce 6.4568 | logit 5.4536 | train_acc 28.93%
[Stage2/Head] ep 89/480 | loss 9.0377 | ce 6.3589 | logit 5.3576 | train_acc 28.93%
[Stage2/Head] ep 90/480 | loss 8.8930 | ce 6.2589 | logit 5.2682 | train_acc 28.93%
[Stage2/Head] ep 91/480 | loss 8.7480 | ce 6.1598 | logit 5.1766 | train_acc 28.93%
[Stage2/Head] ep 92/480 | loss 8.6059 | ce 6.0586 | logit 5.0946 | train_acc 28.93%
[Stage2/Head] ep 93/480 | loss 8.4643 | ce 5.9614 | logit 5.0057 | train_acc 28.93%
[Stage2/Head] ep 94/480 | loss 8.3234 | ce 5.8624 | logit 4.9220 | train_acc 28.93%
[Stage2/Head] ep 95/480 | loss 8.1836 | ce 5.7646 | logit 4.8379 | train_acc 28.93%
[Stage2/Head] ep 96/480 | loss 8.0474 | ce 5.6679 | logit 4.7591 | train_acc 28.93%
[Stage2/Head] ep 97/480 | loss 7.9098 | ce 5.5703 | logit 4.6788 | train_acc 28.93%
[Stage2/Head] ep 98/480 | loss 7.7760 | ce 5.4744 | logit 4.6032 | train_acc 28.93%
[Stage2/Head] ep 99/480 | loss 7.6403 | ce 5.3773 | logit 4.5259 | train_acc 28.93%
[Stage2/Head] ep 100/480 | loss 7.5073 | ce 5.2823 | logit 4.4500 | train_acc 28.93%
[Stage2/Head] ep 101/480 | loss 7.3750 | ce 5.1852 | logit 4.3796 | train_acc 28.93%
[Stage2/Head] ep 102/480 | loss 7.2449 | ce 5.0916 | logit 4.3066 | train_acc 28.93%
[Stage2/Head] ep 103/480 | loss 7.1158 | ce 4.9956 | logit 4.2404 | train_acc 28.93%
[Stage2/Head] ep 104/480 | loss 6.9889 | ce 4.9002 | logit 4.1773 | train_acc 28.93%
[Stage2/Head] ep 105/480 | loss 6.8615 | ce 4.8084 | logit 4.1062 | train_acc 28.93%
[Stage2/Head] ep 106/480 | loss 6.7360 | ce 4.7132 | logit 4.0457 | train_acc 28.93%
[Stage2/Head] ep 107/480 | loss 6.6120 | ce 4.6207 | logit 3.9826 | train_acc 28.93%
[Stage2/Head] ep 108/480 | loss 6.4890 | ce 4.5281 | logit 3.9217 | train_acc 28.93%
[Stage2/Head] ep 109/480 | loss 6.3673 | ce 4.4335 | logit 3.8677 | train_acc 28.93%
[Stage2/Head] ep 110/480 | loss 6.2470 | ce 4.3424 | logit 3.8093 | train_acc 28.93%
[Stage2/Head] ep 111/480 | loss 6.1279 | ce 4.2499 | logit 3.7560 | train_acc 28.93%
[Stage2/Head] ep 112/480 | loss 6.0117 | ce 4.1587 | logit 3.7059 | train_acc 28.93%
[Stage2/Head] ep 113/480 | loss 5.8948 | ce 4.0681 | logit 3.6533 | train_acc 28.93%
[Stage2/Head] ep 114/480 | loss 5.7791 | ce 3.9777 | logit 3.6028 | train_acc 28.93%
[Stage2/Head] ep 115/480 | loss 5.6664 | ce 3.8888 | logit 3.5553 | train_acc 28.93%
[Stage2/Head] ep 116/480 | loss 5.5545 | ce 3.7982 | logit 3.5126 | train_acc 28.93%
[Stage2/Head] ep 117/480 | loss 5.4427 | ce 3.7098 | logit 3.4659 | train_acc 28.93%
[Stage2/Head] ep 118/480 | loss 5.3350 | ce 3.6228 | logit 3.4244 | train_acc 28.93%
[Stage2/Head] ep 119/480 | loss 5.2258 | ce 3.5355 | logit 3.3805 | train_acc 28.93%
[Stage2/Head] ep 120/480 | loss 5.1197 | ce 3.4475 | logit 3.3444 | train_acc 28.93%
[Stage2/Head] ep 121/480 | loss 5.0152 | ce 3.3633 | logit 3.3038 | train_acc 28.93%
[Stage2/Head] ep 122/480 | loss 4.9125 | ce 3.2780 | logit 3.2691 | train_acc 28.93%
[Stage2/Head] ep 123/480 | loss 4.8097 | ce 3.1931 | logit 3.2333 | train_acc 28.93%
[Stage2/Head] ep 124/480 | loss 4.7111 | ce 3.1108 | logit 3.2007 | train_acc 28.93%
[Stage2/Head] ep 125/480 | loss 4.6122 | ce 3.0275 | logit 3.1694 | train_acc 28.93%
[Stage2/Head] ep 126/480 | loss 4.5148 | ce 2.9467 | logit 3.1363 | train_acc 28.93%
[Stage2/Head] ep 127/480 | loss 4.4201 | ce 2.8662 | logit 3.1079 | train_acc 28.93%
[Stage2/Head] ep 128/480 | loss 4.3257 | ce 2.7881 | logit 3.0752 | train_acc 28.93%
[Stage2/Head] ep 129/480 | loss 4.2348 | ce 2.7104 | logit 3.0488 | train_acc 28.93%
[Stage2/Head] ep 130/480 | loss 4.1441 | ce 2.6331 | logit 3.0219 | train_acc 28.93%
[Stage2/Head] ep 131/480 | loss 4.0562 | ce 2.5582 | logit 2.9960 | train_acc 28.93%
[Stage2/Head] ep 132/480 | loss 3.9703 | ce 2.4844 | logit 2.9716 | train_acc 28.93%
[Stage2/Head] ep 133/480 | loss 3.8855 | ce 2.4121 | logit 2.9468 | train_acc 28.93%
[Stage2/Head] ep 134/480 | loss 3.8036 | ce 2.3413 | logit 2.9246 | train_acc 28.93%
[Stage2/Head] ep 135/480 | loss 3.7231 | ce 2.2708 | logit 2.9046 | train_acc 28.93%
[Stage2/Head] ep 136/480 | loss 3.6449 | ce 2.2037 | logit 2.8824 | train_acc 28.93%
[Stage2/Head] ep 137/480 | loss 3.5659 | ce 2.1361 | logit 2.8595 | train_acc 28.93%
[Stage2/Head] ep 138/480 | loss 3.4937 | ce 2.0721 | logit 2.8432 | train_acc 28.93%
[Stage2/Head] ep 139/480 | loss 3.4210 | ce 2.0089 | logit 2.8241 | train_acc 28.93%
[Stage2/Head] ep 140/480 | loss 3.3508 | ce 1.9475 | logit 2.8066 | train_acc 28.93%
[Stage2/Head] ep 141/480 | loss 3.2820 | ce 1.8870 | logit 2.7900 | train_acc 28.93%
[Stage2/Head] ep 142/480 | loss 3.2152 | ce 1.8295 | logit 2.7713 | train_acc 28.93%
[Stage2/Head] ep 143/480 | loss 3.1515 | ce 1.7719 | logit 2.7593 | train_acc 28.93%
[Stage2/Head] ep 144/480 | loss 3.0898 | ce 1.7179 | logit 2.7438 | train_acc 28.93%
[Stage2/Head] ep 145/480 | loss 3.0300 | ce 1.6641 | logit 2.7318 | train_acc 28.93%
[Stage2/Head] ep 146/480 | loss 2.9730 | ce 1.6136 | logit 2.7188 | train_acc 28.93%
[Stage2/Head] ep 147/480 | loss 2.9164 | ce 1.5634 | logit 2.7060 | train_acc 28.93%
[Stage2/Head] ep 148/480 | loss 2.8630 | ce 1.5154 | logit 2.6951 | train_acc 28.93%
[Stage2/Head] ep 149/480 | loss 2.8101 | ce 1.4686 | logit 2.6831 | train_acc 28.93%
[Stage2/Head] ep 150/480 | loss 2.7603 | ce 1.4239 | logit 2.6729 | train_acc 28.93%
[Stage2/Head] ep 151/480 | loss 2.7131 | ce 1.3805 | logit 2.6651 | train_acc 28.93%
[Stage2/Head] ep 152/480 | loss 2.6679 | ce 1.3390 | logit 2.6579 | train_acc 28.93%
[Stage2/Head] ep 153/480 | loss 2.6242 | ce 1.2980 | logit 2.6525 | train_acc 28.93%
[Stage2/Head] ep 154/480 | loss 2.5834 | ce 1.2594 | logit 2.6481 | train_acc 28.93%
[Stage2/Head] ep 155/480 | loss 2.5449 | ce 1.2218 | logit 2.6460 | train_acc 28.93%
[Stage2/Head] ep 156/480 | loss 2.5043 | ce 1.1865 | logit 2.6357 | train_acc 41.16%
[Stage2/Head] ep 157/480 | loss 2.4706 | ce 1.1514 | logit 2.6383 | train_acc 42.86%
[Stage2/Head] ep 158/480 | loss 2.4359 | ce 1.1189 | logit 2.6339 | train_acc 42.86%
[Stage2/Head] ep 159/480 | loss 2.4030 | ce 1.0866 | logit 2.6328 | train_acc 42.86%
[Stage2/Head] ep 160/480 | loss 2.3725 | ce 1.0562 | logit 2.6325 | train_acc 42.86%
[Stage2/Head] ep 161/480 | loss 2.3424 | ce 1.0267 | logit 2.6314 | train_acc 42.86%
[Stage2/Head] ep 162/480 | loss 2.3165 | ce 0.9984 | logit 2.6362 | train_acc 42.86%
[Stage2/Head] ep 163/480 | loss 2.2883 | ce 0.9712 | logit 2.6341 | train_acc 42.86%
[Stage2/Head] ep 164/480 | loss 2.2657 | ce 0.9460 | logit 2.6394 | train_acc 42.86%
[Stage2/Head] ep 165/480 | loss 2.2418 | ce 0.9210 | logit 2.6416 | train_acc 42.86%
[Stage2/Head] ep 166/480 | loss 2.2185 | ce 0.8965 | logit 2.6440 | train_acc 42.86%
[Stage2/Head] ep 167/480 | loss 2.2000 | ce 0.8735 | logit 2.6529 | train_acc 42.86%
[Stage2/Head] ep 168/480 | loss 2.1805 | ce 0.8524 | logit 2.6563 | train_acc 42.86%
[Stage2/Head] ep 169/480 | loss 2.1628 | ce 0.8312 | logit 2.6632 | train_acc 42.86%
[Stage2/Head] ep 170/480 | loss 2.1466 | ce 0.8115 | logit 2.6703 | train_acc 42.86%
[Stage2/Head] ep 171/480 | loss 2.1302 | ce 0.7922 | logit 2.6760 | train_acc 42.86%
[Stage2/Head] ep 172/480 | loss 2.1155 | ce 0.7740 | logit 2.6831 | train_acc 42.86%
[Stage2/Head] ep 173/480 | loss 2.1027 | ce 0.7565 | logit 2.6925 | train_acc 42.86%
[Stage2/Head] ep 174/480 | loss 2.0925 | ce 0.7404 | logit 2.7042 | train_acc 42.86%
[Stage2/Head] ep 175/480 | loss 2.0795 | ce 0.7234 | logit 2.7124 | train_acc 42.86%
[Stage2/Head] ep 176/480 | loss 2.0685 | ce 0.7085 | logit 2.7199 | train_acc 42.86%
[Stage2/Head] ep 177/480 | loss 2.0583 | ce 0.6946 | logit 2.7273 | train_acc 42.86%
[Stage2/Head] ep 178/480 | loss 2.0503 | ce 0.6801 | logit 2.7403 | train_acc 42.86%
[Stage2/Head] ep 179/480 | loss 2.0411 | ce 0.6674 | logit 2.7474 | train_acc 42.86%
[Stage2/Head] ep 180/480 | loss 2.0332 | ce 0.6543 | logit 2.7578 | train_acc 42.86%
[Stage2/Head] ep 181/480 | loss 2.0265 | ce 0.6426 | logit 2.7679 | train_acc 42.86%
[Stage2/Head] ep 182/480 | loss 2.0199 | ce 0.6310 | logit 2.7777 | train_acc 42.86%
[Stage2/Head] ep 183/480 | loss 2.0149 | ce 0.6204 | logit 2.7890 | train_acc 42.86%
[Stage2/Head] ep 184/480 | loss 2.0094 | ce 0.6097 | logit 2.7995 | train_acc 42.86%
[Stage2/Head] ep 185/480 | loss 2.0052 | ce 0.6011 | logit 2.8082 | train_acc 42.86%
[Stage2/Head] ep 186/480 | loss 2.0001 | ce 0.5904 | logit 2.8193 | train_acc 42.86%
[Stage2/Head] ep 187/480 | loss 1.9937 | ce 0.5818 | logit 2.8239 | train_acc 42.86%
[Stage2/Head] ep 188/480 | loss 1.9931 | ce 0.5743 | logit 2.8377 | train_acc 42.86%
[Stage2/Head] ep 189/480 | loss 1.9903 | ce 0.5662 | logit 2.8482 | train_acc 42.86%
[Stage2/Head] ep 190/480 | loss 1.9880 | ce 0.5592 | logit 2.8575 | train_acc 42.86%
[Stage2/Head] ep 191/480 | loss 1.9854 | ce 0.5513 | logit 2.8684 | train_acc 42.86%
[Stage2/Head] ep 192/480 | loss 1.9821 | ce 0.5448 | logit 2.8746 | train_acc 42.86%
[Stage2/Head] ep 193/480 | loss 1.9806 | ce 0.5385 | logit 2.8841 | train_acc 42.86%
[Stage2/Head] ep 194/480 | loss 1.9803 | ce 0.5328 | logit 2.8949 | train_acc 42.86%
[Stage2/Head] ep 195/480 | loss 1.9768 | ce 0.5277 | logit 2.8982 | train_acc 42.86%
[Stage2/Head] ep 196/480 | loss 1.9757 | ce 0.5226 | logit 2.9062 | train_acc 42.86%
[Stage2/Head] ep 197/480 | loss 1.9742 | ce 0.5174 | logit 2.9136 | train_acc 42.86%
[Stage2/Head] ep 198/480 | loss 1.9734 | ce 0.5129 | logit 2.9211 | train_acc 42.86%
[Stage2/Head] ep 199/480 | loss 1.9736 | ce 0.5094 | logit 2.9284 | train_acc 42.86%
[Stage2/Head] ep 200/480 | loss 1.9725 | ce 0.5032 | logit 2.9386 | train_acc 42.86%
[Stage2/Head] ep 201/480 | loss 1.9714 | ce 0.5016 | logit 2.9397 | train_acc 42.86%
[Stage2/Head] ep 202/480 | loss 1.9714 | ce 0.4981 | logit 2.9465 | train_acc 42.86%
[Stage2/Head] ep 203/480 | loss 1.9702 | ce 0.4948 | logit 2.9508 | train_acc 42.86%
[Stage2/Head] ep 204/480 | loss 1.9703 | ce 0.4916 | logit 2.9575 | train_acc 42.86%
[Stage2/Head] ep 205/480 | loss 1.9709 | ce 0.4888 | logit 2.9642 | train_acc 42.86%
[Stage2/Head] ep 206/480 | loss 1.9704 | ce 0.4871 | logit 2.9665 | train_acc 42.86%
[Stage2/Head] ep 207/480 | loss 1.9698 | ce 0.4840 | logit 2.9715 | train_acc 42.86%
[Stage2/Head] ep 208/480 | loss 1.9699 | ce 0.4811 | logit 2.9776 | train_acc 42.86%
[Stage2/Head] ep 209/480 | loss 1.9695 | ce 0.4810 | logit 2.9770 | train_acc 42.86%
[Stage2/Head] ep 210/480 | loss 1.9693 | ce 0.4794 | logit 2.9799 | train_acc 42.86%
[Stage2/Head] ep 211/480 | loss 1.9690 | ce 0.4762 | logit 2.9855 | train_acc 42.86%
[Stage2/Head] ep 212/480 | loss 1.9686 | ce 0.4759 | logit 2.9853 | train_acc 42.86%
[Stage2/Head] ep 213/480 | loss 1.9691 | ce 0.4749 | logit 2.9884 | train_acc 42.86%
[Stage2/Head] ep 214/480 | loss 1.9684 | ce 0.4728 | logit 2.9913 | train_acc 42.86%
[Stage2/Head] ep 215/480 | loss 1.9698 | ce 0.4715 | logit 2.9966 | train_acc 42.86%
[Stage2/Head] ep 216/480 | loss 1.9687 | ce 0.4715 | logit 2.9945 | train_acc 42.86%
[Stage2/Head] ep 217/480 | loss 1.9680 | ce 0.4698 | logit 2.9964 | train_acc 42.86%
[Stage2/Head] ep 218/480 | loss 1.9698 | ce 0.4689 | logit 3.0018 | train_acc 42.86%
[Stage2/Head] ep 219/480 | loss 1.9693 | ce 0.4695 | logit 2.9997 | train_acc 42.86%
[Stage2/Head] ep 220/480 | loss 1.9685 | ce 0.4681 | logit 3.0009 | train_acc 42.86%
[Stage2/Head] ep 221/480 | loss 1.9693 | ce 0.4678 | logit 3.0030 | train_acc 42.86%
[Stage2/Head] ep 222/480 | loss 1.9680 | ce 0.4680 | logit 3.0000 | train_acc 42.86%
[Stage2/Head] ep 223/480 | loss 1.9680 | ce 0.4664 | logit 3.0032 | train_acc 42.86%
[Stage2/Head] ep 224/480 | loss 1.9694 | ce 0.4668 | logit 3.0050 | train_acc 42.86%
[Stage2/Head] ep 225/480 | loss 1.9677 | ce 0.4663 | logit 3.0027 | train_acc 42.86%
[Stage2/Head] ep 226/480 | loss 1.9693 | ce 0.4655 | logit 3.0075 | train_acc 42.86%
[Stage2/Head] ep 227/480 | loss 1.9686 | ce 0.4663 | logit 3.0045 | train_acc 42.86%
[Stage2/Head] ep 228/480 | loss 1.9687 | ce 0.4650 | logit 3.0074 | train_acc 42.86%
[Stage2/Head] ep 229/480 | loss 1.9694 | ce 0.4667 | logit 3.0054 | train_acc 42.86%
[Stage2/Head] ep 230/480 | loss 1.9682 | ce 0.4653 | logit 3.0058 | train_acc 42.86%
[Stage2/Head] ep 231/480 | loss 1.9690 | ce 0.4653 | logit 3.0074 | train_acc 42.86%
[Stage2/Head] ep 232/480 | loss 1.9697 | ce 0.4656 | logit 3.0082 | train_acc 42.86%
[Stage2/Head] ep 233/480 | loss 1.9684 | ce 0.4648 | logit 3.0072 | train_acc 42.86%
[Stage2/Head] ep 234/480 | loss 1.9701 | ce 0.4648 | logit 3.0105 | train_acc 42.86%
[Stage2/Head] ep 235/480 | loss 1.9676 | ce 0.4653 | logit 3.0045 | train_acc 42.86%
[Stage2/Head] ep 236/480 | loss 1.9681 | ce 0.4654 | logit 3.0053 | train_acc 42.86%
[Stage2/Head] ep 237/480 | loss 1.9685 | ce 0.4641 | logit 3.0087 | train_acc 42.86%
[Stage2/Head] ep 238/480 | loss 1.9698 | ce 0.4659 | logit 3.0078 | train_acc 42.86%
[Stage2/Head] ep 239/480 | loss 1.9694 | ce 0.4646 | logit 3.0096 | train_acc 42.86%
[Stage2/Head] ep 240/480 | loss 1.9694 | ce 0.4657 | logit 3.0075 | train_acc 42.86%
[Stage2/Head] ep 241/480 | loss 1.9687 | ce 0.4651 | logit 3.0071 | train_acc 42.86%
[Stage2/Head] ep 242/480 | loss 1.9681 | ce 0.4647 | logit 3.0069 | train_acc 42.86%
[Stage2/Head] ep 243/480 | loss 1.9682 | ce 0.4637 | logit 3.0090 | train_acc 42.86%
[Stage2/Head] ep 244/480 | loss 1.9683 | ce 0.4655 | logit 3.0056 | train_acc 42.86%
[Stage2/Head] ep 245/480 | loss 1.9671 | ce 0.4650 | logit 3.0041 | train_acc 42.86%
[Stage2/Head] ep 246/480 | loss 1.9696 | ce 0.4643 | logit 3.0106 | train_acc 42.86%
[Stage2/Head] ep 247/480 | loss 1.9687 | ce 0.4651 | logit 3.0071 | train_acc 42.86%
[Stage2/Head] ep 248/480 | loss 1.9696 | ce 0.4651 | logit 3.0091 | train_acc 42.86%
[Stage2/Head] ep 249/480 | loss 1.9674 | ce 0.4638 | logit 3.0073 | train_acc 42.86%
[Stage2/Head] ep 250/480 | loss 1.9709 | ce 0.4654 | logit 3.0110 | train_acc 42.86%
[Stage2/Head] ep 251/480 | loss 1.9689 | ce 0.4658 | logit 3.0062 | train_acc 42.86%
[Stage2/Head] ep 252/480 | loss 1.9689 | ce 0.4653 | logit 3.0073 | train_acc 42.86%
[Stage2/Head] ep 253/480 | loss 1.9686 | ce 0.4646 | logit 3.0079 | train_acc 42.86%
[Stage2/Head] ep 254/480 | loss 1.9676 | ce 0.4644 | logit 3.0066 | train_acc 42.86%
[Stage2/Head] ep 255/480 | loss 1.9697 | ce 0.4649 | logit 3.0096 | train_acc 42.86%
[Stage2/Head] ep 256/480 | loss 1.9679 | ce 0.4650 | logit 3.0057 | train_acc 42.86%
[Stage2/Head] ep 257/480 | loss 1.9695 | ce 0.4652 | logit 3.0086 | train_acc 42.86%
[Stage2/Head] ep 258/480 | loss 1.9692 | ce 0.4653 | logit 3.0077 | train_acc 42.86%
[Stage2/Head] ep 259/480 | loss 1.9688 | ce 0.4640 | logit 3.0095 | train_acc 42.86%
[Stage2/Head] ep 260/480 | loss 1.9689 | ce 0.4642 | logit 3.0094 | train_acc 42.86%
[Stage2/Head] ep 261/480 | loss 1.9695 | ce 0.4651 | logit 3.0088 | train_acc 42.86%
[Stage2/Head] ep 262/480 | loss 1.9695 | ce 0.4654 | logit 3.0082 | train_acc 42.86%
[Stage2/Head] ep 263/480 | loss 1.9677 | ce 0.4645 | logit 3.0065 | train_acc 42.86%
[Stage2/Head] ep 264/480 | loss 1.9689 | ce 0.4654 | logit 3.0071 | train_acc 42.86%
[Stage2/Head] ep 265/480 | loss 1.9687 | ce 0.4652 | logit 3.0071 | train_acc 42.86%
[Stage2/Head] ep 266/480 | loss 1.9675 | ce 0.4638 | logit 3.0075 | train_acc 42.86%
[Stage2/Head] ep 267/480 | loss 1.9688 | ce 0.4649 | logit 3.0078 | train_acc 42.86%
[Stage2/Head] ep 268/480 | loss 1.9699 | ce 0.4659 | logit 3.0079 | train_acc 42.86%
[Stage2/Head] ep 269/480 | loss 1.9683 | ce 0.4647 | logit 3.0072 | train_acc 42.86%
[Stage2/Head] ep 270/480 | loss 1.9680 | ce 0.4641 | logit 3.0078 | train_acc 42.86%
[Stage2/Head] ep 271/480 | loss 1.9677 | ce 0.4654 | logit 3.0046 | train_acc 42.86%
[Stage2/Head] ep 272/480 | loss 1.9678 | ce 0.4640 | logit 3.0077 | train_acc 42.86%
[Stage2/Head] ep 273/480 | loss 1.9687 | ce 0.4653 | logit 3.0068 | train_acc 42.86%
[Stage2/Head] ep 274/480 | loss 1.9684 | ce 0.4659 | logit 3.0050 | train_acc 42.86%
[Stage2/Head] ep 275/480 | loss 1.9699 | ce 0.4648 | logit 3.0102 | train_acc 42.86%
[Stage2/Head] ep 276/480 | loss 1.9680 | ce 0.4644 | logit 3.0073 | train_acc 42.86%
[Stage2/Head] ep 277/480 | loss 1.9689 | ce 0.4659 | logit 3.0060 | train_acc 42.86%
[Stage2/Head] ep 278/480 | loss 1.9684 | ce 0.4649 | logit 3.0071 | train_acc 42.86%
[Stage2/Head] ep 279/480 | loss 1.9679 | ce 0.4641 | logit 3.0076 | train_acc 42.86%
[Stage2/Head] ep 280/480 | loss 1.9672 | ce 0.4642 | logit 3.0059 | train_acc 42.86%
[Stage2/Head] ep 281/480 | loss 1.9692 | ce 0.4652 | logit 3.0081 | train_acc 42.86%
[Stage2/Head] ep 282/480 | loss 1.9681 | ce 0.4645 | logit 3.0071 | train_acc 42.86%
[Stage2/Head] ep 283/480 | loss 1.9681 | ce 0.4653 | logit 3.0057 | train_acc 42.86%
[Stage2/Head] ep 284/480 | loss 1.9689 | ce 0.4640 | logit 3.0099 | train_acc 42.86%
[Stage2/Head] ep 285/480 | loss 1.9682 | ce 0.4650 | logit 3.0063 | train_acc 42.86%
[Stage2/Head] ep 286/480 | loss 1.9696 | ce 0.4654 | logit 3.0083 | train_acc 42.86%
[Stage2/Head] ep 287/480 | loss 1.9687 | ce 0.4647 | logit 3.0080 | train_acc 42.86%
[Stage2/Head] ep 288/480 | loss 1.9688 | ce 0.4657 | logit 3.0061 | train_acc 42.86%
[Stage2/Head] ep 289/480 | loss 1.9685 | ce 0.4641 | logit 3.0088 | train_acc 42.86%
[Stage2/Head] ep 290/480 | loss 1.9693 | ce 0.4648 | logit 3.0089 | train_acc 42.86%
[Stage2/Head] ep 291/480 | loss 1.9685 | ce 0.4650 | logit 3.0070 | train_acc 42.86%
[Stage2/Head] ep 292/480 | loss 1.9677 | ce 0.4657 | logit 3.0040 | train_acc 42.86%
[Stage2/Head] ep 293/480 | loss 1.9690 | ce 0.4647 | logit 3.0086 | train_acc 42.86%
[Stage2/Head] ep 294/480 | loss 1.9681 | ce 0.4649 | logit 3.0065 | train_acc 42.86%
[Stage2/Head] ep 295/480 | loss 1.9692 | ce 0.4638 | logit 3.0108 | train_acc 42.86%
[Stage2/Head] ep 296/480 | loss 1.9688 | ce 0.4646 | logit 3.0085 | train_acc 42.86%
[Stage2/Head] ep 297/480 | loss 1.9687 | ce 0.4647 | logit 3.0079 | train_acc 42.86%
[Stage2/Head] ep 298/480 | loss 1.9693 | ce 0.4653 | logit 3.0080 | train_acc 42.86%
[Stage2/Head] ep 299/480 | loss 1.9692 | ce 0.4658 | logit 3.0068 | train_acc 42.86%
[Stage2/Head] ep 300/480 | loss 1.9676 | ce 0.4643 | logit 3.0066 | train_acc 42.86%
[Stage2/Head] ep 301/480 | loss 1.9686 | ce 0.4650 | logit 3.0071 | train_acc 42.86%
[Stage2/Head] ep 302/480 | loss 1.9682 | ce 0.4643 | logit 3.0076 | train_acc 42.86%
[Stage2/Head] ep 303/480 | loss 1.9693 | ce 0.4647 | logit 3.0092 | train_acc 42.86%
[Stage2/Head] ep 304/480 | loss 1.9696 | ce 0.4654 | logit 3.0084 | train_acc 42.86%
[Stage2/Head] ep 305/480 | loss 1.9680 | ce 0.4648 | logit 3.0063 | train_acc 42.86%
[Stage2/Head] ep 306/480 | loss 1.9696 | ce 0.4648 | logit 3.0097 | train_acc 42.86%
[Stage2/Head] ep 307/480 | loss 1.9689 | ce 0.4653 | logit 3.0071 | train_acc 42.86%
[Stage2/Head] ep 308/480 | loss 1.9687 | ce 0.4645 | logit 3.0085 | train_acc 42.86%
[Stage2/Head] ep 309/480 | loss 1.9682 | ce 0.4642 | logit 3.0079 | train_acc 42.86%
[Stage2/Head] ep 310/480 | loss 1.9674 | ce 0.4654 | logit 3.0039 | train_acc 42.86%
[Stage2/Head] ep 311/480 | loss 1.9683 | ce 0.4653 | logit 3.0061 | train_acc 42.86%
[Stage2/Head] ep 312/480 | loss 1.9690 | ce 0.4643 | logit 3.0093 | train_acc 42.86%
[Stage2/Head] ep 313/480 | loss 1.9686 | ce 0.4643 | logit 3.0086 | train_acc 42.86%
[Stage2/Head] ep 314/480 | loss 1.9677 | ce 0.4651 | logit 3.0051 | train_acc 42.86%
[Stage2/Head] ep 315/480 | loss 1.9694 | ce 0.4650 | logit 3.0087 | train_acc 42.86%
[Stage2/Head] ep 316/480 | loss 1.9685 | ce 0.4646 | logit 3.0077 | train_acc 42.86%
[Stage2/Head] ep 317/480 | loss 1.9691 | ce 0.4650 | logit 3.0082 | train_acc 42.86%
[Stage2/Head] ep 318/480 | loss 1.9690 | ce 0.4644 | logit 3.0092 | train_acc 42.86%
[Stage2/Head] ep 319/480 | loss 1.9687 | ce 0.4648 | logit 3.0077 | train_acc 42.86%
[Stage2/Head] ep 320/480 | loss 1.9676 | ce 0.4659 | logit 3.0035 | train_acc 42.86%
[Stage2/Head] ep 321/480 | loss 1.9691 | ce 0.4649 | logit 3.0083 | train_acc 42.86%
[Stage2/Head] ep 322/480 | loss 1.9682 | ce 0.4639 | logit 3.0087 | train_acc 42.86%
[Stage2/Head] ep 323/480 | loss 1.9692 | ce 0.4654 | logit 3.0075 | train_acc 42.86%
[Stage2/Head] ep 324/480 | loss 1.9677 | ce 0.4644 | logit 3.0067 | train_acc 42.86%
[Stage2/Head] ep 325/480 | loss 1.9691 | ce 0.4661 | logit 3.0060 | train_acc 42.86%
[Stage2/Head] ep 326/480 | loss 1.9686 | ce 0.4639 | logit 3.0095 | train_acc 42.86%
[Stage2/Head] ep 327/480 | loss 1.9691 | ce 0.4649 | logit 3.0084 | train_acc 42.86%
[Stage2/Head] ep 328/480 | loss 1.9691 | ce 0.4648 | logit 3.0086 | train_acc 42.86%
[Stage2/Head] ep 329/480 | loss 1.9710 | ce 0.4653 | logit 3.0113 | train_acc 42.86%
[Stage2/Head] ep 330/480 | loss 1.9689 | ce 0.4644 | logit 3.0090 | train_acc 42.86%
[Stage2/Head] ep 331/480 | loss 1.9683 | ce 0.4647 | logit 3.0074 | train_acc 42.86%
[Stage2/Head] ep 332/480 | loss 1.9682 | ce 0.4642 | logit 3.0080 | train_acc 42.86%
[Stage2/Head] ep 333/480 | loss 1.9688 | ce 0.4663 | logit 3.0050 | train_acc 42.86%
[Stage2/Head] ep 334/480 | loss 1.9676 | ce 0.4641 | logit 3.0070 | train_acc 42.86%
[Stage2/Head] ep 335/480 | loss 1.9682 | ce 0.4644 | logit 3.0076 | train_acc 42.86%
[Stage2/Head] ep 336/480 | loss 1.9681 | ce 0.4656 | logit 3.0050 | train_acc 42.86%
[Stage2/Head] ep 337/480 | loss 1.9686 | ce 0.4648 | logit 3.0075 | train_acc 42.86%
[Stage2/Head] ep 338/480 | loss 1.9685 | ce 0.4641 | logit 3.0088 | train_acc 42.86%
[Stage2/Head] ep 339/480 | loss 1.9682 | ce 0.4656 | logit 3.0052 | train_acc 42.86%
[Stage2/Head] ep 340/480 | loss 1.9694 | ce 0.4642 | logit 3.0102 | train_acc 42.86%
[Stage2/Head] ep 341/480 | loss 1.9685 | ce 0.4655 | logit 3.0059 | train_acc 42.86%
[Stage2/Head] ep 342/480 | loss 1.9677 | ce 0.4652 | logit 3.0050 | train_acc 42.86%
[Stage2/Head] ep 343/480 | loss 1.9700 | ce 0.4646 | logit 3.0109 | train_acc 42.86%
[Stage2/Head] ep 344/480 | loss 1.9684 | ce 0.4649 | logit 3.0071 | train_acc 42.86%
[Stage2/Head] ep 345/480 | loss 1.9677 | ce 0.4645 | logit 3.0065 | train_acc 42.86%
[Stage2/Head] ep 346/480 | loss 1.9682 | ce 0.4649 | logit 3.0067 | train_acc 42.86%
[Stage2/Head] ep 347/480 | loss 1.9687 | ce 0.4650 | logit 3.0073 | train_acc 42.86%
[Stage2/Head] ep 348/480 | loss 1.9683 | ce 0.4646 | logit 3.0074 | train_acc 42.86%
[Stage2/Head] ep 349/480 | loss 1.9678 | ce 0.4652 | logit 3.0051 | train_acc 42.86%
[Stage2/Head] ep 350/480 | loss 1.9692 | ce 0.4644 | logit 3.0095 | train_acc 42.86%
[Stage2/Head] ep 351/480 | loss 1.9683 | ce 0.4653 | logit 3.0059 | train_acc 42.86%
[Stage2/Head] ep 352/480 | loss 1.9689 | ce 0.4642 | logit 3.0094 | train_acc 42.86%
[Stage2/Head] ep 353/480 | loss 1.9687 | ce 0.4653 | logit 3.0067 | train_acc 42.86%
[Stage2/Head] ep 354/480 | loss 1.9686 | ce 0.4646 | logit 3.0080 | train_acc 42.86%
[Stage2/Head] ep 355/480 | loss 1.9685 | ce 0.4652 | logit 3.0068 | train_acc 42.86%
[Stage2/Head] ep 356/480 | loss 1.9685 | ce 0.4641 | logit 3.0087 | train_acc 42.86%
[Stage2/Head] ep 357/480 | loss 1.9685 | ce 0.4642 | logit 3.0085 | train_acc 42.86%
[Stage2/Head] ep 358/480 | loss 1.9690 | ce 0.4656 | logit 3.0069 | train_acc 42.86%
[Stage2/Head] ep 359/480 | loss 1.9684 | ce 0.4646 | logit 3.0076 | train_acc 42.86%
[Stage2/Head] ep 360/480 | loss 1.9694 | ce 0.4652 | logit 3.0084 | train_acc 42.86%
[Stage2/Head] ep 361/480 | loss 1.9675 | ce 0.4647 | logit 3.0057 | train_acc 42.86%
[Stage2/Head] ep 362/480 | loss 1.9697 | ce 0.4650 | logit 3.0093 | train_acc 42.86%
[Stage2/Head] ep 363/480 | loss 1.9687 | ce 0.4639 | logit 3.0097 | train_acc 42.86%
[Stage2/Head] ep 364/480 | loss 1.9683 | ce 0.4651 | logit 3.0064 | train_acc 42.86%
[Stage2/Head] ep 365/480 | loss 1.9676 | ce 0.4657 | logit 3.0036 | train_acc 42.86%
[Stage2/Head] ep 366/480 | loss 1.9696 | ce 0.4642 | logit 3.0108 | train_acc 42.86%
[Stage2/Head] ep 367/480 | loss 1.9685 | ce 0.4652 | logit 3.0065 | train_acc 42.86%
[Stage2/Head] ep 368/480 | loss 1.9689 | ce 0.4647 | logit 3.0084 | train_acc 42.86%
[Stage2/Head] ep 369/480 | loss 1.9688 | ce 0.4647 | logit 3.0081 | train_acc 42.86%
[Stage2/Head] ep 370/480 | loss 1.9693 | ce 0.4652 | logit 3.0083 | train_acc 42.86%
[Stage2/Head] ep 371/480 | loss 1.9682 | ce 0.4647 | logit 3.0070 | train_acc 42.86%
[Stage2/Head] ep 372/480 | loss 1.9674 | ce 0.4655 | logit 3.0039 | train_acc 42.86%
[Stage2/Head] ep 373/480 | loss 1.9679 | ce 0.4647 | logit 3.0064 | train_acc 42.86%
[Stage2/Head] ep 374/480 | loss 1.9693 | ce 0.4642 | logit 3.0101 | train_acc 42.86%
[Stage2/Head] ep 375/480 | loss 1.9687 | ce 0.4663 | logit 3.0048 | train_acc 42.86%
[Stage2/Head] ep 376/480 | loss 1.9689 | ce 0.4645 | logit 3.0087 | train_acc 42.86%
[Stage2/Head] ep 377/480 | loss 1.9679 | ce 0.4649 | logit 3.0060 | train_acc 42.86%
[Stage2/Head] ep 378/480 | loss 1.9682 | ce 0.4651 | logit 3.0062 | train_acc 42.86%
[Stage2/Head] ep 379/480 | loss 1.9680 | ce 0.4647 | logit 3.0066 | train_acc 42.86%
[Stage2/Head] ep 380/480 | loss 1.9687 | ce 0.4647 | logit 3.0079 | train_acc 42.86%
[Stage2/Head] ep 381/480 | loss 1.9696 | ce 0.4643 | logit 3.0105 | train_acc 42.86%
[Stage2/Head] ep 382/480 | loss 1.9691 | ce 0.4649 | logit 3.0083 | train_acc 42.86%
[Stage2/Head] ep 383/480 | loss 1.9680 | ce 0.4652 | logit 3.0057 | train_acc 42.86%
[Stage2/Head] ep 384/480 | loss 1.9690 | ce 0.4651 | logit 3.0077 | train_acc 42.86%
[Stage2/Head] ep 385/480 | loss 1.9685 | ce 0.4638 | logit 3.0095 | train_acc 42.86%
[Stage2/Head] ep 386/480 | loss 1.9684 | ce 0.4651 | logit 3.0065 | train_acc 42.86%
[Stage2/Head] ep 387/480 | loss 1.9704 | ce 0.4660 | logit 3.0088 | train_acc 42.86%
[Stage2/Head] ep 388/480 | loss 1.9681 | ce 0.4646 | logit 3.0069 | train_acc 42.86%
[Stage2/Head] ep 389/480 | loss 1.9685 | ce 0.4641 | logit 3.0088 | train_acc 42.86%
[Stage2/Head] ep 390/480 | loss 1.9692 | ce 0.4646 | logit 3.0093 | train_acc 42.86%
[Stage2/Head] ep 391/480 | loss 1.9681 | ce 0.4657 | logit 3.0048 | train_acc 42.86%
[Stage2/Head] ep 392/480 | loss 1.9679 | ce 0.4650 | logit 3.0058 | train_acc 42.86%
[Stage2/Head] ep 393/480 | loss 1.9678 | ce 0.4638 | logit 3.0080 | train_acc 42.86%
[Stage2/Head] ep 394/480 | loss 1.9685 | ce 0.4652 | logit 3.0066 | train_acc 42.86%
[Stage2/Head] ep 395/480 | loss 1.9684 | ce 0.4657 | logit 3.0053 | train_acc 42.86%
[Stage2/Head] ep 396/480 | loss 1.9680 | ce 0.4647 | logit 3.0067 | train_acc 42.86%
[Stage2/Head] ep 397/480 | loss 1.9684 | ce 0.4650 | logit 3.0069 | train_acc 42.86%
[Stage2/Head] ep 398/480 | loss 1.9683 | ce 0.4641 | logit 3.0085 | train_acc 42.86%
[Stage2/Head] ep 399/480 | loss 1.9693 | ce 0.4650 | logit 3.0085 | train_acc 42.86%
[Stage2/Head] ep 400/480 | loss 1.9689 | ce 0.4647 | logit 3.0084 | train_acc 42.86%
[Stage2/Head] ep 401/480 | loss 1.9682 | ce 0.4645 | logit 3.0073 | train_acc 42.86%
[Stage2/Head] ep 402/480 | loss 1.9684 | ce 0.4651 | logit 3.0065 | train_acc 42.86%
[Stage2/Head] ep 403/480 | loss 1.9687 | ce 0.4648 | logit 3.0077 | train_acc 42.86%
[Stage2/Head] ep 404/480 | loss 1.9693 | ce 0.4649 | logit 3.0087 | train_acc 42.86%
[Stage2/Head] ep 405/480 | loss 1.9693 | ce 0.4649 | logit 3.0089 | train_acc 42.86%
[Stage2/Head] ep 406/480 | loss 1.9692 | ce 0.4648 | logit 3.0088 | train_acc 42.86%
[Stage2/Head] ep 407/480 | loss 1.9699 | ce 0.4648 | logit 3.0103 | train_acc 42.86%
[Stage2/Head] ep 408/480 | loss 1.9695 | ce 0.4657 | logit 3.0076 | train_acc 42.86%
[Stage2/Head] ep 409/480 | loss 1.9685 | ce 0.4643 | logit 3.0085 | train_acc 42.86%
[Stage2/Head] ep 410/480 | loss 1.9702 | ce 0.4651 | logit 3.0100 | train_acc 42.86%
[Stage2/Head] ep 411/480 | loss 1.9674 | ce 0.4656 | logit 3.0036 | train_acc 42.86%
[Stage2/Head] ep 412/480 | loss 1.9689 | ce 0.4639 | logit 3.0099 | train_acc 42.86%
[Stage2/Head] ep 413/480 | loss 1.9687 | ce 0.4647 | logit 3.0082 | train_acc 42.86%
[Stage2/Head] ep 414/480 | loss 1.9683 | ce 0.4665 | logit 3.0036 | train_acc 42.86%
[Stage2/Head] ep 415/480 | loss 1.9693 | ce 0.4644 | logit 3.0099 | train_acc 42.86%
[Stage2/Head] ep 416/480 | loss 1.9696 | ce 0.4644 | logit 3.0105 | train_acc 42.86%
[Stage2/Head] ep 417/480 | loss 1.9684 | ce 0.4644 | logit 3.0080 | train_acc 42.86%
[Stage2/Head] ep 418/480 | loss 1.9694 | ce 0.4652 | logit 3.0084 | train_acc 42.86%
[Stage2/Head] ep 419/480 | loss 1.9685 | ce 0.4648 | logit 3.0074 | train_acc 42.86%
[Stage2/Head] ep 420/480 | loss 1.9685 | ce 0.4651 | logit 3.0068 | train_acc 42.86%
[Stage2/Head] ep 421/480 | loss 1.9698 | ce 0.4651 | logit 3.0094 | train_acc 42.86%
[Stage2/Head] ep 422/480 | loss 1.9689 | ce 0.4655 | logit 3.0069 | train_acc 42.86%
[Stage2/Head] ep 423/480 | loss 1.9686 | ce 0.4642 | logit 3.0087 | train_acc 42.86%
[Stage2/Head] ep 424/480 | loss 1.9693 | ce 0.4651 | logit 3.0084 | train_acc 42.86%
[Stage2/Head] ep 425/480 | loss 1.9687 | ce 0.4650 | logit 3.0075 | train_acc 42.86%
[Stage2/Head] ep 426/480 | loss 1.9685 | ce 0.4646 | logit 3.0078 | train_acc 42.86%
[Stage2/Head] ep 427/480 | loss 1.9688 | ce 0.4645 | logit 3.0087 | train_acc 42.86%
[Stage2/Head] ep 428/480 | loss 1.9697 | ce 0.4654 | logit 3.0087 | train_acc 42.86%
[Stage2/Head] ep 429/480 | loss 1.9685 | ce 0.4643 | logit 3.0085 | train_acc 42.86%
[Stage2/Head] ep 430/480 | loss 1.9685 | ce 0.4648 | logit 3.0074 | train_acc 42.86%
[Stage2/Head] ep 431/480 | loss 1.9693 | ce 0.4656 | logit 3.0074 | train_acc 42.86%
[Stage2/Head] ep 432/480 | loss 1.9679 | ce 0.4642 | logit 3.0075 | train_acc 42.86%
[Stage2/Head] ep 433/480 | loss 1.9688 | ce 0.4649 | logit 3.0078 | train_acc 42.86%
[Stage2/Head] ep 434/480 | loss 1.9687 | ce 0.4655 | logit 3.0065 | train_acc 42.86%
[Stage2/Head] ep 435/480 | loss 1.9705 | ce 0.4650 | logit 3.0111 | train_acc 42.86%
[Stage2/Head] ep 436/480 | loss 1.9693 | ce 0.4647 | logit 3.0091 | train_acc 42.86%
[Stage2/Head] ep 437/480 | loss 1.9689 | ce 0.4651 | logit 3.0077 | train_acc 42.86%
[Stage2/Head] ep 438/480 | loss 1.9690 | ce 0.4646 | logit 3.0087 | train_acc 42.86%
[Stage2/Head] ep 439/480 | loss 1.9677 | ce 0.4649 | logit 3.0055 | train_acc 42.86%
[Stage2/Head] ep 440/480 | loss 1.9687 | ce 0.4648 | logit 3.0076 | train_acc 42.86%
[Stage2/Head] ep 441/480 | loss 1.9683 | ce 0.4646 | logit 3.0075 | train_acc 42.86%
[Stage2/Head] ep 442/480 | loss 1.9682 | ce 0.4653 | logit 3.0059 | train_acc 42.86%
[Stage2/Head] ep 443/480 | loss 1.9692 | ce 0.4650 | logit 3.0083 | train_acc 42.86%
[Stage2/Head] ep 444/480 | loss 1.9676 | ce 0.4643 | logit 3.0066 | train_acc 42.86%
[Stage2/Head] ep 445/480 | loss 1.9686 | ce 0.4647 | logit 3.0078 | train_acc 42.86%
[Stage2/Head] ep 446/480 | loss 1.9688 | ce 0.4645 | logit 3.0086 | train_acc 42.86%
[Stage2/Head] ep 447/480 | loss 1.9677 | ce 0.4650 | logit 3.0054 | train_acc 42.86%
[Stage2/Head] ep 448/480 | loss 1.9693 | ce 0.4644 | logit 3.0098 | train_acc 42.86%
[Stage2/Head] ep 449/480 | loss 1.9678 | ce 0.4647 | logit 3.0063 | train_acc 42.86%
[Stage2/Head] ep 450/480 | loss 1.9681 | ce 0.4653 | logit 3.0055 | train_acc 42.86%
[Stage2/Head] ep 451/480 | loss 1.9669 | ce 0.4644 | logit 3.0048 | train_acc 42.86%
[Stage2/Head] ep 452/480 | loss 1.9691 | ce 0.4648 | logit 3.0084 | train_acc 42.86%
[Stage2/Head] ep 453/480 | loss 1.9687 | ce 0.4651 | logit 3.0072 | train_acc 42.86%
[Stage2/Head] ep 454/480 | loss 1.9698 | ce 0.4644 | logit 3.0109 | train_acc 42.86%
[Stage2/Head] ep 455/480 | loss 1.9676 | ce 0.4655 | logit 3.0043 | train_acc 42.86%
[Stage2/Head] ep 456/480 | loss 1.9685 | ce 0.4653 | logit 3.0065 | train_acc 42.86%
[Stage2/Head] ep 457/480 | loss 1.9685 | ce 0.4641 | logit 3.0089 | train_acc 42.86%
[Stage2/Head] ep 458/480 | loss 1.9690 | ce 0.4648 | logit 3.0083 | train_acc 42.86%
[Stage2/Head] ep 459/480 | loss 1.9686 | ce 0.4655 | logit 3.0061 | train_acc 42.86%
[Stage2/Head] ep 460/480 | loss 1.9688 | ce 0.4650 | logit 3.0077 | train_acc 42.86%
[Stage2/Head] ep 461/480 | loss 1.9684 | ce 0.4655 | logit 3.0057 | train_acc 42.86%
[Stage2/Head] ep 462/480 | loss 1.9683 | ce 0.4649 | logit 3.0067 | train_acc 42.86%
[Stage2/Head] ep 463/480 | loss 1.9686 | ce 0.4636 | logit 3.0098 | train_acc 42.86%
[Stage2/Head] ep 464/480 | loss 1.9695 | ce 0.4654 | logit 3.0083 | train_acc 42.86%
[Stage2/Head] ep 465/480 | loss 1.9693 | ce 0.4648 | logit 3.0089 | train_acc 42.86%
[Stage2/Head] ep 466/480 | loss 1.9688 | ce 0.4655 | logit 3.0066 | train_acc 42.86%
[Stage2/Head] ep 467/480 | loss 1.9687 | ce 0.4634 | logit 3.0106 | train_acc 42.86%
[Stage2/Head] ep 468/480 | loss 1.9685 | ce 0.4652 | logit 3.0066 | train_acc 42.86%
[Stage2/Head] ep 469/480 | loss 1.9673 | ce 0.4656 | logit 3.0033 | train_acc 42.86%
[Stage2/Head] ep 470/480 | loss 1.9688 | ce 0.4645 | logit 3.0087 | train_acc 42.86%
[Stage2/Head] ep 471/480 | loss 1.9693 | ce 0.4650 | logit 3.0088 | train_acc 42.86%
[Stage2/Head] ep 472/480 | loss 1.9695 | ce 0.4650 | logit 3.0091 | train_acc 42.86%
[Stage2/Head] ep 473/480 | loss 1.9696 | ce 0.4649 | logit 3.0094 | train_acc 42.86%
[Stage2/Head] ep 474/480 | loss 1.9687 | ce 0.4650 | logit 3.0074 | train_acc 42.86%
[Stage2/Head] ep 475/480 | loss 1.9681 | ce 0.4646 | logit 3.0071 | train_acc 42.86%
[Stage2/Head] ep 476/480 | loss 1.9697 | ce 0.4650 | logit 3.0095 | train_acc 42.86%
[Stage2/Head] ep 477/480 | loss 1.9683 | ce 0.4647 | logit 3.0071 | train_acc 42.86%
[Stage2/Head] ep 478/480 | loss 1.9685 | ce 0.4644 | logit 3.0082 | train_acc 42.86%
[Stage2/Head] ep 479/480 | loss 1.9674 | ce 0.4655 | logit 3.0039 | train_acc 42.86%
[Stage2/Head] ep 480/480 | loss 1.9693 | ce 0.4644 | logit 3.0097 | train_acc 42.86%
[Task 4] Training done in 25.22 min.
[Task 4] Test (on new class only) -> ce_loss: 0.4657, acc: 100.00%, rec_loss: 22.0601
  - Filtering train: keep top 95.0% per class based on returned scores.
[Task 4] Wrote CSVs to: ./runs_mnist_continual/run_20260226_113825/task4
Accuracies on seen tasks:
  Task 0 [0,1,2,3,4]: 0.00%
  Task 1 [5]: 0.00%
  Task 2 [6]: 0.00%
  Task 3 [7]: 0.00%
  Task 4 [8]: 100.00%
Mean over seen tasks (0..4): 20.00%
[Task 4] Skipping GP training and Rscript execution as per --skip_GP flag.
[Task 4] Loaded from R CSV: 5000 rows, f_size=16
[Task 4] Decoded images: torch.Size([5000, 1, 28, 28]) -> recovered dataset size 5000
[Task 4] Augmenting Task 5 training set with 5000 recovered samples.
/home/lhalice/miniconda3/envs/NNGP/lib/python3.12/site-packages/torch/utils/data/dataloader.py:627: UserWarning: This DataLoader will create 2 worker processes in total. Our suggested max number of worker in current system is 1, which is smaller than what this DataLoader is going to create. Please be aware that excessive worker creation might get DataLoader running slow or even freeze, lower the worker number to avoid potential slowness/freeze if necessary.
  warnings.warn(

================================================================================
Starting Task 5: digits [9]
Training samples size: 8000
================================================================================
[Stage1/AE] ep 1/600 | loss 0.1963 | rec 0.0326 | feat 0.1638 | train_acc 26.90%
[Stage1/AE] ep 2/600 | loss 0.1810 | rec 0.0286 | feat 0.1524 | train_acc 26.90%
[Stage1/AE] ep 3/600 | loss 0.1790 | rec 0.0276 | feat 0.1514 | train_acc 26.90%
[Stage1/AE] ep 4/600 | loss 0.1740 | rec 0.0271 | feat 0.1469 | train_acc 26.90%
[Stage1/AE] ep 5/600 | loss 0.1662 | rec 0.0267 | feat 0.1394 | train_acc 26.90%
[Stage1/AE] ep 6/600 | loss 0.1716 | rec 0.0265 | feat 0.1450 | train_acc 26.90%
[Stage1/AE] ep 7/600 | loss 0.1695 | rec 0.0263 | feat 0.1432 | train_acc 26.90%
[Stage1/AE] ep 8/600 | loss 0.1660 | rec 0.0259 | feat 0.1401 | train_acc 26.90%
[Stage1/AE] ep 9/600 | loss 0.1667 | rec 0.0258 | feat 0.1409 | train_acc 26.90%
[Stage1/AE] ep 10/600 | loss 0.1629 | rec 0.0257 | feat 0.1373 | train_acc 26.90%
[Stage1/AE] ep 11/600 | loss 0.1622 | rec 0.0255 | feat 0.1368 | train_acc 26.90%
[Stage1/AE] ep 12/600 | loss 0.1600 | rec 0.0252 | feat 0.1348 | train_acc 26.90%
[Stage1/AE] ep 13/600 | loss 0.1646 | rec 0.0255 | feat 0.1391 | train_acc 26.90%
[Stage1/AE] ep 14/600 | loss 0.1629 | rec 0.0253 | feat 0.1376 | train_acc 26.90%
[Stage1/AE] ep 15/600 | loss 0.1615 | rec 0.0251 | feat 0.1364 | train_acc 26.90%
[Stage1/AE] ep 16/600 | loss 0.1591 | rec 0.0250 | feat 0.1340 | train_acc 26.90%
[Stage1/AE] ep 17/600 | loss 0.1587 | rec 0.0250 | feat 0.1338 | train_acc 26.90%
[Stage1/AE] ep 18/600 | loss 0.1617 | rec 0.0250 | feat 0.1367 | train_acc 26.90%
[Stage1/AE] ep 19/600 | loss 0.1542 | rec 0.0248 | feat 0.1295 | train_acc 26.90%
[Stage1/AE] ep 20/600 | loss 0.1581 | rec 0.0248 | feat 0.1332 | train_acc 26.90%
[Stage1/AE] ep 21/600 | loss 0.1554 | rec 0.0248 | feat 0.1306 | train_acc 26.90%
[Stage1/AE] ep 22/600 | loss 0.1588 | rec 0.0247 | feat 0.1341 | train_acc 26.90%
[Stage1/AE] ep 23/600 | loss 0.1573 | rec 0.0246 | feat 0.1327 | train_acc 26.90%
[Stage1/AE] ep 24/600 | loss 0.1572 | rec 0.0246 | feat 0.1326 | train_acc 26.90%
[Stage1/AE] ep 25/600 | loss 0.1563 | rec 0.0248 | feat 0.1316 | train_acc 26.90%
[Stage1/AE] ep 26/600 | loss 0.1565 | rec 0.0244 | feat 0.1321 | train_acc 26.90%
[Stage1/AE] ep 27/600 | loss 0.1555 | rec 0.0243 | feat 0.1312 | train_acc 26.90%
[Stage1/AE] ep 28/600 | loss 0.1564 | rec 0.0243 | feat 0.1320 | train_acc 26.90%
[Stage1/AE] ep 29/600 | loss 0.1538 | rec 0.0243 | feat 0.1295 | train_acc 26.90%
[Stage1/AE] ep 30/600 | loss 0.1555 | rec 0.0244 | feat 0.1312 | train_acc 26.90%
[Stage1/AE] ep 31/600 | loss 0.1509 | rec 0.0243 | feat 0.1266 | train_acc 26.90%
[Stage1/AE] ep 32/600 | loss 0.1538 | rec 0.0243 | feat 0.1295 | train_acc 26.90%
[Stage1/AE] ep 33/600 | loss 0.1531 | rec 0.0242 | feat 0.1289 | train_acc 26.90%
[Stage1/AE] ep 34/600 | loss 0.1517 | rec 0.0243 | feat 0.1274 | train_acc 26.90%
[Stage1/AE] ep 35/600 | loss 0.1531 | rec 0.0244 | feat 0.1287 | train_acc 26.90%
[Stage1/AE] ep 36/600 | loss 0.1514 | rec 0.0240 | feat 0.1274 | train_acc 26.90%
[Stage1/AE] ep 37/600 | loss 0.1536 | rec 0.0240 | feat 0.1297 | train_acc 26.90%
[Stage1/AE] ep 38/600 | loss 0.1502 | rec 0.0240 | feat 0.1262 | train_acc 26.90%
[Stage1/AE] ep 39/600 | loss 0.1557 | rec 0.0239 | feat 0.1318 | train_acc 26.90%
[Stage1/AE] ep 40/600 | loss 0.1521 | rec 0.0239 | feat 0.1282 | train_acc 26.90%
[Stage1/AE] ep 41/600 | loss 0.1522 | rec 0.0240 | feat 0.1282 | train_acc 26.90%
[Stage1/AE] ep 42/600 | loss 0.1529 | rec 0.0239 | feat 0.1290 | train_acc 26.90%
[Stage1/AE] ep 43/600 | loss 0.1518 | rec 0.0240 | feat 0.1278 | train_acc 26.90%
[Stage1/AE] ep 44/600 | loss 0.1512 | rec 0.0240 | feat 0.1273 | train_acc 26.90%
[Stage1/AE] ep 45/600 | loss 0.1472 | rec 0.0239 | feat 0.1233 | train_acc 26.90%
[Stage1/AE] ep 46/600 | loss 0.1507 | rec 0.0238 | feat 0.1269 | train_acc 26.90%
[Stage1/AE] ep 47/600 | loss 0.1487 | rec 0.0239 | feat 0.1248 | train_acc 26.90%
[Stage1/AE] ep 48/600 | loss 0.1501 | rec 0.0239 | feat 0.1262 | train_acc 26.90%
[Stage1/AE] ep 49/600 | loss 0.1515 | rec 0.0237 | feat 0.1278 | train_acc 26.90%
[Stage1/AE] ep 50/600 | loss 0.1511 | rec 0.0238 | feat 0.1273 | train_acc 26.90%
[Stage1/AE] ep 51/600 | loss 0.1471 | rec 0.0235 | feat 0.1236 | train_acc 26.90%
[Stage1/AE] ep 52/600 | loss 0.1502 | rec 0.0237 | feat 0.1264 | train_acc 26.90%
[Stage1/AE] ep 53/600 | loss 0.1516 | rec 0.0236 | feat 0.1279 | train_acc 26.90%
[Stage1/AE] ep 54/600 | loss 0.1512 | rec 0.0237 | feat 0.1275 | train_acc 26.90%
[Stage1/AE] ep 55/600 | loss 0.1488 | rec 0.0237 | feat 0.1251 | train_acc 26.90%
[Stage1/AE] ep 56/600 | loss 0.1495 | rec 0.0235 | feat 0.1260 | train_acc 26.90%
[Stage1/AE] ep 57/600 | loss 0.1502 | rec 0.0237 | feat 0.1266 | train_acc 26.90%
[Stage1/AE] ep 58/600 | loss 0.1480 | rec 0.0234 | feat 0.1246 | train_acc 26.90%
[Stage1/AE] ep 59/600 | loss 0.1482 | rec 0.0235 | feat 0.1247 | train_acc 26.90%
[Stage1/AE] ep 60/600 | loss 0.1472 | rec 0.0234 | feat 0.1239 | train_acc 26.90%
[Stage1/AE] ep 61/600 | loss 0.1491 | rec 0.0236 | feat 0.1255 | train_acc 26.90%
[Stage1/AE] ep 62/600 | loss 0.1493 | rec 0.0235 | feat 0.1258 | train_acc 26.90%
[Stage1/AE] ep 63/600 | loss 0.1468 | rec 0.0234 | feat 0.1235 | train_acc 26.90%
[Stage1/AE] ep 64/600 | loss 0.1468 | rec 0.0235 | feat 0.1234 | train_acc 26.90%
[Stage1/AE] ep 65/600 | loss 0.1438 | rec 0.0234 | feat 0.1203 | train_acc 26.90%
[Stage1/AE] ep 66/600 | loss 0.1463 | rec 0.0234 | feat 0.1229 | train_acc 26.90%
[Stage1/AE] ep 67/600 | loss 0.1473 | rec 0.0234 | feat 0.1239 | train_acc 26.90%
[Stage1/AE] ep 68/600 | loss 0.1468 | rec 0.0233 | feat 0.1235 | train_acc 26.90%
[Stage1/AE] ep 69/600 | loss 0.1456 | rec 0.0234 | feat 0.1222 | train_acc 26.90%
[Stage1/AE] ep 70/600 | loss 0.1464 | rec 0.0234 | feat 0.1230 | train_acc 26.90%
[Stage1/AE] ep 71/600 | loss 0.1449 | rec 0.0232 | feat 0.1218 | train_acc 26.90%
[Stage1/AE] ep 72/600 | loss 0.1462 | rec 0.0233 | feat 0.1229 | train_acc 26.90%
[Stage1/AE] ep 73/600 | loss 0.1459 | rec 0.0230 | feat 0.1228 | train_acc 26.90%
[Stage1/AE] ep 74/600 | loss 0.1467 | rec 0.0231 | feat 0.1236 | train_acc 26.90%
[Stage1/AE] ep 75/600 | loss 0.1411 | rec 0.0233 | feat 0.1178 | train_acc 26.90%
[Stage1/AE] ep 76/600 | loss 0.1447 | rec 0.0231 | feat 0.1216 | train_acc 26.90%
[Stage1/AE] ep 77/600 | loss 0.1448 | rec 0.0232 | feat 0.1216 | train_acc 26.90%
[Stage1/AE] ep 78/600 | loss 0.1447 | rec 0.0231 | feat 0.1216 | train_acc 26.90%
[Stage1/AE] ep 79/600 | loss 0.1440 | rec 0.0231 | feat 0.1209 | train_acc 26.90%
[Stage1/AE] ep 80/600 | loss 0.1435 | rec 0.0231 | feat 0.1205 | train_acc 26.90%
[Stage1/AE] ep 81/600 | loss 0.1425 | rec 0.0231 | feat 0.1195 | train_acc 26.90%
[Stage1/AE] ep 82/600 | loss 0.1459 | rec 0.0230 | feat 0.1228 | train_acc 26.90%
[Stage1/AE] ep 83/600 | loss 0.1435 | rec 0.0230 | feat 0.1204 | train_acc 26.90%
[Stage1/AE] ep 84/600 | loss 0.1431 | rec 0.0229 | feat 0.1202 | train_acc 26.90%
[Stage1/AE] ep 85/600 | loss 0.1436 | rec 0.0229 | feat 0.1207 | train_acc 26.90%
[Stage1/AE] ep 86/600 | loss 0.1459 | rec 0.0230 | feat 0.1229 | train_acc 26.90%
[Stage1/AE] ep 87/600 | loss 0.1424 | rec 0.0229 | feat 0.1195 | train_acc 26.90%
[Stage1/AE] ep 88/600 | loss 0.1464 | rec 0.0228 | feat 0.1236 | train_acc 26.90%
[Stage1/AE] ep 89/600 | loss 0.1420 | rec 0.0230 | feat 0.1190 | train_acc 26.90%
[Stage1/AE] ep 90/600 | loss 0.1448 | rec 0.0229 | feat 0.1219 | train_acc 26.90%
[Stage1/AE] ep 91/600 | loss 0.1432 | rec 0.0228 | feat 0.1204 | train_acc 26.90%
[Stage1/AE] ep 92/600 | loss 0.1423 | rec 0.0227 | feat 0.1196 | train_acc 26.90%
[Stage1/AE] ep 93/600 | loss 0.1438 | rec 0.0228 | feat 0.1210 | train_acc 26.90%
[Stage1/AE] ep 94/600 | loss 0.1420 | rec 0.0230 | feat 0.1190 | train_acc 26.90%
[Stage1/AE] ep 95/600 | loss 0.1460 | rec 0.0229 | feat 0.1230 | train_acc 26.90%
[Stage1/AE] ep 96/600 | loss 0.1405 | rec 0.0229 | feat 0.1176 | train_acc 26.90%
[Stage1/AE] ep 97/600 | loss 0.1409 | rec 0.0229 | feat 0.1180 | train_acc 26.90%
[Stage1/AE] ep 98/600 | loss 0.1415 | rec 0.0226 | feat 0.1188 | train_acc 26.90%
[Stage1/AE] ep 99/600 | loss 0.1410 | rec 0.0229 | feat 0.1181 | train_acc 26.90%
[Stage1/AE] ep 100/600 | loss 0.1401 | rec 0.0228 | feat 0.1173 | train_acc 26.90%
[Stage1/AE] ep 101/600 | loss 0.1424 | rec 0.0229 | feat 0.1195 | train_acc 26.90%
[Stage1/AE] ep 102/600 | loss 0.1404 | rec 0.0228 | feat 0.1176 | train_acc 26.90%
[Stage1/AE] ep 103/600 | loss 0.1426 | rec 0.0226 | feat 0.1200 | train_acc 26.90%
[Stage1/AE] ep 104/600 | loss 0.1412 | rec 0.0227 | feat 0.1185 | train_acc 26.90%
[Stage1/AE] ep 105/600 | loss 0.1436 | rec 0.0228 | feat 0.1208 | train_acc 26.90%
[Stage1/AE] ep 106/600 | loss 0.1409 | rec 0.0229 | feat 0.1181 | train_acc 26.90%
[Stage1/AE] ep 107/600 | loss 0.1447 | rec 0.0226 | feat 0.1221 | train_acc 26.90%
[Stage1/AE] ep 108/600 | loss 0.1420 | rec 0.0225 | feat 0.1195 | train_acc 26.90%
[Stage1/AE] ep 109/600 | loss 0.1423 | rec 0.0226 | feat 0.1196 | train_acc 26.90%
[Stage1/AE] ep 110/600 | loss 0.1420 | rec 0.0227 | feat 0.1193 | train_acc 26.90%
[Stage1/AE] ep 111/600 | loss 0.1404 | rec 0.0226 | feat 0.1178 | train_acc 26.90%
[Stage1/AE] ep 112/600 | loss 0.1424 | rec 0.0226 | feat 0.1199 | train_acc 26.90%
[Stage1/AE] ep 113/600 | loss 0.1385 | rec 0.0226 | feat 0.1158 | train_acc 26.90%
[Stage1/AE] ep 114/600 | loss 0.1430 | rec 0.0226 | feat 0.1204 | train_acc 26.90%
[Stage1/AE] ep 115/600 | loss 0.1425 | rec 0.0227 | feat 0.1198 | train_acc 26.90%
[Stage1/AE] ep 116/600 | loss 0.1418 | rec 0.0226 | feat 0.1192 | train_acc 26.90%
[Stage1/AE] ep 117/600 | loss 0.1417 | rec 0.0225 | feat 0.1192 | train_acc 26.90%
[Stage1/AE] ep 118/600 | loss 0.1442 | rec 0.0226 | feat 0.1216 | train_acc 26.90%
[Stage1/AE] ep 119/600 | loss 0.1374 | rec 0.0225 | feat 0.1149 | train_acc 26.90%
[Stage1/AE] ep 120/600 | loss 0.1422 | rec 0.0224 | feat 0.1198 | train_acc 26.90%
[Stage1/AE] ep 121/600 | loss 0.1428 | rec 0.0224 | feat 0.1204 | train_acc 26.90%
[Stage1/AE] ep 122/600 | loss 0.1426 | rec 0.0226 | feat 0.1200 | train_acc 26.90%
[Stage1/AE] ep 123/600 | loss 0.1443 | rec 0.0224 | feat 0.1219 | train_acc 26.90%
[Stage1/AE] ep 124/600 | loss 0.1397 | rec 0.0226 | feat 0.1171 | train_acc 26.90%
[Stage1/AE] ep 125/600 | loss 0.1398 | rec 0.0223 | feat 0.1175 | train_acc 26.90%
[Stage1/AE] ep 126/600 | loss 0.1394 | rec 0.0225 | feat 0.1169 | train_acc 26.90%
[Stage1/AE] ep 127/600 | loss 0.1377 | rec 0.0225 | feat 0.1152 | train_acc 26.90%
[Stage1/AE] ep 128/600 | loss 0.1392 | rec 0.0224 | feat 0.1168 | train_acc 26.90%
[Stage1/AE] ep 129/600 | loss 0.1409 | rec 0.0224 | feat 0.1185 | train_acc 26.90%
[Stage1/AE] ep 130/600 | loss 0.1396 | rec 0.0224 | feat 0.1172 | train_acc 26.90%
[Stage1/AE] ep 131/600 | loss 0.1392 | rec 0.0224 | feat 0.1168 | train_acc 26.90%
[Stage1/AE] ep 132/600 | loss 0.1383 | rec 0.0225 | feat 0.1158 | train_acc 26.90%
[Stage1/AE] ep 133/600 | loss 0.1388 | rec 0.0224 | feat 0.1164 | train_acc 26.90%
[Stage1/AE] ep 134/600 | loss 0.1379 | rec 0.0224 | feat 0.1154 | train_acc 26.90%
[Stage1/AE] ep 135/600 | loss 0.1400 | rec 0.0225 | feat 0.1176 | train_acc 26.90%
[Stage1/AE] ep 136/600 | loss 0.1403 | rec 0.0221 | feat 0.1182 | train_acc 26.90%
[Stage1/AE] ep 137/600 | loss 0.1373 | rec 0.0222 | feat 0.1151 | train_acc 26.90%
[Stage1/AE] ep 138/600 | loss 0.1378 | rec 0.0224 | feat 0.1154 | train_acc 26.90%
[Stage1/AE] ep 139/600 | loss 0.1391 | rec 0.0223 | feat 0.1168 | train_acc 26.90%
[Stage1/AE] ep 140/600 | loss 0.1404 | rec 0.0223 | feat 0.1181 | train_acc 26.90%
[Stage1/AE] ep 141/600 | loss 0.1403 | rec 0.0224 | feat 0.1178 | train_acc 26.90%
[Stage1/AE] ep 142/600 | loss 0.1372 | rec 0.0223 | feat 0.1149 | train_acc 26.90%
[Stage1/AE] ep 143/600 | loss 0.1385 | rec 0.0222 | feat 0.1163 | train_acc 26.90%
[Stage1/AE] ep 144/600 | loss 0.1390 | rec 0.0222 | feat 0.1168 | train_acc 26.90%
[Stage1/AE] ep 145/600 | loss 0.1389 | rec 0.0224 | feat 0.1165 | train_acc 26.90%
[Stage1/AE] ep 146/600 | loss 0.1365 | rec 0.0223 | feat 0.1142 | train_acc 26.90%
[Stage1/AE] ep 147/600 | loss 0.1383 | rec 0.0223 | feat 0.1159 | train_acc 26.90%
[Stage1/AE] ep 148/600 | loss 0.1396 | rec 0.0224 | feat 0.1172 | train_acc 26.90%
[Stage1/AE] ep 149/600 | loss 0.1377 | rec 0.0224 | feat 0.1154 | train_acc 26.90%
[Stage1/AE] ep 150/600 | loss 0.1385 | rec 0.0223 | feat 0.1162 | train_acc 26.90%
[Stage1/AE] ep 151/600 | loss 0.1366 | rec 0.0222 | feat 0.1144 | train_acc 26.90%
[Stage1/AE] ep 152/600 | loss 0.1389 | rec 0.0222 | feat 0.1167 | train_acc 26.90%
[Stage1/AE] ep 153/600 | loss 0.1389 | rec 0.0222 | feat 0.1167 | train_acc 26.90%
[Stage1/AE] ep 154/600 | loss 0.1362 | rec 0.0221 | feat 0.1140 | train_acc 26.90%
[Stage1/AE] ep 155/600 | loss 0.1376 | rec 0.0223 | feat 0.1152 | train_acc 26.90%
[Stage1/AE] ep 156/600 | loss 0.1382 | rec 0.0223 | feat 0.1159 | train_acc 26.90%
[Stage1/AE] ep 157/600 | loss 0.1356 | rec 0.0222 | feat 0.1134 | train_acc 26.90%
[Stage1/AE] ep 158/600 | loss 0.1377 | rec 0.0220 | feat 0.1157 | train_acc 26.90%
[Stage1/AE] ep 159/600 | loss 0.1329 | rec 0.0221 | feat 0.1108 | train_acc 26.90%
[Stage1/AE] ep 160/600 | loss 0.1348 | rec 0.0221 | feat 0.1127 | train_acc 26.90%
[Stage1/AE] ep 161/600 | loss 0.1336 | rec 0.0220 | feat 0.1116 | train_acc 26.90%
[Stage1/AE] ep 162/600 | loss 0.1364 | rec 0.0222 | feat 0.1142 | train_acc 26.90%
[Stage1/AE] ep 163/600 | loss 0.1390 | rec 0.0221 | feat 0.1168 | train_acc 26.90%
[Stage1/AE] ep 164/600 | loss 0.1374 | rec 0.0221 | feat 0.1153 | train_acc 26.90%
[Stage1/AE] ep 165/600 | loss 0.1337 | rec 0.0221 | feat 0.1116 | train_acc 26.90%
[Stage1/AE] ep 166/600 | loss 0.1352 | rec 0.0221 | feat 0.1131 | train_acc 26.90%
[Stage1/AE] ep 167/600 | loss 0.1380 | rec 0.0220 | feat 0.1161 | train_acc 26.90%
[Stage1/AE] ep 168/600 | loss 0.1359 | rec 0.0220 | feat 0.1138 | train_acc 26.90%
[Stage1/AE] ep 169/600 | loss 0.1332 | rec 0.0220 | feat 0.1112 | train_acc 26.90%
[Stage1/AE] ep 170/600 | loss 0.1352 | rec 0.0222 | feat 0.1130 | train_acc 26.90%
[Stage1/AE] ep 171/600 | loss 0.1358 | rec 0.0218 | feat 0.1140 | train_acc 26.90%
[Stage1/AE] ep 172/600 | loss 0.1374 | rec 0.0221 | feat 0.1154 | train_acc 26.90%
[Stage1/AE] ep 173/600 | loss 0.1360 | rec 0.0220 | feat 0.1140 | train_acc 26.90%
[Stage1/AE] ep 174/600 | loss 0.1353 | rec 0.0220 | feat 0.1132 | train_acc 26.90%
[Stage1/AE] ep 175/600 | loss 0.1356 | rec 0.0221 | feat 0.1135 | train_acc 26.90%
[Stage1/AE] ep 176/600 | loss 0.1344 | rec 0.0221 | feat 0.1123 | train_acc 26.90%
[Stage1/AE] ep 177/600 | loss 0.1353 | rec 0.0221 | feat 0.1132 | train_acc 26.90%
[Stage1/AE] ep 178/600 | loss 0.1373 | rec 0.0219 | feat 0.1154 | train_acc 26.90%
[Stage1/AE] ep 179/600 | loss 0.1346 | rec 0.0220 | feat 0.1126 | train_acc 26.90%
[Stage1/AE] ep 180/600 | loss 0.1344 | rec 0.0219 | feat 0.1125 | train_acc 26.90%
[Stage1/AE] ep 181/600 | loss 0.1373 | rec 0.0220 | feat 0.1153 | train_acc 26.90%
[Stage1/AE] ep 182/600 | loss 0.1373 | rec 0.0220 | feat 0.1153 | train_acc 26.90%
[Stage1/AE] ep 183/600 | loss 0.1337 | rec 0.0218 | feat 0.1119 | train_acc 26.90%
[Stage1/AE] ep 184/600 | loss 0.1336 | rec 0.0219 | feat 0.1117 | train_acc 26.90%
[Stage1/AE] ep 185/600 | loss 0.1357 | rec 0.0219 | feat 0.1138 | train_acc 26.90%
[Stage1/AE] ep 186/600 | loss 0.1369 | rec 0.0218 | feat 0.1151 | train_acc 26.90%
[Stage1/AE] ep 187/600 | loss 0.1332 | rec 0.0219 | feat 0.1113 | train_acc 26.90%
[Stage1/AE] ep 188/600 | loss 0.1338 | rec 0.0219 | feat 0.1119 | train_acc 26.90%
[Stage1/AE] ep 189/600 | loss 0.1339 | rec 0.0219 | feat 0.1120 | train_acc 26.90%
[Stage1/AE] ep 190/600 | loss 0.1350 | rec 0.0219 | feat 0.1131 | train_acc 26.90%
[Stage1/AE] ep 191/600 | loss 0.1325 | rec 0.0219 | feat 0.1107 | train_acc 26.90%
[Stage1/AE] ep 192/600 | loss 0.1337 | rec 0.0218 | feat 0.1119 | train_acc 26.90%
[Stage1/AE] ep 193/600 | loss 0.1337 | rec 0.0218 | feat 0.1119 | train_acc 26.90%
[Stage1/AE] ep 194/600 | loss 0.1314 | rec 0.0217 | feat 0.1096 | train_acc 26.90%
[Stage1/AE] ep 195/600 | loss 0.1343 | rec 0.0218 | feat 0.1126 | train_acc 26.90%
[Stage1/AE] ep 196/600 | loss 0.1329 | rec 0.0217 | feat 0.1112 | train_acc 26.90%
[Stage1/AE] ep 197/600 | loss 0.1304 | rec 0.0218 | feat 0.1087 | train_acc 26.90%
[Stage1/AE] ep 198/600 | loss 0.1329 | rec 0.0218 | feat 0.1111 | train_acc 26.90%
[Stage1/AE] ep 199/600 | loss 0.1328 | rec 0.0217 | feat 0.1112 | train_acc 26.90%
[Stage1/AE] ep 200/600 | loss 0.1321 | rec 0.0217 | feat 0.1104 | train_acc 26.90%
[Stage1/AE] ep 201/600 | loss 0.1326 | rec 0.0217 | feat 0.1109 | train_acc 26.90%
[Stage1/AE] ep 202/600 | loss 0.1345 | rec 0.0217 | feat 0.1127 | train_acc 26.90%
[Stage1/AE] ep 203/600 | loss 0.1331 | rec 0.0217 | feat 0.1113 | train_acc 26.90%
[Stage1/AE] ep 204/600 | loss 0.1353 | rec 0.0217 | feat 0.1136 | train_acc 26.90%
[Stage1/AE] ep 205/600 | loss 0.1337 | rec 0.0217 | feat 0.1120 | train_acc 26.90%
[Stage1/AE] ep 206/600 | loss 0.1338 | rec 0.0216 | feat 0.1122 | train_acc 26.90%
[Stage1/AE] ep 207/600 | loss 0.1368 | rec 0.0217 | feat 0.1151 | train_acc 26.90%
[Stage1/AE] ep 208/600 | loss 0.1336 | rec 0.0216 | feat 0.1119 | train_acc 26.90%
[Stage1/AE] ep 209/600 | loss 0.1353 | rec 0.0217 | feat 0.1136 | train_acc 26.90%
[Stage1/AE] ep 210/600 | loss 0.1314 | rec 0.0218 | feat 0.1096 | train_acc 26.90%
[Stage1/AE] ep 211/600 | loss 0.1316 | rec 0.0217 | feat 0.1100 | train_acc 26.90%
[Stage1/AE] ep 212/600 | loss 0.1341 | rec 0.0217 | feat 0.1124 | train_acc 26.90%
[Stage1/AE] ep 213/600 | loss 0.1327 | rec 0.0217 | feat 0.1111 | train_acc 26.90%
[Stage1/AE] ep 214/600 | loss 0.1339 | rec 0.0217 | feat 0.1123 | train_acc 26.90%
[Stage1/AE] ep 215/600 | loss 0.1315 | rec 0.0217 | feat 0.1098 | train_acc 26.90%
[Stage1/AE] ep 216/600 | loss 0.1358 | rec 0.0219 | feat 0.1140 | train_acc 26.90%
[Stage1/AE] ep 217/600 | loss 0.1338 | rec 0.0217 | feat 0.1121 | train_acc 26.90%
[Stage1/AE] ep 218/600 | loss 0.1305 | rec 0.0215 | feat 0.1090 | train_acc 26.90%
[Stage1/AE] ep 219/600 | loss 0.1326 | rec 0.0215 | feat 0.1111 | train_acc 26.90%
[Stage1/AE] ep 220/600 | loss 0.1322 | rec 0.0216 | feat 0.1106 | train_acc 26.90%
[Stage1/AE] ep 221/600 | loss 0.1337 | rec 0.0217 | feat 0.1120 | train_acc 26.90%
[Stage1/AE] ep 222/600 | loss 0.1299 | rec 0.0216 | feat 0.1083 | train_acc 26.90%
[Stage1/AE] ep 223/600 | loss 0.1332 | rec 0.0215 | feat 0.1117 | train_acc 26.90%
[Stage1/AE] ep 224/600 | loss 0.1340 | rec 0.0216 | feat 0.1124 | train_acc 26.90%
[Stage1/AE] ep 225/600 | loss 0.1320 | rec 0.0215 | feat 0.1105 | train_acc 26.90%
[Stage1/AE] ep 226/600 | loss 0.1340 | rec 0.0216 | feat 0.1124 | train_acc 26.90%
[Stage1/AE] ep 227/600 | loss 0.1329 | rec 0.0217 | feat 0.1112 | train_acc 26.90%
[Stage1/AE] ep 228/600 | loss 0.1325 | rec 0.0214 | feat 0.1112 | train_acc 26.90%
[Stage1/AE] ep 229/600 | loss 0.1309 | rec 0.0215 | feat 0.1094 | train_acc 26.90%
[Stage1/AE] ep 230/600 | loss 0.1311 | rec 0.0216 | feat 0.1095 | train_acc 26.90%
[Stage1/AE] ep 231/600 | loss 0.1355 | rec 0.0216 | feat 0.1138 | train_acc 26.90%
[Stage1/AE] ep 232/600 | loss 0.1309 | rec 0.0216 | feat 0.1093 | train_acc 26.90%
[Stage1/AE] ep 233/600 | loss 0.1307 | rec 0.0216 | feat 0.1090 | train_acc 26.90%
[Stage1/AE] ep 234/600 | loss 0.1320 | rec 0.0215 | feat 0.1105 | train_acc 26.90%
[Stage1/AE] ep 235/600 | loss 0.1307 | rec 0.0216 | feat 0.1091 | train_acc 26.90%
[Stage1/AE] ep 236/600 | loss 0.1339 | rec 0.0215 | feat 0.1124 | train_acc 26.90%
[Stage1/AE] ep 237/600 | loss 0.1352 | rec 0.0216 | feat 0.1135 | train_acc 26.90%
[Stage1/AE] ep 238/600 | loss 0.1331 | rec 0.0215 | feat 0.1116 | train_acc 26.90%
[Stage1/AE] ep 239/600 | loss 0.1289 | rec 0.0216 | feat 0.1074 | train_acc 26.90%
[Stage1/AE] ep 240/600 | loss 0.1323 | rec 0.0214 | feat 0.1109 | train_acc 26.90%
[Stage1/AE] ep 241/600 | loss 0.1300 | rec 0.0215 | feat 0.1084 | train_acc 26.90%
[Stage1/AE] ep 242/600 | loss 0.1334 | rec 0.0214 | feat 0.1120 | train_acc 26.90%
[Stage1/AE] ep 243/600 | loss 0.1309 | rec 0.0214 | feat 0.1095 | train_acc 26.90%
[Stage1/AE] ep 244/600 | loss 0.1302 | rec 0.0215 | feat 0.1087 | train_acc 26.90%
[Stage1/AE] ep 245/600 | loss 0.1297 | rec 0.0214 | feat 0.1084 | train_acc 26.90%
[Stage1/AE] ep 246/600 | loss 0.1309 | rec 0.0214 | feat 0.1094 | train_acc 26.90%
[Stage1/AE] ep 247/600 | loss 0.1302 | rec 0.0215 | feat 0.1087 | train_acc 26.90%
[Stage1/AE] ep 248/600 | loss 0.1314 | rec 0.0215 | feat 0.1099 | train_acc 26.90%
[Stage1/AE] ep 249/600 | loss 0.1328 | rec 0.0213 | feat 0.1114 | train_acc 26.90%
[Stage1/AE] ep 250/600 | loss 0.1284 | rec 0.0214 | feat 0.1071 | train_acc 26.90%
[Stage1/AE] ep 251/600 | loss 0.1320 | rec 0.0215 | feat 0.1105 | train_acc 26.90%
[Stage1/AE] ep 252/600 | loss 0.1331 | rec 0.0216 | feat 0.1116 | train_acc 26.90%
[Stage1/AE] ep 253/600 | loss 0.1296 | rec 0.0213 | feat 0.1082 | train_acc 26.90%
[Stage1/AE] ep 254/600 | loss 0.1303 | rec 0.0214 | feat 0.1089 | train_acc 26.90%
[Stage1/AE] ep 255/600 | loss 0.1311 | rec 0.0216 | feat 0.1095 | train_acc 26.90%
[Stage1/AE] ep 256/600 | loss 0.1299 | rec 0.0216 | feat 0.1084 | train_acc 26.90%
[Stage1/AE] ep 257/600 | loss 0.1332 | rec 0.0214 | feat 0.1118 | train_acc 26.90%
[Stage1/AE] ep 258/600 | loss 0.1300 | rec 0.0214 | feat 0.1086 | train_acc 26.90%
[Stage1/AE] ep 259/600 | loss 0.1330 | rec 0.0214 | feat 0.1116 | train_acc 26.90%
[Stage1/AE] ep 260/600 | loss 0.1289 | rec 0.0213 | feat 0.1076 | train_acc 26.90%
[Stage1/AE] ep 261/600 | loss 0.1317 | rec 0.0213 | feat 0.1103 | train_acc 26.90%
[Stage1/AE] ep 262/600 | loss 0.1300 | rec 0.0214 | feat 0.1087 | train_acc 26.90%
[Stage1/AE] ep 263/600 | loss 0.1286 | rec 0.0215 | feat 0.1072 | train_acc 26.90%
[Stage1/AE] ep 264/600 | loss 0.1287 | rec 0.0216 | feat 0.1071 | train_acc 26.90%
[Stage1/AE] ep 265/600 | loss 0.1277 | rec 0.0215 | feat 0.1063 | train_acc 26.90%
[Stage1/AE] ep 266/600 | loss 0.1306 | rec 0.0213 | feat 0.1093 | train_acc 26.90%
[Stage1/AE] ep 267/600 | loss 0.1312 | rec 0.0216 | feat 0.1096 | train_acc 26.90%
[Stage1/AE] ep 268/600 | loss 0.1303 | rec 0.0214 | feat 0.1090 | train_acc 26.90%
[Stage1/AE] ep 269/600 | loss 0.1270 | rec 0.0214 | feat 0.1056 | train_acc 26.90%
[Stage1/AE] ep 270/600 | loss 0.1302 | rec 0.0214 | feat 0.1089 | train_acc 26.90%
[Stage1/AE] ep 271/600 | loss 0.1300 | rec 0.0214 | feat 0.1086 | train_acc 26.90%
[Stage1/AE] ep 272/600 | loss 0.1301 | rec 0.0215 | feat 0.1087 | train_acc 26.90%
[Stage1/AE] ep 273/600 | loss 0.1298 | rec 0.0213 | feat 0.1085 | train_acc 26.90%
[Stage1/AE] ep 274/600 | loss 0.1291 | rec 0.0214 | feat 0.1077 | train_acc 26.90%
[Stage1/AE] ep 275/600 | loss 0.1305 | rec 0.0214 | feat 0.1091 | train_acc 26.90%
[Stage1/AE] ep 276/600 | loss 0.1310 | rec 0.0212 | feat 0.1098 | train_acc 26.90%
[Stage1/AE] ep 277/600 | loss 0.1319 | rec 0.0214 | feat 0.1105 | train_acc 26.90%
[Stage1/AE] ep 278/600 | loss 0.1301 | rec 0.0213 | feat 0.1088 | train_acc 26.90%
[Stage1/AE] ep 279/600 | loss 0.1320 | rec 0.0213 | feat 0.1107 | train_acc 26.90%
[Stage1/AE] ep 280/600 | loss 0.1315 | rec 0.0212 | feat 0.1103 | train_acc 26.90%
[Stage1/AE] ep 281/600 | loss 0.1319 | rec 0.0213 | feat 0.1106 | train_acc 26.90%
[Stage1/AE] ep 282/600 | loss 0.1313 | rec 0.0213 | feat 0.1100 | train_acc 26.90%
[Stage1/AE] ep 283/600 | loss 0.1293 | rec 0.0214 | feat 0.1079 | train_acc 26.90%
[Stage1/AE] ep 284/600 | loss 0.1296 | rec 0.0213 | feat 0.1083 | train_acc 26.90%
[Stage1/AE] ep 285/600 | loss 0.1296 | rec 0.0211 | feat 0.1084 | train_acc 26.90%
[Stage1/AE] ep 286/600 | loss 0.1313 | rec 0.0211 | feat 0.1103 | train_acc 26.90%
[Stage1/AE] ep 287/600 | loss 0.1298 | rec 0.0213 | feat 0.1085 | train_acc 26.90%
[Stage1/AE] ep 288/600 | loss 0.1283 | rec 0.0213 | feat 0.1071 | train_acc 26.90%
[Stage1/AE] ep 289/600 | loss 0.1272 | rec 0.0213 | feat 0.1059 | train_acc 26.90%
[Stage1/AE] ep 290/600 | loss 0.1289 | rec 0.0214 | feat 0.1076 | train_acc 26.90%
[Stage1/AE] ep 291/600 | loss 0.1280 | rec 0.0212 | feat 0.1068 | train_acc 26.90%
[Stage1/AE] ep 292/600 | loss 0.1293 | rec 0.0213 | feat 0.1080 | train_acc 26.90%
[Stage1/AE] ep 293/600 | loss 0.1283 | rec 0.0212 | feat 0.1071 | train_acc 26.90%
[Stage1/AE] ep 294/600 | loss 0.1293 | rec 0.0212 | feat 0.1080 | train_acc 26.90%
[Stage1/AE] ep 295/600 | loss 0.1284 | rec 0.0211 | feat 0.1073 | train_acc 26.90%
[Stage1/AE] ep 296/600 | loss 0.1279 | rec 0.0213 | feat 0.1066 | train_acc 26.90%
[Stage1/AE] ep 297/600 | loss 0.1267 | rec 0.0211 | feat 0.1056 | train_acc 26.90%
[Stage1/AE] ep 298/600 | loss 0.1291 | rec 0.0212 | feat 0.1079 | train_acc 26.90%
[Stage1/AE] ep 299/600 | loss 0.1298 | rec 0.0213 | feat 0.1085 | train_acc 26.90%
[Stage1/AE] ep 300/600 | loss 0.1301 | rec 0.0214 | feat 0.1086 | train_acc 26.90%
[Stage1/AE] ep 301/600 | loss 0.1300 | rec 0.0211 | feat 0.1088 | train_acc 26.90%
[Stage1/AE] ep 302/600 | loss 0.1291 | rec 0.0211 | feat 0.1080 | train_acc 26.90%
[Stage1/AE] ep 303/600 | loss 0.1283 | rec 0.0210 | feat 0.1073 | train_acc 26.90%
[Stage1/AE] ep 304/600 | loss 0.1266 | rec 0.0212 | feat 0.1054 | train_acc 26.90%
[Stage1/AE] ep 305/600 | loss 0.1281 | rec 0.0211 | feat 0.1070 | train_acc 26.90%
[Stage1/AE] ep 306/600 | loss 0.1291 | rec 0.0212 | feat 0.1080 | train_acc 26.90%
[Stage1/AE] ep 307/600 | loss 0.1291 | rec 0.0212 | feat 0.1079 | train_acc 26.90%
[Stage1/AE] ep 308/600 | loss 0.1312 | rec 0.0211 | feat 0.1101 | train_acc 26.90%
[Stage1/AE] ep 309/600 | loss 0.1290 | rec 0.0210 | feat 0.1080 | train_acc 26.90%
[Stage1/AE] ep 310/600 | loss 0.1287 | rec 0.0211 | feat 0.1075 | train_acc 26.90%
[Stage1/AE] ep 311/600 | loss 0.1283 | rec 0.0209 | feat 0.1074 | train_acc 26.90%
[Stage1/AE] ep 312/600 | loss 0.1300 | rec 0.0213 | feat 0.1087 | train_acc 26.90%
[Stage1/AE] ep 313/600 | loss 0.1292 | rec 0.0211 | feat 0.1081 | train_acc 26.90%
[Stage1/AE] ep 314/600 | loss 0.1299 | rec 0.0211 | feat 0.1088 | train_acc 26.90%
[Stage1/AE] ep 315/600 | loss 0.1277 | rec 0.0211 | feat 0.1066 | train_acc 26.90%
[Stage1/AE] ep 316/600 | loss 0.1292 | rec 0.0211 | feat 0.1081 | train_acc 26.90%
[Stage1/AE] ep 317/600 | loss 0.1291 | rec 0.0211 | feat 0.1080 | train_acc 26.90%
[Stage1/AE] ep 318/600 | loss 0.1273 | rec 0.0210 | feat 0.1063 | train_acc 26.90%
[Stage1/AE] ep 319/600 | loss 0.1277 | rec 0.0212 | feat 0.1065 | train_acc 26.90%
[Stage1/AE] ep 320/600 | loss 0.1293 | rec 0.0210 | feat 0.1083 | train_acc 26.90%
[Stage1/AE] ep 321/600 | loss 0.1274 | rec 0.0212 | feat 0.1062 | train_acc 26.90%
[Stage1/AE] ep 322/600 | loss 0.1270 | rec 0.0211 | feat 0.1060 | train_acc 26.90%
[Stage1/AE] ep 323/600 | loss 0.1268 | rec 0.0212 | feat 0.1057 | train_acc 26.90%
[Stage1/AE] ep 324/600 | loss 0.1287 | rec 0.0212 | feat 0.1074 | train_acc 26.90%
[Stage1/AE] ep 325/600 | loss 0.1278 | rec 0.0210 | feat 0.1068 | train_acc 26.90%
[Stage1/AE] ep 326/600 | loss 0.1277 | rec 0.0212 | feat 0.1065 | train_acc 26.90%
[Stage1/AE] ep 327/600 | loss 0.1283 | rec 0.0211 | feat 0.1072 | train_acc 26.90%
[Stage1/AE] ep 328/600 | loss 0.1274 | rec 0.0211 | feat 0.1063 | train_acc 26.90%
[Stage1/AE] ep 329/600 | loss 0.1297 | rec 0.0208 | feat 0.1089 | train_acc 26.90%
[Stage1/AE] ep 330/600 | loss 0.1289 | rec 0.0211 | feat 0.1078 | train_acc 26.90%
[Stage1/AE] ep 331/600 | loss 0.1289 | rec 0.0213 | feat 0.1076 | train_acc 26.90%
[Stage1/AE] ep 332/600 | loss 0.1275 | rec 0.0211 | feat 0.1064 | train_acc 26.90%
[Stage1/AE] ep 333/600 | loss 0.1289 | rec 0.0211 | feat 0.1078 | train_acc 26.90%
[Stage1/AE] ep 334/600 | loss 0.1306 | rec 0.0208 | feat 0.1098 | train_acc 26.90%
[Stage1/AE] ep 335/600 | loss 0.1259 | rec 0.0210 | feat 0.1048 | train_acc 26.90%
[Stage1/AE] ep 336/600 | loss 0.1282 | rec 0.0209 | feat 0.1073 | train_acc 26.90%
[Stage1/AE] ep 337/600 | loss 0.1270 | rec 0.0211 | feat 0.1058 | train_acc 26.90%
[Stage1/AE] ep 338/600 | loss 0.1254 | rec 0.0209 | feat 0.1045 | train_acc 26.90%
[Stage1/AE] ep 339/600 | loss 0.1267 | rec 0.0209 | feat 0.1058 | train_acc 26.90%
[Stage1/AE] ep 340/600 | loss 0.1267 | rec 0.0209 | feat 0.1058 | train_acc 26.90%
[Stage1/AE] ep 341/600 | loss 0.1276 | rec 0.0210 | feat 0.1066 | train_acc 26.90%
[Stage1/AE] ep 342/600 | loss 0.1268 | rec 0.0211 | feat 0.1057 | train_acc 26.90%
[Stage1/AE] ep 343/600 | loss 0.1263 | rec 0.0210 | feat 0.1054 | train_acc 26.90%
[Stage1/AE] ep 344/600 | loss 0.1266 | rec 0.0211 | feat 0.1055 | train_acc 26.90%
[Stage1/AE] ep 345/600 | loss 0.1232 | rec 0.0210 | feat 0.1022 | train_acc 26.90%
[Stage1/AE] ep 346/600 | loss 0.1274 | rec 0.0210 | feat 0.1064 | train_acc 26.90%
[Stage1/AE] ep 347/600 | loss 0.1280 | rec 0.0211 | feat 0.1070 | train_acc 26.90%
[Stage1/AE] ep 348/600 | loss 0.1280 | rec 0.0210 | feat 0.1070 | train_acc 26.90%
[Stage1/AE] ep 349/600 | loss 0.1268 | rec 0.0210 | feat 0.1058 | train_acc 26.90%
[Stage1/AE] ep 350/600 | loss 0.1259 | rec 0.0208 | feat 0.1051 | train_acc 26.90%
[Stage1/AE] ep 351/600 | loss 0.1272 | rec 0.0210 | feat 0.1063 | train_acc 26.90%
[Stage1/AE] ep 352/600 | loss 0.1271 | rec 0.0208 | feat 0.1063 | train_acc 26.90%
[Stage1/AE] ep 353/600 | loss 0.1247 | rec 0.0210 | feat 0.1036 | train_acc 26.90%
[Stage1/AE] ep 354/600 | loss 0.1288 | rec 0.0210 | feat 0.1079 | train_acc 26.90%
[Stage1/AE] ep 355/600 | loss 0.1266 | rec 0.0209 | feat 0.1057 | train_acc 26.90%
[Stage1/AE] ep 356/600 | loss 0.1261 | rec 0.0209 | feat 0.1053 | train_acc 26.90%
[Stage1/AE] ep 357/600 | loss 0.1270 | rec 0.0209 | feat 0.1061 | train_acc 26.90%
[Stage1/AE] ep 358/600 | loss 0.1264 | rec 0.0209 | feat 0.1055 | train_acc 26.90%
[Stage1/AE] ep 359/600 | loss 0.1262 | rec 0.0210 | feat 0.1052 | train_acc 26.90%
[Stage1/AE] ep 360/600 | loss 0.1277 | rec 0.0209 | feat 0.1069 | train_acc 26.90%
[Stage1/AE] ep 361/600 | loss 0.1266 | rec 0.0210 | feat 0.1056 | train_acc 26.90%
[Stage1/AE] ep 362/600 | loss 0.1286 | rec 0.0210 | feat 0.1077 | train_acc 26.90%
[Stage1/AE] ep 363/600 | loss 0.1255 | rec 0.0210 | feat 0.1046 | train_acc 26.90%
[Stage1/AE] ep 364/600 | loss 0.1276 | rec 0.0210 | feat 0.1066 | train_acc 26.90%
[Stage1/AE] ep 365/600 | loss 0.1260 | rec 0.0209 | feat 0.1051 | train_acc 26.90%
[Stage1/AE] ep 366/600 | loss 0.1262 | rec 0.0208 | feat 0.1054 | train_acc 26.90%
[Stage1/AE] ep 367/600 | loss 0.1260 | rec 0.0208 | feat 0.1053 | train_acc 26.90%
[Stage1/AE] ep 368/600 | loss 0.1268 | rec 0.0208 | feat 0.1060 | train_acc 26.90%
[Stage1/AE] ep 369/600 | loss 0.1266 | rec 0.0209 | feat 0.1057 | train_acc 26.90%
[Stage1/AE] ep 370/600 | loss 0.1268 | rec 0.0210 | feat 0.1058 | train_acc 26.90%
[Stage1/AE] ep 371/600 | loss 0.1265 | rec 0.0209 | feat 0.1056 | train_acc 26.90%
[Stage1/AE] ep 372/600 | loss 0.1265 | rec 0.0209 | feat 0.1056 | train_acc 26.90%
[Stage1/AE] ep 373/600 | loss 0.1257 | rec 0.0207 | feat 0.1049 | train_acc 26.90%
[Stage1/AE] ep 374/600 | loss 0.1264 | rec 0.0207 | feat 0.1057 | train_acc 26.90%
[Stage1/AE] ep 375/600 | loss 0.1250 | rec 0.0209 | feat 0.1041 | train_acc 26.90%
[Stage1/AE] ep 376/600 | loss 0.1262 | rec 0.0208 | feat 0.1054 | train_acc 26.90%
[Stage1/AE] ep 377/600 | loss 0.1260 | rec 0.0209 | feat 0.1052 | train_acc 26.90%
[Stage1/AE] ep 378/600 | loss 0.1245 | rec 0.0209 | feat 0.1036 | train_acc 26.90%
[Stage1/AE] ep 379/600 | loss 0.1249 | rec 0.0207 | feat 0.1041 | train_acc 26.90%
[Stage1/AE] ep 380/600 | loss 0.1257 | rec 0.0208 | feat 0.1049 | train_acc 26.90%
[Stage1/AE] ep 381/600 | loss 0.1272 | rec 0.0207 | feat 0.1065 | train_acc 26.90%
[Stage1/AE] ep 382/600 | loss 0.1247 | rec 0.0210 | feat 0.1038 | train_acc 26.90%
[Stage1/AE] ep 383/600 | loss 0.1249 | rec 0.0209 | feat 0.1040 | train_acc 26.90%
[Stage1/AE] ep 384/600 | loss 0.1277 | rec 0.0208 | feat 0.1069 | train_acc 26.90%
[Stage1/AE] ep 385/600 | loss 0.1256 | rec 0.0208 | feat 0.1049 | train_acc 26.90%
[Stage1/AE] ep 386/600 | loss 0.1245 | rec 0.0207 | feat 0.1038 | train_acc 26.90%
[Stage1/AE] ep 387/600 | loss 0.1240 | rec 0.0208 | feat 0.1032 | train_acc 26.90%
[Stage1/AE] ep 388/600 | loss 0.1258 | rec 0.0207 | feat 0.1052 | train_acc 26.90%
[Stage1/AE] ep 389/600 | loss 0.1245 | rec 0.0208 | feat 0.1037 | train_acc 26.90%
[Stage1/AE] ep 390/600 | loss 0.1257 | rec 0.0208 | feat 0.1049 | train_acc 26.90%
[Stage1/AE] ep 391/600 | loss 0.1273 | rec 0.0208 | feat 0.1066 | train_acc 26.90%
[Stage1/AE] ep 392/600 | loss 0.1252 | rec 0.0208 | feat 0.1043 | train_acc 26.90%
[Stage1/AE] ep 393/600 | loss 0.1255 | rec 0.0208 | feat 0.1047 | train_acc 26.90%
[Stage1/AE] ep 394/600 | loss 0.1245 | rec 0.0207 | feat 0.1038 | train_acc 26.90%
[Stage1/AE] ep 395/600 | loss 0.1269 | rec 0.0210 | feat 0.1060 | train_acc 26.90%
[Stage1/AE] ep 396/600 | loss 0.1261 | rec 0.0207 | feat 0.1054 | train_acc 26.90%
[Stage1/AE] ep 397/600 | loss 0.1245 | rec 0.0208 | feat 0.1037 | train_acc 26.90%
[Stage1/AE] ep 398/600 | loss 0.1253 | rec 0.0206 | feat 0.1047 | train_acc 26.90%
[Stage1/AE] ep 399/600 | loss 0.1254 | rec 0.0207 | feat 0.1047 | train_acc 26.90%
[Stage1/AE] ep 400/600 | loss 0.1271 | rec 0.0207 | feat 0.1064 | train_acc 26.90%
[Stage1/AE] ep 401/600 | loss 0.1256 | rec 0.0210 | feat 0.1047 | train_acc 26.90%
[Stage1/AE] ep 402/600 | loss 0.1226 | rec 0.0208 | feat 0.1018 | train_acc 26.90%
[Stage1/AE] ep 403/600 | loss 0.1237 | rec 0.0206 | feat 0.1031 | train_acc 26.90%
[Stage1/AE] ep 404/600 | loss 0.1256 | rec 0.0209 | feat 0.1048 | train_acc 26.90%
[Stage1/AE] ep 405/600 | loss 0.1253 | rec 0.0208 | feat 0.1046 | train_acc 26.90%
[Stage1/AE] ep 406/600 | loss 0.1259 | rec 0.0209 | feat 0.1049 | train_acc 26.90%
[Stage1/AE] ep 407/600 | loss 0.1259 | rec 0.0204 | feat 0.1055 | train_acc 26.90%
[Stage1/AE] ep 408/600 | loss 0.1254 | rec 0.0205 | feat 0.1049 | train_acc 26.90%
[Stage1/AE] ep 409/600 | loss 0.1245 | rec 0.0209 | feat 0.1036 | train_acc 26.90%
[Stage1/AE] ep 410/600 | loss 0.1230 | rec 0.0206 | feat 0.1023 | train_acc 26.90%
[Stage1/AE] ep 411/600 | loss 0.1246 | rec 0.0207 | feat 0.1039 | train_acc 26.90%
[Stage1/AE] ep 412/600 | loss 0.1255 | rec 0.0206 | feat 0.1049 | train_acc 26.90%
[Stage1/AE] ep 413/600 | loss 0.1249 | rec 0.0208 | feat 0.1042 | train_acc 26.90%
[Stage1/AE] ep 414/600 | loss 0.1242 | rec 0.0207 | feat 0.1035 | train_acc 26.90%
[Stage1/AE] ep 415/600 | loss 0.1256 | rec 0.0206 | feat 0.1050 | train_acc 26.90%
[Stage1/AE] ep 416/600 | loss 0.1251 | rec 0.0207 | feat 0.1044 | train_acc 26.90%
[Stage1/AE] ep 417/600 | loss 0.1237 | rec 0.0208 | feat 0.1029 | train_acc 26.90%
[Stage1/AE] ep 418/600 | loss 0.1243 | rec 0.0207 | feat 0.1036 | train_acc 26.90%
[Stage1/AE] ep 419/600 | loss 0.1243 | rec 0.0207 | feat 0.1036 | train_acc 26.90%
[Stage1/AE] ep 420/600 | loss 0.1237 | rec 0.0206 | feat 0.1032 | train_acc 26.90%
[Stage1/AE] ep 421/600 | loss 0.1256 | rec 0.0205 | feat 0.1050 | train_acc 26.90%
[Stage1/AE] ep 422/600 | loss 0.1249 | rec 0.0206 | feat 0.1044 | train_acc 26.90%
[Stage1/AE] ep 423/600 | loss 0.1250 | rec 0.0206 | feat 0.1044 | train_acc 26.90%
[Stage1/AE] ep 424/600 | loss 0.1245 | rec 0.0206 | feat 0.1039 | train_acc 26.90%
[Stage1/AE] ep 425/600 | loss 0.1258 | rec 0.0207 | feat 0.1051 | train_acc 26.90%
[Stage1/AE] ep 426/600 | loss 0.1226 | rec 0.0207 | feat 0.1019 | train_acc 26.90%
[Stage1/AE] ep 427/600 | loss 0.1228 | rec 0.0205 | feat 0.1023 | train_acc 26.90%
[Stage1/AE] ep 428/600 | loss 0.1242 | rec 0.0206 | feat 0.1036 | train_acc 26.90%
[Stage1/AE] ep 429/600 | loss 0.1236 | rec 0.0206 | feat 0.1031 | train_acc 26.90%
[Stage1/AE] ep 430/600 | loss 0.1259 | rec 0.0206 | feat 0.1053 | train_acc 26.90%
[Stage1/AE] ep 431/600 | loss 0.1233 | rec 0.0206 | feat 0.1027 | train_acc 26.90%
[Stage1/AE] ep 432/600 | loss 0.1245 | rec 0.0207 | feat 0.1038 | train_acc 26.90%
[Stage1/AE] ep 433/600 | loss 0.1245 | rec 0.0207 | feat 0.1038 | train_acc 26.90%
[Stage1/AE] ep 434/600 | loss 0.1242 | rec 0.0206 | feat 0.1036 | train_acc 26.90%
[Stage1/AE] ep 435/600 | loss 0.1234 | rec 0.0205 | feat 0.1029 | train_acc 26.90%
[Stage1/AE] ep 436/600 | loss 0.1258 | rec 0.0206 | feat 0.1052 | train_acc 26.90%
[Stage1/AE] ep 437/600 | loss 0.1243 | rec 0.0206 | feat 0.1036 | train_acc 26.90%
[Stage1/AE] ep 438/600 | loss 0.1236 | rec 0.0206 | feat 0.1030 | train_acc 26.90%
[Stage1/AE] ep 439/600 | loss 0.1236 | rec 0.0206 | feat 0.1031 | train_acc 26.90%
[Stage1/AE] ep 440/600 | loss 0.1261 | rec 0.0206 | feat 0.1055 | train_acc 26.90%
[Stage1/AE] ep 441/600 | loss 0.1236 | rec 0.0206 | feat 0.1030 | train_acc 26.90%
[Stage1/AE] ep 442/600 | loss 0.1229 | rec 0.0205 | feat 0.1023 | train_acc 26.90%
[Stage1/AE] ep 443/600 | loss 0.1235 | rec 0.0206 | feat 0.1029 | train_acc 26.90%
[Stage1/AE] ep 444/600 | loss 0.1259 | rec 0.0205 | feat 0.1053 | train_acc 26.90%
[Stage1/AE] ep 445/600 | loss 0.1254 | rec 0.0206 | feat 0.1048 | train_acc 26.90%
[Stage1/AE] ep 446/600 | loss 0.1227 | rec 0.0206 | feat 0.1021 | train_acc 26.90%
[Stage1/AE] ep 447/600 | loss 0.1226 | rec 0.0205 | feat 0.1021 | train_acc 26.90%
[Stage1/AE] ep 448/600 | loss 0.1231 | rec 0.0206 | feat 0.1025 | train_acc 26.90%
[Stage1/AE] ep 449/600 | loss 0.1239 | rec 0.0205 | feat 0.1034 | train_acc 26.90%
[Stage1/AE] ep 450/600 | loss 0.1213 | rec 0.0204 | feat 0.1009 | train_acc 26.90%
[Stage1/AE] ep 451/600 | loss 0.1239 | rec 0.0205 | feat 0.1034 | train_acc 26.90%
[Stage1/AE] ep 452/600 | loss 0.1230 | rec 0.0206 | feat 0.1024 | train_acc 26.90%
[Stage1/AE] ep 453/600 | loss 0.1231 | rec 0.0204 | feat 0.1027 | train_acc 26.90%
[Stage1/AE] ep 454/600 | loss 0.1217 | rec 0.0206 | feat 0.1011 | train_acc 26.90%
[Stage1/AE] ep 455/600 | loss 0.1236 | rec 0.0207 | feat 0.1030 | train_acc 26.90%
[Stage1/AE] ep 456/600 | loss 0.1254 | rec 0.0204 | feat 0.1050 | train_acc 26.90%
[Stage1/AE] ep 457/600 | loss 0.1258 | rec 0.0205 | feat 0.1054 | train_acc 26.90%
[Stage1/AE] ep 458/600 | loss 0.1256 | rec 0.0207 | feat 0.1050 | train_acc 26.90%
[Stage1/AE] ep 459/600 | loss 0.1256 | rec 0.0203 | feat 0.1052 | train_acc 26.90%
[Stage1/AE] ep 460/600 | loss 0.1245 | rec 0.0206 | feat 0.1039 | train_acc 26.90%
[Stage1/AE] ep 461/600 | loss 0.1234 | rec 0.0205 | feat 0.1028 | train_acc 26.90%
[Stage1/AE] ep 462/600 | loss 0.1237 | rec 0.0206 | feat 0.1031 | train_acc 26.90%
[Stage1/AE] ep 463/600 | loss 0.1244 | rec 0.0204 | feat 0.1039 | train_acc 26.90%
[Stage1/AE] ep 464/600 | loss 0.1240 | rec 0.0204 | feat 0.1036 | train_acc 26.90%
[Stage1/AE] ep 465/600 | loss 0.1240 | rec 0.0205 | feat 0.1035 | train_acc 26.90%
[Stage1/AE] ep 466/600 | loss 0.1231 | rec 0.0205 | feat 0.1026 | train_acc 26.90%
[Stage1/AE] ep 467/600 | loss 0.1233 | rec 0.0206 | feat 0.1027 | train_acc 26.90%
[Stage1/AE] ep 468/600 | loss 0.1252 | rec 0.0205 | feat 0.1048 | train_acc 26.90%
[Stage1/AE] ep 469/600 | loss 0.1208 | rec 0.0204 | feat 0.1004 | train_acc 26.90%
[Stage1/AE] ep 470/600 | loss 0.1235 | rec 0.0205 | feat 0.1030 | train_acc 26.90%
[Stage1/AE] ep 471/600 | loss 0.1215 | rec 0.0204 | feat 0.1011 | train_acc 26.90%
[Stage1/AE] ep 472/600 | loss 0.1230 | rec 0.0205 | feat 0.1025 | train_acc 26.90%
[Stage1/AE] ep 473/600 | loss 0.1254 | rec 0.0204 | feat 0.1050 | train_acc 26.90%
[Stage1/AE] ep 474/600 | loss 0.1231 | rec 0.0205 | feat 0.1025 | train_acc 26.90%
[Stage1/AE] ep 475/600 | loss 0.1220 | rec 0.0204 | feat 0.1016 | train_acc 26.90%
[Stage1/AE] ep 476/600 | loss 0.1227 | rec 0.0206 | feat 0.1021 | train_acc 26.90%
[Stage1/AE] ep 477/600 | loss 0.1224 | rec 0.0205 | feat 0.1019 | train_acc 26.90%
[Stage1/AE] ep 478/600 | loss 0.1226 | rec 0.0203 | feat 0.1022 | train_acc 26.90%
[Stage1/AE] ep 479/600 | loss 0.1215 | rec 0.0206 | feat 0.1008 | train_acc 26.90%
[Stage1/AE] ep 480/600 | loss 0.1213 | rec 0.0204 | feat 0.1009 | train_acc 26.90%
[Stage1/AE] ep 481/600 | loss 0.1246 | rec 0.0203 | feat 0.1042 | train_acc 26.90%
[Stage1/AE] ep 482/600 | loss 0.1214 | rec 0.0204 | feat 0.1010 | train_acc 26.90%
[Stage1/AE] ep 483/600 | loss 0.1235 | rec 0.0205 | feat 0.1031 | train_acc 26.90%
[Stage1/AE] ep 484/600 | loss 0.1238 | rec 0.0204 | feat 0.1034 | train_acc 26.90%
[Stage1/AE] ep 485/600 | loss 0.1220 | rec 0.0205 | feat 0.1015 | train_acc 26.90%
[Stage1/AE] ep 486/600 | loss 0.1241 | rec 0.0204 | feat 0.1036 | train_acc 26.90%
[Stage1/AE] ep 487/600 | loss 0.1239 | rec 0.0204 | feat 0.1034 | train_acc 26.90%
[Stage1/AE] ep 488/600 | loss 0.1230 | rec 0.0204 | feat 0.1026 | train_acc 26.90%
[Stage1/AE] ep 489/600 | loss 0.1214 | rec 0.0204 | feat 0.1011 | train_acc 26.90%
[Stage1/AE] ep 490/600 | loss 0.1226 | rec 0.0205 | feat 0.1021 | train_acc 26.90%
[Stage1/AE] ep 491/600 | loss 0.1205 | rec 0.0203 | feat 0.1002 | train_acc 26.90%
[Stage1/AE] ep 492/600 | loss 0.1238 | rec 0.0204 | feat 0.1034 | train_acc 26.90%
[Stage1/AE] ep 493/600 | loss 0.1199 | rec 0.0204 | feat 0.0995 | train_acc 26.90%
[Stage1/AE] ep 494/600 | loss 0.1230 | rec 0.0202 | feat 0.1028 | train_acc 26.90%
[Stage1/AE] ep 495/600 | loss 0.1211 | rec 0.0205 | feat 0.1006 | train_acc 26.90%
[Stage1/AE] ep 496/600 | loss 0.1216 | rec 0.0204 | feat 0.1011 | train_acc 26.90%
[Stage1/AE] ep 497/600 | loss 0.1224 | rec 0.0203 | feat 0.1021 | train_acc 26.90%
[Stage1/AE] ep 498/600 | loss 0.1227 | rec 0.0204 | feat 0.1024 | train_acc 26.90%
[Stage1/AE] ep 499/600 | loss 0.1213 | rec 0.0203 | feat 0.1010 | train_acc 26.90%
[Stage1/AE] ep 500/600 | loss 0.1211 | rec 0.0202 | feat 0.1008 | train_acc 26.90%
[Stage1/AE] ep 501/600 | loss 0.1198 | rec 0.0205 | feat 0.0993 | train_acc 26.90%
[Stage1/AE] ep 502/600 | loss 0.1234 | rec 0.0203 | feat 0.1031 | train_acc 26.90%
[Stage1/AE] ep 503/600 | loss 0.1224 | rec 0.0203 | feat 0.1022 | train_acc 26.90%
[Stage1/AE] ep 504/600 | loss 0.1242 | rec 0.0205 | feat 0.1038 | train_acc 26.90%
[Stage1/AE] ep 505/600 | loss 0.1236 | rec 0.0204 | feat 0.1032 | train_acc 26.90%
[Stage1/AE] ep 506/600 | loss 0.1214 | rec 0.0203 | feat 0.1010 | train_acc 26.90%
[Stage1/AE] ep 507/600 | loss 0.1217 | rec 0.0203 | feat 0.1014 | train_acc 26.90%
[Stage1/AE] ep 508/600 | loss 0.1228 | rec 0.0204 | feat 0.1024 | train_acc 26.90%
[Stage1/AE] ep 509/600 | loss 0.1242 | rec 0.0205 | feat 0.1037 | train_acc 26.90%
[Stage1/AE] ep 510/600 | loss 0.1226 | rec 0.0204 | feat 0.1022 | train_acc 26.90%
[Stage1/AE] ep 511/600 | loss 0.1223 | rec 0.0203 | feat 0.1020 | train_acc 26.90%
[Stage1/AE] ep 512/600 | loss 0.1226 | rec 0.0204 | feat 0.1022 | train_acc 26.90%
[Stage1/AE] ep 513/600 | loss 0.1219 | rec 0.0205 | feat 0.1015 | train_acc 26.90%
[Stage1/AE] ep 514/600 | loss 0.1204 | rec 0.0202 | feat 0.1002 | train_acc 26.90%
[Stage1/AE] ep 515/600 | loss 0.1219 | rec 0.0203 | feat 0.1016 | train_acc 26.90%
[Stage1/AE] ep 516/600 | loss 0.1226 | rec 0.0203 | feat 0.1023 | train_acc 26.90%
[Stage1/AE] ep 517/600 | loss 0.1216 | rec 0.0204 | feat 0.1012 | train_acc 26.90%
[Stage1/AE] ep 518/600 | loss 0.1204 | rec 0.0203 | feat 0.1001 | train_acc 26.90%
[Stage1/AE] ep 519/600 | loss 0.1204 | rec 0.0202 | feat 0.1001 | train_acc 26.90%
[Stage1/AE] ep 520/600 | loss 0.1196 | rec 0.0203 | feat 0.0993 | train_acc 26.90%
[Stage1/AE] ep 521/600 | loss 0.1218 | rec 0.0203 | feat 0.1015 | train_acc 26.90%
[Stage1/AE] ep 522/600 | loss 0.1216 | rec 0.0202 | feat 0.1014 | train_acc 26.90%
[Stage1/AE] ep 523/600 | loss 0.1209 | rec 0.0204 | feat 0.1005 | train_acc 26.90%
[Stage1/AE] ep 524/600 | loss 0.1223 | rec 0.0205 | feat 0.1018 | train_acc 26.90%
[Stage1/AE] ep 525/600 | loss 0.1234 | rec 0.0202 | feat 0.1032 | train_acc 26.90%
[Stage1/AE] ep 526/600 | loss 0.1214 | rec 0.0204 | feat 0.1010 | train_acc 26.90%
[Stage1/AE] ep 527/600 | loss 0.1212 | rec 0.0204 | feat 0.1008 | train_acc 26.90%
[Stage1/AE] ep 528/600 | loss 0.1213 | rec 0.0202 | feat 0.1011 | train_acc 26.90%
[Stage1/AE] ep 529/600 | loss 0.1196 | rec 0.0203 | feat 0.0994 | train_acc 26.90%
[Stage1/AE] ep 530/600 | loss 0.1209 | rec 0.0203 | feat 0.1006 | train_acc 26.90%
[Stage1/AE] ep 531/600 | loss 0.1212 | rec 0.0202 | feat 0.1010 | train_acc 26.90%
[Stage1/AE] ep 532/600 | loss 0.1227 | rec 0.0204 | feat 0.1023 | train_acc 26.90%
[Stage1/AE] ep 533/600 | loss 0.1208 | rec 0.0204 | feat 0.1004 | train_acc 26.90%
[Stage1/AE] ep 534/600 | loss 0.1201 | rec 0.0201 | feat 0.1000 | train_acc 26.90%
[Stage1/AE] ep 535/600 | loss 0.1212 | rec 0.0202 | feat 0.1010 | train_acc 26.90%
[Stage1/AE] ep 536/600 | loss 0.1208 | rec 0.0203 | feat 0.1005 | train_acc 26.90%
[Stage1/AE] ep 537/600 | loss 0.1199 | rec 0.0203 | feat 0.0996 | train_acc 26.90%
[Stage1/AE] ep 538/600 | loss 0.1215 | rec 0.0202 | feat 0.1013 | train_acc 26.90%
[Stage1/AE] ep 539/600 | loss 0.1225 | rec 0.0204 | feat 0.1021 | train_acc 26.90%
[Stage1/AE] ep 540/600 | loss 0.1219 | rec 0.0203 | feat 0.1016 | train_acc 26.90%
[Stage1/AE] ep 541/600 | loss 0.1222 | rec 0.0203 | feat 0.1019 | train_acc 26.90%
[Stage1/AE] ep 542/600 | loss 0.1215 | rec 0.0204 | feat 0.1012 | train_acc 26.90%
[Stage1/AE] ep 543/600 | loss 0.1196 | rec 0.0202 | feat 0.0993 | train_acc 26.90%
[Stage1/AE] ep 544/600 | loss 0.1229 | rec 0.0203 | feat 0.1026 | train_acc 26.90%
[Stage1/AE] ep 545/600 | loss 0.1219 | rec 0.0202 | feat 0.1016 | train_acc 26.90%
[Stage1/AE] ep 546/600 | loss 0.1219 | rec 0.0203 | feat 0.1017 | train_acc 26.90%
[Stage1/AE] ep 547/600 | loss 0.1210 | rec 0.0202 | feat 0.1008 | train_acc 26.90%
[Stage1/AE] ep 548/600 | loss 0.1226 | rec 0.0202 | feat 0.1023 | train_acc 26.90%
[Stage1/AE] ep 549/600 | loss 0.1207 | rec 0.0201 | feat 0.1006 | train_acc 26.90%
[Stage1/AE] ep 550/600 | loss 0.1187 | rec 0.0202 | feat 0.0985 | train_acc 26.90%
[Stage1/AE] ep 551/600 | loss 0.1214 | rec 0.0203 | feat 0.1012 | train_acc 26.90%
[Stage1/AE] ep 552/600 | loss 0.1209 | rec 0.0203 | feat 0.1006 | train_acc 26.90%
[Stage1/AE] ep 553/600 | loss 0.1185 | rec 0.0202 | feat 0.0983 | train_acc 26.90%
[Stage1/AE] ep 554/600 | loss 0.1197 | rec 0.0203 | feat 0.0994 | train_acc 26.90%
[Stage1/AE] ep 555/600 | loss 0.1206 | rec 0.0204 | feat 0.1002 | train_acc 26.90%
[Stage1/AE] ep 556/600 | loss 0.1192 | rec 0.0202 | feat 0.0990 | train_acc 26.90%
[Stage1/AE] ep 557/600 | loss 0.1214 | rec 0.0203 | feat 0.1011 | train_acc 26.90%
[Stage1/AE] ep 558/600 | loss 0.1230 | rec 0.0202 | feat 0.1027 | train_acc 26.90%
[Stage1/AE] ep 559/600 | loss 0.1208 | rec 0.0203 | feat 0.1005 | train_acc 26.90%
[Stage1/AE] ep 560/600 | loss 0.1217 | rec 0.0203 | feat 0.1014 | train_acc 26.90%
[Stage1/AE] ep 561/600 | loss 0.1212 | rec 0.0203 | feat 0.1009 | train_acc 26.90%
[Stage1/AE] ep 562/600 | loss 0.1185 | rec 0.0201 | feat 0.0984 | train_acc 26.90%
[Stage1/AE] ep 563/600 | loss 0.1223 | rec 0.0202 | feat 0.1021 | train_acc 26.90%
[Stage1/AE] ep 564/600 | loss 0.1193 | rec 0.0203 | feat 0.0990 | train_acc 26.90%
[Stage1/AE] ep 565/600 | loss 0.1212 | rec 0.0202 | feat 0.1010 | train_acc 26.90%
[Stage1/AE] ep 566/600 | loss 0.1230 | rec 0.0202 | feat 0.1028 | train_acc 26.90%
[Stage1/AE] ep 567/600 | loss 0.1200 | rec 0.0202 | feat 0.0998 | train_acc 26.90%
[Stage1/AE] ep 568/600 | loss 0.1206 | rec 0.0203 | feat 0.1003 | train_acc 26.90%
[Stage1/AE] ep 569/600 | loss 0.1219 | rec 0.0202 | feat 0.1017 | train_acc 26.90%
[Stage1/AE] ep 570/600 | loss 0.1223 | rec 0.0201 | feat 0.1022 | train_acc 26.90%
[Stage1/AE] ep 571/600 | loss 0.1196 | rec 0.0201 | feat 0.0995 | train_acc 26.90%
[Stage1/AE] ep 572/600 | loss 0.1214 | rec 0.0202 | feat 0.1012 | train_acc 26.90%
[Stage1/AE] ep 573/600 | loss 0.1201 | rec 0.0201 | feat 0.1000 | train_acc 26.90%
[Stage1/AE] ep 574/600 | loss 0.1224 | rec 0.0203 | feat 0.1021 | train_acc 26.90%
[Stage1/AE] ep 575/600 | loss 0.1210 | rec 0.0202 | feat 0.1008 | train_acc 26.90%
[Stage1/AE] ep 576/600 | loss 0.1232 | rec 0.0201 | feat 0.1031 | train_acc 26.90%
[Stage1/AE] ep 577/600 | loss 0.1198 | rec 0.0200 | feat 0.0998 | train_acc 26.90%
[Stage1/AE] ep 578/600 | loss 0.1196 | rec 0.0201 | feat 0.0994 | train_acc 26.90%
[Stage1/AE] ep 579/600 | loss 0.1210 | rec 0.0202 | feat 0.1009 | train_acc 26.90%
[Stage1/AE] ep 580/600 | loss 0.1226 | rec 0.0201 | feat 0.1025 | train_acc 26.90%
[Stage1/AE] ep 581/600 | loss 0.1177 | rec 0.0201 | feat 0.0976 | train_acc 26.90%
[Stage1/AE] ep 582/600 | loss 0.1197 | rec 0.0199 | feat 0.0997 | train_acc 26.90%
[Stage1/AE] ep 583/600 | loss 0.1196 | rec 0.0201 | feat 0.0996 | train_acc 26.90%
[Stage1/AE] ep 584/600 | loss 0.1190 | rec 0.0200 | feat 0.0990 | train_acc 26.90%
[Stage1/AE] ep 585/600 | loss 0.1204 | rec 0.0200 | feat 0.1004 | train_acc 26.90%
[Stage1/AE] ep 586/600 | loss 0.1203 | rec 0.0201 | feat 0.1003 | train_acc 26.90%
[Stage1/AE] ep 587/600 | loss 0.1224 | rec 0.0202 | feat 0.1022 | train_acc 26.90%
[Stage1/AE] ep 588/600 | loss 0.1218 | rec 0.0201 | feat 0.1017 | train_acc 26.90%
[Stage1/AE] ep 589/600 | loss 0.1217 | rec 0.0201 | feat 0.1015 | train_acc 26.90%
[Stage1/AE] ep 590/600 | loss 0.1194 | rec 0.0200 | feat 0.0994 | train_acc 26.90%
[Stage1/AE] ep 591/600 | loss 0.1211 | rec 0.0203 | feat 0.1008 | train_acc 26.90%
[Stage1/AE] ep 592/600 | loss 0.1204 | rec 0.0203 | feat 0.1001 | train_acc 26.90%
[Stage1/AE] ep 593/600 | loss 0.1215 | rec 0.0200 | feat 0.1015 | train_acc 26.90%
[Stage1/AE] ep 594/600 | loss 0.1175 | rec 0.0200 | feat 0.0975 | train_acc 26.90%
[Stage1/AE] ep 595/600 | loss 0.1210 | rec 0.0202 | feat 0.1009 | train_acc 26.90%
[Stage1/AE] ep 596/600 | loss 0.1207 | rec 0.0202 | feat 0.1005 | train_acc 26.90%
[Stage1/AE] ep 597/600 | loss 0.1199 | rec 0.0202 | feat 0.0997 | train_acc 26.90%
[Stage1/AE] ep 598/600 | loss 0.1202 | rec 0.0201 | feat 0.1001 | train_acc 26.90%
[Stage1/AE] ep 599/600 | loss 0.1210 | rec 0.0201 | feat 0.1009 | train_acc 26.90%
[Stage1/AE] ep 600/600 | loss 0.1193 | rec 0.0200 | feat 0.0993 | train_acc 26.90%
[Stage2/Head] ep 1/600 | loss 41.3652 | ce 22.8024 | logit 37.1256 | train_acc 26.90%
[Stage2/Head] ep 2/600 | loss 40.8872 | ce 22.5568 | logit 36.6608 | train_acc 26.90%
[Stage2/Head] ep 3/600 | loss 40.4229 | ce 22.3193 | logit 36.2071 | train_acc 26.90%
[Stage2/Head] ep 4/600 | loss 39.9692 | ce 22.0886 | logit 35.7612 | train_acc 26.90%
[Stage2/Head] ep 5/600 | loss 39.5250 | ce 21.8634 | logit 35.3231 | train_acc 26.90%
[Stage2/Head] ep 6/600 | loss 39.0896 | ce 21.6431 | logit 34.8930 | train_acc 26.90%
[Stage2/Head] ep 7/600 | loss 38.6627 | ce 21.4272 | logit 34.4709 | train_acc 26.90%
[Stage2/Head] ep 8/600 | loss 38.2439 | ce 21.2158 | logit 34.0563 | train_acc 26.90%
[Stage2/Head] ep 9/600 | loss 37.8330 | ce 21.0085 | logit 33.6489 | train_acc 26.90%
[Stage2/Head] ep 10/600 | loss 37.4295 | ce 20.8054 | logit 33.2483 | train_acc 26.90%
[Stage2/Head] ep 11/600 | loss 37.0332 | ce 20.6063 | logit 32.8538 | train_acc 26.90%
[Stage2/Head] ep 12/600 | loss 36.6437 | ce 20.4112 | logit 32.4650 | train_acc 26.90%
[Stage2/Head] ep 13/600 | loss 36.2607 | ce 20.2200 | logit 32.0814 | train_acc 26.90%
[Stage2/Head] ep 14/600 | loss 35.8840 | ce 20.0328 | logit 31.7024 | train_acc 26.90%
[Stage2/Head] ep 15/600 | loss 35.5131 | ce 19.8492 | logit 31.3277 | train_acc 26.90%
[Stage2/Head] ep 16/600 | loss 35.1478 | ce 19.6694 | logit 30.9567 | train_acc 26.90%
[Stage2/Head] ep 17/600 | loss 34.7878 | ce 19.4932 | logit 30.5891 | train_acc 26.90%
[Stage2/Head] ep 18/600 | loss 34.4327 | ce 19.3205 | logit 30.2244 | train_acc 26.90%
[Stage2/Head] ep 19/600 | loss 34.0824 | ce 19.1512 | logit 29.8625 | train_acc 26.90%
[Stage2/Head] ep 20/600 | loss 33.7366 | ce 18.9852 | logit 29.5028 | train_acc 26.90%
[Stage2/Head] ep 21/600 | loss 33.3949 | ce 18.8223 | logit 29.1453 | train_acc 26.90%
[Stage2/Head] ep 22/600 | loss 33.0572 | ce 18.6625 | logit 28.7895 | train_acc 26.90%
[Stage2/Head] ep 23/600 | loss 32.7232 | ce 18.5055 | logit 28.4354 | train_acc 26.90%
[Stage2/Head] ep 24/600 | loss 32.3928 | ce 18.3514 | logit 28.0827 | train_acc 26.90%
[Stage2/Head] ep 25/600 | loss 32.0656 | ce 18.1999 | logit 27.7314 | train_acc 26.90%
[Stage2/Head] ep 26/600 | loss 31.7416 | ce 18.0510 | logit 27.3812 | train_acc 26.90%
[Stage2/Head] ep 27/600 | loss 31.4206 | ce 17.9045 | logit 27.0322 | train_acc 26.90%
[Stage2/Head] ep 28/600 | loss 31.1024 | ce 17.7603 | logit 26.6842 | train_acc 26.90%
[Stage2/Head] ep 29/600 | loss 30.7868 | ce 17.6182 | logit 26.3372 | train_acc 26.90%
[Stage2/Head] ep 30/600 | loss 30.4738 | ce 17.4782 | logit 25.9912 | train_acc 26.90%
[Stage2/Head] ep 31/600 | loss 30.1632 | ce 17.3401 | logit 25.6462 | train_acc 26.90%
[Stage2/Head] ep 32/600 | loss 29.8549 | ce 17.2038 | logit 25.3022 | train_acc 26.90%
[Stage2/Head] ep 33/600 | loss 29.5488 | ce 17.0692 | logit 24.9593 | train_acc 26.90%
[Stage2/Head] ep 34/600 | loss 29.2449 | ce 16.9362 | logit 24.6175 | train_acc 26.90%
[Stage2/Head] ep 35/600 | loss 28.9431 | ce 16.8047 | logit 24.2768 | train_acc 26.90%
[Stage2/Head] ep 36/600 | loss 28.6432 | ce 16.6746 | logit 23.9373 | train_acc 26.90%
[Stage2/Head] ep 37/600 | loss 28.3453 | ce 16.5457 | logit 23.5991 | train_acc 26.90%
[Stage2/Head] ep 38/600 | loss 28.0492 | ce 16.4181 | logit 23.2623 | train_acc 26.90%
[Stage2/Head] ep 39/600 | loss 27.7550 | ce 16.2915 | logit 22.9270 | train_acc 26.90%
[Stage2/Head] ep 40/600 | loss 27.4627 | ce 16.1660 | logit 22.5932 | train_acc 26.90%
[Stage2/Head] ep 41/600 | loss 27.1720 | ce 16.0415 | logit 22.2612 | train_acc 26.90%
[Stage2/Head] ep 42/600 | loss 26.8832 | ce 15.9177 | logit 21.9309 | train_acc 26.90%
[Stage2/Head] ep 43/600 | loss 26.5961 | ce 15.7948 | logit 21.6025 | train_acc 26.90%
[Stage2/Head] ep 44/600 | loss 26.3106 | ce 15.6726 | logit 21.2760 | train_acc 26.90%
[Stage2/Head] ep 45/600 | loss 26.0269 | ce 15.5510 | logit 20.9517 | train_acc 26.90%
[Stage2/Head] ep 46/600 | loss 25.7448 | ce 15.4301 | logit 20.6295 | train_acc 26.90%
[Stage2/Head] ep 47/600 | loss 25.4644 | ce 15.3096 | logit 20.3096 | train_acc 26.90%
[Stage2/Head] ep 48/600 | loss 25.1856 | ce 15.1896 | logit 19.9920 | train_acc 26.90%
[Stage2/Head] ep 49/600 | loss 24.9085 | ce 15.0701 | logit 19.6768 | train_acc 26.90%
[Stage2/Head] ep 50/600 | loss 24.6330 | ce 14.9509 | logit 19.3641 | train_acc 26.90%
[Stage2/Head] ep 51/600 | loss 24.3591 | ce 14.8321 | logit 19.0540 | train_acc 26.90%
[Stage2/Head] ep 52/600 | loss 24.0868 | ce 14.7136 | logit 18.7464 | train_acc 26.90%
[Stage2/Head] ep 53/600 | loss 23.8161 | ce 14.5953 | logit 18.4415 | train_acc 26.90%
[Stage2/Head] ep 54/600 | loss 23.5470 | ce 14.4773 | logit 18.1394 | train_acc 26.90%
[Stage2/Head] ep 55/600 | loss 23.2795 | ce 14.3595 | logit 17.8399 | train_acc 26.90%
[Stage2/Head] ep 56/600 | loss 23.0135 | ce 14.2419 | logit 17.5433 | train_acc 26.90%
[Stage2/Head] ep 57/600 | loss 22.7492 | ce 14.1244 | logit 17.2494 | train_acc 26.90%
[Stage2/Head] ep 58/600 | loss 22.4863 | ce 14.0071 | logit 16.9584 | train_acc 26.90%
[Stage2/Head] ep 59/600 | loss 22.2251 | ce 13.8900 | logit 16.6702 | train_acc 26.90%
[Stage2/Head] ep 60/600 | loss 21.9654 | ce 13.7730 | logit 16.3849 | train_acc 26.90%
[Stage2/Head] ep 61/600 | loss 21.7073 | ce 13.6561 | logit 16.1024 | train_acc 26.90%
[Stage2/Head] ep 62/600 | loss 21.4507 | ce 13.5393 | logit 15.8228 | train_acc 26.90%
[Stage2/Head] ep 63/600 | loss 21.1956 | ce 13.4226 | logit 15.5461 | train_acc 26.90%
[Stage2/Head] ep 64/600 | loss 20.9421 | ce 13.3059 | logit 15.2722 | train_acc 26.90%
[Stage2/Head] ep 65/600 | loss 20.6901 | ce 13.1894 | logit 15.0013 | train_acc 26.90%
[Stage2/Head] ep 66/600 | loss 20.4396 | ce 13.0730 | logit 14.7332 | train_acc 26.90%
[Stage2/Head] ep 67/600 | loss 20.1906 | ce 12.9567 | logit 14.4680 | train_acc 26.90%
[Stage2/Head] ep 68/600 | loss 19.9432 | ce 12.8404 | logit 14.2056 | train_acc 26.90%
[Stage2/Head] ep 69/600 | loss 19.6973 | ce 12.7242 | logit 13.9461 | train_acc 26.90%
[Stage2/Head] ep 70/600 | loss 19.4529 | ce 12.6081 | logit 13.6895 | train_acc 26.90%
[Stage2/Head] ep 71/600 | loss 19.2099 | ce 12.4921 | logit 13.4357 | train_acc 26.90%
[Stage2/Head] ep 72/600 | loss 18.9685 | ce 12.3761 | logit 13.1848 | train_acc 26.90%
[Stage2/Head] ep 73/600 | loss 18.7286 | ce 12.2603 | logit 12.9367 | train_acc 26.90%
[Stage2/Head] ep 74/600 | loss 18.4902 | ce 12.1444 | logit 12.6915 | train_acc 26.90%
[Stage2/Head] ep 75/600 | loss 18.2533 | ce 12.0287 | logit 12.4491 | train_acc 26.90%
[Stage2/Head] ep 76/600 | loss 18.0178 | ce 11.9131 | logit 12.2095 | train_acc 26.90%
[Stage2/Head] ep 77/600 | loss 17.7839 | ce 11.7975 | logit 11.9728 | train_acc 26.90%
[Stage2/Head] ep 78/600 | loss 17.5514 | ce 11.6820 | logit 11.7388 | train_acc 26.90%
[Stage2/Head] ep 79/600 | loss 17.3204 | ce 11.5665 | logit 11.5077 | train_acc 26.90%
[Stage2/Head] ep 80/600 | loss 17.0909 | ce 11.4512 | logit 11.2794 | train_acc 26.90%
[Stage2/Head] ep 81/600 | loss 16.8628 | ce 11.3359 | logit 11.0539 | train_acc 26.90%
[Stage2/Head] ep 82/600 | loss 16.6362 | ce 11.2206 | logit 10.8312 | train_acc 26.90%
[Stage2/Head] ep 83/600 | loss 16.4111 | ce 11.1055 | logit 10.6112 | train_acc 26.90%
[Stage2/Head] ep 84/600 | loss 16.1874 | ce 10.9904 | logit 10.3941 | train_acc 26.90%
[Stage2/Head] ep 85/600 | loss 15.9653 | ce 10.8754 | logit 10.1797 | train_acc 26.90%
[Stage2/Head] ep 86/600 | loss 15.7445 | ce 10.7604 | logit 9.9682 | train_acc 26.90%
[Stage2/Head] ep 87/600 | loss 15.5252 | ce 10.6456 | logit 9.7593 | train_acc 26.90%
[Stage2/Head] ep 88/600 | loss 15.3074 | ce 10.5308 | logit 9.5533 | train_acc 26.90%
[Stage2/Head] ep 89/600 | loss 15.0911 | ce 10.4161 | logit 9.3500 | train_acc 26.90%
[Stage2/Head] ep 90/600 | loss 14.8761 | ce 10.3014 | logit 9.1495 | train_acc 26.90%
[Stage2/Head] ep 91/600 | loss 14.6627 | ce 10.1868 | logit 8.9517 | train_acc 26.90%
[Stage2/Head] ep 92/600 | loss 14.4507 | ce 10.0723 | logit 8.7566 | train_acc 26.90%
[Stage2/Head] ep 93/600 | loss 14.2401 | ce 9.9579 | logit 8.5644 | train_acc 26.90%
[Stage2/Head] ep 94/600 | loss 14.0310 | ce 9.8436 | logit 8.3748 | train_acc 26.90%
[Stage2/Head] ep 95/600 | loss 13.8233 | ce 9.7293 | logit 8.1880 | train_acc 26.90%
[Stage2/Head] ep 96/600 | loss 13.6170 | ce 9.6151 | logit 8.0039 | train_acc 26.90%
[Stage2/Head] ep 97/600 | loss 13.4122 | ce 9.5009 | logit 7.8225 | train_acc 26.90%
[Stage2/Head] ep 98/600 | loss 13.2088 | ce 9.3869 | logit 7.6439 | train_acc 26.90%
[Stage2/Head] ep 99/600 | loss 13.0069 | ce 9.2729 | logit 7.4679 | train_acc 26.90%
[Stage2/Head] ep 100/600 | loss 12.8064 | ce 9.1590 | logit 7.2947 | train_acc 26.90%
[Stage2/Head] ep 101/600 | loss 12.6073 | ce 9.0452 | logit 7.1242 | train_acc 26.90%
[Stage2/Head] ep 102/600 | loss 12.4096 | ce 8.9315 | logit 6.9563 | train_acc 26.90%
[Stage2/Head] ep 103/600 | loss 12.2134 | ce 8.8178 | logit 6.7912 | train_acc 26.90%
[Stage2/Head] ep 104/600 | loss 12.0186 | ce 8.7042 | logit 6.6288 | train_acc 26.90%
[Stage2/Head] ep 105/600 | loss 11.8252 | ce 8.5907 | logit 6.4690 | train_acc 26.90%
[Stage2/Head] ep 106/600 | loss 11.6333 | ce 8.4773 | logit 6.3119 | train_acc 26.90%
[Stage2/Head] ep 107/600 | loss 11.4427 | ce 8.3640 | logit 6.1575 | train_acc 26.90%
[Stage2/Head] ep 108/600 | loss 11.2536 | ce 8.2507 | logit 6.0058 | train_acc 26.90%
[Stage2/Head] ep 109/600 | loss 11.0660 | ce 8.1376 | logit 5.8567 | train_acc 26.90%
[Stage2/Head] ep 110/600 | loss 10.8797 | ce 8.0245 | logit 5.7103 | train_acc 26.90%
[Stage2/Head] ep 111/600 | loss 10.6948 | ce 7.9116 | logit 5.5666 | train_acc 26.90%
[Stage2/Head] ep 112/600 | loss 10.5114 | ce 7.7987 | logit 5.4255 | train_acc 26.90%
[Stage2/Head] ep 113/600 | loss 10.3294 | ce 7.6859 | logit 5.2870 | train_acc 26.90%
[Stage2/Head] ep 114/600 | loss 10.1488 | ce 7.5732 | logit 5.1512 | train_acc 26.90%
[Stage2/Head] ep 115/600 | loss 9.9696 | ce 7.4606 | logit 5.0180 | train_acc 26.90%
[Stage2/Head] ep 116/600 | loss 9.7919 | ce 7.3482 | logit 4.8874 | train_acc 26.90%
[Stage2/Head] ep 117/600 | loss 9.6155 | ce 7.2358 | logit 4.7594 | train_acc 26.90%
[Stage2/Head] ep 118/600 | loss 9.4406 | ce 7.1235 | logit 4.6341 | train_acc 26.90%
[Stage2/Head] ep 119/600 | loss 9.2670 | ce 7.0114 | logit 4.5113 | train_acc 26.90%
[Stage2/Head] ep 120/600 | loss 9.0949 | ce 6.8994 | logit 4.3912 | train_acc 26.90%
[Stage2/Head] ep 121/600 | loss 8.9243 | ce 6.7875 | logit 4.2736 | train_acc 26.90%
[Stage2/Head] ep 122/600 | loss 8.7550 | ce 6.6757 | logit 4.1586 | train_acc 26.90%
[Stage2/Head] ep 123/600 | loss 8.5871 | ce 6.5640 | logit 4.0462 | train_acc 26.90%
[Stage2/Head] ep 124/600 | loss 8.4207 | ce 6.4525 | logit 3.9363 | train_acc 26.90%
[Stage2/Head] ep 125/600 | loss 8.2557 | ce 6.3412 | logit 3.8290 | train_acc 26.90%
[Stage2/Head] ep 126/600 | loss 8.0921 | ce 6.2300 | logit 3.7242 | train_acc 26.90%
[Stage2/Head] ep 127/600 | loss 7.9299 | ce 6.1189 | logit 3.6219 | train_acc 26.90%
[Stage2/Head] ep 128/600 | loss 7.7692 | ce 6.0081 | logit 3.5222 | train_acc 26.90%
[Stage2/Head] ep 129/600 | loss 7.6099 | ce 5.8974 | logit 3.4250 | train_acc 26.90%
[Stage2/Head] ep 130/600 | loss 7.4520 | ce 5.7869 | logit 3.3302 | train_acc 26.90%
[Stage2/Head] ep 131/600 | loss 7.2956 | ce 5.6766 | logit 3.2380 | train_acc 26.90%
[Stage2/Head] ep 132/600 | loss 7.1406 | ce 5.5665 | logit 3.1482 | train_acc 26.90%
[Stage2/Head] ep 133/600 | loss 6.9870 | ce 5.4566 | logit 3.0608 | train_acc 26.90%
[Stage2/Head] ep 134/600 | loss 6.8349 | ce 5.3470 | logit 2.9759 | train_acc 26.90%
[Stage2/Head] ep 135/600 | loss 6.6843 | ce 5.2377 | logit 2.8933 | train_acc 26.90%
[Stage2/Head] ep 136/600 | loss 6.5352 | ce 5.1286 | logit 2.8132 | train_acc 26.90%
[Stage2/Head] ep 137/600 | loss 6.3875 | ce 5.0198 | logit 2.7354 | train_acc 26.90%
[Stage2/Head] ep 138/600 | loss 6.2413 | ce 4.9114 | logit 2.6599 | train_acc 26.90%
[Stage2/Head] ep 139/600 | loss 6.0967 | ce 4.8033 | logit 2.5868 | train_acc 26.90%
[Stage2/Head] ep 140/600 | loss 5.9535 | ce 4.6956 | logit 2.5159 | train_acc 26.90%
[Stage2/Head] ep 141/600 | loss 5.8119 | ce 4.5883 | logit 2.4473 | train_acc 26.90%
[Stage2/Head] ep 142/600 | loss 5.6719 | ce 4.4814 | logit 2.3809 | train_acc 26.90%
[Stage2/Head] ep 143/600 | loss 5.5334 | ce 4.3750 | logit 2.3167 | train_acc 26.90%
[Stage2/Head] ep 144/600 | loss 5.3965 | ce 4.2691 | logit 2.2547 | train_acc 26.90%
[Stage2/Head] ep 145/600 | loss 5.2612 | ce 4.1638 | logit 2.1947 | train_acc 26.90%
[Stage2/Head] ep 146/600 | loss 5.1275 | ce 4.0591 | logit 2.1368 | train_acc 26.90%
[Stage2/Head] ep 147/600 | loss 4.9955 | ce 3.9550 | logit 2.0810 | train_acc 26.90%
[Stage2/Head] ep 148/600 | loss 4.8652 | ce 3.8516 | logit 2.0271 | train_acc 26.90%
[Stage2/Head] ep 149/600 | loss 4.7366 | ce 3.7490 | logit 1.9751 | train_acc 26.90%
[Stage2/Head] ep 150/600 | loss 4.6097 | ce 3.6472 | logit 1.9250 | train_acc 26.90%
[Stage2/Head] ep 151/600 | loss 4.4847 | ce 3.5463 | logit 1.8768 | train_acc 26.90%
[Stage2/Head] ep 152/600 | loss 4.3614 | ce 3.4463 | logit 1.8302 | train_acc 26.90%
[Stage2/Head] ep 153/600 | loss 4.2401 | ce 3.3474 | logit 1.7854 | train_acc 26.90%
[Stage2/Head] ep 154/600 | loss 4.1206 | ce 3.2495 | logit 1.7422 | train_acc 26.90%
[Stage2/Head] ep 155/600 | loss 4.0031 | ce 3.1528 | logit 1.7006 | train_acc 26.90%
[Stage2/Head] ep 156/600 | loss 3.8876 | ce 3.0573 | logit 1.6605 | train_acc 26.90%
[Stage2/Head] ep 157/600 | loss 3.7742 | ce 2.9632 | logit 1.6219 | train_acc 26.90%
[Stage2/Head] ep 158/600 | loss 3.6629 | ce 2.8705 | logit 1.5847 | train_acc 26.90%
[Stage2/Head] ep 159/600 | loss 3.5537 | ce 2.7793 | logit 1.5489 | train_acc 26.90%
[Stage2/Head] ep 160/600 | loss 3.4468 | ce 2.6896 | logit 1.5143 | train_acc 26.90%
[Stage2/Head] ep 161/600 | loss 3.3421 | ce 2.6016 | logit 1.4810 | train_acc 26.90%
[Stage2/Head] ep 162/600 | loss 3.2397 | ce 2.5153 | logit 1.4489 | train_acc 26.90%
[Stage2/Head] ep 163/600 | loss 3.1398 | ce 2.4308 | logit 1.4180 | train_acc 26.90%
[Stage2/Head] ep 164/600 | loss 3.0423 | ce 2.3482 | logit 1.3882 | train_acc 26.90%
[Stage2/Head] ep 165/600 | loss 2.9472 | ce 2.2675 | logit 1.3595 | train_acc 26.90%
[Stage2/Head] ep 166/600 | loss 2.8547 | ce 2.1888 | logit 1.3319 | train_acc 26.90%
[Stage2/Head] ep 167/600 | loss 2.7648 | ce 2.1121 | logit 1.3054 | train_acc 26.90%
[Stage2/Head] ep 168/600 | loss 2.6776 | ce 2.0375 | logit 1.2800 | train_acc 26.90%
[Stage2/Head] ep 169/600 | loss 2.5929 | ce 1.9651 | logit 1.2557 | train_acc 26.90%
[Stage2/Head] ep 170/600 | loss 2.5110 | ce 1.8948 | logit 1.2324 | train_acc 26.90%
[Stage2/Head] ep 171/600 | loss 2.4319 | ce 1.8267 | logit 1.2103 | train_acc 26.90%
[Stage2/Head] ep 172/600 | loss 2.3554 | ce 1.7608 | logit 1.1893 | train_acc 26.90%
[Stage2/Head] ep 173/600 | loss 2.2818 | ce 1.6971 | logit 1.1694 | train_acc 26.90%
[Stage2/Head] ep 174/600 | loss 2.2109 | ce 1.6356 | logit 1.1506 | train_acc 26.90%
[Stage2/Head] ep 175/600 | loss 2.1428 | ce 1.5762 | logit 1.1331 | train_acc 26.90%
[Stage2/Head] ep 176/600 | loss 2.0774 | ce 1.5190 | logit 1.1168 | train_acc 26.90%
[Stage2/Head] ep 177/600 | loss 2.0148 | ce 1.4640 | logit 1.1016 | train_acc 27.61%
[Stage2/Head] ep 178/600 | loss 1.9550 | ce 1.4111 | logit 1.0878 | train_acc 37.50%
[Stage2/Head] ep 179/600 | loss 1.8978 | ce 1.3602 | logit 1.0752 | train_acc 37.50%
[Stage2/Head] ep 180/600 | loss 1.8433 | ce 1.3114 | logit 1.0639 | train_acc 37.50%
[Stage2/Head] ep 181/600 | loss 1.7915 | ce 1.2646 | logit 1.0538 | train_acc 37.50%
[Stage2/Head] ep 182/600 | loss 1.7422 | ce 1.2197 | logit 1.0451 | train_acc 37.50%
[Stage2/Head] ep 183/600 | loss 1.6955 | ce 1.1767 | logit 1.0377 | train_acc 37.50%
[Stage2/Head] ep 184/600 | loss 1.6513 | ce 1.1355 | logit 1.0315 | train_acc 37.50%
[Stage2/Head] ep 185/600 | loss 1.6095 | ce 1.0961 | logit 1.0266 | train_acc 37.50%
[Stage2/Head] ep 186/600 | loss 1.5700 | ce 1.0585 | logit 1.0230 | train_acc 37.50%
[Stage2/Head] ep 187/600 | loss 1.5328 | ce 1.0225 | logit 1.0206 | train_acc 37.50%
[Stage2/Head] ep 188/600 | loss 1.4979 | ce 0.9882 | logit 1.0194 | train_acc 37.50%
[Stage2/Head] ep 189/600 | loss 1.4651 | ce 0.9554 | logit 1.0194 | train_acc 37.50%
[Stage2/Head] ep 190/600 | loss 1.4343 | ce 0.9241 | logit 1.0204 | train_acc 37.50%
[Stage2/Head] ep 191/600 | loss 1.4056 | ce 0.8943 | logit 1.0226 | train_acc 37.50%
[Stage2/Head] ep 192/600 | loss 1.3787 | ce 0.8658 | logit 1.0258 | train_acc 37.50%
[Stage2/Head] ep 193/600 | loss 1.3537 | ce 0.8387 | logit 1.0300 | train_acc 37.50%
[Stage2/Head] ep 194/600 | loss 1.3305 | ce 0.8129 | logit 1.0351 | train_acc 37.50%
[Stage2/Head] ep 195/600 | loss 1.3089 | ce 0.7884 | logit 1.0410 | train_acc 37.50%
[Stage2/Head] ep 196/600 | loss 1.2889 | ce 0.7650 | logit 1.0478 | train_acc 37.50%
[Stage2/Head] ep 197/600 | loss 1.2705 | ce 0.7428 | logit 1.0553 | train_acc 37.50%
[Stage2/Head] ep 198/600 | loss 1.2534 | ce 0.7217 | logit 1.0635 | train_acc 37.50%
[Stage2/Head] ep 199/600 | loss 1.2378 | ce 0.7016 | logit 1.0723 | train_acc 37.50%
[Stage2/Head] ep 200/600 | loss 1.2234 | ce 0.6825 | logit 1.0817 | train_acc 37.50%
[Stage2/Head] ep 201/600 | loss 1.2102 | ce 0.6644 | logit 1.0915 | train_acc 37.50%
[Stage2/Head] ep 202/600 | loss 1.1982 | ce 0.6473 | logit 1.1018 | train_acc 37.50%
[Stage2/Head] ep 203/600 | loss 1.1872 | ce 0.6310 | logit 1.1124 | train_acc 37.50%
[Stage2/Head] ep 204/600 | loss 1.1773 | ce 0.6156 | logit 1.1233 | train_acc 37.50%
[Stage2/Head] ep 205/600 | loss 1.1682 | ce 0.6010 | logit 1.1344 | train_acc 37.50%
[Stage2/Head] ep 206/600 | loss 1.1601 | ce 0.5872 | logit 1.1457 | train_acc 37.50%
[Stage2/Head] ep 207/600 | loss 1.1527 | ce 0.5742 | logit 1.1571 | train_acc 37.50%
[Stage2/Head] ep 208/600 | loss 1.1461 | ce 0.5619 | logit 1.1686 | train_acc 37.50%
[Stage2/Head] ep 209/600 | loss 1.1402 | ce 0.5502 | logit 1.1800 | train_acc 37.50%
[Stage2/Head] ep 210/600 | loss 1.1350 | ce 0.5393 | logit 1.1914 | train_acc 37.50%
[Stage2/Head] ep 211/600 | loss 1.1303 | ce 0.5289 | logit 1.2027 | train_acc 37.50%
[Stage2/Head] ep 212/600 | loss 1.1261 | ce 0.5192 | logit 1.2139 | train_acc 37.50%
[Stage2/Head] ep 213/600 | loss 1.1225 | ce 0.5101 | logit 1.2248 | train_acc 37.50%
[Stage2/Head] ep 214/600 | loss 1.1193 | ce 0.5015 | logit 1.2355 | train_acc 37.50%
[Stage2/Head] ep 215/600 | loss 1.1164 | ce 0.4935 | logit 1.2459 | train_acc 37.50%
[Stage2/Head] ep 216/600 | loss 1.1140 | ce 0.4860 | logit 1.2561 | train_acc 37.50%
[Stage2/Head] ep 217/600 | loss 1.1119 | ce 0.4789 | logit 1.2659 | train_acc 37.50%
[Stage2/Head] ep 218/600 | loss 1.1100 | ce 0.4724 | logit 1.2753 | train_acc 37.50%
[Stage2/Head] ep 219/600 | loss 1.1084 | ce 0.4663 | logit 1.2843 | train_acc 37.50%
[Stage2/Head] ep 220/600 | loss 1.1071 | ce 0.4606 | logit 1.2930 | train_acc 37.50%
[Stage2/Head] ep 221/600 | loss 1.1059 | ce 0.4553 | logit 1.3012 | train_acc 37.50%
[Stage2/Head] ep 222/600 | loss 1.1050 | ce 0.4504 | logit 1.3090 | train_acc 37.50%
[Stage2/Head] ep 223/600 | loss 1.1041 | ce 0.4459 | logit 1.3164 | train_acc 37.50%
[Stage2/Head] ep 224/600 | loss 1.1034 | ce 0.4418 | logit 1.3234 | train_acc 37.50%
[Stage2/Head] ep 225/600 | loss 1.1029 | ce 0.4379 | logit 1.3299 | train_acc 37.50%
[Stage2/Head] ep 226/600 | loss 1.1024 | ce 0.4344 | logit 1.3359 | train_acc 37.50%
[Stage2/Head] ep 227/600 | loss 1.1020 | ce 0.4312 | logit 1.3416 | train_acc 37.50%
[Stage2/Head] ep 228/600 | loss 1.1017 | ce 0.4283 | logit 1.3468 | train_acc 37.50%
[Stage2/Head] ep 229/600 | loss 1.1015 | ce 0.4257 | logit 1.3516 | train_acc 37.50%
[Stage2/Head] ep 230/600 | loss 1.1012 | ce 0.4233 | logit 1.3560 | train_acc 37.50%
[Stage2/Head] ep 231/600 | loss 1.1011 | ce 0.4211 | logit 1.3600 | train_acc 37.50%
[Stage2/Head] ep 232/600 | loss 1.1010 | ce 0.4191 | logit 1.3636 | train_acc 37.50%
[Stage2/Head] ep 233/600 | loss 1.1009 | ce 0.4174 | logit 1.3669 | train_acc 37.50%
[Stage2/Head] ep 234/600 | loss 1.1008 | ce 0.4158 | logit 1.3699 | train_acc 37.50%
[Stage2/Head] ep 235/600 | loss 1.1007 | ce 0.4144 | logit 1.3726 | train_acc 37.50%
[Stage2/Head] ep 236/600 | loss 1.1007 | ce 0.4132 | logit 1.3749 | train_acc 37.50%
[Stage2/Head] ep 237/600 | loss 1.1006 | ce 0.4121 | logit 1.3770 | train_acc 37.50%
[Stage2/Head] ep 238/600 | loss 1.1006 | ce 0.4112 | logit 1.3789 | train_acc 37.50%
[Stage2/Head] ep 239/600 | loss 1.1006 | ce 0.4103 | logit 1.3805 | train_acc 37.50%
[Stage2/Head] ep 240/600 | loss 1.1006 | ce 0.4096 | logit 1.3819 | train_acc 37.50%
[Stage2/Head] ep 241/600 | loss 1.1006 | ce 0.4090 | logit 1.3832 | train_acc 37.50%
[Stage2/Head] ep 242/600 | loss 1.1006 | ce 0.4085 | logit 1.3842 | train_acc 37.50%
[Stage2/Head] ep 243/600 | loss 1.1006 | ce 0.4080 | logit 1.3851 | train_acc 37.50%
[Stage2/Head] ep 244/600 | loss 1.1006 | ce 0.4076 | logit 1.3859 | train_acc 37.50%
[Stage2/Head] ep 245/600 | loss 1.1005 | ce 0.4073 | logit 1.3865 | train_acc 37.50%
[Stage2/Head] ep 246/600 | loss 1.1005 | ce 0.4070 | logit 1.3871 | train_acc 37.50%
[Stage2/Head] ep 247/600 | loss 1.1005 | ce 0.4068 | logit 1.3875 | train_acc 37.50%
[Stage2/Head] ep 248/600 | loss 1.1005 | ce 0.4066 | logit 1.3879 | train_acc 37.50%
[Stage2/Head] ep 249/600 | loss 1.1005 | ce 0.4064 | logit 1.3882 | train_acc 37.50%
[Stage2/Head] ep 250/600 | loss 1.1005 | ce 0.4063 | logit 1.3885 | train_acc 37.50%
[Stage2/Head] ep 251/600 | loss 1.1005 | ce 0.4062 | logit 1.3887 | train_acc 37.50%
[Stage2/Head] ep 252/600 | loss 1.1005 | ce 0.4061 | logit 1.3888 | train_acc 37.50%
[Stage2/Head] ep 253/600 | loss 1.1005 | ce 0.4061 | logit 1.3890 | train_acc 37.50%
[Stage2/Head] ep 254/600 | loss 1.1005 | ce 0.4060 | logit 1.3891 | train_acc 37.50%
[Stage2/Head] ep 255/600 | loss 1.1005 | ce 0.4060 | logit 1.3891 | train_acc 37.50%
[Stage2/Head] ep 256/600 | loss 1.1005 | ce 0.4059 | logit 1.3892 | train_acc 37.50%
[Stage2/Head] ep 257/600 | loss 1.1005 | ce 0.4059 | logit 1.3892 | train_acc 37.50%
[Stage2/Head] ep 258/600 | loss 1.1005 | ce 0.4059 | logit 1.3893 | train_acc 37.50%
[Stage2/Head] ep 259/600 | loss 1.1005 | ce 0.4059 | logit 1.3893 | train_acc 37.50%
[Stage2/Head] ep 260/600 | loss 1.1005 | ce 0.4059 | logit 1.3893 | train_acc 37.50%
[Stage2/Head] ep 261/600 | loss 1.1005 | ce 0.4059 | logit 1.3893 | train_acc 37.50%
[Stage2/Head] ep 262/600 | loss 1.1005 | ce 0.4059 | logit 1.3894 | train_acc 37.50%
[Stage2/Head] ep 263/600 | loss 1.1005 | ce 0.4059 | logit 1.3894 | train_acc 37.50%
[Stage2/Head] ep 264/600 | loss 1.1005 | ce 0.4059 | logit 1.3894 | train_acc 37.50%
[Stage2/Head] ep 265/600 | loss 1.1005 | ce 0.4059 | logit 1.3894 | train_acc 37.50%
[Stage2/Head] ep 266/600 | loss 1.1005 | ce 0.4059 | logit 1.3894 | train_acc 37.50%
[Stage2/Head] ep 267/600 | loss 1.1005 | ce 0.4059 | logit 1.3894 | train_acc 37.50%
[Stage2/Head] ep 268/600 | loss 1.1005 | ce 0.4059 | logit 1.3894 | train_acc 37.50%
[Stage2/Head] ep 269/600 | loss 1.1005 | ce 0.4059 | logit 1.3894 | train_acc 37.50%
[Stage2/Head] ep 270/600 | loss 1.1005 | ce 0.4059 | logit 1.3894 | train_acc 37.50%
[Stage2/Head] ep 271/600 | loss 1.1005 | ce 0.4059 | logit 1.3894 | train_acc 37.50%
[Stage2/Head] ep 272/600 | loss 1.1005 | ce 0.4059 | logit 1.3894 | train_acc 37.50%
[Stage2/Head] ep 273/600 | loss 1.1005 | ce 0.4059 | logit 1.3894 | train_acc 37.50%
[Stage2/Head] ep 274/600 | loss 1.1005 | ce 0.4059 | logit 1.3894 | train_acc 37.50%
[Stage2/Head] ep 275/600 | loss 1.1005 | ce 0.4059 | logit 1.3894 | train_acc 37.50%
[Stage2/Head] ep 276/600 | loss 1.1005 | ce 0.4059 | logit 1.3894 | train_acc 37.50%
[Stage2/Head] ep 277/600 | loss 1.1005 | ce 0.4059 | logit 1.3894 | train_acc 37.50%
[Stage2/Head] ep 278/600 | loss 1.1005 | ce 0.4059 | logit 1.3894 | train_acc 37.50%
[Stage2/Head] ep 279/600 | loss 1.1005 | ce 0.4059 | logit 1.3894 | train_acc 37.50%
[Stage2/Head] ep 280/600 | loss 1.1005 | ce 0.4059 | logit 1.3894 | train_acc 37.50%
[Stage2/Head] ep 281/600 | loss 1.1005 | ce 0.4059 | logit 1.3894 | train_acc 37.50%
[Stage2/Head] ep 282/600 | loss 1.1005 | ce 0.4059 | logit 1.3894 | train_acc 37.50%
[Stage2/Head] ep 283/600 | loss 1.1005 | ce 0.4059 | logit 1.3894 | train_acc 37.50%
[Stage2/Head] ep 284/600 | loss 1.1005 | ce 0.4059 | logit 1.3894 | train_acc 37.50%
[Stage2/Head] ep 285/600 | loss 1.1005 | ce 0.4059 | logit 1.3894 | train_acc 37.50%
[Stage2/Head] ep 286/600 | loss 1.1005 | ce 0.4059 | logit 1.3894 | train_acc 37.50%
[Stage2/Head] ep 287/600 | loss 1.1005 | ce 0.4059 | logit 1.3894 | train_acc 37.50%
[Stage2/Head] ep 288/600 | loss 1.1005 | ce 0.4059 | logit 1.3894 | train_acc 37.50%
[Stage2/Head] ep 289/600 | loss 1.1005 | ce 0.4059 | logit 1.3894 | train_acc 37.50%
[Stage2/Head] ep 290/600 | loss 1.1005 | ce 0.4059 | logit 1.3894 | train_acc 37.50%
[Stage2/Head] ep 291/600 | loss 1.1005 | ce 0.4059 | logit 1.3894 | train_acc 37.50%
[Stage2/Head] ep 292/600 | loss 1.1005 | ce 0.4059 | logit 1.3894 | train_acc 37.50%
[Stage2/Head] ep 293/600 | loss 1.1005 | ce 0.4059 | logit 1.3894 | train_acc 37.50%
[Stage2/Head] ep 294/600 | loss 1.1005 | ce 0.4059 | logit 1.3894 | train_acc 37.50%
[Stage2/Head] ep 295/600 | loss 1.1005 | ce 0.4059 | logit 1.3894 | train_acc 37.50%
[Stage2/Head] ep 296/600 | loss 1.1005 | ce 0.4059 | logit 1.3894 | train_acc 37.50%
[Stage2/Head] ep 297/600 | loss 1.1005 | ce 0.4059 | logit 1.3894 | train_acc 37.50%
[Stage2/Head] ep 298/600 | loss 1.1005 | ce 0.4059 | logit 1.3894 | train_acc 37.50%
[Stage2/Head] ep 299/600 | loss 1.1005 | ce 0.4059 | logit 1.3894 | train_acc 37.50%
[Stage2/Head] ep 300/600 | loss 1.1005 | ce 0.4059 | logit 1.3894 | train_acc 37.50%
[Stage2/Head] ep 301/600 | loss 1.1005 | ce 0.4059 | logit 1.3894 | train_acc 37.50%
[Stage2/Head] ep 302/600 | loss 1.1005 | ce 0.4059 | logit 1.3894 | train_acc 37.50%
[Stage2/Head] ep 303/600 | loss 1.1005 | ce 0.4059 | logit 1.3894 | train_acc 37.50%
[Stage2/Head] ep 304/600 | loss 1.1005 | ce 0.4059 | logit 1.3894 | train_acc 37.50%
[Stage2/Head] ep 305/600 | loss 1.1005 | ce 0.4059 | logit 1.3894 | train_acc 37.50%
[Stage2/Head] ep 306/600 | loss 1.1005 | ce 0.4059 | logit 1.3894 | train_acc 37.50%
[Stage2/Head] ep 307/600 | loss 1.1005 | ce 0.4059 | logit 1.3894 | train_acc 37.50%
[Stage2/Head] ep 308/600 | loss 1.1005 | ce 0.4059 | logit 1.3894 | train_acc 37.50%
[Stage2/Head] ep 309/600 | loss 1.1005 | ce 0.4059 | logit 1.3894 | train_acc 37.50%
[Stage2/Head] ep 310/600 | loss 1.1005 | ce 0.4059 | logit 1.3894 | train_acc 37.50%
[Stage2/Head] ep 311/600 | loss 1.1005 | ce 0.4059 | logit 1.3894 | train_acc 37.50%
[Stage2/Head] ep 312/600 | loss 1.1005 | ce 0.4059 | logit 1.3894 | train_acc 37.50%
[Stage2/Head] ep 313/600 | loss 1.1005 | ce 0.4059 | logit 1.3894 | train_acc 37.50%
[Stage2/Head] ep 314/600 | loss 1.1005 | ce 0.4059 | logit 1.3894 | train_acc 37.50%
[Stage2/Head] ep 315/600 | loss 1.1005 | ce 0.4059 | logit 1.3894 | train_acc 37.50%
[Stage2/Head] ep 316/600 | loss 1.1005 | ce 0.4059 | logit 1.3894 | train_acc 37.50%
[Stage2/Head] ep 317/600 | loss 1.1005 | ce 0.4059 | logit 1.3894 | train_acc 37.50%
[Stage2/Head] ep 318/600 | loss 1.1005 | ce 0.4059 | logit 1.3894 | train_acc 37.50%
[Stage2/Head] ep 319/600 | loss 1.1005 | ce 0.4059 | logit 1.3894 | train_acc 37.50%
[Stage2/Head] ep 320/600 | loss 1.1005 | ce 0.4059 | logit 1.3894 | train_acc 37.50%
[Stage2/Head] ep 321/600 | loss 1.1005 | ce 0.4059 | logit 1.3894 | train_acc 37.50%
[Stage2/Head] ep 322/600 | loss 1.1005 | ce 0.4059 | logit 1.3894 | train_acc 37.50%
[Stage2/Head] ep 323/600 | loss 1.1005 | ce 0.4059 | logit 1.3894 | train_acc 37.50%
[Stage2/Head] ep 324/600 | loss 1.1005 | ce 0.4059 | logit 1.3894 | train_acc 37.50%
[Stage2/Head] ep 325/600 | loss 1.1005 | ce 0.4059 | logit 1.3894 | train_acc 37.50%
[Stage2/Head] ep 326/600 | loss 1.1005 | ce 0.4059 | logit 1.3894 | train_acc 37.50%
[Stage2/Head] ep 327/600 | loss 1.1005 | ce 0.4059 | logit 1.3894 | train_acc 37.50%
[Stage2/Head] ep 328/600 | loss 1.1005 | ce 0.4059 | logit 1.3894 | train_acc 37.50%
[Stage2/Head] ep 329/600 | loss 1.1005 | ce 0.4059 | logit 1.3894 | train_acc 37.50%
[Stage2/Head] ep 330/600 | loss 1.1005 | ce 0.4059 | logit 1.3894 | train_acc 37.50%
[Stage2/Head] ep 331/600 | loss 1.1005 | ce 0.4059 | logit 1.3894 | train_acc 37.50%
[Stage2/Head] ep 332/600 | loss 1.1005 | ce 0.4059 | logit 1.3894 | train_acc 37.50%
[Stage2/Head] ep 333/600 | loss 1.1005 | ce 0.4059 | logit 1.3894 | train_acc 37.50%
[Stage2/Head] ep 334/600 | loss 1.1005 | ce 0.4059 | logit 1.3894 | train_acc 37.50%
[Stage2/Head] ep 335/600 | loss 1.1005 | ce 0.4059 | logit 1.3894 | train_acc 37.50%
[Stage2/Head] ep 336/600 | loss 1.1005 | ce 0.4059 | logit 1.3894 | train_acc 37.50%
[Stage2/Head] ep 337/600 | loss 1.1005 | ce 0.4059 | logit 1.3894 | train_acc 37.50%
[Stage2/Head] ep 338/600 | loss 1.1005 | ce 0.4059 | logit 1.3894 | train_acc 37.50%
[Stage2/Head] ep 339/600 | loss 1.1005 | ce 0.4059 | logit 1.3894 | train_acc 37.50%
[Stage2/Head] ep 340/600 | loss 1.1005 | ce 0.4059 | logit 1.3894 | train_acc 37.50%
[Stage2/Head] ep 341/600 | loss 1.1005 | ce 0.4059 | logit 1.3894 | train_acc 37.50%
[Stage2/Head] ep 342/600 | loss 1.1005 | ce 0.4059 | logit 1.3894 | train_acc 37.50%
[Stage2/Head] ep 343/600 | loss 1.1005 | ce 0.4059 | logit 1.3894 | train_acc 37.50%
[Stage2/Head] ep 344/600 | loss 1.1005 | ce 0.4059 | logit 1.3894 | train_acc 37.50%
[Stage2/Head] ep 345/600 | loss 1.1005 | ce 0.4059 | logit 1.3894 | train_acc 37.50%
[Stage2/Head] ep 346/600 | loss 1.1005 | ce 0.4059 | logit 1.3894 | train_acc 37.50%
[Stage2/Head] ep 347/600 | loss 1.1005 | ce 0.4059 | logit 1.3894 | train_acc 37.50%
[Stage2/Head] ep 348/600 | loss 1.1005 | ce 0.4059 | logit 1.3894 | train_acc 37.50%
[Stage2/Head] ep 349/600 | loss 1.1005 | ce 0.4059 | logit 1.3894 | train_acc 37.50%
[Stage2/Head] ep 350/600 | loss 1.1005 | ce 0.4059 | logit 1.3894 | train_acc 37.50%
[Stage2/Head] ep 351/600 | loss 1.1005 | ce 0.4059 | logit 1.3894 | train_acc 37.50%
[Stage2/Head] ep 352/600 | loss 1.1005 | ce 0.4059 | logit 1.3894 | train_acc 37.50%
[Stage2/Head] ep 353/600 | loss 1.1005 | ce 0.4059 | logit 1.3894 | train_acc 37.50%
[Stage2/Head] ep 354/600 | loss 1.1005 | ce 0.4059 | logit 1.3894 | train_acc 37.50%
[Stage2/Head] ep 355/600 | loss 1.1005 | ce 0.4059 | logit 1.3894 | train_acc 37.50%
[Stage2/Head] ep 356/600 | loss 1.1005 | ce 0.4059 | logit 1.3894 | train_acc 37.50%
[Stage2/Head] ep 357/600 | loss 1.1005 | ce 0.4059 | logit 1.3894 | train_acc 37.50%
[Stage2/Head] ep 358/600 | loss 1.1005 | ce 0.4059 | logit 1.3894 | train_acc 37.50%
[Stage2/Head] ep 359/600 | loss 1.1005 | ce 0.4059 | logit 1.3894 | train_acc 37.50%
[Stage2/Head] ep 360/600 | loss 1.1005 | ce 0.4059 | logit 1.3894 | train_acc 37.50%
[Stage2/Head] ep 361/600 | loss 1.1005 | ce 0.4059 | logit 1.3894 | train_acc 37.50%
[Stage2/Head] ep 362/600 | loss 1.1005 | ce 0.4059 | logit 1.3894 | train_acc 37.50%
[Stage2/Head] ep 363/600 | loss 1.1005 | ce 0.4059 | logit 1.3894 | train_acc 37.50%
[Stage2/Head] ep 364/600 | loss 1.1005 | ce 0.4059 | logit 1.3894 | train_acc 37.50%
[Stage2/Head] ep 365/600 | loss 1.1005 | ce 0.4059 | logit 1.3894 | train_acc 37.50%
[Stage2/Head] ep 366/600 | loss 1.1005 | ce 0.4059 | logit 1.3894 | train_acc 37.50%
[Stage2/Head] ep 367/600 | loss 1.1005 | ce 0.4059 | logit 1.3894 | train_acc 37.50%
[Stage2/Head] ep 368/600 | loss 1.1005 | ce 0.4059 | logit 1.3894 | train_acc 37.50%
[Stage2/Head] ep 369/600 | loss 1.1005 | ce 0.4059 | logit 1.3894 | train_acc 37.50%
[Stage2/Head] ep 370/600 | loss 1.1005 | ce 0.4059 | logit 1.3894 | train_acc 37.50%
[Stage2/Head] ep 371/600 | loss 1.1005 | ce 0.4059 | logit 1.3894 | train_acc 37.50%
[Stage2/Head] ep 372/600 | loss 1.1005 | ce 0.4059 | logit 1.3894 | train_acc 37.50%
[Stage2/Head] ep 373/600 | loss 1.1005 | ce 0.4059 | logit 1.3894 | train_acc 37.50%
[Stage2/Head] ep 374/600 | loss 1.1005 | ce 0.4059 | logit 1.3894 | train_acc 37.50%
[Stage2/Head] ep 375/600 | loss 1.1005 | ce 0.4059 | logit 1.3894 | train_acc 37.50%
[Stage2/Head] ep 376/600 | loss 1.1005 | ce 0.4059 | logit 1.3894 | train_acc 37.50%
[Stage2/Head] ep 377/600 | loss 1.1005 | ce 0.4059 | logit 1.3894 | train_acc 37.50%
[Stage2/Head] ep 378/600 | loss 1.1005 | ce 0.4059 | logit 1.3894 | train_acc 37.50%
[Stage2/Head] ep 379/600 | loss 1.1005 | ce 0.4059 | logit 1.3894 | train_acc 37.50%
[Stage2/Head] ep 380/600 | loss 1.1005 | ce 0.4059 | logit 1.3894 | train_acc 37.50%
[Stage2/Head] ep 381/600 | loss 1.1005 | ce 0.4059 | logit 1.3894 | train_acc 37.50%
[Stage2/Head] ep 382/600 | loss 1.1005 | ce 0.4059 | logit 1.3894 | train_acc 37.50%
[Stage2/Head] ep 383/600 | loss 1.1005 | ce 0.4059 | logit 1.3894 | train_acc 37.50%
[Stage2/Head] ep 384/600 | loss 1.1005 | ce 0.4059 | logit 1.3894 | train_acc 37.50%
[Stage2/Head] ep 385/600 | loss 1.1005 | ce 0.4059 | logit 1.3894 | train_acc 37.50%
[Stage2/Head] ep 386/600 | loss 1.1005 | ce 0.4059 | logit 1.3894 | train_acc 37.50%
[Stage2/Head] ep 387/600 | loss 1.1005 | ce 0.4059 | logit 1.3894 | train_acc 37.50%
[Stage2/Head] ep 388/600 | loss 1.1005 | ce 0.4059 | logit 1.3894 | train_acc 37.50%
[Stage2/Head] ep 389/600 | loss 1.1005 | ce 0.4059 | logit 1.3894 | train_acc 37.50%
[Stage2/Head] ep 390/600 | loss 1.1005 | ce 0.4059 | logit 1.3894 | train_acc 37.50%
[Stage2/Head] ep 391/600 | loss 1.1005 | ce 0.4059 | logit 1.3894 | train_acc 37.50%
[Stage2/Head] ep 392/600 | loss 1.1005 | ce 0.4059 | logit 1.3894 | train_acc 37.50%
[Stage2/Head] ep 393/600 | loss 1.1005 | ce 0.4059 | logit 1.3894 | train_acc 37.50%
[Stage2/Head] ep 394/600 | loss 1.1005 | ce 0.4059 | logit 1.3894 | train_acc 37.50%
[Stage2/Head] ep 395/600 | loss 1.1005 | ce 0.4059 | logit 1.3894 | train_acc 37.50%
[Stage2/Head] ep 396/600 | loss 1.1005 | ce 0.4059 | logit 1.3894 | train_acc 37.50%
[Stage2/Head] ep 397/600 | loss 1.1005 | ce 0.4059 | logit 1.3894 | train_acc 37.50%
[Stage2/Head] ep 398/600 | loss 1.1005 | ce 0.4059 | logit 1.3894 | train_acc 37.50%
[Stage2/Head] ep 399/600 | loss 1.1005 | ce 0.4059 | logit 1.3894 | train_acc 37.50%
[Stage2/Head] ep 400/600 | loss 1.1005 | ce 0.4059 | logit 1.3894 | train_acc 37.50%
[Stage2/Head] ep 401/600 | loss 1.1005 | ce 0.4059 | logit 1.3894 | train_acc 37.50%
[Stage2/Head] ep 402/600 | loss 1.1005 | ce 0.4059 | logit 1.3894 | train_acc 37.50%
[Stage2/Head] ep 403/600 | loss 1.1005 | ce 0.4059 | logit 1.3894 | train_acc 37.50%
[Stage2/Head] ep 404/600 | loss 1.1005 | ce 0.4059 | logit 1.3894 | train_acc 37.50%
[Stage2/Head] ep 405/600 | loss 1.1005 | ce 0.4059 | logit 1.3894 | train_acc 37.50%
[Stage2/Head] ep 406/600 | loss 1.1005 | ce 0.4059 | logit 1.3894 | train_acc 37.50%
[Stage2/Head] ep 407/600 | loss 1.1005 | ce 0.4059 | logit 1.3894 | train_acc 37.50%
[Stage2/Head] ep 408/600 | loss 1.1005 | ce 0.4059 | logit 1.3894 | train_acc 37.50%
[Stage2/Head] ep 409/600 | loss 1.1005 | ce 0.4059 | logit 1.3894 | train_acc 37.50%
[Stage2/Head] ep 410/600 | loss 1.1005 | ce 0.4059 | logit 1.3894 | train_acc 37.50%
[Stage2/Head] ep 411/600 | loss 1.1005 | ce 0.4059 | logit 1.3894 | train_acc 37.50%
[Stage2/Head] ep 412/600 | loss 1.1005 | ce 0.4059 | logit 1.3894 | train_acc 37.50%
[Stage2/Head] ep 413/600 | loss 1.1005 | ce 0.4059 | logit 1.3894 | train_acc 37.50%
[Stage2/Head] ep 414/600 | loss 1.1005 | ce 0.4059 | logit 1.3894 | train_acc 37.50%
[Stage2/Head] ep 415/600 | loss 1.1005 | ce 0.4059 | logit 1.3894 | train_acc 37.50%
[Stage2/Head] ep 416/600 | loss 1.1005 | ce 0.4059 | logit 1.3894 | train_acc 37.50%
[Stage2/Head] ep 417/600 | loss 1.1005 | ce 0.4059 | logit 1.3894 | train_acc 37.50%
[Stage2/Head] ep 418/600 | loss 1.1005 | ce 0.4059 | logit 1.3894 | train_acc 37.50%
[Stage2/Head] ep 419/600 | loss 1.1005 | ce 0.4059 | logit 1.3894 | train_acc 37.50%
[Stage2/Head] ep 420/600 | loss 1.1005 | ce 0.4059 | logit 1.3894 | train_acc 37.50%
[Stage2/Head] ep 421/600 | loss 1.1005 | ce 0.4059 | logit 1.3894 | train_acc 37.50%
[Stage2/Head] ep 422/600 | loss 1.1005 | ce 0.4059 | logit 1.3894 | train_acc 37.50%
[Stage2/Head] ep 423/600 | loss 1.1005 | ce 0.4059 | logit 1.3894 | train_acc 37.50%
[Stage2/Head] ep 424/600 | loss 1.1005 | ce 0.4059 | logit 1.3894 | train_acc 37.50%
[Stage2/Head] ep 425/600 | loss 1.1005 | ce 0.4059 | logit 1.3894 | train_acc 37.50%
[Stage2/Head] ep 426/600 | loss 1.1005 | ce 0.4059 | logit 1.3894 | train_acc 37.50%
[Stage2/Head] ep 427/600 | loss 1.1005 | ce 0.4059 | logit 1.3894 | train_acc 37.50%
[Stage2/Head] ep 428/600 | loss 1.1005 | ce 0.4059 | logit 1.3894 | train_acc 37.50%
[Stage2/Head] ep 429/600 | loss 1.1005 | ce 0.4059 | logit 1.3894 | train_acc 37.50%
[Stage2/Head] ep 430/600 | loss 1.1005 | ce 0.4059 | logit 1.3894 | train_acc 37.50%
[Stage2/Head] ep 431/600 | loss 1.1005 | ce 0.4059 | logit 1.3894 | train_acc 37.50%
[Stage2/Head] ep 432/600 | loss 1.1005 | ce 0.4059 | logit 1.3894 | train_acc 37.50%
[Stage2/Head] ep 433/600 | loss 1.1005 | ce 0.4059 | logit 1.3894 | train_acc 37.50%
[Stage2/Head] ep 434/600 | loss 1.1005 | ce 0.4059 | logit 1.3894 | train_acc 37.50%
[Stage2/Head] ep 435/600 | loss 1.1005 | ce 0.4059 | logit 1.3894 | train_acc 37.50%
[Stage2/Head] ep 436/600 | loss 1.1005 | ce 0.4059 | logit 1.3894 | train_acc 37.50%
[Stage2/Head] ep 437/600 | loss 1.1005 | ce 0.4059 | logit 1.3894 | train_acc 37.50%
[Stage2/Head] ep 438/600 | loss 1.1005 | ce 0.4059 | logit 1.3894 | train_acc 37.50%
[Stage2/Head] ep 439/600 | loss 1.1005 | ce 0.4059 | logit 1.3894 | train_acc 37.50%
[Stage2/Head] ep 440/600 | loss 1.1005 | ce 0.4059 | logit 1.3894 | train_acc 37.50%
[Stage2/Head] ep 441/600 | loss 1.1005 | ce 0.4059 | logit 1.3894 | train_acc 37.50%
[Stage2/Head] ep 442/600 | loss 1.1005 | ce 0.4059 | logit 1.3894 | train_acc 37.50%
[Stage2/Head] ep 443/600 | loss 1.1005 | ce 0.4059 | logit 1.3894 | train_acc 37.50%
[Stage2/Head] ep 444/600 | loss 1.1005 | ce 0.4059 | logit 1.3894 | train_acc 37.50%
[Stage2/Head] ep 445/600 | loss 1.1005 | ce 0.4059 | logit 1.3894 | train_acc 37.50%
[Stage2/Head] ep 446/600 | loss 1.1005 | ce 0.4059 | logit 1.3894 | train_acc 37.50%
[Stage2/Head] ep 447/600 | loss 1.1005 | ce 0.4059 | logit 1.3894 | train_acc 37.50%
[Stage2/Head] ep 448/600 | loss 1.1005 | ce 0.4059 | logit 1.3894 | train_acc 37.50%
[Stage2/Head] ep 449/600 | loss 1.1005 | ce 0.4059 | logit 1.3894 | train_acc 37.50%
[Stage2/Head] ep 450/600 | loss 1.1005 | ce 0.4059 | logit 1.3894 | train_acc 37.50%
[Stage2/Head] ep 451/600 | loss 1.1005 | ce 0.4059 | logit 1.3894 | train_acc 37.50%
[Stage2/Head] ep 452/600 | loss 1.1005 | ce 0.4059 | logit 1.3894 | train_acc 37.50%
[Stage2/Head] ep 453/600 | loss 1.1005 | ce 0.4059 | logit 1.3894 | train_acc 37.50%
[Stage2/Head] ep 454/600 | loss 1.1005 | ce 0.4059 | logit 1.3894 | train_acc 37.50%
[Stage2/Head] ep 455/600 | loss 1.1005 | ce 0.4059 | logit 1.3894 | train_acc 37.50%
[Stage2/Head] ep 456/600 | loss 1.1005 | ce 0.4059 | logit 1.3894 | train_acc 37.50%
[Stage2/Head] ep 457/600 | loss 1.1005 | ce 0.4059 | logit 1.3894 | train_acc 37.50%
[Stage2/Head] ep 458/600 | loss 1.1005 | ce 0.4059 | logit 1.3894 | train_acc 37.50%
[Stage2/Head] ep 459/600 | loss 1.1005 | ce 0.4059 | logit 1.3894 | train_acc 37.50%
[Stage2/Head] ep 460/600 | loss 1.1005 | ce 0.4059 | logit 1.3894 | train_acc 37.50%
[Stage2/Head] ep 461/600 | loss 1.1005 | ce 0.4059 | logit 1.3894 | train_acc 37.50%
[Stage2/Head] ep 462/600 | loss 1.1005 | ce 0.4059 | logit 1.3894 | train_acc 37.50%
[Stage2/Head] ep 463/600 | loss 1.1005 | ce 0.4059 | logit 1.3894 | train_acc 37.50%
[Stage2/Head] ep 464/600 | loss 1.1005 | ce 0.4059 | logit 1.3894 | train_acc 37.50%
[Stage2/Head] ep 465/600 | loss 1.1005 | ce 0.4059 | logit 1.3894 | train_acc 37.50%
[Stage2/Head] ep 466/600 | loss 1.1005 | ce 0.4059 | logit 1.3894 | train_acc 37.50%
[Stage2/Head] ep 467/600 | loss 1.1005 | ce 0.4059 | logit 1.3894 | train_acc 37.50%
[Stage2/Head] ep 468/600 | loss 1.1005 | ce 0.4059 | logit 1.3894 | train_acc 37.50%
[Stage2/Head] ep 469/600 | loss 1.1005 | ce 0.4059 | logit 1.3894 | train_acc 37.50%
[Stage2/Head] ep 470/600 | loss 1.1005 | ce 0.4059 | logit 1.3894 | train_acc 37.50%
[Stage2/Head] ep 471/600 | loss 1.1005 | ce 0.4059 | logit 1.3894 | train_acc 37.50%
[Stage2/Head] ep 472/600 | loss 1.1005 | ce 0.4059 | logit 1.3894 | train_acc 37.50%
[Stage2/Head] ep 473/600 | loss 1.1005 | ce 0.4059 | logit 1.3894 | train_acc 37.50%
[Stage2/Head] ep 474/600 | loss 1.1005 | ce 0.4059 | logit 1.3894 | train_acc 37.50%
[Stage2/Head] ep 475/600 | loss 1.1005 | ce 0.4059 | logit 1.3894 | train_acc 37.50%
[Stage2/Head] ep 476/600 | loss 1.1005 | ce 0.4059 | logit 1.3894 | train_acc 37.50%
[Stage2/Head] ep 477/600 | loss 1.1005 | ce 0.4059 | logit 1.3894 | train_acc 37.50%
[Stage2/Head] ep 478/600 | loss 1.1005 | ce 0.4059 | logit 1.3894 | train_acc 37.50%
[Stage2/Head] ep 479/600 | loss 1.1005 | ce 0.4059 | logit 1.3894 | train_acc 37.50%
[Stage2/Head] ep 480/600 | loss 1.1005 | ce 0.4059 | logit 1.3894 | train_acc 37.50%
[Stage2/Head] ep 481/600 | loss 1.1005 | ce 0.4059 | logit 1.3894 | train_acc 37.50%
[Stage2/Head] ep 482/600 | loss 1.1005 | ce 0.4059 | logit 1.3894 | train_acc 37.50%
[Stage2/Head] ep 483/600 | loss 1.1005 | ce 0.4059 | logit 1.3894 | train_acc 37.50%
[Stage2/Head] ep 484/600 | loss 1.1005 | ce 0.4059 | logit 1.3894 | train_acc 37.50%
[Stage2/Head] ep 485/600 | loss 1.1005 | ce 0.4059 | logit 1.3894 | train_acc 37.50%
[Stage2/Head] ep 486/600 | loss 1.1005 | ce 0.4059 | logit 1.3894 | train_acc 37.50%
[Stage2/Head] ep 487/600 | loss 1.1005 | ce 0.4059 | logit 1.3894 | train_acc 37.50%
[Stage2/Head] ep 488/600 | loss 1.1005 | ce 0.4059 | logit 1.3894 | train_acc 37.50%
[Stage2/Head] ep 489/600 | loss 1.1005 | ce 0.4059 | logit 1.3894 | train_acc 37.50%
[Stage2/Head] ep 490/600 | loss 1.1005 | ce 0.4059 | logit 1.3894 | train_acc 37.50%
[Stage2/Head] ep 491/600 | loss 1.1005 | ce 0.4059 | logit 1.3894 | train_acc 37.50%
[Stage2/Head] ep 492/600 | loss 1.1005 | ce 0.4059 | logit 1.3894 | train_acc 37.50%
[Stage2/Head] ep 493/600 | loss 1.1005 | ce 0.4059 | logit 1.3894 | train_acc 37.50%
[Stage2/Head] ep 494/600 | loss 1.1005 | ce 0.4059 | logit 1.3894 | train_acc 37.50%
[Stage2/Head] ep 495/600 | loss 1.1005 | ce 0.4059 | logit 1.3894 | train_acc 37.50%
[Stage2/Head] ep 496/600 | loss 1.1005 | ce 0.4059 | logit 1.3894 | train_acc 37.50%
[Stage2/Head] ep 497/600 | loss 1.1005 | ce 0.4059 | logit 1.3894 | train_acc 37.50%
[Stage2/Head] ep 498/600 | loss 1.1005 | ce 0.4059 | logit 1.3894 | train_acc 37.50%
[Stage2/Head] ep 499/600 | loss 1.1005 | ce 0.4059 | logit 1.3894 | train_acc 37.50%
[Stage2/Head] ep 500/600 | loss 1.1005 | ce 0.4059 | logit 1.3894 | train_acc 37.50%
[Stage2/Head] ep 501/600 | loss 1.1005 | ce 0.4059 | logit 1.3894 | train_acc 37.50%
[Stage2/Head] ep 502/600 | loss 1.1005 | ce 0.4059 | logit 1.3894 | train_acc 37.50%
[Stage2/Head] ep 503/600 | loss 1.1005 | ce 0.4059 | logit 1.3894 | train_acc 37.50%
[Stage2/Head] ep 504/600 | loss 1.1005 | ce 0.4059 | logit 1.3894 | train_acc 37.50%
[Stage2/Head] ep 505/600 | loss 1.1005 | ce 0.4059 | logit 1.3894 | train_acc 37.50%
[Stage2/Head] ep 506/600 | loss 1.1005 | ce 0.4059 | logit 1.3894 | train_acc 37.50%
[Stage2/Head] ep 507/600 | loss 1.1005 | ce 0.4059 | logit 1.3894 | train_acc 37.50%
[Stage2/Head] ep 508/600 | loss 1.1005 | ce 0.4059 | logit 1.3894 | train_acc 37.50%
[Stage2/Head] ep 509/600 | loss 1.1005 | ce 0.4059 | logit 1.3894 | train_acc 37.50%
[Stage2/Head] ep 510/600 | loss 1.1005 | ce 0.4059 | logit 1.3894 | train_acc 37.50%
[Stage2/Head] ep 511/600 | loss 1.1005 | ce 0.4059 | logit 1.3894 | train_acc 37.50%
[Stage2/Head] ep 512/600 | loss 1.1005 | ce 0.4059 | logit 1.3894 | train_acc 37.50%
[Stage2/Head] ep 513/600 | loss 1.1005 | ce 0.4059 | logit 1.3894 | train_acc 37.50%
[Stage2/Head] ep 514/600 | loss 1.1005 | ce 0.4059 | logit 1.3894 | train_acc 37.50%
[Stage2/Head] ep 515/600 | loss 1.1005 | ce 0.4059 | logit 1.3894 | train_acc 37.50%
[Stage2/Head] ep 516/600 | loss 1.1005 | ce 0.4059 | logit 1.3894 | train_acc 37.50%
[Stage2/Head] ep 517/600 | loss 1.1005 | ce 0.4059 | logit 1.3894 | train_acc 37.50%
[Stage2/Head] ep 518/600 | loss 1.1005 | ce 0.4059 | logit 1.3894 | train_acc 37.50%
[Stage2/Head] ep 519/600 | loss 1.1005 | ce 0.4059 | logit 1.3894 | train_acc 37.50%
[Stage2/Head] ep 520/600 | loss 1.1005 | ce 0.4059 | logit 1.3894 | train_acc 37.50%
[Stage2/Head] ep 521/600 | loss 1.1005 | ce 0.4059 | logit 1.3894 | train_acc 37.50%
[Stage2/Head] ep 522/600 | loss 1.1005 | ce 0.4059 | logit 1.3894 | train_acc 37.50%
[Stage2/Head] ep 523/600 | loss 1.1005 | ce 0.4059 | logit 1.3894 | train_acc 37.50%
[Stage2/Head] ep 524/600 | loss 1.1005 | ce 0.4059 | logit 1.3894 | train_acc 37.50%
[Stage2/Head] ep 525/600 | loss 1.1005 | ce 0.4059 | logit 1.3894 | train_acc 37.50%
[Stage2/Head] ep 526/600 | loss 1.1005 | ce 0.4059 | logit 1.3894 | train_acc 37.50%
[Stage2/Head] ep 527/600 | loss 1.1005 | ce 0.4059 | logit 1.3894 | train_acc 37.50%
[Stage2/Head] ep 528/600 | loss 1.1005 | ce 0.4059 | logit 1.3894 | train_acc 37.50%
[Stage2/Head] ep 529/600 | loss 1.1005 | ce 0.4059 | logit 1.3894 | train_acc 37.50%
[Stage2/Head] ep 530/600 | loss 1.1005 | ce 0.4059 | logit 1.3894 | train_acc 37.50%
[Stage2/Head] ep 531/600 | loss 1.1005 | ce 0.4059 | logit 1.3894 | train_acc 37.50%
[Stage2/Head] ep 532/600 | loss 1.1005 | ce 0.4059 | logit 1.3894 | train_acc 37.50%
[Stage2/Head] ep 533/600 | loss 1.1005 | ce 0.4059 | logit 1.3894 | train_acc 37.50%
[Stage2/Head] ep 534/600 | loss 1.1005 | ce 0.4059 | logit 1.3894 | train_acc 37.50%
[Stage2/Head] ep 535/600 | loss 1.1005 | ce 0.4059 | logit 1.3894 | train_acc 37.50%
[Stage2/Head] ep 536/600 | loss 1.1005 | ce 0.4059 | logit 1.3894 | train_acc 37.50%
[Stage2/Head] ep 537/600 | loss 1.1005 | ce 0.4059 | logit 1.3894 | train_acc 37.50%
[Stage2/Head] ep 538/600 | loss 1.1005 | ce 0.4059 | logit 1.3894 | train_acc 37.50%
[Stage2/Head] ep 539/600 | loss 1.1005 | ce 0.4059 | logit 1.3894 | train_acc 37.50%
[Stage2/Head] ep 540/600 | loss 1.1005 | ce 0.4059 | logit 1.3894 | train_acc 37.50%
[Stage2/Head] ep 541/600 | loss 1.1005 | ce 0.4059 | logit 1.3894 | train_acc 37.50%
[Stage2/Head] ep 542/600 | loss 1.1005 | ce 0.4059 | logit 1.3894 | train_acc 37.50%
[Stage2/Head] ep 543/600 | loss 1.1005 | ce 0.4059 | logit 1.3894 | train_acc 37.50%
[Stage2/Head] ep 544/600 | loss 1.1005 | ce 0.4059 | logit 1.3894 | train_acc 37.50%
[Stage2/Head] ep 545/600 | loss 1.1005 | ce 0.4059 | logit 1.3894 | train_acc 37.50%
[Stage2/Head] ep 546/600 | loss 1.1005 | ce 0.4059 | logit 1.3894 | train_acc 37.50%
[Stage2/Head] ep 547/600 | loss 1.1005 | ce 0.4059 | logit 1.3894 | train_acc 37.50%
[Stage2/Head] ep 548/600 | loss 1.1005 | ce 0.4059 | logit 1.3894 | train_acc 37.50%
[Stage2/Head] ep 549/600 | loss 1.1005 | ce 0.4059 | logit 1.3894 | train_acc 37.50%
[Stage2/Head] ep 550/600 | loss 1.1005 | ce 0.4059 | logit 1.3894 | train_acc 37.50%
[Stage2/Head] ep 551/600 | loss 1.1005 | ce 0.4059 | logit 1.3894 | train_acc 37.50%
[Stage2/Head] ep 552/600 | loss 1.1005 | ce 0.4059 | logit 1.3894 | train_acc 37.50%
[Stage2/Head] ep 553/600 | loss 1.1005 | ce 0.4059 | logit 1.3894 | train_acc 37.50%
[Stage2/Head] ep 554/600 | loss 1.1005 | ce 0.4059 | logit 1.3894 | train_acc 37.50%
[Stage2/Head] ep 555/600 | loss 1.1005 | ce 0.4059 | logit 1.3894 | train_acc 37.50%
[Stage2/Head] ep 556/600 | loss 1.1005 | ce 0.4059 | logit 1.3894 | train_acc 37.50%
[Stage2/Head] ep 557/600 | loss 1.1005 | ce 0.4059 | logit 1.3894 | train_acc 37.50%
[Stage2/Head] ep 558/600 | loss 1.1005 | ce 0.4059 | logit 1.3894 | train_acc 37.50%
[Stage2/Head] ep 559/600 | loss 1.1005 | ce 0.4059 | logit 1.3894 | train_acc 37.50%
[Stage2/Head] ep 560/600 | loss 1.1005 | ce 0.4059 | logit 1.3894 | train_acc 37.50%
[Stage2/Head] ep 561/600 | loss 1.1005 | ce 0.4059 | logit 1.3894 | train_acc 37.50%
[Stage2/Head] ep 562/600 | loss 1.1005 | ce 0.4059 | logit 1.3894 | train_acc 37.50%
[Stage2/Head] ep 563/600 | loss 1.1005 | ce 0.4059 | logit 1.3894 | train_acc 37.50%
[Stage2/Head] ep 564/600 | loss 1.1005 | ce 0.4059 | logit 1.3894 | train_acc 37.50%
[Stage2/Head] ep 565/600 | loss 1.1005 | ce 0.4059 | logit 1.3894 | train_acc 37.50%
[Stage2/Head] ep 566/600 | loss 1.1005 | ce 0.4059 | logit 1.3894 | train_acc 37.50%
[Stage2/Head] ep 567/600 | loss 1.1005 | ce 0.4059 | logit 1.3894 | train_acc 37.50%
[Stage2/Head] ep 568/600 | loss 1.1005 | ce 0.4059 | logit 1.3894 | train_acc 37.50%
[Stage2/Head] ep 569/600 | loss 1.1005 | ce 0.4059 | logit 1.3894 | train_acc 37.50%
[Stage2/Head] ep 570/600 | loss 1.1005 | ce 0.4059 | logit 1.3894 | train_acc 37.50%
[Stage2/Head] ep 571/600 | loss 1.1005 | ce 0.4059 | logit 1.3894 | train_acc 37.50%
[Stage2/Head] ep 572/600 | loss 1.1005 | ce 0.4059 | logit 1.3894 | train_acc 37.50%
[Stage2/Head] ep 573/600 | loss 1.1005 | ce 0.4059 | logit 1.3894 | train_acc 37.50%
[Stage2/Head] ep 574/600 | loss 1.1005 | ce 0.4059 | logit 1.3894 | train_acc 37.50%
[Stage2/Head] ep 575/600 | loss 1.1005 | ce 0.4059 | logit 1.3894 | train_acc 37.50%
[Stage2/Head] ep 576/600 | loss 1.1005 | ce 0.4059 | logit 1.3894 | train_acc 37.50%
[Stage2/Head] ep 577/600 | loss 1.1005 | ce 0.4059 | logit 1.3894 | train_acc 37.50%
[Stage2/Head] ep 578/600 | loss 1.1005 | ce 0.4059 | logit 1.3894 | train_acc 37.50%
[Stage2/Head] ep 579/600 | loss 1.1005 | ce 0.4059 | logit 1.3894 | train_acc 37.50%
[Stage2/Head] ep 580/600 | loss 1.1005 | ce 0.4059 | logit 1.3894 | train_acc 37.50%
[Stage2/Head] ep 581/600 | loss 1.1005 | ce 0.4059 | logit 1.3894 | train_acc 37.50%
[Stage2/Head] ep 582/600 | loss 1.1005 | ce 0.4059 | logit 1.3894 | train_acc 37.50%
[Stage2/Head] ep 583/600 | loss 1.1005 | ce 0.4059 | logit 1.3894 | train_acc 37.50%
[Stage2/Head] ep 584/600 | loss 1.1005 | ce 0.4059 | logit 1.3894 | train_acc 37.50%
[Stage2/Head] ep 585/600 | loss 1.1005 | ce 0.4059 | logit 1.3894 | train_acc 37.50%
[Stage2/Head] ep 586/600 | loss 1.1005 | ce 0.4059 | logit 1.3894 | train_acc 37.50%
[Stage2/Head] ep 587/600 | loss 1.1005 | ce 0.4059 | logit 1.3894 | train_acc 37.50%
[Stage2/Head] ep 588/600 | loss 1.1005 | ce 0.4059 | logit 1.3894 | train_acc 37.50%
[Stage2/Head] ep 589/600 | loss 1.1005 | ce 0.4059 | logit 1.3894 | train_acc 37.50%
[Stage2/Head] ep 590/600 | loss 1.1005 | ce 0.4059 | logit 1.3894 | train_acc 37.50%
[Stage2/Head] ep 591/600 | loss 1.1005 | ce 0.4059 | logit 1.3894 | train_acc 37.50%
[Stage2/Head] ep 592/600 | loss 1.1005 | ce 0.4059 | logit 1.3894 | train_acc 37.50%
[Stage2/Head] ep 593/600 | loss 1.1005 | ce 0.4059 | logit 1.3894 | train_acc 37.50%
[Stage2/Head] ep 594/600 | loss 1.1005 | ce 0.4059 | logit 1.3894 | train_acc 37.50%
[Stage2/Head] ep 595/600 | loss 1.1005 | ce 0.4059 | logit 1.3894 | train_acc 37.50%
[Stage2/Head] ep 596/600 | loss 1.1005 | ce 0.4059 | logit 1.3894 | train_acc 37.50%
[Stage2/Head] ep 597/600 | loss 1.1005 | ce 0.4059 | logit 1.3894 | train_acc 37.50%
[Stage2/Head] ep 598/600 | loss 1.1005 | ce 0.4059 | logit 1.3894 | train_acc 37.50%
[Stage2/Head] ep 599/600 | loss 1.1005 | ce 0.4059 | logit 1.3894 | train_acc 37.50%
[Stage2/Head] ep 600/600 | loss 1.1005 | ce 0.4059 | logit 1.3894 | train_acc 37.50%
[Task 5] Training done in 34.50 min.
[Task 5] Test (on new class only) -> ce_loss: 0.4059, acc: 100.00%, rec_loss: 12.7720
  - Filtering train: keep top 95.0% per class based on returned scores.
[Task 5] Wrote CSVs to: ./runs_mnist_continual/run_20260226_113825/task5
Accuracies on seen tasks:
  Task 0 [0,1,2,3,4]: 0.00%
  Task 1 [5]: 0.00%
  Task 2 [6]: 0.00%
  Task 3 [7]: 0.00%
  Task 4 [8]: 0.00%
  Task 5 [9]: 100.00%
Mean over seen tasks (0..5): 16.67%
[Task 5] Skipping GP training and Rscript execution as per --skip_GP flag.

All tasks complete.
Run directory: ./runs_mnist_continual/run_20260226_113825
CSV metrics:   ./runs_mnist_continual/run_20260226_113825/metrics.csv
GP training files:    ./runs_mnist_continual/run_20260226_113825/gp_data
