/var/spool/slurmd.spool/job43022964/slurm_script: line 23: eacho: command not found
/home/lhalice/miniconda3/envs/NNGP/bin/python
Python 3.12.12
python: /home/lhalice/miniconda3/envs/NNGP/bin/python
torch: 2.9.1+cu126
cuda available: True
Thu Feb 19 12:28:34 2026       
+-----------------------------------------------------------------------------------------+
| NVIDIA-SMI 580.105.08             Driver Version: 580.105.08     CUDA Version: 13.0     |
+-----------------------------------------+------------------------+----------------------+
| GPU  Name                 Persistence-M | Bus-Id          Disp.A | Volatile Uncorr. ECC |
| Fan  Temp   Perf          Pwr:Usage/Cap |           Memory-Usage | GPU-Util  Compute M. |
|                                         |                        |               MIG M. |
|=========================================+========================+======================|
|   0  Tesla V100-PCIE-16GB           On  |   00000000:3B:00.0 Off |                    0 |
| N/A   33C    P0             25W /  250W |       0MiB /  16384MiB |      0%   E. Process |
|                                         |                        |                  N/A |
+-----------------------------------------+------------------------+----------------------+

+-----------------------------------------------------------------------------------------+
| Processes:                                                                              |
|  GPU   GI   CI              PID   Type   Process name                        GPU Memory |
|        ID   ID                                                               Usage      |
|=========================================================================================|
|  No running processes found                                                             |
+-----------------------------------------------------------------------------------------+
=== Conda Env ===

# conda environments:
#
base                   /home/lhalice/miniconda3
EIS                    /home/lhalice/miniconda3/envs/EIS
NNGP                 * /home/lhalice/miniconda3/envs/NNGP

=== GPU Info ===
Thu Feb 19 12:28:35 2026       
+-----------------------------------------------------------------------------------------+
| NVIDIA-SMI 580.105.08             Driver Version: 580.105.08     CUDA Version: 13.0     |
+-----------------------------------------+------------------------+----------------------+
| GPU  Name                 Persistence-M | Bus-Id          Disp.A | Volatile Uncorr. ECC |
| Fan  Temp   Perf          Pwr:Usage/Cap |           Memory-Usage | GPU-Util  Compute M. |
|                                         |                        |               MIG M. |
|=========================================+========================+======================|
|   0  Tesla V100-PCIE-16GB           On  |   00000000:3B:00.0 Off |                    0 |
| N/A   33C    P0             25W /  250W |       0MiB /  16384MiB |      0%   E. Process |
|                                         |                        |                  N/A |
+-----------------------------------------+------------------------+----------------------+

+-----------------------------------------------------------------------------------------+
| Processes:                                                                              |
|  GPU   GI   CI              PID   Type   Process name                        GPU Memory |
|        ID   ID                                                               Usage      |
|=========================================================================================|
|  No running processes found                                                             |
+-----------------------------------------------------------------------------------------+
=== R ===
/sw/pkgs/arc/stacks/gcc/13.2.0/R/4.5.1/bin/R
R version 4.5.1 (2025-06-13) -- "Great Square Root"
Copyright (C) 2025 The R Foundation for Statistical Computing
Platform: x86_64-pc-linux-gnu

R is free software and comes with ABSOLUTELY NO WARRANTY.
You are welcome to redistribute it under the terms of the
GNU General Public License versions 2 or 3.
For more information about these matters see
https://www.gnu.org/licenses/.

Device: cuda; f_size=16

================================================================================
Starting Task 0: digits [0, 1, 2, 3, 4]
Training samples size: 15000
================================================================================
[Stage1/AE] ep 1/60 | loss 0.1589 | rec 0.1589 | feat 0.0000 | train_acc 8.37%
[Stage1/AE] ep 2/60 | loss 0.0788 | rec 0.0788 | feat 0.0000 | train_acc 19.52%
[Stage1/AE] ep 3/60 | loss 0.0726 | rec 0.0726 | feat 0.0000 | train_acc 19.52%
[Stage1/AE] ep 4/60 | loss 0.0651 | rec 0.0651 | feat 0.0000 | train_acc 19.52%
[Stage1/AE] ep 5/60 | loss 0.0610 | rec 0.0610 | feat 0.0000 | train_acc 19.52%
[Stage1/AE] ep 6/60 | loss 0.0576 | rec 0.0576 | feat 0.0000 | train_acc 19.52%
[Stage1/AE] ep 7/60 | loss 0.0534 | rec 0.0534 | feat 0.0000 | train_acc 19.52%
[Stage1/AE] ep 8/60 | loss 0.0496 | rec 0.0496 | feat 0.0000 | train_acc 19.52%
[Stage1/AE] ep 9/60 | loss 0.0473 | rec 0.0473 | feat 0.0000 | train_acc 19.51%
[Stage1/AE] ep 10/60 | loss 0.0455 | rec 0.0455 | feat 0.0000 | train_acc 19.51%
[Stage1/AE] ep 11/60 | loss 0.0440 | rec 0.0440 | feat 0.0000 | train_acc 19.50%
[Stage1/AE] ep 12/60 | loss 0.0426 | rec 0.0426 | feat 0.0000 | train_acc 19.48%
[Stage1/AE] ep 13/60 | loss 0.0411 | rec 0.0411 | feat 0.0000 | train_acc 19.27%
[Stage1/AE] ep 14/60 | loss 0.0399 | rec 0.0399 | feat 0.0000 | train_acc 19.03%
[Stage1/AE] ep 15/60 | loss 0.0389 | rec 0.0389 | feat 0.0000 | train_acc 18.73%
[Stage1/AE] ep 16/60 | loss 0.0382 | rec 0.0382 | feat 0.0000 | train_acc 18.49%
[Stage1/AE] ep 17/60 | loss 0.0375 | rec 0.0375 | feat 0.0000 | train_acc 18.21%
[Stage1/AE] ep 18/60 | loss 0.0369 | rec 0.0369 | feat 0.0000 | train_acc 18.07%
[Stage1/AE] ep 19/60 | loss 0.0364 | rec 0.0364 | feat 0.0000 | train_acc 17.71%
[Stage1/AE] ep 20/60 | loss 0.0358 | rec 0.0358 | feat 0.0000 | train_acc 17.61%
[Stage1/AE] ep 21/60 | loss 0.0353 | rec 0.0353 | feat 0.0000 | train_acc 17.35%
[Stage1/AE] ep 22/60 | loss 0.0348 | rec 0.0348 | feat 0.0000 | train_acc 17.09%
[Stage1/AE] ep 23/60 | loss 0.0343 | rec 0.0343 | feat 0.0000 | train_acc 16.98%
[Stage1/AE] ep 24/60 | loss 0.0339 | rec 0.0339 | feat 0.0000 | train_acc 16.85%
[Stage1/AE] ep 25/60 | loss 0.0335 | rec 0.0335 | feat 0.0000 | train_acc 16.73%
[Stage1/AE] ep 26/60 | loss 0.0332 | rec 0.0332 | feat 0.0000 | train_acc 16.67%
[Stage1/AE] ep 27/60 | loss 0.0329 | rec 0.0329 | feat 0.0000 | train_acc 16.55%
[Stage1/AE] ep 28/60 | loss 0.0325 | rec 0.0325 | feat 0.0000 | train_acc 16.39%
[Stage1/AE] ep 29/60 | loss 0.0322 | rec 0.0322 | feat 0.0000 | train_acc 16.55%
[Stage1/AE] ep 30/60 | loss 0.0321 | rec 0.0321 | feat 0.0000 | train_acc 16.49%
[Stage1/AE] ep 31/60 | loss 0.0317 | rec 0.0317 | feat 0.0000 | train_acc 16.45%
[Stage1/AE] ep 32/60 | loss 0.0316 | rec 0.0316 | feat 0.0000 | train_acc 16.32%
[Stage1/AE] ep 33/60 | loss 0.0313 | rec 0.0313 | feat 0.0000 | train_acc 16.23%
[Stage1/AE] ep 34/60 | loss 0.0311 | rec 0.0311 | feat 0.0000 | train_acc 16.21%
[Stage1/AE] ep 35/60 | loss 0.0308 | rec 0.0308 | feat 0.0000 | train_acc 16.31%
[Stage1/AE] ep 36/60 | loss 0.0306 | rec 0.0306 | feat 0.0000 | train_acc 15.94%
[Stage1/AE] ep 37/60 | loss 0.0305 | rec 0.0305 | feat 0.0000 | train_acc 16.08%
[Stage1/AE] ep 38/60 | loss 0.0303 | rec 0.0303 | feat 0.0000 | train_acc 16.00%
[Stage1/AE] ep 39/60 | loss 0.0302 | rec 0.0302 | feat 0.0000 | train_acc 16.16%
[Stage1/AE] ep 40/60 | loss 0.0299 | rec 0.0299 | feat 0.0000 | train_acc 16.10%
[Stage1/AE] ep 41/60 | loss 0.0298 | rec 0.0298 | feat 0.0000 | train_acc 16.23%
[Stage1/AE] ep 42/60 | loss 0.0296 | rec 0.0296 | feat 0.0000 | train_acc 15.99%
[Stage1/AE] ep 43/60 | loss 0.0295 | rec 0.0295 | feat 0.0000 | train_acc 15.95%
[Stage1/AE] ep 44/60 | loss 0.0294 | rec 0.0294 | feat 0.0000 | train_acc 15.95%
[Stage1/AE] ep 45/60 | loss 0.0292 | rec 0.0292 | feat 0.0000 | train_acc 15.91%
[Stage1/AE] ep 46/60 | loss 0.0291 | rec 0.0291 | feat 0.0000 | train_acc 16.08%
[Stage1/AE] ep 47/60 | loss 0.0289 | rec 0.0289 | feat 0.0000 | train_acc 15.95%
[Stage1/AE] ep 48/60 | loss 0.0289 | rec 0.0289 | feat 0.0000 | train_acc 16.06%
[Stage1/AE] ep 49/60 | loss 0.0286 | rec 0.0286 | feat 0.0000 | train_acc 16.11%
[Stage1/AE] ep 50/60 | loss 0.0285 | rec 0.0285 | feat 0.0000 | train_acc 16.05%
[Stage1/AE] ep 51/60 | loss 0.0284 | rec 0.0284 | feat 0.0000 | train_acc 16.07%
[Stage1/AE] ep 52/60 | loss 0.0284 | rec 0.0284 | feat 0.0000 | train_acc 15.99%
[Stage1/AE] ep 53/60 | loss 0.0282 | rec 0.0282 | feat 0.0000 | train_acc 16.07%
[Stage1/AE] ep 54/60 | loss 0.0281 | rec 0.0281 | feat 0.0000 | train_acc 16.13%
[Stage1/AE] ep 55/60 | loss 0.0280 | rec 0.0280 | feat 0.0000 | train_acc 16.06%
[Stage1/AE] ep 56/60 | loss 0.0279 | rec 0.0279 | feat 0.0000 | train_acc 15.99%
[Stage1/AE] ep 57/60 | loss 0.0278 | rec 0.0278 | feat 0.0000 | train_acc 16.21%
[Stage1/AE] ep 58/60 | loss 0.0277 | rec 0.0277 | feat 0.0000 | train_acc 15.97%
[Stage1/AE] ep 59/60 | loss 0.0276 | rec 0.0276 | feat 0.0000 | train_acc 16.15%
[Stage1/AE] ep 60/60 | loss 0.0276 | rec 0.0276 | feat 0.0000 | train_acc 16.03%
[Stage2/Head] ep 1/60 | loss 2.0041 | ce 2.0041 | logit 0.0000 | train_acc 34.51%
[Stage2/Head] ep 2/60 | loss 1.5532 | ce 1.5532 | logit 0.0000 | train_acc 84.38%
[Stage2/Head] ep 3/60 | loss 1.2394 | ce 1.2394 | logit 0.0000 | train_acc 90.63%
[Stage2/Head] ep 4/60 | loss 1.0075 | ce 1.0075 | logit 0.0000 | train_acc 91.59%
[Stage2/Head] ep 5/60 | loss 0.8305 | ce 0.8305 | logit 0.0000 | train_acc 92.19%
[Stage2/Head] ep 6/60 | loss 0.6993 | ce 0.6993 | logit 0.0000 | train_acc 92.39%
[Stage2/Head] ep 7/60 | loss 0.5997 | ce 0.5997 | logit 0.0000 | train_acc 92.59%
[Stage2/Head] ep 8/60 | loss 0.5233 | ce 0.5233 | logit 0.0000 | train_acc 92.73%
[Stage2/Head] ep 9/60 | loss 0.4657 | ce 0.4657 | logit 0.0000 | train_acc 92.99%
[Stage2/Head] ep 10/60 | loss 0.4192 | ce 0.4192 | logit 0.0000 | train_acc 93.04%
[Stage2/Head] ep 11/60 | loss 0.3871 | ce 0.3871 | logit 0.0000 | train_acc 92.95%
[Stage2/Head] ep 12/60 | loss 0.3547 | ce 0.3547 | logit 0.0000 | train_acc 93.17%
[Stage2/Head] ep 13/60 | loss 0.3317 | ce 0.3317 | logit 0.0000 | train_acc 93.37%
[Stage2/Head] ep 14/60 | loss 0.3138 | ce 0.3138 | logit 0.0000 | train_acc 93.30%
[Stage2/Head] ep 15/60 | loss 0.2981 | ce 0.2981 | logit 0.0000 | train_acc 93.29%
[Stage2/Head] ep 16/60 | loss 0.2764 | ce 0.2764 | logit 0.0000 | train_acc 93.77%
[Stage2/Head] ep 17/60 | loss 0.2716 | ce 0.2716 | logit 0.0000 | train_acc 93.59%
[Stage2/Head] ep 18/60 | loss 0.2589 | ce 0.2589 | logit 0.0000 | train_acc 93.64%
[Stage2/Head] ep 19/60 | loss 0.2514 | ce 0.2514 | logit 0.0000 | train_acc 93.66%
[Stage2/Head] ep 20/60 | loss 0.2448 | ce 0.2448 | logit 0.0000 | train_acc 93.56%
[Stage2/Head] ep 21/60 | loss 0.2364 | ce 0.2364 | logit 0.0000 | train_acc 93.71%
[Stage2/Head] ep 22/60 | loss 0.2316 | ce 0.2316 | logit 0.0000 | train_acc 93.75%
[Stage2/Head] ep 23/60 | loss 0.2244 | ce 0.2244 | logit 0.0000 | train_acc 93.92%
[Stage2/Head] ep 24/60 | loss 0.2279 | ce 0.2279 | logit 0.0000 | train_acc 93.65%
[Stage2/Head] ep 25/60 | loss 0.2206 | ce 0.2206 | logit 0.0000 | train_acc 93.75%
[Stage2/Head] ep 26/60 | loss 0.2187 | ce 0.2187 | logit 0.0000 | train_acc 93.87%
[Stage2/Head] ep 27/60 | loss 0.2176 | ce 0.2176 | logit 0.0000 | train_acc 93.83%
[Stage2/Head] ep 28/60 | loss 0.2087 | ce 0.2087 | logit 0.0000 | train_acc 94.13%
[Stage2/Head] ep 29/60 | loss 0.2100 | ce 0.2100 | logit 0.0000 | train_acc 93.89%
[Stage2/Head] ep 30/60 | loss 0.2069 | ce 0.2069 | logit 0.0000 | train_acc 94.08%
[Stage2/Head] ep 31/60 | loss 0.2050 | ce 0.2050 | logit 0.0000 | train_acc 94.09%
[Stage2/Head] ep 32/60 | loss 0.1981 | ce 0.1981 | logit 0.0000 | train_acc 94.31%
[Stage2/Head] ep 33/60 | loss 0.1968 | ce 0.1968 | logit 0.0000 | train_acc 94.30%
[Stage2/Head] ep 34/60 | loss 0.1916 | ce 0.1916 | logit 0.0000 | train_acc 94.25%
[Stage2/Head] ep 35/60 | loss 0.1908 | ce 0.1908 | logit 0.0000 | train_acc 94.47%
[Stage2/Head] ep 36/60 | loss 0.1906 | ce 0.1906 | logit 0.0000 | train_acc 94.36%
[Stage2/Head] ep 37/60 | loss 0.1813 | ce 0.1813 | logit 0.0000 | train_acc 94.62%
[Stage2/Head] ep 38/60 | loss 0.1850 | ce 0.1850 | logit 0.0000 | train_acc 94.60%
[Stage2/Head] ep 39/60 | loss 0.1827 | ce 0.1827 | logit 0.0000 | train_acc 94.51%
[Stage2/Head] ep 40/60 | loss 0.1786 | ce 0.1786 | logit 0.0000 | train_acc 94.57%
[Stage2/Head] ep 41/60 | loss 0.1824 | ce 0.1824 | logit 0.0000 | train_acc 94.62%
[Stage2/Head] ep 42/60 | loss 0.1852 | ce 0.1852 | logit 0.0000 | train_acc 94.56%
[Stage2/Head] ep 43/60 | loss 0.1814 | ce 0.1814 | logit 0.0000 | train_acc 94.47%
[Stage2/Head] ep 44/60 | loss 0.1778 | ce 0.1778 | logit 0.0000 | train_acc 94.71%
[Stage2/Head] ep 45/60 | loss 0.1778 | ce 0.1778 | logit 0.0000 | train_acc 94.49%
[Stage2/Head] ep 46/60 | loss 0.1767 | ce 0.1767 | logit 0.0000 | train_acc 94.66%
[Stage2/Head] ep 47/60 | loss 0.1764 | ce 0.1764 | logit 0.0000 | train_acc 94.65%
[Stage2/Head] ep 48/60 | loss 0.1727 | ce 0.1727 | logit 0.0000 | train_acc 94.79%
[Stage2/Head] ep 49/60 | loss 0.1725 | ce 0.1725 | logit 0.0000 | train_acc 94.82%
[Stage2/Head] ep 50/60 | loss 0.1758 | ce 0.1758 | logit 0.0000 | train_acc 94.40%
[Stage2/Head] ep 51/60 | loss 0.1680 | ce 0.1680 | logit 0.0000 | train_acc 94.76%
[Stage2/Head] ep 52/60 | loss 0.1671 | ce 0.1671 | logit 0.0000 | train_acc 94.74%
[Stage2/Head] ep 53/60 | loss 0.1616 | ce 0.1616 | logit 0.0000 | train_acc 95.10%
[Stage2/Head] ep 54/60 | loss 0.1687 | ce 0.1687 | logit 0.0000 | train_acc 94.75%
[Stage2/Head] ep 55/60 | loss 0.1690 | ce 0.1690 | logit 0.0000 | train_acc 94.71%
[Stage2/Head] ep 56/60 | loss 0.1687 | ce 0.1687 | logit 0.0000 | train_acc 94.64%
[Stage2/Head] ep 57/60 | loss 0.1630 | ce 0.1630 | logit 0.0000 | train_acc 94.83%
[Stage2/Head] ep 58/60 | loss 0.1683 | ce 0.1683 | logit 0.0000 | train_acc 94.61%
[Stage2/Head] ep 59/60 | loss 0.1686 | ce 0.1686 | logit 0.0000 | train_acc 94.82%
[Stage2/Head] ep 60/60 | loss 0.1638 | ce 0.1638 | logit 0.0000 | train_acc 95.07%
[Task 0] Training done in 4.15 min.
[Task 0] Test (on new class only) -> ce_loss: 0.0773, acc: 98.09%, rec_loss: 16.3618
  - Filtering train: keep top 95.0% per class based on returned scores.
[Task 0] Wrote CSVs to: ./runs_mnist_continual/run_20260219_122841/task0
Accuracies on seen tasks:
  Task 0 [0,1,2,3,4]: 98.09%
Mean over seen tasks (0..0): 98.09%
[Task 0] Running Rscript to produce: ./runs_mnist_continual/run_20260219_122841/task0/inducing_points.csv
Loading required package: Matrix

Attaching package: ‘dplyr’

The following objects are masked from ‘package:stats’:

    filter, lag

The following objects are masked from ‘package:base’:

    intersect, setdiff, setequal, union

This is gplite version 0.13.0
Directory already exists: ./runs_mnist_continual/run_20260219_122841/task0 
[1] "Using original Y values (no log-space transform)"
[1] "Using GP package: laGP"
[1] "======================================"
[1] "---- Start Training GPs for existing classes ----"
[1] "class 0 training sample size (indclude 50 samples from other classes): 2050"
[1] "class 0 validation set sample size (indclude 50 samples from other classes): 606"
[1] "Selecting 1000 inducing points"
[1] "validation MSE for class0: 1.56045815450659"
[1] "Current inducing_points dim: 1000 x 16"
[1] "class 1 training sample size (indclude 50 samples from other classes): 2050"
[1] "class 1 validation set sample size (indclude 50 samples from other classes): 677"
[1] "Selecting 1000 inducing points"
[1] "validation MSE for class1: 1.98492622108427"
[1] "Current inducing_points dim: 2000 x 16"
[1] "class 2 training sample size (indclude 50 samples from other classes): 2050"
[1] "class 2 validation set sample size (indclude 50 samples from other classes): 607"
[1] "Selecting 1000 inducing points"
[1] "validation MSE for class2: 1.47953008400962"
[1] "Current inducing_points dim: 3000 x 16"
[1] "class 3 training sample size (indclude 50 samples from other classes): 2050"
[1] "class 3 validation set sample size (indclude 50 samples from other classes): 624"
[1] "Selecting 1000 inducing points"
[1] "validation MSE for class3: 1.78137643982923"
[1] "Current inducing_points dim: 4000 x 16"
[1] "class 4 training sample size (indclude 50 samples from other classes): 2050"
[1] "class 4 validation set sample size (indclude 50 samples from other classes): 588"
[1] "Selecting 1000 inducing points"
[1] "validation MSE for class4: 2.0266317315841"
[1] "Current inducing_points dim: 5000 x 16"
[1] "Train Finished"
[1] "---------------------"
[1] "Inducing Points Saved"
[1] "---------------------"
[1] "Expected testing data total: 5000"
[1] "total test df size: 5000"
 num [1:5000] 2 1 0 4 1 4 0 0 1 3 ...

   0    1    2    3    4 
 953 1103 1006  983  955 
[1] "class 0 test data size:953"
[1] "class 1 test data size:1103"
[1] "class 2 test data size:1006"
[1] "class 3 test data size:983"
[1] "class 4 test data size:955"
[1] "Testset GPs:"
[1] "Total accuracy: 0.9742"
[1] "Confusion Matrix for Class:0"
                   Actual_Positive Actual_Negative
Predicted_Positive             944              23
Predicted_Negative               9            4024
[1] "Accuracy: 0.9936"
[1] "Precision: 0.976215098241985"
[1] "Recall for Class: 0.990556138509968"
[1] "F1 Score for Class: 0.983333333333333"
[1] "Confusion Matrix for Class:1"
                   Actual_Positive Actual_Negative
Predicted_Positive            1096              34
Predicted_Negative               7            3863
[1] "Accuracy: 0.9918"
[1] "Precision: 0.969911504424779"
[1] "Recall for Class: 0.99365367180417"
[1] "F1 Score for Class: 0.981639050604568"
[1] "Confusion Matrix for Class:2"
                   Actual_Positive Actual_Negative
Predicted_Positive             950              22
Predicted_Negative              56            3972
[1] "Accuracy: 0.9844"
[1] "Precision: 0.977366255144033"
[1] "Recall for Class: 0.944333996023857"
[1] "F1 Score for Class: 0.96056622851365"
[1] "Confusion Matrix for Class:3"
                   Actual_Positive Actual_Negative
Predicted_Positive             947              24
Predicted_Negative              36            3993
[1] "Accuracy: 0.988"
[1] "Precision: 0.975283213182286"
[1] "Recall for Class: 0.963377416073245"
[1] "F1 Score for Class: 0.969293756397134"
[1] "Confusion Matrix for Class:4"
                   Actual_Positive Actual_Negative
Predicted_Positive             934              26
Predicted_Negative              21            4019
[1] "Accuracy: 0.9906"
[1] "Precision: 0.972916666666667"
[1] "Recall for Class: 0.978010471204188"
[1] "F1 Score for Class: 0.975456919060052"
[1] "GPc0 distribution statistics for0, 1, 2, 3, 4:"
[1] "mean: 0.974899180500265, 0.0431751370013933, 0.0223949132740997, 0.19116954380558, 0.0757204322654301"
[1] "sd: 0.0475128444521779, 0.152697072893352, 0.307232102704983, 0.269771316001107, 0.241213841628578"
[1] "---------------------"
[1] "GPc1 distribution statistics for0, 1, 2, 3, 4:"
[1] "mean: 0.0449811376841376, 0.979519015701429, 0.00563113566430247, 0.094521149424143, 0.107539098178987"
[1] "sd: 0.134891604997525, 0.0670623164333792, 0.336697537969243, 0.272204340648601, 0.317812962463314"
[1] "---------------------"
[1] "GPc2 distribution statistics for0, 1, 2, 3, 4:"
[1] "mean: 0.0981633075480128, 0.0859663550224711, 0.925156362246354, 0.0193689119188729, 0.105794290019217"
[1] "sd: 0.215573127539796, 0.178741799611735, 0.117983272116824, 0.32660523825246, 0.23848497582369"
[1] "---------------------"
[1] "GPc3 distribution statistics for0, 1, 2, 3, 4:"
[1] "mean: 0.0908319686125523, 0.0406775190933504, 0.121242264979117, 0.950577045832495, -0.0334474527226591"
[1] "sd: 0.258693575339197, 0.18135538661816, 0.328972674758423, 0.0928861127146971, 0.28149377712668"
[1] "---------------------"
[1] "GPc4 distribution statistics for0, 1, 2, 3, 4:"
[1] "mean: 0.0522421292556102, 0.125389865326324, 0.106997212725267, -0.0518759163659193, 0.961598008157759"
[1] "sd: 0.220909665499895, 0.200360122015588, 0.260818112829335, 0.31848060607242, 0.0753542347779411"
[1] "---------------------"
Warning message:
Removed 1 row containing missing values or values outside the scale range
(`geom_bar()`). 
[1] "Save Results"
null device 
          1 
[Task 0] Loaded from R CSV: 5000 rows, f_size=16
[Task 0] Decoded images: torch.Size([5000, 1, 28, 28]) -> recovered dataset size 5000
[Task 0] Augmenting Task 1 training set with 5000 recovered samples.
/home/lhalice/miniconda3/envs/NNGP/lib/python3.12/site-packages/torch/utils/data/dataloader.py:627: UserWarning: This DataLoader will create 2 worker processes in total. Our suggested max number of worker in current system is 1, which is smaller than what this DataLoader is going to create. Please be aware that excessive worker creation might get DataLoader running slow or even freeze, lower the worker number to avoid potential slowness/freeze if necessary.
  warnings.warn(

================================================================================
Starting Task 1: digits [5]
Training samples size: 8000
================================================================================
[Stage1/AE] ep 1/120 | loss 4.1368 | rec 0.0418 | feat 4.0949 | train_acc 61.23%
[Stage1/AE] ep 2/120 | loss 4.0158 | rec 0.0384 | feat 3.9774 | train_acc 61.16%
[Stage1/AE] ep 3/120 | loss 3.8849 | rec 0.0372 | feat 3.8477 | train_acc 61.20%
[Stage1/AE] ep 4/120 | loss 3.8631 | rec 0.0369 | feat 3.8262 | train_acc 61.29%
[Stage1/AE] ep 5/120 | loss 3.9558 | rec 0.0362 | feat 3.9196 | train_acc 60.96%
[Stage1/AE] ep 6/120 | loss 3.7830 | rec 0.0363 | feat 3.7467 | train_acc 61.12%
[Stage1/AE] ep 7/120 | loss 3.7411 | rec 0.0358 | feat 3.7053 | train_acc 61.06%
[Stage1/AE] ep 8/120 | loss 3.7931 | rec 0.0357 | feat 3.7574 | train_acc 61.04%
[Stage1/AE] ep 9/120 | loss 3.6299 | rec 0.0357 | feat 3.5942 | train_acc 60.90%
[Stage1/AE] ep 10/120 | loss 3.5445 | rec 0.0357 | feat 3.5089 | train_acc 61.00%
[Stage1/AE] ep 11/120 | loss 3.5151 | rec 0.0353 | feat 3.4798 | train_acc 61.01%
[Stage1/AE] ep 12/120 | loss 3.5200 | rec 0.0353 | feat 3.4847 | train_acc 60.99%
[Stage1/AE] ep 13/120 | loss 3.6336 | rec 0.0353 | feat 3.5983 | train_acc 61.04%
[Stage1/AE] ep 14/120 | loss 3.5469 | rec 0.0353 | feat 3.5116 | train_acc 60.77%
[Stage1/AE] ep 15/120 | loss 3.5109 | rec 0.0351 | feat 3.4758 | train_acc 60.81%
[Stage1/AE] ep 16/120 | loss 3.4584 | rec 0.0350 | feat 3.4235 | train_acc 61.05%
[Stage1/AE] ep 17/120 | loss 3.4995 | rec 0.0351 | feat 3.4644 | train_acc 60.92%
[Stage1/AE] ep 18/120 | loss 3.4559 | rec 0.0349 | feat 3.4209 | train_acc 61.29%
[Stage1/AE] ep 19/120 | loss 3.4729 | rec 0.0350 | feat 3.4379 | train_acc 60.98%
[Stage1/AE] ep 20/120 | loss 3.3676 | rec 0.0350 | feat 3.3326 | train_acc 60.79%
[Stage1/AE] ep 21/120 | loss 3.3564 | rec 0.0349 | feat 3.3215 | train_acc 60.69%
[Stage1/AE] ep 22/120 | loss 3.3068 | rec 0.0350 | feat 3.2718 | train_acc 60.77%
[Stage1/AE] ep 23/120 | loss 3.2999 | rec 0.0348 | feat 3.2650 | train_acc 60.81%
[Stage1/AE] ep 24/120 | loss 3.2957 | rec 0.0348 | feat 3.2609 | train_acc 60.84%
[Stage1/AE] ep 25/120 | loss 3.2814 | rec 0.0347 | feat 3.2466 | train_acc 60.51%
[Stage1/AE] ep 26/120 | loss 3.2471 | rec 0.0348 | feat 3.2123 | train_acc 60.81%
[Stage1/AE] ep 27/120 | loss 3.2226 | rec 0.0349 | feat 3.1878 | train_acc 60.84%
[Stage1/AE] ep 28/120 | loss 3.2144 | rec 0.0348 | feat 3.1796 | train_acc 60.84%
[Stage1/AE] ep 29/120 | loss 3.2145 | rec 0.0348 | feat 3.1797 | train_acc 60.77%
[Stage1/AE] ep 30/120 | loss 3.0619 | rec 0.0347 | feat 3.0272 | train_acc 60.89%
[Stage1/AE] ep 31/120 | loss 3.1634 | rec 0.0349 | feat 3.1284 | train_acc 60.77%
[Stage1/AE] ep 32/120 | loss 3.1533 | rec 0.0351 | feat 3.1182 | train_acc 60.55%
[Stage1/AE] ep 33/120 | loss 3.0573 | rec 0.0350 | feat 3.0223 | train_acc 60.50%
[Stage1/AE] ep 34/120 | loss 3.0719 | rec 0.0350 | feat 3.0369 | train_acc 60.59%
[Stage1/AE] ep 35/120 | loss 3.1986 | rec 0.0348 | feat 3.1638 | train_acc 60.49%
[Stage1/AE] ep 36/120 | loss 3.0860 | rec 0.0349 | feat 3.0510 | train_acc 60.54%
[Stage1/AE] ep 37/120 | loss 3.0877 | rec 0.0350 | feat 3.0527 | train_acc 60.34%
[Stage1/AE] ep 38/120 | loss 3.1261 | rec 0.0350 | feat 3.0911 | train_acc 60.38%
[Stage1/AE] ep 39/120 | loss 3.0215 | rec 0.0351 | feat 2.9864 | train_acc 60.76%
[Stage1/AE] ep 40/120 | loss 2.9780 | rec 0.0350 | feat 2.9430 | train_acc 60.59%
[Stage1/AE] ep 41/120 | loss 2.9504 | rec 0.0350 | feat 2.9154 | train_acc 60.42%
[Stage1/AE] ep 42/120 | loss 3.0636 | rec 0.0348 | feat 3.0288 | train_acc 60.44%
[Stage1/AE] ep 43/120 | loss 2.9487 | rec 0.0351 | feat 2.9137 | train_acc 60.45%
[Stage1/AE] ep 44/120 | loss 2.9612 | rec 0.0352 | feat 2.9260 | train_acc 60.59%
[Stage1/AE] ep 45/120 | loss 2.9207 | rec 0.0351 | feat 2.8857 | train_acc 60.39%
[Stage1/AE] ep 46/120 | loss 2.9675 | rec 0.0348 | feat 2.9327 | train_acc 60.44%
[Stage1/AE] ep 47/120 | loss 2.9290 | rec 0.0350 | feat 2.8940 | train_acc 60.30%
[Stage1/AE] ep 48/120 | loss 2.9698 | rec 0.0351 | feat 2.9347 | train_acc 60.50%
[Stage1/AE] ep 49/120 | loss 2.8980 | rec 0.0351 | feat 2.8629 | train_acc 60.60%
[Stage1/AE] ep 50/120 | loss 2.8968 | rec 0.0351 | feat 2.8618 | train_acc 60.33%
[Stage1/AE] ep 51/120 | loss 2.8773 | rec 0.0352 | feat 2.8422 | train_acc 60.25%
[Stage1/AE] ep 52/120 | loss 2.8811 | rec 0.0350 | feat 2.8461 | train_acc 60.54%
[Stage1/AE] ep 53/120 | loss 2.8480 | rec 0.0350 | feat 2.8130 | train_acc 60.64%
[Stage1/AE] ep 54/120 | loss 2.8465 | rec 0.0350 | feat 2.8115 | train_acc 60.45%
[Stage1/AE] ep 55/120 | loss 2.8649 | rec 0.0350 | feat 2.8299 | train_acc 60.48%
[Stage1/AE] ep 56/120 | loss 2.8345 | rec 0.0349 | feat 2.7997 | train_acc 60.44%
[Stage1/AE] ep 57/120 | loss 2.8033 | rec 0.0350 | feat 2.7684 | train_acc 60.64%
[Stage1/AE] ep 58/120 | loss 2.7800 | rec 0.0349 | feat 2.7452 | train_acc 60.27%
[Stage1/AE] ep 59/120 | loss 2.7487 | rec 0.0350 | feat 2.7137 | train_acc 60.49%
[Stage1/AE] ep 60/120 | loss 2.7499 | rec 0.0348 | feat 2.7151 | train_acc 60.27%
[Stage1/AE] ep 61/120 | loss 2.7459 | rec 0.0348 | feat 2.7111 | train_acc 60.45%
[Stage1/AE] ep 62/120 | loss 2.7432 | rec 0.0349 | feat 2.7084 | train_acc 60.33%
[Stage1/AE] ep 63/120 | loss 2.7365 | rec 0.0350 | feat 2.7015 | train_acc 60.49%
[Stage1/AE] ep 64/120 | loss 2.6792 | rec 0.0348 | feat 2.6444 | train_acc 60.54%
[Stage1/AE] ep 65/120 | loss 2.7322 | rec 0.0347 | feat 2.6975 | train_acc 60.65%
[Stage1/AE] ep 66/120 | loss 2.6806 | rec 0.0351 | feat 2.6456 | train_acc 60.38%
[Stage1/AE] ep 67/120 | loss 2.6630 | rec 0.0348 | feat 2.6282 | train_acc 60.06%
[Stage1/AE] ep 68/120 | loss 2.7793 | rec 0.0347 | feat 2.7446 | train_acc 60.56%
[Stage1/AE] ep 69/120 | loss 2.7104 | rec 0.0348 | feat 2.6756 | train_acc 60.61%
[Stage1/AE] ep 70/120 | loss 2.7256 | rec 0.0347 | feat 2.6909 | train_acc 60.58%
[Stage1/AE] ep 71/120 | loss 2.5972 | rec 0.0346 | feat 2.5626 | train_acc 60.50%
[Stage1/AE] ep 72/120 | loss 2.7023 | rec 0.0347 | feat 2.6676 | train_acc 60.31%
[Stage1/AE] ep 73/120 | loss 2.6869 | rec 0.0346 | feat 2.6523 | train_acc 60.55%
[Stage1/AE] ep 74/120 | loss 2.6129 | rec 0.0347 | feat 2.5782 | train_acc 60.44%
[Stage1/AE] ep 75/120 | loss 2.6319 | rec 0.0348 | feat 2.5971 | train_acc 60.36%
[Stage1/AE] ep 76/120 | loss 2.6408 | rec 0.0343 | feat 2.6065 | train_acc 60.58%
[Stage1/AE] ep 77/120 | loss 2.6434 | rec 0.0347 | feat 2.6087 | train_acc 60.60%
[Stage1/AE] ep 78/120 | loss 2.5995 | rec 0.0345 | feat 2.5650 | train_acc 60.52%
[Stage1/AE] ep 79/120 | loss 2.5994 | rec 0.0345 | feat 2.5649 | train_acc 60.45%
[Stage1/AE] ep 80/120 | loss 2.6472 | rec 0.0343 | feat 2.6129 | train_acc 60.52%
[Stage1/AE] ep 81/120 | loss 2.5865 | rec 0.0344 | feat 2.5522 | train_acc 60.65%
[Stage1/AE] ep 82/120 | loss 2.6394 | rec 0.0344 | feat 2.6050 | train_acc 60.55%
[Stage1/AE] ep 83/120 | loss 2.6162 | rec 0.0345 | feat 2.5817 | train_acc 60.49%
[Stage1/AE] ep 84/120 | loss 2.5301 | rec 0.0343 | feat 2.4958 | train_acc 60.56%
[Stage1/AE] ep 85/120 | loss 2.5902 | rec 0.0343 | feat 2.5559 | train_acc 60.48%
[Stage1/AE] ep 86/120 | loss 2.5457 | rec 0.0345 | feat 2.5112 | train_acc 60.24%
[Stage1/AE] ep 87/120 | loss 2.6323 | rec 0.0341 | feat 2.5982 | train_acc 60.58%
[Stage1/AE] ep 88/120 | loss 2.5668 | rec 0.0345 | feat 2.5323 | train_acc 60.21%
[Stage1/AE] ep 89/120 | loss 2.5448 | rec 0.0344 | feat 2.5104 | train_acc 60.34%
[Stage1/AE] ep 90/120 | loss 2.5026 | rec 0.0342 | feat 2.4684 | train_acc 60.27%
[Stage1/AE] ep 91/120 | loss 2.5655 | rec 0.0344 | feat 2.5312 | train_acc 60.42%
[Stage1/AE] ep 92/120 | loss 2.5242 | rec 0.0343 | feat 2.4900 | train_acc 60.42%
[Stage1/AE] ep 93/120 | loss 2.5803 | rec 0.0342 | feat 2.5462 | train_acc 60.38%
[Stage1/AE] ep 94/120 | loss 2.5194 | rec 0.0342 | feat 2.4851 | train_acc 60.41%
[Stage1/AE] ep 95/120 | loss 2.5784 | rec 0.0343 | feat 2.5441 | train_acc 60.45%
[Stage1/AE] ep 96/120 | loss 2.5604 | rec 0.0343 | feat 2.5260 | train_acc 60.65%
[Stage1/AE] ep 97/120 | loss 2.5628 | rec 0.0341 | feat 2.5287 | train_acc 60.60%
[Stage1/AE] ep 98/120 | loss 2.4857 | rec 0.0341 | feat 2.4516 | train_acc 60.52%
[Stage1/AE] ep 99/120 | loss 2.5100 | rec 0.0340 | feat 2.4760 | train_acc 60.45%
[Stage1/AE] ep 100/120 | loss 2.5049 | rec 0.0342 | feat 2.4708 | train_acc 60.48%
[Stage1/AE] ep 101/120 | loss 2.4520 | rec 0.0341 | feat 2.4180 | train_acc 60.39%
[Stage1/AE] ep 102/120 | loss 2.4798 | rec 0.0342 | feat 2.4456 | train_acc 60.45%
[Stage1/AE] ep 103/120 | loss 2.4423 | rec 0.0342 | feat 2.4081 | train_acc 60.62%
[Stage1/AE] ep 104/120 | loss 2.4661 | rec 0.0340 | feat 2.4321 | train_acc 60.54%
[Stage1/AE] ep 105/120 | loss 2.4549 | rec 0.0341 | feat 2.4208 | train_acc 60.48%
[Stage1/AE] ep 106/120 | loss 2.4432 | rec 0.0339 | feat 2.4094 | train_acc 60.34%
[Stage1/AE] ep 107/120 | loss 2.4678 | rec 0.0344 | feat 2.4334 | train_acc 60.36%
[Stage1/AE] ep 108/120 | loss 2.4710 | rec 0.0342 | feat 2.4368 | train_acc 60.46%
[Stage1/AE] ep 109/120 | loss 2.4394 | rec 0.0339 | feat 2.4055 | train_acc 60.51%
[Stage1/AE] ep 110/120 | loss 2.4643 | rec 0.0340 | feat 2.4303 | train_acc 60.79%
[Stage1/AE] ep 111/120 | loss 2.4837 | rec 0.0340 | feat 2.4498 | train_acc 60.67%
[Stage1/AE] ep 112/120 | loss 2.4317 | rec 0.0340 | feat 2.3977 | train_acc 60.56%
[Stage1/AE] ep 113/120 | loss 2.4135 | rec 0.0340 | feat 2.3796 | train_acc 60.39%
[Stage1/AE] ep 114/120 | loss 2.4563 | rec 0.0341 | feat 2.4222 | train_acc 60.74%
[Stage1/AE] ep 115/120 | loss 2.4650 | rec 0.0341 | feat 2.4309 | train_acc 60.42%
[Stage1/AE] ep 116/120 | loss 2.4084 | rec 0.0339 | feat 2.3745 | train_acc 60.65%
[Stage1/AE] ep 117/120 | loss 2.4125 | rec 0.0339 | feat 2.3786 | train_acc 60.51%
[Stage1/AE] ep 118/120 | loss 2.4366 | rec 0.0340 | feat 2.4026 | train_acc 60.44%
[Stage1/AE] ep 119/120 | loss 2.3889 | rec 0.0338 | feat 2.3551 | train_acc 60.73%
[Stage1/AE] ep 120/120 | loss 2.3944 | rec 0.0336 | feat 2.3608 | train_acc 60.41%
[Stage2/Head] ep 1/120 | loss 7.9657 | ce 6.1183 | logit 1.8474 | train_acc 59.31%
[Stage2/Head] ep 2/120 | loss 6.8181 | ce 5.0525 | logit 1.7657 | train_acc 59.41%
[Stage2/Head] ep 3/120 | loss 6.2347 | ce 4.6321 | logit 1.6026 | train_acc 59.20%
[Stage2/Head] ep 4/120 | loss 5.7807 | ce 4.3025 | logit 1.4782 | train_acc 59.60%
[Stage2/Head] ep 5/120 | loss 5.4022 | ce 4.0092 | logit 1.3930 | train_acc 59.65%
[Stage2/Head] ep 6/120 | loss 5.0507 | ce 3.7349 | logit 1.3159 | train_acc 59.81%
[Stage2/Head] ep 7/120 | loss 4.7544 | ce 3.4946 | logit 1.2599 | train_acc 59.75%
[Stage2/Head] ep 8/120 | loss 4.4645 | ce 3.2530 | logit 1.2116 | train_acc 60.11%
[Stage2/Head] ep 9/120 | loss 4.2238 | ce 3.0488 | logit 1.1749 | train_acc 60.08%
[Stage2/Head] ep 10/120 | loss 3.9765 | ce 2.8430 | logit 1.1336 | train_acc 60.09%
[Stage2/Head] ep 11/120 | loss 3.7693 | ce 2.6650 | logit 1.1043 | train_acc 60.02%
[Stage2/Head] ep 12/120 | loss 3.5777 | ce 2.4720 | logit 1.1057 | train_acc 60.01%
[Stage2/Head] ep 13/120 | loss 3.3861 | ce 2.3271 | logit 1.0590 | train_acc 59.94%
[Stage2/Head] ep 14/120 | loss 3.2044 | ce 2.1620 | logit 1.0424 | train_acc 60.34%
[Stage2/Head] ep 15/120 | loss 3.0597 | ce 2.0277 | logit 1.0320 | train_acc 60.36%
[Stage2/Head] ep 16/120 | loss 2.9260 | ce 1.8965 | logit 1.0295 | train_acc 62.36%
[Stage2/Head] ep 17/120 | loss 2.7693 | ce 1.7551 | logit 1.0142 | train_acc 66.84%
[Stage2/Head] ep 18/120 | loss 2.6499 | ce 1.6471 | logit 1.0028 | train_acc 70.62%
[Stage2/Head] ep 19/120 | loss 2.5671 | ce 1.5473 | logit 1.0198 | train_acc 74.49%
[Stage2/Head] ep 20/120 | loss 2.4891 | ce 1.4557 | logit 1.0334 | train_acc 76.99%
[Stage2/Head] ep 21/120 | loss 2.3806 | ce 1.3619 | logit 1.0187 | train_acc 79.84%
[Stage2/Head] ep 22/120 | loss 2.2769 | ce 1.3108 | logit 0.9662 | train_acc 81.09%
[Stage2/Head] ep 23/120 | loss 2.2070 | ce 1.2228 | logit 0.9841 | train_acc 82.99%
[Stage2/Head] ep 24/120 | loss 2.1466 | ce 1.1558 | logit 0.9909 | train_acc 84.08%
[Stage2/Head] ep 25/120 | loss 2.1109 | ce 1.1074 | logit 1.0035 | train_acc 84.45%
[Stage2/Head] ep 26/120 | loss 2.0633 | ce 1.0457 | logit 1.0176 | train_acc 85.01%
[Stage2/Head] ep 27/120 | loss 2.0142 | ce 1.0112 | logit 1.0030 | train_acc 85.31%
[Stage2/Head] ep 28/120 | loss 1.9794 | ce 0.9836 | logit 0.9958 | train_acc 85.56%
[Stage2/Head] ep 29/120 | loss 1.9541 | ce 0.9464 | logit 1.0077 | train_acc 85.53%
[Stage2/Head] ep 30/120 | loss 1.8790 | ce 0.8998 | logit 0.9791 | train_acc 86.50%
[Stage2/Head] ep 31/120 | loss 1.8763 | ce 0.8991 | logit 0.9772 | train_acc 86.39%
[Stage2/Head] ep 32/120 | loss 1.8794 | ce 0.8818 | logit 0.9976 | train_acc 86.45%
[Stage2/Head] ep 33/120 | loss 1.8472 | ce 0.8545 | logit 0.9927 | train_acc 86.60%
[Stage2/Head] ep 34/120 | loss 1.7780 | ce 0.7983 | logit 0.9797 | train_acc 87.19%
[Stage2/Head] ep 35/120 | loss 1.8021 | ce 0.7933 | logit 1.0087 | train_acc 86.59%
[Stage2/Head] ep 36/120 | loss 1.7817 | ce 0.7808 | logit 1.0009 | train_acc 86.51%
[Stage2/Head] ep 37/120 | loss 1.7684 | ce 0.7814 | logit 0.9870 | train_acc 86.76%
[Stage2/Head] ep 38/120 | loss 1.7087 | ce 0.7533 | logit 0.9553 | train_acc 86.89%
[Stage2/Head] ep 39/120 | loss 1.6933 | ce 0.7422 | logit 0.9511 | train_acc 87.20%
[Stage2/Head] ep 40/120 | loss 1.6903 | ce 0.7314 | logit 0.9588 | train_acc 87.20%
[Stage2/Head] ep 41/120 | loss 1.6527 | ce 0.7258 | logit 0.9269 | train_acc 87.09%
[Stage2/Head] ep 42/120 | loss 1.6429 | ce 0.7015 | logit 0.9413 | train_acc 87.33%
[Stage2/Head] ep 43/120 | loss 1.6159 | ce 0.6777 | logit 0.9382 | train_acc 87.45%
[Stage2/Head] ep 44/120 | loss 1.6329 | ce 0.6844 | logit 0.9486 | train_acc 87.40%
[Stage2/Head] ep 45/120 | loss 1.5691 | ce 0.6423 | logit 0.9269 | train_acc 87.62%
[Stage2/Head] ep 46/120 | loss 1.6003 | ce 0.6591 | logit 0.9412 | train_acc 87.67%
[Stage2/Head] ep 47/120 | loss 1.5740 | ce 0.6480 | logit 0.9259 | train_acc 87.55%
[Stage2/Head] ep 48/120 | loss 1.5496 | ce 0.6403 | logit 0.9094 | train_acc 87.78%
[Stage2/Head] ep 49/120 | loss 1.5336 | ce 0.6319 | logit 0.9017 | train_acc 87.88%
[Stage2/Head] ep 50/120 | loss 1.5260 | ce 0.6194 | logit 0.9066 | train_acc 87.86%
[Stage2/Head] ep 51/120 | loss 1.5522 | ce 0.6217 | logit 0.9304 | train_acc 87.42%
[Stage2/Head] ep 52/120 | loss 1.5144 | ce 0.6118 | logit 0.9026 | train_acc 88.29%
[Stage2/Head] ep 53/120 | loss 1.4993 | ce 0.6083 | logit 0.8910 | train_acc 88.22%
[Stage2/Head] ep 54/120 | loss 1.5009 | ce 0.6110 | logit 0.8899 | train_acc 88.04%
[Stage2/Head] ep 55/120 | loss 1.4954 | ce 0.5992 | logit 0.8962 | train_acc 88.16%
[Stage2/Head] ep 56/120 | loss 1.5243 | ce 0.5834 | logit 0.9409 | train_acc 87.97%
[Stage2/Head] ep 57/120 | loss 1.4781 | ce 0.5671 | logit 0.9109 | train_acc 88.28%
[Stage2/Head] ep 58/120 | loss 1.5192 | ce 0.5937 | logit 0.9255 | train_acc 87.84%
[Stage2/Head] ep 59/120 | loss 1.4487 | ce 0.5718 | logit 0.8770 | train_acc 88.49%
[Stage2/Head] ep 60/120 | loss 1.4452 | ce 0.5631 | logit 0.8821 | train_acc 88.16%
[Stage2/Head] ep 61/120 | loss 1.4427 | ce 0.5413 | logit 0.9015 | train_acc 88.06%
[Stage2/Head] ep 62/120 | loss 1.4871 | ce 0.5908 | logit 0.8963 | train_acc 87.65%
[Stage2/Head] ep 63/120 | loss 1.4703 | ce 0.5724 | logit 0.8979 | train_acc 88.15%
[Stage2/Head] ep 64/120 | loss 1.4204 | ce 0.5431 | logit 0.8773 | train_acc 88.58%
[Stage2/Head] ep 65/120 | loss 1.4135 | ce 0.5610 | logit 0.8525 | train_acc 88.91%
[Stage2/Head] ep 66/120 | loss 1.4276 | ce 0.5400 | logit 0.8876 | train_acc 88.78%
[Stage2/Head] ep 67/120 | loss 1.4144 | ce 0.5422 | logit 0.8721 | train_acc 88.44%
[Stage2/Head] ep 68/120 | loss 1.4571 | ce 0.5788 | logit 0.8783 | train_acc 87.85%
[Stage2/Head] ep 69/120 | loss 1.4503 | ce 0.5608 | logit 0.8896 | train_acc 88.04%
[Stage2/Head] ep 70/120 | loss 1.4257 | ce 0.5241 | logit 0.9016 | train_acc 88.40%
[Stage2/Head] ep 71/120 | loss 1.4542 | ce 0.5637 | logit 0.8904 | train_acc 87.86%
[Stage2/Head] ep 72/120 | loss 1.4068 | ce 0.5442 | logit 0.8626 | train_acc 88.20%
[Stage2/Head] ep 73/120 | loss 1.4489 | ce 0.5475 | logit 0.9015 | train_acc 87.53%
[Stage2/Head] ep 74/120 | loss 1.4200 | ce 0.5499 | logit 0.8701 | train_acc 88.33%
[Stage2/Head] ep 75/120 | loss 1.3910 | ce 0.5247 | logit 0.8663 | train_acc 88.47%
[Stage2/Head] ep 76/120 | loss 1.3923 | ce 0.5286 | logit 0.8637 | train_acc 88.58%
[Stage2/Head] ep 77/120 | loss 1.3496 | ce 0.5087 | logit 0.8410 | train_acc 88.94%
[Stage2/Head] ep 78/120 | loss 1.3996 | ce 0.5378 | logit 0.8618 | train_acc 88.55%
[Stage2/Head] ep 79/120 | loss 1.4084 | ce 0.5414 | logit 0.8670 | train_acc 88.34%
[Stage2/Head] ep 80/120 | loss 1.3796 | ce 0.5094 | logit 0.8702 | train_acc 88.46%
[Stage2/Head] ep 81/120 | loss 1.3687 | ce 0.5126 | logit 0.8561 | train_acc 88.50%
[Stage2/Head] ep 82/120 | loss 1.3614 | ce 0.5033 | logit 0.8581 | train_acc 88.50%
[Stage2/Head] ep 83/120 | loss 1.3615 | ce 0.5024 | logit 0.8591 | train_acc 88.96%
[Stage2/Head] ep 84/120 | loss 1.3575 | ce 0.5121 | logit 0.8454 | train_acc 88.15%
[Stage2/Head] ep 85/120 | loss 1.3693 | ce 0.5192 | logit 0.8501 | train_acc 88.62%
[Stage2/Head] ep 86/120 | loss 1.4066 | ce 0.5273 | logit 0.8793 | train_acc 87.92%
[Stage2/Head] ep 87/120 | loss 1.3430 | ce 0.5135 | logit 0.8295 | train_acc 88.50%
[Stage2/Head] ep 88/120 | loss 1.3454 | ce 0.4842 | logit 0.8612 | train_acc 88.74%
[Stage2/Head] ep 89/120 | loss 1.3573 | ce 0.5041 | logit 0.8531 | train_acc 88.45%
[Stage2/Head] ep 90/120 | loss 1.3451 | ce 0.5004 | logit 0.8447 | train_acc 88.62%
[Stage2/Head] ep 91/120 | loss 1.3563 | ce 0.4927 | logit 0.8637 | train_acc 88.80%
[Stage2/Head] ep 92/120 | loss 1.3395 | ce 0.5021 | logit 0.8374 | train_acc 88.80%
[Stage2/Head] ep 93/120 | loss 1.3502 | ce 0.5089 | logit 0.8413 | train_acc 88.70%
[Stage2/Head] ep 94/120 | loss 1.3411 | ce 0.4917 | logit 0.8494 | train_acc 88.90%
[Stage2/Head] ep 95/120 | loss 1.3276 | ce 0.5041 | logit 0.8234 | train_acc 89.29%
[Stage2/Head] ep 96/120 | loss 1.3399 | ce 0.4836 | logit 0.8563 | train_acc 89.09%
[Stage2/Head] ep 97/120 | loss 1.3066 | ce 0.4786 | logit 0.8280 | train_acc 89.15%
[Stage2/Head] ep 98/120 | loss 1.3507 | ce 0.4911 | logit 0.8596 | train_acc 88.56%
[Stage2/Head] ep 99/120 | loss 1.3406 | ce 0.4717 | logit 0.8688 | train_acc 88.91%
[Stage2/Head] ep 100/120 | loss 1.3193 | ce 0.4802 | logit 0.8391 | train_acc 89.01%
[Stage2/Head] ep 101/120 | loss 1.3645 | ce 0.4895 | logit 0.8750 | train_acc 88.39%
[Stage2/Head] ep 102/120 | loss 1.2989 | ce 0.4702 | logit 0.8288 | train_acc 89.03%
[Stage2/Head] ep 103/120 | loss 1.3073 | ce 0.4627 | logit 0.8447 | train_acc 88.97%
[Stage2/Head] ep 104/120 | loss 1.3105 | ce 0.4883 | logit 0.8222 | train_acc 88.94%
[Stage2/Head] ep 105/120 | loss 1.3053 | ce 0.4614 | logit 0.8439 | train_acc 88.84%
[Stage2/Head] ep 106/120 | loss 1.3077 | ce 0.4813 | logit 0.8264 | train_acc 88.69%
[Stage2/Head] ep 107/120 | loss 1.3167 | ce 0.4745 | logit 0.8422 | train_acc 88.79%
[Stage2/Head] ep 108/120 | loss 1.3006 | ce 0.4926 | logit 0.8080 | train_acc 89.08%
[Stage2/Head] ep 109/120 | loss 1.3028 | ce 0.4819 | logit 0.8209 | train_acc 88.70%
[Stage2/Head] ep 110/120 | loss 1.3065 | ce 0.4812 | logit 0.8254 | train_acc 89.25%
[Stage2/Head] ep 111/120 | loss 1.2844 | ce 0.4682 | logit 0.8161 | train_acc 89.20%
[Stage2/Head] ep 112/120 | loss 1.3138 | ce 0.4800 | logit 0.8338 | train_acc 89.19%
[Stage2/Head] ep 113/120 | loss 1.2931 | ce 0.4606 | logit 0.8325 | train_acc 89.30%
[Stage2/Head] ep 114/120 | loss 1.3259 | ce 0.4724 | logit 0.8535 | train_acc 88.58%
[Stage2/Head] ep 115/120 | loss 1.3214 | ce 0.4866 | logit 0.8348 | train_acc 89.03%
[Stage2/Head] ep 116/120 | loss 1.3232 | ce 0.4894 | logit 0.8337 | train_acc 88.90%
[Stage2/Head] ep 117/120 | loss 1.2919 | ce 0.4632 | logit 0.8287 | train_acc 89.39%
[Stage2/Head] ep 118/120 | loss 1.2842 | ce 0.4777 | logit 0.8065 | train_acc 89.39%
[Stage2/Head] ep 119/120 | loss 1.3042 | ce 0.4927 | logit 0.8114 | train_acc 89.16%
[Stage2/Head] ep 120/120 | loss 1.2580 | ce 0.4615 | logit 0.7965 | train_acc 89.35%
[Task 1] Training done in 5.52 min.
[Task 1] Test (on new class only) -> ce_loss: 0.3456, acc: 87.56%, rec_loss: 24.1207
  - Filtering train: keep top 95.0% per class based on returned scores.
[Task 1] Wrote CSVs to: ./runs_mnist_continual/run_20260219_122841/task1
Accuracies on seen tasks:
  Task 0 [0,1,2,3,4]: 93.19%
  Task 1 [5]: 87.56%
Mean over seen tasks (0..1): 90.37%
[Task 1] Running Rscript to produce: ./runs_mnist_continual/run_20260219_122841/task1/inducing_points.csv
Loading required package: Matrix

Attaching package: ‘dplyr’

The following objects are masked from ‘package:stats’:

    filter, lag

The following objects are masked from ‘package:base’:

    intersect, setdiff, setequal, union

This is gplite version 0.13.0
Directory already exists: ./runs_mnist_continual/run_20260219_122841/task1 
[1] "Using original Y values (no log-space transform)"
[1] "Using GP package: laGP"
[1] "======================================"
[1] "---- Start Training GPs for existing classes ----"
[1] "class 0 training sample size (indclude 50 samples from other classes): 810"
[1] "class 0 validation set sample size (indclude 50 samples from other classes): 240"
[1] "Selecting 760 inducing points"
[1] "validation MSE for class0: 1.47288632109482"
[1] "Current inducing_points dim: 760 x 16"
[1] "class 1 training sample size (indclude 50 samples from other classes): 810"
[1] "class 1 validation set sample size (indclude 50 samples from other classes): 240"
[1] "Selecting 760 inducing points"
[1] "validation MSE for class1: 0.530677798888721"
[1] "Current inducing_points dim: 1520 x 16"
[1] "class 2 training sample size (indclude 50 samples from other classes): 810"
[1] "class 2 validation set sample size (indclude 50 samples from other classes): 240"
[1] "Selecting 760 inducing points"
[1] "validation MSE for class2: 1.43364742929489"
[1] "Current inducing_points dim: 2280 x 16"
[1] "class 3 training sample size (indclude 50 samples from other classes): 810"
[1] "class 3 validation set sample size (indclude 50 samples from other classes): 240"
[1] "Selecting 760 inducing points"
[1] "validation MSE for class3: 2.65438155317057"
[1] "Current inducing_points dim: 3040 x 16"
[1] "class 4 training sample size (indclude 50 samples from other classes): 810"
[1] "class 4 validation set sample size (indclude 50 samples from other classes): 240"
[1] "Selecting 760 inducing points"
[1] "validation MSE for class4: 1.97547305755612"
[1] "Current inducing_points dim: 3800 x 16"
[1] "class 5 training sample size (indclude 50 samples from other classes): 2050"
[1] "class 5 validation set sample size (indclude 50 samples from other classes): 620"
[1] "Selecting 1000 inducing points"
[1] "validation MSE for class5: 3.12203105966281"
[1] "Current inducing_points dim: 4800 x 16"
[1] "Train Finished"
[1] "---------------------"
[1] "Inducing Points Saved"
[1] "---------------------"
[1] "Expected testing data total: 6000"
[1] "total test df size: 6000"
 num [1:6000] 2 1 0 4 1 4 0 0 1 3 ...

   0    1    2    3    4    5 
 980 1135 1032 1010  982  861 
[1] "class 0 test data size:980"
[1] "class 1 test data size:1135"
[1] "class 2 test data size:1032"
[1] "class 3 test data size:1010"
[1] "class 4 test data size:982"
[1] "class 5 test data size:861"
[1] "Testset GPs:"
[1] "Total accuracy: 0.919666666666667"
[1] "Confusion Matrix for Class:0"
                   Actual_Positive Actual_Negative
Predicted_Positive             901              38
Predicted_Negative              79            4982
[1] "Accuracy: 0.9805"
[1] "Precision: 0.959531416400426"
[1] "Recall for Class: 0.919387755102041"
[1] "F1 Score for Class: 0.939030745179781"
[1] "Confusion Matrix for Class:1"
                   Actual_Positive Actual_Negative
Predicted_Positive            1099              25
Predicted_Negative              36            4840
[1] "Accuracy: 0.989833333333333"
[1] "Precision: 0.977758007117438"
[1] "Recall for Class: 0.968281938325991"
[1] "F1 Score for Class: 0.972996901283754"
[1] "Confusion Matrix for Class:2"
                   Actual_Positive Actual_Negative
Predicted_Positive             958              84
Predicted_Negative              74            4884
[1] "Accuracy: 0.973666666666667"
[1] "Precision: 0.919385796545106"
[1] "Recall for Class: 0.928294573643411"
[1] "F1 Score for Class: 0.923818707810993"
[1] "Confusion Matrix for Class:3"
                   Actual_Positive Actual_Negative
Predicted_Positive             856              55
Predicted_Negative             154            4935
[1] "Accuracy: 0.965166666666667"
[1] "Precision: 0.939626783754116"
[1] "Recall for Class: 0.847524752475248"
[1] "F1 Score for Class: 0.891202498698595"
[1] "Confusion Matrix for Class:4"
                   Actual_Positive Actual_Negative
Predicted_Positive             959              99
Predicted_Negative              23            4919
[1] "Accuracy: 0.979666666666667"
[1] "Precision: 0.906427221172023"
[1] "Recall for Class: 0.976578411405295"
[1] "F1 Score for Class: 0.940196078431373"
[1] "Confusion Matrix for Class:5"
                   Actual_Positive Actual_Negative
Predicted_Positive             745             181
Predicted_Negative             116            4958
[1] "Accuracy: 0.9505"
[1] "Precision: 0.804535637149028"
[1] "Recall for Class: 0.86527293844367"
[1] "F1 Score for Class: 0.833799664241746"
[1] "GPc0 distribution statistics for0, 1, 2, 3, 4, 5:"
[1] "mean: 0.884890395697711, -0.0679697363476816, 0.0492779543512162, -0.0117308957470401, -0.0397722113995573, 0.0794047265689621"
[1] "sd: 0.184492531397148, 0.100601603412811, 0.226112843856249, 0.200323648110315, 0.18536673980015, 0.27989435515142"
[1] "---------------------"
[1] "GPc1 distribution statistics for0, 1, 2, 3, 4, 5:"
[1] "mean: 0.00233882892924713, 0.939855934533664, 0.0328422468441384, 0.0342890836756206, 0.0430618038378732, 0.0309739292095385"
[1] "sd: 0.0174883944588019, 0.136247733140627, 0.0985366155934651, 0.102023423397352, 0.103668915056614, 0.0983646744115779"
[1] "---------------------"
[1] "GPc2 distribution statistics for0, 1, 2, 3, 4, 5:"
[1] "mean: 0.00604716608278463, 0.0220874176599322, 0.881469946271037, 0.160398077600474, 0.0827005472951972, 0.0453042738806654"
[1] "sd: 0.155865672761203, 0.179106384506554, 0.155691577255445, 0.270892409640312, 0.180763931980726, 0.216087738936855"
[1] "---------------------"
[1] "GPc3 distribution statistics for0, 1, 2, 3, 4, 5:"
[1] "mean: -0.046396293365043, -0.0864461311108526, -0.0434666343544823, 0.810239078349645, 0.0124040294032119, 0.0861568763324517"
[1] "sd: 0.214681249065703, 0.291696680273631, 0.302276443168128, 0.245903028964251, 0.171702460318941, 0.294991913873011"
[1] "---------------------"
[1] "GPc4 distribution statistics for0, 1, 2, 3, 4, 5:"
[1] "mean: -0.0212265238221457, 0.197609063980578, 0.115784000293301, 0.0465126139371208, 0.93935880090313, 0.11853893174776"
[1] "sd: 0.252302475724634, 0.208253404281346, 0.272498399240852, 0.229251138424649, 0.0978713306459103, 0.334054733020536"
[1] "---------------------"
[1] "GPc5 distribution statistics for0, 1, 2, 3, 4, 5:"
[1] "mean: 0.0553906147524957, -0.00588964389697852, 0.00463191446796911, 0.0625249401488352, -0.00820039836011937, 0.842604219208605"
[1] "sd: 0.38014854521288, 0.159554609579833, 0.171903091332512, 0.386425906149243, 0.335308067405362, 0.217759229173996"
[1] "---------------------"
Warning message:
Removed 1 row containing missing values or values outside the scale range
(`geom_bar()`). 
[1] "Save Results"
null device 
          1 
[Task 1] Loaded from R CSV: 4800 rows, f_size=16
[Task 1] Decoded images: torch.Size([4800, 1, 28, 28]) -> recovered dataset size 4800
[Task 1] Augmenting Task 2 training set with 4800 recovered samples.

================================================================================
Starting Task 2: digits [6]
Training samples size: 7800
================================================================================
[Stage1/AE] ep 1/240 | loss 1.0695 | rec 0.0411 | feat 1.0284 | train_acc 47.73%
[Stage1/AE] ep 2/240 | loss 0.8556 | rec 0.0365 | feat 0.8191 | train_acc 48.88%
[Stage1/AE] ep 3/240 | loss 0.8488 | rec 0.0354 | feat 0.8134 | train_acc 48.65%
[Stage1/AE] ep 4/240 | loss 0.8150 | rec 0.0344 | feat 0.7806 | train_acc 48.64%
[Stage1/AE] ep 5/240 | loss 0.8008 | rec 0.0343 | feat 0.7665 | train_acc 48.44%
[Stage1/AE] ep 6/240 | loss 0.7917 | rec 0.0340 | feat 0.7577 | train_acc 48.96%
[Stage1/AE] ep 7/240 | loss 0.7922 | rec 0.0337 | feat 0.7585 | train_acc 49.21%
[Stage1/AE] ep 8/240 | loss 0.7798 | rec 0.0336 | feat 0.7463 | train_acc 48.77%
[Stage1/AE] ep 9/240 | loss 0.7802 | rec 0.0333 | feat 0.7470 | train_acc 48.44%
[Stage1/AE] ep 10/240 | loss 0.7867 | rec 0.0329 | feat 0.7539 | train_acc 48.72%
[Stage1/AE] ep 11/240 | loss 0.7635 | rec 0.0326 | feat 0.7309 | train_acc 48.46%
[Stage1/AE] ep 12/240 | loss 0.7770 | rec 0.0327 | feat 0.7443 | train_acc 48.54%
[Stage1/AE] ep 13/240 | loss 0.7690 | rec 0.0329 | feat 0.7361 | train_acc 48.77%
[Stage1/AE] ep 14/240 | loss 0.7653 | rec 0.0326 | feat 0.7326 | train_acc 48.46%
[Stage1/AE] ep 15/240 | loss 0.7487 | rec 0.0325 | feat 0.7163 | train_acc 48.19%
[Stage1/AE] ep 16/240 | loss 0.7597 | rec 0.0322 | feat 0.7275 | train_acc 49.38%
[Stage1/AE] ep 17/240 | loss 0.7550 | rec 0.0322 | feat 0.7228 | train_acc 48.65%
[Stage1/AE] ep 18/240 | loss 0.7441 | rec 0.0322 | feat 0.7119 | train_acc 48.49%
[Stage1/AE] ep 19/240 | loss 0.7361 | rec 0.0321 | feat 0.7040 | train_acc 48.01%
[Stage1/AE] ep 20/240 | loss 0.7262 | rec 0.0321 | feat 0.6941 | train_acc 48.58%
[Stage1/AE] ep 21/240 | loss 0.7350 | rec 0.0320 | feat 0.7029 | train_acc 49.18%
[Stage1/AE] ep 22/240 | loss 0.7301 | rec 0.0319 | feat 0.6982 | train_acc 49.05%
[Stage1/AE] ep 23/240 | loss 0.7296 | rec 0.0318 | feat 0.6979 | train_acc 48.41%
[Stage1/AE] ep 24/240 | loss 0.7227 | rec 0.0317 | feat 0.6910 | train_acc 49.13%
[Stage1/AE] ep 25/240 | loss 0.7104 | rec 0.0318 | feat 0.6786 | train_acc 48.58%
[Stage1/AE] ep 26/240 | loss 0.7073 | rec 0.0317 | feat 0.6755 | train_acc 49.13%
[Stage1/AE] ep 27/240 | loss 0.7086 | rec 0.0317 | feat 0.6769 | train_acc 49.00%
[Stage1/AE] ep 28/240 | loss 0.7063 | rec 0.0317 | feat 0.6746 | train_acc 48.69%
[Stage1/AE] ep 29/240 | loss 0.7204 | rec 0.0313 | feat 0.6891 | train_acc 48.68%
[Stage1/AE] ep 30/240 | loss 0.7181 | rec 0.0314 | feat 0.6867 | train_acc 48.69%
[Stage1/AE] ep 31/240 | loss 0.7094 | rec 0.0314 | feat 0.6780 | train_acc 48.88%
[Stage1/AE] ep 32/240 | loss 0.7101 | rec 0.0316 | feat 0.6785 | train_acc 48.44%
[Stage1/AE] ep 33/240 | loss 0.7023 | rec 0.0312 | feat 0.6711 | train_acc 49.04%
[Stage1/AE] ep 34/240 | loss 0.6970 | rec 0.0313 | feat 0.6658 | train_acc 48.27%
[Stage1/AE] ep 35/240 | loss 0.7046 | rec 0.0315 | feat 0.6732 | train_acc 48.59%
[Stage1/AE] ep 36/240 | loss 0.6969 | rec 0.0313 | feat 0.6656 | train_acc 48.76%
[Stage1/AE] ep 37/240 | loss 0.6969 | rec 0.0314 | feat 0.6656 | train_acc 48.73%
[Stage1/AE] ep 38/240 | loss 0.7067 | rec 0.0310 | feat 0.6758 | train_acc 48.73%
[Stage1/AE] ep 39/240 | loss 0.6903 | rec 0.0311 | feat 0.6592 | train_acc 49.46%
[Stage1/AE] ep 40/240 | loss 0.6976 | rec 0.0311 | feat 0.6665 | train_acc 49.12%
[Stage1/AE] ep 41/240 | loss 0.6912 | rec 0.0311 | feat 0.6602 | train_acc 48.05%
[Stage1/AE] ep 42/240 | loss 0.6888 | rec 0.0311 | feat 0.6578 | train_acc 48.82%
[Stage1/AE] ep 43/240 | loss 0.6772 | rec 0.0311 | feat 0.6460 | train_acc 48.67%
[Stage1/AE] ep 44/240 | loss 0.6937 | rec 0.0309 | feat 0.6628 | train_acc 48.71%
[Stage1/AE] ep 45/240 | loss 0.6821 | rec 0.0309 | feat 0.6512 | train_acc 49.06%
[Stage1/AE] ep 46/240 | loss 0.6842 | rec 0.0310 | feat 0.6532 | train_acc 48.92%
[Stage1/AE] ep 47/240 | loss 0.6782 | rec 0.0308 | feat 0.6475 | train_acc 49.26%
[Stage1/AE] ep 48/240 | loss 0.6714 | rec 0.0308 | feat 0.6406 | train_acc 48.92%
[Stage1/AE] ep 49/240 | loss 0.6713 | rec 0.0307 | feat 0.6406 | train_acc 49.15%
[Stage1/AE] ep 50/240 | loss 0.6719 | rec 0.0306 | feat 0.6413 | train_acc 49.29%
[Stage1/AE] ep 51/240 | loss 0.6571 | rec 0.0304 | feat 0.6267 | train_acc 48.91%
[Stage1/AE] ep 52/240 | loss 0.6582 | rec 0.0305 | feat 0.6276 | train_acc 48.49%
[Stage1/AE] ep 53/240 | loss 0.6439 | rec 0.0306 | feat 0.6133 | train_acc 49.01%
[Stage1/AE] ep 54/240 | loss 0.6709 | rec 0.0306 | feat 0.6403 | train_acc 49.27%
[Stage1/AE] ep 55/240 | loss 0.6618 | rec 0.0304 | feat 0.6314 | train_acc 49.06%
[Stage1/AE] ep 56/240 | loss 0.6632 | rec 0.0305 | feat 0.6327 | train_acc 48.88%
[Stage1/AE] ep 57/240 | loss 0.6660 | rec 0.0304 | feat 0.6356 | train_acc 49.33%
[Stage1/AE] ep 58/240 | loss 0.6527 | rec 0.0305 | feat 0.6222 | train_acc 49.26%
[Stage1/AE] ep 59/240 | loss 0.6581 | rec 0.0305 | feat 0.6276 | train_acc 48.87%
[Stage1/AE] ep 60/240 | loss 0.6413 | rec 0.0304 | feat 0.6109 | train_acc 49.42%
[Stage1/AE] ep 61/240 | loss 0.6498 | rec 0.0303 | feat 0.6195 | train_acc 49.27%
[Stage1/AE] ep 62/240 | loss 0.6512 | rec 0.0302 | feat 0.6210 | train_acc 49.21%
[Stage1/AE] ep 63/240 | loss 0.6576 | rec 0.0304 | feat 0.6272 | train_acc 48.86%
[Stage1/AE] ep 64/240 | loss 0.6463 | rec 0.0304 | feat 0.6159 | train_acc 48.82%
[Stage1/AE] ep 65/240 | loss 0.6542 | rec 0.0305 | feat 0.6237 | train_acc 49.45%
[Stage1/AE] ep 66/240 | loss 0.6473 | rec 0.0302 | feat 0.6170 | train_acc 49.54%
[Stage1/AE] ep 67/240 | loss 0.6388 | rec 0.0302 | feat 0.6085 | train_acc 49.08%
[Stage1/AE] ep 68/240 | loss 0.6478 | rec 0.0300 | feat 0.6177 | train_acc 48.73%
[Stage1/AE] ep 69/240 | loss 0.6383 | rec 0.0304 | feat 0.6080 | train_acc 49.31%
[Stage1/AE] ep 70/240 | loss 0.6308 | rec 0.0303 | feat 0.6005 | train_acc 48.97%
[Stage1/AE] ep 71/240 | loss 0.6338 | rec 0.0302 | feat 0.6036 | train_acc 48.92%
[Stage1/AE] ep 72/240 | loss 0.6248 | rec 0.0302 | feat 0.5946 | train_acc 48.96%
[Stage1/AE] ep 73/240 | loss 0.6250 | rec 0.0302 | feat 0.5948 | train_acc 49.28%
[Stage1/AE] ep 74/240 | loss 0.6191 | rec 0.0301 | feat 0.5889 | train_acc 49.32%
[Stage1/AE] ep 75/240 | loss 0.6443 | rec 0.0299 | feat 0.6144 | train_acc 48.92%
[Stage1/AE] ep 76/240 | loss 0.6437 | rec 0.0301 | feat 0.6136 | train_acc 49.23%
[Stage1/AE] ep 77/240 | loss 0.6389 | rec 0.0299 | feat 0.6090 | train_acc 49.01%
[Stage1/AE] ep 78/240 | loss 0.6257 | rec 0.0300 | feat 0.5957 | train_acc 49.23%
[Stage1/AE] ep 79/240 | loss 0.6310 | rec 0.0299 | feat 0.6010 | train_acc 49.00%
[Stage1/AE] ep 80/240 | loss 0.6271 | rec 0.0300 | feat 0.5971 | train_acc 49.05%
[Stage1/AE] ep 81/240 | loss 0.6265 | rec 0.0299 | feat 0.5966 | train_acc 48.97%
[Stage1/AE] ep 82/240 | loss 0.6116 | rec 0.0299 | feat 0.5817 | train_acc 48.83%
[Stage1/AE] ep 83/240 | loss 0.6278 | rec 0.0298 | feat 0.5979 | train_acc 49.00%
[Stage1/AE] ep 84/240 | loss 0.6164 | rec 0.0300 | feat 0.5864 | train_acc 49.21%
[Stage1/AE] ep 85/240 | loss 0.6307 | rec 0.0299 | feat 0.6008 | train_acc 49.14%
[Stage1/AE] ep 86/240 | loss 0.6236 | rec 0.0300 | feat 0.5936 | train_acc 49.64%
[Stage1/AE] ep 87/240 | loss 0.6247 | rec 0.0299 | feat 0.5948 | train_acc 49.41%
[Stage1/AE] ep 88/240 | loss 0.6218 | rec 0.0296 | feat 0.5922 | train_acc 49.76%
[Stage1/AE] ep 89/240 | loss 0.6195 | rec 0.0296 | feat 0.5898 | train_acc 49.47%
[Stage1/AE] ep 90/240 | loss 0.6252 | rec 0.0298 | feat 0.5954 | train_acc 49.37%
[Stage1/AE] ep 91/240 | loss 0.6230 | rec 0.0297 | feat 0.5933 | train_acc 49.03%
[Stage1/AE] ep 92/240 | loss 0.6236 | rec 0.0297 | feat 0.5938 | train_acc 49.40%
[Stage1/AE] ep 93/240 | loss 0.6108 | rec 0.0297 | feat 0.5811 | train_acc 49.15%
[Stage1/AE] ep 94/240 | loss 0.6121 | rec 0.0296 | feat 0.5825 | train_acc 49.64%
[Stage1/AE] ep 95/240 | loss 0.6259 | rec 0.0298 | feat 0.5961 | train_acc 48.82%
[Stage1/AE] ep 96/240 | loss 0.6048 | rec 0.0297 | feat 0.5751 | train_acc 49.24%
[Stage1/AE] ep 97/240 | loss 0.6058 | rec 0.0293 | feat 0.5765 | train_acc 49.50%
[Stage1/AE] ep 98/240 | loss 0.6020 | rec 0.0294 | feat 0.5726 | train_acc 49.29%
[Stage1/AE] ep 99/240 | loss 0.6174 | rec 0.0296 | feat 0.5879 | train_acc 49.18%
[Stage1/AE] ep 100/240 | loss 0.6176 | rec 0.0294 | feat 0.5882 | train_acc 48.95%
[Stage1/AE] ep 101/240 | loss 0.5950 | rec 0.0294 | feat 0.5656 | train_acc 49.68%
[Stage1/AE] ep 102/240 | loss 0.6102 | rec 0.0296 | feat 0.5805 | train_acc 49.26%
[Stage1/AE] ep 103/240 | loss 0.6019 | rec 0.0295 | feat 0.5724 | train_acc 49.35%
[Stage1/AE] ep 104/240 | loss 0.5943 | rec 0.0295 | feat 0.5648 | train_acc 49.38%
[Stage1/AE] ep 105/240 | loss 0.6155 | rec 0.0296 | feat 0.5858 | train_acc 49.01%
[Stage1/AE] ep 106/240 | loss 0.5957 | rec 0.0294 | feat 0.5663 | train_acc 49.35%
[Stage1/AE] ep 107/240 | loss 0.6070 | rec 0.0294 | feat 0.5776 | train_acc 49.24%
[Stage1/AE] ep 108/240 | loss 0.6081 | rec 0.0292 | feat 0.5789 | train_acc 48.97%
[Stage1/AE] ep 109/240 | loss 0.5971 | rec 0.0293 | feat 0.5678 | train_acc 49.71%
[Stage1/AE] ep 110/240 | loss 0.5911 | rec 0.0293 | feat 0.5617 | train_acc 49.36%
[Stage1/AE] ep 111/240 | loss 0.5968 | rec 0.0295 | feat 0.5673 | train_acc 49.26%
[Stage1/AE] ep 112/240 | loss 0.6057 | rec 0.0292 | feat 0.5765 | train_acc 49.18%
[Stage1/AE] ep 113/240 | loss 0.6112 | rec 0.0292 | feat 0.5820 | train_acc 49.54%
[Stage1/AE] ep 114/240 | loss 0.5898 | rec 0.0291 | feat 0.5606 | train_acc 49.35%
[Stage1/AE] ep 115/240 | loss 0.5865 | rec 0.0292 | feat 0.5573 | train_acc 49.65%
[Stage1/AE] ep 116/240 | loss 0.5805 | rec 0.0291 | feat 0.5515 | train_acc 49.38%
[Stage1/AE] ep 117/240 | loss 0.5895 | rec 0.0292 | feat 0.5603 | train_acc 49.14%
[Stage1/AE] ep 118/240 | loss 0.5884 | rec 0.0292 | feat 0.5592 | train_acc 49.59%
[Stage1/AE] ep 119/240 | loss 0.5985 | rec 0.0293 | feat 0.5692 | train_acc 48.94%
[Stage1/AE] ep 120/240 | loss 0.5870 | rec 0.0293 | feat 0.5578 | train_acc 49.42%
[Stage1/AE] ep 121/240 | loss 0.5901 | rec 0.0291 | feat 0.5610 | train_acc 49.28%
[Stage1/AE] ep 122/240 | loss 0.5928 | rec 0.0292 | feat 0.5636 | train_acc 49.41%
[Stage1/AE] ep 123/240 | loss 0.5893 | rec 0.0289 | feat 0.5604 | train_acc 49.46%
[Stage1/AE] ep 124/240 | loss 0.5728 | rec 0.0292 | feat 0.5437 | train_acc 49.81%
[Stage1/AE] ep 125/240 | loss 0.5952 | rec 0.0290 | feat 0.5662 | train_acc 49.67%
[Stage1/AE] ep 126/240 | loss 0.5880 | rec 0.0290 | feat 0.5590 | train_acc 49.78%
[Stage1/AE] ep 127/240 | loss 0.5792 | rec 0.0294 | feat 0.5498 | train_acc 49.64%
[Stage1/AE] ep 128/240 | loss 0.5860 | rec 0.0292 | feat 0.5568 | train_acc 49.63%
[Stage1/AE] ep 129/240 | loss 0.5861 | rec 0.0289 | feat 0.5571 | train_acc 49.04%
[Stage1/AE] ep 130/240 | loss 0.5793 | rec 0.0290 | feat 0.5503 | train_acc 49.50%
[Stage1/AE] ep 131/240 | loss 0.5910 | rec 0.0288 | feat 0.5622 | train_acc 49.58%
[Stage1/AE] ep 132/240 | loss 0.5767 | rec 0.0293 | feat 0.5474 | train_acc 49.54%
[Stage1/AE] ep 133/240 | loss 0.5892 | rec 0.0290 | feat 0.5602 | train_acc 49.71%
[Stage1/AE] ep 134/240 | loss 0.5756 | rec 0.0288 | feat 0.5468 | train_acc 49.33%
[Stage1/AE] ep 135/240 | loss 0.5933 | rec 0.0289 | feat 0.5644 | train_acc 49.76%
[Stage1/AE] ep 136/240 | loss 0.5756 | rec 0.0288 | feat 0.5468 | train_acc 49.88%
[Stage1/AE] ep 137/240 | loss 0.5879 | rec 0.0289 | feat 0.5590 | train_acc 49.41%
[Stage1/AE] ep 138/240 | loss 0.5807 | rec 0.0288 | feat 0.5518 | train_acc 49.33%
[Stage1/AE] ep 139/240 | loss 0.5672 | rec 0.0288 | feat 0.5383 | train_acc 49.64%
[Stage1/AE] ep 140/240 | loss 0.5694 | rec 0.0288 | feat 0.5405 | train_acc 50.15%
[Stage1/AE] ep 141/240 | loss 0.5781 | rec 0.0289 | feat 0.5492 | train_acc 49.32%
[Stage1/AE] ep 142/240 | loss 0.5728 | rec 0.0287 | feat 0.5441 | train_acc 49.72%
[Stage1/AE] ep 143/240 | loss 0.5744 | rec 0.0289 | feat 0.5455 | train_acc 49.51%
[Stage1/AE] ep 144/240 | loss 0.5686 | rec 0.0290 | feat 0.5396 | train_acc 49.88%
[Stage1/AE] ep 145/240 | loss 0.5725 | rec 0.0288 | feat 0.5437 | train_acc 49.45%
[Stage1/AE] ep 146/240 | loss 0.5717 | rec 0.0288 | feat 0.5429 | train_acc 49.77%
[Stage1/AE] ep 147/240 | loss 0.5726 | rec 0.0288 | feat 0.5438 | train_acc 49.47%
[Stage1/AE] ep 148/240 | loss 0.5654 | rec 0.0286 | feat 0.5368 | train_acc 49.74%
[Stage1/AE] ep 149/240 | loss 0.5722 | rec 0.0288 | feat 0.5433 | train_acc 49.54%
[Stage1/AE] ep 150/240 | loss 0.5717 | rec 0.0286 | feat 0.5431 | train_acc 49.22%
[Stage1/AE] ep 151/240 | loss 0.5662 | rec 0.0286 | feat 0.5376 | train_acc 49.53%
[Stage1/AE] ep 152/240 | loss 0.5597 | rec 0.0286 | feat 0.5312 | train_acc 49.83%
[Stage1/AE] ep 153/240 | loss 0.5689 | rec 0.0286 | feat 0.5403 | train_acc 50.29%
[Stage1/AE] ep 154/240 | loss 0.5474 | rec 0.0287 | feat 0.5186 | train_acc 50.40%
[Stage1/AE] ep 155/240 | loss 0.5637 | rec 0.0286 | feat 0.5350 | train_acc 49.67%
[Stage1/AE] ep 156/240 | loss 0.5730 | rec 0.0287 | feat 0.5443 | train_acc 49.54%
[Stage1/AE] ep 157/240 | loss 0.5603 | rec 0.0284 | feat 0.5318 | train_acc 49.38%
[Stage1/AE] ep 158/240 | loss 0.5793 | rec 0.0286 | feat 0.5507 | train_acc 49.36%
[Stage1/AE] ep 159/240 | loss 0.5718 | rec 0.0287 | feat 0.5431 | train_acc 49.54%
[Stage1/AE] ep 160/240 | loss 0.5701 | rec 0.0288 | feat 0.5413 | train_acc 50.12%
[Stage1/AE] ep 161/240 | loss 0.5609 | rec 0.0288 | feat 0.5321 | train_acc 50.12%
[Stage1/AE] ep 162/240 | loss 0.5627 | rec 0.0284 | feat 0.5343 | train_acc 50.13%
[Stage1/AE] ep 163/240 | loss 0.5753 | rec 0.0287 | feat 0.5466 | train_acc 49.62%
[Stage1/AE] ep 164/240 | loss 0.5610 | rec 0.0285 | feat 0.5326 | train_acc 49.77%
[Stage1/AE] ep 165/240 | loss 0.5538 | rec 0.0287 | feat 0.5251 | train_acc 49.72%
[Stage1/AE] ep 166/240 | loss 0.5535 | rec 0.0285 | feat 0.5250 | train_acc 50.40%
[Stage1/AE] ep 167/240 | loss 0.5750 | rec 0.0285 | feat 0.5464 | train_acc 49.67%
[Stage1/AE] ep 168/240 | loss 0.5487 | rec 0.0283 | feat 0.5204 | train_acc 49.59%
[Stage1/AE] ep 169/240 | loss 0.5637 | rec 0.0286 | feat 0.5351 | train_acc 49.50%
[Stage1/AE] ep 170/240 | loss 0.5657 | rec 0.0286 | feat 0.5371 | train_acc 49.96%
[Stage1/AE] ep 171/240 | loss 0.5642 | rec 0.0284 | feat 0.5357 | train_acc 49.55%
[Stage1/AE] ep 172/240 | loss 0.5596 | rec 0.0285 | feat 0.5311 | train_acc 49.86%
[Stage1/AE] ep 173/240 | loss 0.5616 | rec 0.0285 | feat 0.5331 | train_acc 50.01%
[Stage1/AE] ep 174/240 | loss 0.5603 | rec 0.0285 | feat 0.5317 | train_acc 49.94%
[Stage1/AE] ep 175/240 | loss 0.5544 | rec 0.0285 | feat 0.5259 | train_acc 49.69%
[Stage1/AE] ep 176/240 | loss 0.5645 | rec 0.0283 | feat 0.5363 | train_acc 49.71%
[Stage1/AE] ep 177/240 | loss 0.5516 | rec 0.0286 | feat 0.5231 | train_acc 49.68%
[Stage1/AE] ep 178/240 | loss 0.5612 | rec 0.0284 | feat 0.5327 | train_acc 49.50%
[Stage1/AE] ep 179/240 | loss 0.5489 | rec 0.0283 | feat 0.5207 | train_acc 49.83%
[Stage1/AE] ep 180/240 | loss 0.5554 | rec 0.0281 | feat 0.5273 | train_acc 50.19%
[Stage1/AE] ep 181/240 | loss 0.5537 | rec 0.0283 | feat 0.5253 | train_acc 50.18%
[Stage1/AE] ep 182/240 | loss 0.5551 | rec 0.0284 | feat 0.5267 | train_acc 49.76%
[Stage1/AE] ep 183/240 | loss 0.5583 | rec 0.0282 | feat 0.5301 | train_acc 50.18%
[Stage1/AE] ep 184/240 | loss 0.5656 | rec 0.0284 | feat 0.5372 | train_acc 49.68%
[Stage1/AE] ep 185/240 | loss 0.5493 | rec 0.0285 | feat 0.5208 | train_acc 50.10%
[Stage1/AE] ep 186/240 | loss 0.5627 | rec 0.0283 | feat 0.5343 | train_acc 49.96%
[Stage1/AE] ep 187/240 | loss 0.5514 | rec 0.0281 | feat 0.5232 | train_acc 49.60%
[Stage1/AE] ep 188/240 | loss 0.5565 | rec 0.0282 | feat 0.5283 | train_acc 49.88%
[Stage1/AE] ep 189/240 | loss 0.5456 | rec 0.0280 | feat 0.5175 | train_acc 50.10%
[Stage1/AE] ep 190/240 | loss 0.5421 | rec 0.0282 | feat 0.5139 | train_acc 49.17%
[Stage1/AE] ep 191/240 | loss 0.5395 | rec 0.0282 | feat 0.5113 | train_acc 50.29%
[Stage1/AE] ep 192/240 | loss 0.5369 | rec 0.0281 | feat 0.5087 | train_acc 50.23%
[Stage1/AE] ep 193/240 | loss 0.5436 | rec 0.0281 | feat 0.5155 | train_acc 49.63%
[Stage1/AE] ep 194/240 | loss 0.5518 | rec 0.0282 | feat 0.5236 | train_acc 49.81%
[Stage1/AE] ep 195/240 | loss 0.5502 | rec 0.0284 | feat 0.5218 | train_acc 49.69%
[Stage1/AE] ep 196/240 | loss 0.5521 | rec 0.0284 | feat 0.5237 | train_acc 49.73%
[Stage1/AE] ep 197/240 | loss 0.5465 | rec 0.0283 | feat 0.5182 | train_acc 49.78%
[Stage1/AE] ep 198/240 | loss 0.5426 | rec 0.0281 | feat 0.5145 | train_acc 49.83%
[Stage1/AE] ep 199/240 | loss 0.5518 | rec 0.0280 | feat 0.5238 | train_acc 49.58%
[Stage1/AE] ep 200/240 | loss 0.5514 | rec 0.0283 | feat 0.5231 | train_acc 49.76%
[Stage1/AE] ep 201/240 | loss 0.5469 | rec 0.0281 | feat 0.5188 | train_acc 49.33%
[Stage1/AE] ep 202/240 | loss 0.5437 | rec 0.0283 | feat 0.5155 | train_acc 50.04%
[Stage1/AE] ep 203/240 | loss 0.5392 | rec 0.0281 | feat 0.5111 | train_acc 48.95%
[Stage1/AE] ep 204/240 | loss 0.5518 | rec 0.0282 | feat 0.5236 | train_acc 49.88%
[Stage1/AE] ep 205/240 | loss 0.5414 | rec 0.0283 | feat 0.5132 | train_acc 50.00%
[Stage1/AE] ep 206/240 | loss 0.5419 | rec 0.0283 | feat 0.5136 | train_acc 50.12%
[Stage1/AE] ep 207/240 | loss 0.5374 | rec 0.0279 | feat 0.5095 | train_acc 49.86%
[Stage1/AE] ep 208/240 | loss 0.5435 | rec 0.0283 | feat 0.5152 | train_acc 50.46%
[Stage1/AE] ep 209/240 | loss 0.5444 | rec 0.0282 | feat 0.5162 | train_acc 49.94%
[Stage1/AE] ep 210/240 | loss 0.5344 | rec 0.0280 | feat 0.5065 | train_acc 50.09%
[Stage1/AE] ep 211/240 | loss 0.5478 | rec 0.0282 | feat 0.5196 | train_acc 49.81%
[Stage1/AE] ep 212/240 | loss 0.5341 | rec 0.0280 | feat 0.5061 | train_acc 49.73%
[Stage1/AE] ep 213/240 | loss 0.5381 | rec 0.0279 | feat 0.5102 | train_acc 49.96%
[Stage1/AE] ep 214/240 | loss 0.5390 | rec 0.0282 | feat 0.5108 | train_acc 49.23%
[Stage1/AE] ep 215/240 | loss 0.5449 | rec 0.0282 | feat 0.5167 | train_acc 49.78%
[Stage1/AE] ep 216/240 | loss 0.5448 | rec 0.0283 | feat 0.5165 | train_acc 49.47%
[Stage1/AE] ep 217/240 | loss 0.5359 | rec 0.0280 | feat 0.5079 | train_acc 49.79%
[Stage1/AE] ep 218/240 | loss 0.5380 | rec 0.0280 | feat 0.5100 | train_acc 49.83%
[Stage1/AE] ep 219/240 | loss 0.5444 | rec 0.0279 | feat 0.5164 | train_acc 49.59%
[Stage1/AE] ep 220/240 | loss 0.5453 | rec 0.0282 | feat 0.5171 | train_acc 49.83%
[Stage1/AE] ep 221/240 | loss 0.5429 | rec 0.0281 | feat 0.5148 | train_acc 49.81%
[Stage1/AE] ep 222/240 | loss 0.5260 | rec 0.0279 | feat 0.4980 | train_acc 49.71%
[Stage1/AE] ep 223/240 | loss 0.5346 | rec 0.0280 | feat 0.5066 | train_acc 50.15%
[Stage1/AE] ep 224/240 | loss 0.5317 | rec 0.0279 | feat 0.5039 | train_acc 49.83%
[Stage1/AE] ep 225/240 | loss 0.5448 | rec 0.0279 | feat 0.5169 | train_acc 49.67%
[Stage1/AE] ep 226/240 | loss 0.5340 | rec 0.0279 | feat 0.5061 | train_acc 49.96%
[Stage1/AE] ep 227/240 | loss 0.5344 | rec 0.0280 | feat 0.5064 | train_acc 49.95%
[Stage1/AE] ep 228/240 | loss 0.5266 | rec 0.0279 | feat 0.4987 | train_acc 50.04%
[Stage1/AE] ep 229/240 | loss 0.5404 | rec 0.0280 | feat 0.5124 | train_acc 49.85%
[Stage1/AE] ep 230/240 | loss 0.5432 | rec 0.0280 | feat 0.5153 | train_acc 49.67%
[Stage1/AE] ep 231/240 | loss 0.5233 | rec 0.0278 | feat 0.4955 | train_acc 50.23%
[Stage1/AE] ep 232/240 | loss 0.5410 | rec 0.0280 | feat 0.5130 | train_acc 49.79%
[Stage1/AE] ep 233/240 | loss 0.5282 | rec 0.0281 | feat 0.5001 | train_acc 50.13%
[Stage1/AE] ep 234/240 | loss 0.5381 | rec 0.0280 | feat 0.5101 | train_acc 49.85%
[Stage1/AE] ep 235/240 | loss 0.5310 | rec 0.0282 | feat 0.5028 | train_acc 50.04%
[Stage1/AE] ep 236/240 | loss 0.5241 | rec 0.0279 | feat 0.4962 | train_acc 49.97%
[Stage1/AE] ep 237/240 | loss 0.5137 | rec 0.0277 | feat 0.4859 | train_acc 49.77%
[Stage1/AE] ep 238/240 | loss 0.5356 | rec 0.0280 | feat 0.5076 | train_acc 49.63%
[Stage1/AE] ep 239/240 | loss 0.5373 | rec 0.0280 | feat 0.5094 | train_acc 49.82%
[Stage1/AE] ep 240/240 | loss 0.5286 | rec 0.0279 | feat 0.5007 | train_acc 49.72%
[Stage2/Head] ep 1/240 | loss 16.6897 | ce 9.9618 | logit 6.7279 | train_acc 45.15%
[Stage2/Head] ep 2/240 | loss 12.5677 | ce 7.9490 | logit 4.6188 | train_acc 40.50%
[Stage2/Head] ep 3/240 | loss 11.2194 | ce 7.0437 | logit 4.1757 | train_acc 38.99%
[Stage2/Head] ep 4/240 | loss 10.3597 | ce 6.4431 | logit 3.9167 | train_acc 37.79%
[Stage2/Head] ep 5/240 | loss 9.8117 | ce 6.0389 | logit 3.7727 | train_acc 36.37%
[Stage2/Head] ep 6/240 | loss 9.3779 | ce 5.7159 | logit 3.6620 | train_acc 35.94%
[Stage2/Head] ep 7/240 | loss 9.1083 | ce 5.5503 | logit 3.5579 | train_acc 35.24%
[Stage2/Head] ep 8/240 | loss 8.8393 | ce 5.3674 | logit 3.4719 | train_acc 34.96%
[Stage2/Head] ep 9/240 | loss 8.6435 | ce 5.2241 | logit 3.4194 | train_acc 33.87%
[Stage2/Head] ep 10/240 | loss 8.4023 | ce 5.0624 | logit 3.3399 | train_acc 34.00%
[Stage2/Head] ep 11/240 | loss 8.2341 | ce 4.9590 | logit 3.2751 | train_acc 33.85%
[Stage2/Head] ep 12/240 | loss 8.0422 | ce 4.8298 | logit 3.2124 | train_acc 33.36%
[Stage2/Head] ep 13/240 | loss 7.8758 | ce 4.7108 | logit 3.1650 | train_acc 32.94%
[Stage2/Head] ep 14/240 | loss 7.7495 | ce 4.6166 | logit 3.1329 | train_acc 32.40%
[Stage2/Head] ep 15/240 | loss 7.5741 | ce 4.5035 | logit 3.0705 | train_acc 32.59%
[Stage2/Head] ep 16/240 | loss 7.4238 | ce 4.4007 | logit 3.0231 | train_acc 32.71%
[Stage2/Head] ep 17/240 | loss 7.2911 | ce 4.3041 | logit 2.9869 | train_acc 32.04%
[Stage2/Head] ep 18/240 | loss 7.1524 | ce 4.2263 | logit 2.9262 | train_acc 32.46%
[Stage2/Head] ep 19/240 | loss 7.0195 | ce 4.1441 | logit 2.8754 | train_acc 32.62%
[Stage2/Head] ep 20/240 | loss 6.9202 | ce 4.0913 | logit 2.8289 | train_acc 32.60%
[Stage2/Head] ep 21/240 | loss 6.7830 | ce 4.0038 | logit 2.7792 | train_acc 33.01%
[Stage2/Head] ep 22/240 | loss 6.6793 | ce 3.9328 | logit 2.7465 | train_acc 32.86%
[Stage2/Head] ep 23/240 | loss 6.5690 | ce 3.8641 | logit 2.7049 | train_acc 32.96%
[Stage2/Head] ep 24/240 | loss 6.4634 | ce 3.7822 | logit 2.6812 | train_acc 32.82%
[Stage2/Head] ep 25/240 | loss 6.3591 | ce 3.7209 | logit 2.6382 | train_acc 33.17%
[Stage2/Head] ep 26/240 | loss 6.2637 | ce 3.6552 | logit 2.6084 | train_acc 32.97%
[Stage2/Head] ep 27/240 | loss 6.1704 | ce 3.5902 | logit 2.5802 | train_acc 33.06%
[Stage2/Head] ep 28/240 | loss 6.0816 | ce 3.5277 | logit 2.5539 | train_acc 33.09%
[Stage2/Head] ep 29/240 | loss 5.9986 | ce 3.4746 | logit 2.5240 | train_acc 33.22%
[Stage2/Head] ep 30/240 | loss 5.9516 | ce 3.4646 | logit 2.4870 | train_acc 33.56%
[Stage2/Head] ep 31/240 | loss 5.8672 | ce 3.4346 | logit 2.4326 | train_acc 34.14%
[Stage2/Head] ep 32/240 | loss 5.7434 | ce 3.3492 | logit 2.3942 | train_acc 34.24%
[Stage2/Head] ep 33/240 | loss 5.6508 | ce 3.2971 | logit 2.3537 | train_acc 34.71%
[Stage2/Head] ep 34/240 | loss 5.6190 | ce 3.3176 | logit 2.3014 | train_acc 35.33%
[Stage2/Head] ep 35/240 | loss 5.5803 | ce 3.3144 | logit 2.2659 | train_acc 35.41%
[Stage2/Head] ep 36/240 | loss 5.5055 | ce 3.2961 | logit 2.2094 | train_acc 36.32%
[Stage2/Head] ep 37/240 | loss 5.5063 | ce 3.3065 | logit 2.1998 | train_acc 36.35%
[Stage2/Head] ep 38/240 | loss 5.4371 | ce 3.2960 | logit 2.1412 | train_acc 37.04%
[Stage2/Head] ep 39/240 | loss 5.3146 | ce 3.1872 | logit 2.1274 | train_acc 36.67%
[Stage2/Head] ep 40/240 | loss 5.2095 | ce 3.1209 | logit 2.0886 | train_acc 37.44%
[Stage2/Head] ep 41/240 | loss 5.1914 | ce 3.1221 | logit 2.0693 | train_acc 37.72%
[Stage2/Head] ep 42/240 | loss 5.1804 | ce 3.1230 | logit 2.0574 | train_acc 37.60%
[Stage2/Head] ep 43/240 | loss 4.9879 | ce 2.9612 | logit 2.0267 | train_acc 37.59%
[Stage2/Head] ep 44/240 | loss 4.8481 | ce 2.8508 | logit 1.9973 | train_acc 37.78%
[Stage2/Head] ep 45/240 | loss 4.7386 | ce 2.7246 | logit 2.0141 | train_acc 37.00%
[Stage2/Head] ep 46/240 | loss 4.6059 | ce 2.6025 | logit 2.0034 | train_acc 36.94%
[Stage2/Head] ep 47/240 | loss 4.4979 | ce 2.5223 | logit 1.9756 | train_acc 37.22%
[Stage2/Head] ep 48/240 | loss 4.3604 | ce 2.4262 | logit 1.9342 | train_acc 37.10%
[Stage2/Head] ep 49/240 | loss 4.2237 | ce 2.2859 | logit 1.9378 | train_acc 36.50%
[Stage2/Head] ep 50/240 | loss 4.0294 | ce 2.1614 | logit 1.8680 | train_acc 37.44%
[Stage2/Head] ep 51/240 | loss 3.8291 | ce 2.0323 | logit 1.7968 | train_acc 37.94%
[Stage2/Head] ep 52/240 | loss 3.6270 | ce 1.8690 | logit 1.7580 | train_acc 37.76%
[Stage2/Head] ep 53/240 | loss 3.4361 | ce 1.6479 | logit 1.7883 | train_acc 49.47%
[Stage2/Head] ep 54/240 | loss 3.1759 | ce 1.5367 | logit 1.6393 | train_acc 65.90%
[Stage2/Head] ep 55/240 | loss 3.0399 | ce 1.4404 | logit 1.5995 | train_acc 65.29%
[Stage2/Head] ep 56/240 | loss 2.8631 | ce 1.3167 | logit 1.5464 | train_acc 65.83%
[Stage2/Head] ep 57/240 | loss 2.7880 | ce 1.2645 | logit 1.5235 | train_acc 64.97%
[Stage2/Head] ep 58/240 | loss 2.6981 | ce 1.2041 | logit 1.4940 | train_acc 65.59%
[Stage2/Head] ep 59/240 | loss 2.6011 | ce 1.1016 | logit 1.4996 | train_acc 66.92%
[Stage2/Head] ep 60/240 | loss 2.4954 | ce 0.9843 | logit 1.5111 | train_acc 67.99%
[Stage2/Head] ep 61/240 | loss 2.4484 | ce 0.9598 | logit 1.4886 | train_acc 67.90%
[Stage2/Head] ep 62/240 | loss 2.3613 | ce 0.9178 | logit 1.4435 | train_acc 68.24%
[Stage2/Head] ep 63/240 | loss 2.2847 | ce 0.8286 | logit 1.4561 | train_acc 68.94%
[Stage2/Head] ep 64/240 | loss 2.2139 | ce 0.7600 | logit 1.4539 | train_acc 70.17%
[Stage2/Head] ep 65/240 | loss 2.1705 | ce 0.7025 | logit 1.4680 | train_acc 70.90%
[Stage2/Head] ep 66/240 | loss 2.1268 | ce 0.6767 | logit 1.4500 | train_acc 70.87%
[Stage2/Head] ep 67/240 | loss 2.1391 | ce 0.6872 | logit 1.4519 | train_acc 70.29%
[Stage2/Head] ep 68/240 | loss 2.1524 | ce 0.6651 | logit 1.4873 | train_acc 70.83%
[Stage2/Head] ep 69/240 | loss 2.0392 | ce 0.5703 | logit 1.4690 | train_acc 72.19%
[Stage2/Head] ep 70/240 | loss 1.9940 | ce 0.5824 | logit 1.4116 | train_acc 72.00%
[Stage2/Head] ep 71/240 | loss 2.0318 | ce 0.5673 | logit 1.4645 | train_acc 72.21%
[Stage2/Head] ep 72/240 | loss 2.0377 | ce 0.5264 | logit 1.5113 | train_acc 72.76%
[Stage2/Head] ep 73/240 | loss 2.0699 | ce 0.5213 | logit 1.5486 | train_acc 72.71%
[Stage2/Head] ep 74/240 | loss 2.1531 | ce 0.5376 | logit 1.6155 | train_acc 72.28%
[Stage2/Head] ep 75/240 | loss 2.0756 | ce 0.5220 | logit 1.5536 | train_acc 73.99%
[Stage2/Head] ep 76/240 | loss 2.0880 | ce 0.5329 | logit 1.5551 | train_acc 72.72%
[Stage2/Head] ep 77/240 | loss 2.0523 | ce 0.5019 | logit 1.5504 | train_acc 73.28%
[Stage2/Head] ep 78/240 | loss 2.0519 | ce 0.4831 | logit 1.5688 | train_acc 72.97%
[Stage2/Head] ep 79/240 | loss 2.0144 | ce 0.4714 | logit 1.5430 | train_acc 72.96%
[Stage2/Head] ep 80/240 | loss 2.0461 | ce 0.4782 | logit 1.5678 | train_acc 72.53%
[Stage2/Head] ep 81/240 | loss 1.9778 | ce 0.4600 | logit 1.5178 | train_acc 72.73%
[Stage2/Head] ep 82/240 | loss 2.0057 | ce 0.4724 | logit 1.5333 | train_acc 72.45%
[Stage2/Head] ep 83/240 | loss 1.9595 | ce 0.4596 | logit 1.4999 | train_acc 72.65%
[Stage2/Head] ep 84/240 | loss 1.9570 | ce 0.4382 | logit 1.5189 | train_acc 72.51%
[Stage2/Head] ep 85/240 | loss 1.9453 | ce 0.4415 | logit 1.5038 | train_acc 72.41%
[Stage2/Head] ep 86/240 | loss 1.9084 | ce 0.4104 | logit 1.4979 | train_acc 72.97%
[Stage2/Head] ep 87/240 | loss 1.9093 | ce 0.4131 | logit 1.4962 | train_acc 72.78%
[Stage2/Head] ep 88/240 | loss 1.8260 | ce 0.4144 | logit 1.4116 | train_acc 75.37%
[Stage2/Head] ep 89/240 | loss 1.7512 | ce 0.3944 | logit 1.3568 | train_acc 77.68%
[Stage2/Head] ep 90/240 | loss 1.7122 | ce 0.3996 | logit 1.3125 | train_acc 78.38%
[Stage2/Head] ep 91/240 | loss 1.6825 | ce 0.3965 | logit 1.2860 | train_acc 77.82%
[Stage2/Head] ep 92/240 | loss 1.6695 | ce 0.3900 | logit 1.2795 | train_acc 77.87%
[Stage2/Head] ep 93/240 | loss 1.6491 | ce 0.3804 | logit 1.2687 | train_acc 78.29%
[Stage2/Head] ep 94/240 | loss 1.6430 | ce 0.3794 | logit 1.2636 | train_acc 78.36%
[Stage2/Head] ep 95/240 | loss 1.6201 | ce 0.3830 | logit 1.2371 | train_acc 78.56%
[Stage2/Head] ep 96/240 | loss 1.6107 | ce 0.3797 | logit 1.2310 | train_acc 78.37%
[Stage2/Head] ep 97/240 | loss 1.5743 | ce 0.3561 | logit 1.2182 | train_acc 79.33%
[Stage2/Head] ep 98/240 | loss 1.5397 | ce 0.3522 | logit 1.1875 | train_acc 79.00%
[Stage2/Head] ep 99/240 | loss 1.5355 | ce 0.3521 | logit 1.1834 | train_acc 79.23%
[Stage2/Head] ep 100/240 | loss 1.5373 | ce 0.3608 | logit 1.1765 | train_acc 78.78%
[Stage2/Head] ep 101/240 | loss 1.5141 | ce 0.3369 | logit 1.1772 | train_acc 78.82%
[Stage2/Head] ep 102/240 | loss 1.5143 | ce 0.3434 | logit 1.1709 | train_acc 78.87%
[Stage2/Head] ep 103/240 | loss 1.4960 | ce 0.3455 | logit 1.1504 | train_acc 79.00%
[Stage2/Head] ep 104/240 | loss 1.4638 | ce 0.3383 | logit 1.1255 | train_acc 78.90%
[Stage2/Head] ep 105/240 | loss 1.4811 | ce 0.3529 | logit 1.1282 | train_acc 78.86%
[Stage2/Head] ep 106/240 | loss 1.4624 | ce 0.3272 | logit 1.1352 | train_acc 78.82%
[Stage2/Head] ep 107/240 | loss 1.4170 | ce 0.3317 | logit 1.0853 | train_acc 79.03%
[Stage2/Head] ep 108/240 | loss 1.3782 | ce 0.3231 | logit 1.0551 | train_acc 78.90%
[Stage2/Head] ep 109/240 | loss 1.3706 | ce 0.3303 | logit 1.0403 | train_acc 78.32%
[Stage2/Head] ep 110/240 | loss 1.3583 | ce 0.3328 | logit 1.0255 | train_acc 78.10%
[Stage2/Head] ep 111/240 | loss 1.3164 | ce 0.3116 | logit 1.0048 | train_acc 78.64%
[Stage2/Head] ep 112/240 | loss 1.3078 | ce 0.3303 | logit 0.9775 | train_acc 78.49%
[Stage2/Head] ep 113/240 | loss 1.2914 | ce 0.3377 | logit 0.9538 | train_acc 78.24%
[Stage2/Head] ep 114/240 | loss 1.2675 | ce 0.3282 | logit 0.9393 | train_acc 78.19%
[Stage2/Head] ep 115/240 | loss 1.2286 | ce 0.3128 | logit 0.9158 | train_acc 78.74%
[Stage2/Head] ep 116/240 | loss 1.2226 | ce 0.3166 | logit 0.9060 | train_acc 78.59%
[Stage2/Head] ep 117/240 | loss 1.1956 | ce 0.3124 | logit 0.8833 | train_acc 78.06%
[Stage2/Head] ep 118/240 | loss 1.1834 | ce 0.3095 | logit 0.8740 | train_acc 78.64%
[Stage2/Head] ep 119/240 | loss 1.1771 | ce 0.3088 | logit 0.8683 | train_acc 78.38%
[Stage2/Head] ep 120/240 | loss 1.1603 | ce 0.3004 | logit 0.8599 | train_acc 78.81%
[Stage2/Head] ep 121/240 | loss 1.1554 | ce 0.3093 | logit 0.8461 | train_acc 81.60%
[Stage2/Head] ep 122/240 | loss 1.1468 | ce 0.3046 | logit 0.8421 | train_acc 83.29%
[Stage2/Head] ep 123/240 | loss 1.1345 | ce 0.3100 | logit 0.8245 | train_acc 83.24%
[Stage2/Head] ep 124/240 | loss 1.1185 | ce 0.2979 | logit 0.8206 | train_acc 83.58%
[Stage2/Head] ep 125/240 | loss 1.1115 | ce 0.2986 | logit 0.8129 | train_acc 83.94%
[Stage2/Head] ep 126/240 | loss 1.0893 | ce 0.2949 | logit 0.7944 | train_acc 83.88%
[Stage2/Head] ep 127/240 | loss 1.0883 | ce 0.2987 | logit 0.7896 | train_acc 83.65%
[Stage2/Head] ep 128/240 | loss 1.1052 | ce 0.3047 | logit 0.8004 | train_acc 83.54%
[Stage2/Head] ep 129/240 | loss 1.0683 | ce 0.2876 | logit 0.7807 | train_acc 84.05%
[Stage2/Head] ep 130/240 | loss 1.0551 | ce 0.3000 | logit 0.7551 | train_acc 83.88%
[Stage2/Head] ep 131/240 | loss 1.0694 | ce 0.2975 | logit 0.7719 | train_acc 83.67%
[Stage2/Head] ep 132/240 | loss 1.0513 | ce 0.2873 | logit 0.7641 | train_acc 84.28%
[Stage2/Head] ep 133/240 | loss 1.0408 | ce 0.2927 | logit 0.7482 | train_acc 83.91%
[Stage2/Head] ep 134/240 | loss 1.0223 | ce 0.2821 | logit 0.7402 | train_acc 84.17%
[Stage2/Head] ep 135/240 | loss 1.0241 | ce 0.2865 | logit 0.7376 | train_acc 84.53%
[Stage2/Head] ep 136/240 | loss 1.0263 | ce 0.2896 | logit 0.7367 | train_acc 84.49%
[Stage2/Head] ep 137/240 | loss 1.0521 | ce 0.2950 | logit 0.7571 | train_acc 83.96%
[Stage2/Head] ep 138/240 | loss 0.9965 | ce 0.2798 | logit 0.7167 | train_acc 84.45%
[Stage2/Head] ep 139/240 | loss 1.0306 | ce 0.2964 | logit 0.7342 | train_acc 83.67%
[Stage2/Head] ep 140/240 | loss 1.0243 | ce 0.2939 | logit 0.7304 | train_acc 84.00%
[Stage2/Head] ep 141/240 | loss 1.0057 | ce 0.2880 | logit 0.7177 | train_acc 84.26%
[Stage2/Head] ep 142/240 | loss 0.9856 | ce 0.2777 | logit 0.7079 | train_acc 83.92%
[Stage2/Head] ep 143/240 | loss 1.0060 | ce 0.2867 | logit 0.7193 | train_acc 83.99%
[Stage2/Head] ep 144/240 | loss 1.0039 | ce 0.2803 | logit 0.7236 | train_acc 84.12%
[Stage2/Head] ep 145/240 | loss 0.9689 | ce 0.2681 | logit 0.7008 | train_acc 84.46%
[Stage2/Head] ep 146/240 | loss 0.9910 | ce 0.2766 | logit 0.7144 | train_acc 84.85%
[Stage2/Head] ep 147/240 | loss 0.9871 | ce 0.2874 | logit 0.6997 | train_acc 84.10%
[Stage2/Head] ep 148/240 | loss 0.9753 | ce 0.2793 | logit 0.6960 | train_acc 84.04%
[Stage2/Head] ep 149/240 | loss 0.9614 | ce 0.2714 | logit 0.6900 | train_acc 84.81%
[Stage2/Head] ep 150/240 | loss 0.9464 | ce 0.2737 | logit 0.6727 | train_acc 84.65%
[Stage2/Head] ep 151/240 | loss 0.9747 | ce 0.2878 | logit 0.6870 | train_acc 84.15%
[Stage2/Head] ep 152/240 | loss 0.9643 | ce 0.2705 | logit 0.6937 | train_acc 84.49%
[Stage2/Head] ep 153/240 | loss 0.9711 | ce 0.2856 | logit 0.6855 | train_acc 84.06%
[Stage2/Head] ep 154/240 | loss 0.9668 | ce 0.2672 | logit 0.6997 | train_acc 84.79%
[Stage2/Head] ep 155/240 | loss 0.9461 | ce 0.2687 | logit 0.6774 | train_acc 84.87%
[Stage2/Head] ep 156/240 | loss 0.9599 | ce 0.2698 | logit 0.6901 | train_acc 84.72%
[Stage2/Head] ep 157/240 | loss 0.9554 | ce 0.2844 | logit 0.6711 | train_acc 84.15%
[Stage2/Head] ep 158/240 | loss 0.9509 | ce 0.2740 | logit 0.6769 | train_acc 84.36%
[Stage2/Head] ep 159/240 | loss 0.9398 | ce 0.2604 | logit 0.6795 | train_acc 84.46%
[Stage2/Head] ep 160/240 | loss 0.9555 | ce 0.2761 | logit 0.6794 | train_acc 84.49%
[Stage2/Head] ep 161/240 | loss 0.9492 | ce 0.2640 | logit 0.6852 | train_acc 84.51%
[Stage2/Head] ep 162/240 | loss 0.9346 | ce 0.2757 | logit 0.6590 | train_acc 85.01%
[Stage2/Head] ep 163/240 | loss 0.9442 | ce 0.2705 | logit 0.6737 | train_acc 84.49%
[Stage2/Head] ep 164/240 | loss 0.9555 | ce 0.2695 | logit 0.6860 | train_acc 84.28%
[Stage2/Head] ep 165/240 | loss 0.9590 | ce 0.2744 | logit 0.6846 | train_acc 84.09%
[Stage2/Head] ep 166/240 | loss 0.9431 | ce 0.2667 | logit 0.6764 | train_acc 84.53%
[Stage2/Head] ep 167/240 | loss 0.9384 | ce 0.2709 | logit 0.6675 | train_acc 84.54%
[Stage2/Head] ep 168/240 | loss 0.9362 | ce 0.2737 | logit 0.6625 | train_acc 84.51%
[Stage2/Head] ep 169/240 | loss 0.9106 | ce 0.2523 | logit 0.6583 | train_acc 84.69%
[Stage2/Head] ep 170/240 | loss 0.9439 | ce 0.2780 | logit 0.6659 | train_acc 84.63%
[Stage2/Head] ep 171/240 | loss 0.9196 | ce 0.2675 | logit 0.6521 | train_acc 84.92%
[Stage2/Head] ep 172/240 | loss 0.9093 | ce 0.2578 | logit 0.6515 | train_acc 84.60%
[Stage2/Head] ep 173/240 | loss 0.9259 | ce 0.2591 | logit 0.6668 | train_acc 84.35%
[Stage2/Head] ep 174/240 | loss 0.9222 | ce 0.2587 | logit 0.6635 | train_acc 84.83%
[Stage2/Head] ep 175/240 | loss 0.9373 | ce 0.2681 | logit 0.6692 | train_acc 83.99%
[Stage2/Head] ep 176/240 | loss 0.9157 | ce 0.2693 | logit 0.6464 | train_acc 84.78%
[Stage2/Head] ep 177/240 | loss 0.9327 | ce 0.2622 | logit 0.6705 | train_acc 84.53%
[Stage2/Head] ep 178/240 | loss 0.9200 | ce 0.2583 | logit 0.6617 | train_acc 84.46%
[Stage2/Head] ep 179/240 | loss 0.9074 | ce 0.2526 | logit 0.6548 | train_acc 84.42%
[Stage2/Head] ep 180/240 | loss 0.9239 | ce 0.2575 | logit 0.6664 | train_acc 84.69%
[Stage2/Head] ep 181/240 | loss 0.9026 | ce 0.2412 | logit 0.6613 | train_acc 84.63%
[Stage2/Head] ep 182/240 | loss 0.9076 | ce 0.2515 | logit 0.6561 | train_acc 84.50%
[Stage2/Head] ep 183/240 | loss 0.9255 | ce 0.2629 | logit 0.6626 | train_acc 84.17%
[Stage2/Head] ep 184/240 | loss 0.8964 | ce 0.2514 | logit 0.6450 | train_acc 84.49%
[Stage2/Head] ep 185/240 | loss 0.9123 | ce 0.2486 | logit 0.6637 | train_acc 84.64%
[Stage2/Head] ep 186/240 | loss 0.9286 | ce 0.2615 | logit 0.6672 | train_acc 84.22%
[Stage2/Head] ep 187/240 | loss 0.8933 | ce 0.2537 | logit 0.6397 | train_acc 85.36%
[Stage2/Head] ep 188/240 | loss 0.9213 | ce 0.2643 | logit 0.6570 | train_acc 84.54%
[Stage2/Head] ep 189/240 | loss 0.9168 | ce 0.2548 | logit 0.6620 | train_acc 84.71%
[Stage2/Head] ep 190/240 | loss 0.9479 | ce 0.2786 | logit 0.6694 | train_acc 84.40%
[Stage2/Head] ep 191/240 | loss 0.9229 | ce 0.2539 | logit 0.6689 | train_acc 84.40%
[Stage2/Head] ep 192/240 | loss 0.9186 | ce 0.2579 | logit 0.6608 | train_acc 84.32%
[Stage2/Head] ep 193/240 | loss 0.9219 | ce 0.2662 | logit 0.6557 | train_acc 84.47%
[Stage2/Head] ep 194/240 | loss 0.9097 | ce 0.2581 | logit 0.6516 | train_acc 84.54%
[Stage2/Head] ep 195/240 | loss 0.9118 | ce 0.2552 | logit 0.6566 | train_acc 84.69%
[Stage2/Head] ep 196/240 | loss 0.9221 | ce 0.2555 | logit 0.6666 | train_acc 84.83%
[Stage2/Head] ep 197/240 | loss 0.9317 | ce 0.2770 | logit 0.6547 | train_acc 84.32%
[Stage2/Head] ep 198/240 | loss 0.9270 | ce 0.2613 | logit 0.6657 | train_acc 85.01%
[Stage2/Head] ep 199/240 | loss 0.9091 | ce 0.2507 | logit 0.6584 | train_acc 84.49%
[Stage2/Head] ep 200/240 | loss 0.9196 | ce 0.2589 | logit 0.6607 | train_acc 84.63%
[Stage2/Head] ep 201/240 | loss 0.9072 | ce 0.2482 | logit 0.6590 | train_acc 84.51%
[Stage2/Head] ep 202/240 | loss 0.8925 | ce 0.2376 | logit 0.6548 | train_acc 84.82%
[Stage2/Head] ep 203/240 | loss 0.8836 | ce 0.2341 | logit 0.6495 | train_acc 84.45%
[Stage2/Head] ep 204/240 | loss 0.9115 | ce 0.2569 | logit 0.6546 | train_acc 84.47%
[Stage2/Head] ep 205/240 | loss 0.9003 | ce 0.2594 | logit 0.6409 | train_acc 84.18%
[Stage2/Head] ep 206/240 | loss 0.8970 | ce 0.2514 | logit 0.6457 | train_acc 84.32%
[Stage2/Head] ep 207/240 | loss 0.8920 | ce 0.2442 | logit 0.6478 | train_acc 84.77%
[Stage2/Head] ep 208/240 | loss 0.9267 | ce 0.2513 | logit 0.6753 | train_acc 84.41%
[Stage2/Head] ep 209/240 | loss 0.9175 | ce 0.2549 | logit 0.6627 | train_acc 84.62%
[Stage2/Head] ep 210/240 | loss 0.9364 | ce 0.2583 | logit 0.6781 | train_acc 84.45%
[Stage2/Head] ep 211/240 | loss 0.9113 | ce 0.2551 | logit 0.6562 | train_acc 84.32%
[Stage2/Head] ep 212/240 | loss 0.8842 | ce 0.2365 | logit 0.6477 | train_acc 85.06%
[Stage2/Head] ep 213/240 | loss 0.9161 | ce 0.2541 | logit 0.6620 | train_acc 84.53%
[Stage2/Head] ep 214/240 | loss 0.9102 | ce 0.2574 | logit 0.6527 | train_acc 84.37%
[Stage2/Head] ep 215/240 | loss 0.9052 | ce 0.2472 | logit 0.6581 | train_acc 84.36%
[Stage2/Head] ep 216/240 | loss 0.8711 | ce 0.2390 | logit 0.6321 | train_acc 85.06%
[Stage2/Head] ep 217/240 | loss 0.9096 | ce 0.2540 | logit 0.6556 | train_acc 84.47%
[Stage2/Head] ep 218/240 | loss 0.9034 | ce 0.2506 | logit 0.6528 | train_acc 84.33%
[Stage2/Head] ep 219/240 | loss 0.9050 | ce 0.2557 | logit 0.6493 | train_acc 84.59%
[Stage2/Head] ep 220/240 | loss 0.9144 | ce 0.2518 | logit 0.6626 | train_acc 84.65%
[Stage2/Head] ep 221/240 | loss 0.8846 | ce 0.2451 | logit 0.6395 | train_acc 84.96%
[Stage2/Head] ep 222/240 | loss 0.8946 | ce 0.2422 | logit 0.6524 | train_acc 84.83%
[Stage2/Head] ep 223/240 | loss 0.8971 | ce 0.2444 | logit 0.6527 | train_acc 84.68%
[Stage2/Head] ep 224/240 | loss 0.9068 | ce 0.2638 | logit 0.6431 | train_acc 84.42%
[Stage2/Head] ep 225/240 | loss 0.9022 | ce 0.2591 | logit 0.6431 | train_acc 84.82%
[Stage2/Head] ep 226/240 | loss 0.8837 | ce 0.2464 | logit 0.6373 | train_acc 84.73%
[Stage2/Head] ep 227/240 | loss 0.9107 | ce 0.2487 | logit 0.6620 | train_acc 84.50%
[Stage2/Head] ep 228/240 | loss 0.8933 | ce 0.2495 | logit 0.6438 | train_acc 84.33%
[Stage2/Head] ep 229/240 | loss 0.8910 | ce 0.2407 | logit 0.6502 | train_acc 84.62%
[Stage2/Head] ep 230/240 | loss 0.8930 | ce 0.2470 | logit 0.6460 | train_acc 84.49%
[Stage2/Head] ep 231/240 | loss 0.8914 | ce 0.2364 | logit 0.6550 | train_acc 84.67%
[Stage2/Head] ep 232/240 | loss 0.9002 | ce 0.2596 | logit 0.6407 | train_acc 84.68%
[Stage2/Head] ep 233/240 | loss 0.8697 | ce 0.2272 | logit 0.6425 | train_acc 84.95%
[Stage2/Head] ep 234/240 | loss 0.9126 | ce 0.2458 | logit 0.6668 | train_acc 84.73%
[Stage2/Head] ep 235/240 | loss 0.9169 | ce 0.2597 | logit 0.6572 | train_acc 84.72%
[Stage2/Head] ep 236/240 | loss 0.9070 | ce 0.2646 | logit 0.6424 | train_acc 84.37%
[Stage2/Head] ep 237/240 | loss 0.8796 | ce 0.2297 | logit 0.6498 | train_acc 84.83%
[Stage2/Head] ep 238/240 | loss 0.9202 | ce 0.2702 | logit 0.6500 | train_acc 84.28%
[Stage2/Head] ep 239/240 | loss 0.8861 | ce 0.2421 | logit 0.6439 | train_acc 84.83%
[Stage2/Head] ep 240/240 | loss 0.8913 | ce 0.2556 | logit 0.6357 | train_acc 84.85%
[Task 2] Training done in 11.64 min.
[Task 2] Test (on new class only) -> ce_loss: 0.2050, acc: 94.26%, rec_loss: 18.3713
  - Filtering train: keep top 95.0% per class based on returned scores.
[Task 2] Wrote CSVs to: ./runs_mnist_continual/run_20260219_122841/task2
Accuracies on seen tasks:
  Task 0 [0,1,2,3,4]: 84.32%
  Task 1 [5]: 76.46%
  Task 2 [6]: 94.26%
Mean over seen tasks (0..2): 85.01%
[Task 2] Running Rscript to produce: ./runs_mnist_continual/run_20260219_122841/task2/inducing_points.csv
Loading required package: Matrix

Attaching package: ‘dplyr’

The following objects are masked from ‘package:stats’:

    filter, lag

The following objects are masked from ‘package:base’:

    intersect, setdiff, setequal, union

This is gplite version 0.13.0
Directory already exists: ./runs_mnist_continual/run_20260219_122841/task2 
[1] "Using original Y values (no log-space transform)"
[1] "Using GP package: laGP"
[1] "======================================"
[1] "---- Start Training GPs for existing classes ----"
[1] "class 0 training sample size (indclude 50 samples from other classes): 627"
[1] "class 0 validation set sample size (indclude 50 samples from other classes): 195"
[1] "Selecting 577 inducing points"
[1] "validation MSE for class0: 0.774981369407698"
[1] "Current inducing_points dim: 577 x 16"
[1] "class 1 training sample size (indclude 50 samples from other classes): 627"
[1] "class 1 validation set sample size (indclude 50 samples from other classes): 195"
[1] "Selecting 577 inducing points"
[1] "validation MSE for class1: 1.32782210366286"
[1] "Current inducing_points dim: 1154 x 16"
[1] "class 2 training sample size (indclude 50 samples from other classes): 627"
[1] "class 2 validation set sample size (indclude 50 samples from other classes): 195"
[1] "Selecting 577 inducing points"
[1] "validation MSE for class2: 1.71702398161948"
[1] "Current inducing_points dim: 1731 x 16"
[1] "class 3 training sample size (indclude 50 samples from other classes): 627"
[1] "class 3 validation set sample size (indclude 50 samples from other classes): 195"
[1] "Selecting 577 inducing points"
[1] "validation MSE for class3: 1.05993740806867"
[1] "Current inducing_points dim: 2308 x 16"
[1] "class 4 training sample size (indclude 50 samples from other classes): 627"
[1] "class 4 validation set sample size (indclude 50 samples from other classes): 195"
[1] "Selecting 577 inducing points"
[1] "validation MSE for class4: 1.18612449740869"
[1] "Current inducing_points dim: 2885 x 16"
[1] "class 5 training sample size (indclude 50 samples from other classes): 810"
[1] "class 5 validation set sample size (indclude 50 samples from other classes): 240"
[1] "Selecting 760 inducing points"
[1] "validation MSE for class5: 1.32169783908537"
[1] "Current inducing_points dim: 3645 x 16"
[1] "class 6 training sample size (indclude 50 samples from other classes): 2050"
[1] "class 6 validation set sample size (indclude 50 samples from other classes): 620"
[1] "Selecting 1000 inducing points"
[1] "validation MSE for class6: 1.94845644836615"
[1] "Current inducing_points dim: 4645 x 16"
[1] "Train Finished"
[1] "---------------------"
[1] "Inducing Points Saved"
[1] "---------------------"
[1] "Expected testing data total: 7000"
[1] "n_ts is greater than the number of rows in the data frame, using all rows:6989"
[1] "total test df size: 6989"
 num [1:6989] 2 1 0 4 1 4 0 0 1 3 ...

   0    1    2    3    4    5    6 
 980 1135 1032 1010  982  892  958 
[1] "class 0 test data size:980"
[1] "class 1 test data size:1135"
[1] "class 2 test data size:1032"
[1] "class 3 test data size:1010"
[1] "class 4 test data size:982"
[1] "class 5 test data size:892"
[1] "class 6 test data size:958"
[1] "Testset GPs:"
[1] "Total accuracy: 0.765059379024181"
[1] "Confusion Matrix for Class:0"
                   Actual_Positive Actual_Negative
Predicted_Positive             393              40
Predicted_Negative             587            5969
[1] "Accuracy: 0.910287594791816"
[1] "Precision: 0.907621247113164"
[1] "Recall for Class: 0.401020408163265"
[1] "F1 Score for Class: 0.556263269639066"
[1] "Confusion Matrix for Class:1"
                   Actual_Positive Actual_Negative
Predicted_Positive            1083              77
Predicted_Negative              52            5777
[1] "Accuracy: 0.981542423808842"
[1] "Precision: 0.933620689655172"
[1] "Recall for Class: 0.954185022026432"
[1] "F1 Score for Class: 0.943790849673203"
[1] "Confusion Matrix for Class:2"
                   Actual_Positive Actual_Negative
Predicted_Positive             816              61
Predicted_Negative             216            5896
[1] "Accuracy: 0.960366289884104"
[1] "Precision: 0.930444697833523"
[1] "Recall for Class: 0.790697674418605"
[1] "F1 Score for Class: 0.85489785227868"
[1] "Confusion Matrix for Class:3"
                   Actual_Positive Actual_Negative
Predicted_Positive             650             128
Predicted_Negative             360            5851
[1] "Accuracy: 0.930175990842753"
[1] "Precision: 0.83547557840617"
[1] "Recall for Class: 0.643564356435644"
[1] "F1 Score for Class: 0.727069351230425"
[1] "Confusion Matrix for Class:4"
                   Actual_Positive Actual_Negative
Predicted_Positive             835              88
Predicted_Negative             147            5919
[1] "Accuracy: 0.966375733295178"
[1] "Precision: 0.90465872156013"
[1] "Recall for Class: 0.85030549898167"
[1] "F1 Score for Class: 0.876640419947507"
[1] "Confusion Matrix for Class:5"
                   Actual_Positive Actual_Negative
Predicted_Positive             668             406
Predicted_Negative             224            5691
[1] "Accuracy: 0.909858348833882"
[1] "Precision: 0.621973929236499"
[1] "Recall for Class: 0.748878923766816"
[1] "F1 Score for Class: 0.679552390640895"
[1] "Confusion Matrix for Class:6"
                   Actual_Positive Actual_Negative
Predicted_Positive             902             842
Predicted_Negative              56            5189
[1] "Accuracy: 0.871512376591787"
[1] "Precision: 0.517201834862385"
[1] "Recall for Class: 0.941544885177453"
[1] "F1 Score for Class: 0.667653589933383"
[1] "GPc0 distribution statistics for0, 1, 2, 3, 4, 5, 6:"
[1] "mean: 0.196581700454658, 0.000319860914464187, 0.0162160428516998, 0.00651661325360915, -0.00117548953498679, 0.048844847695386, 0.0217966115311897"
[1] "sd: 0.234242370884249, 0.000987200252745536, 0.0949306813921989, 0.041051629384167, 0.0256488107559012, 0.125194888825986, 0.128706310700694"
[1] "---------------------"
[1] "GPc1 distribution statistics for0, 1, 2, 3, 4, 5, 6:"
[1] "mean: -0.000906776051826507, 0.849098527339951, 0.0339372587869488, 0.0413056898972071, 0.0704747050234351, 0.0648490099738214, 0.0260323308336624"
[1] "sd: 0.0209981880877777, 0.16380711890104, 0.107283425141262, 0.118063659603434, 0.155895826563126, 0.166075939432715, 0.138276607788127"
[1] "---------------------"
[1] "GPc2 distribution statistics for0, 1, 2, 3, 4, 5, 6:"
[1] "mean: 0.00822112650720525, -0.00951747671464157, 0.490985929816544, 0.0181435085811472, -0.079248096769438, -0.0482180845468443, -0.0136060620087386"
[1] "sd: 0.0744528563129053, 0.100680322491529, 0.29216591494319, 0.169149069651954, 0.130261091740506, 0.169048824331837, 0.204125241459684"
[1] "---------------------"
[1] "GPc3 distribution statistics for0, 1, 2, 3, 4, 5, 6:"
[1] "mean: 0.00290673982185347, 0.0658036770097458, 0.0516073778759758, 0.491847357044611, -0.00999743474391473, 0.0849740072561359, 0.0206893344857635"
[1] "sd: 0.0793205522154677, 0.170679631126523, 0.120084481858065, 0.292395634955984, 0.0405291915482876, 0.221656903956021, 0.110081383942829"
[1] "---------------------"
[1] "GPc4 distribution statistics for0, 1, 2, 3, 4, 5, 6:"
[1] "mean: -0.00599521072603208, -0.0265047189191616, 0.0229752789482148, -0.00439245840612428, 0.577802355505629, -0.00181447289385688, 0.048230143235812"
[1] "sd: 0.0532255505417885, 0.161665882816427, 0.131943277057463, 0.149769150079858, 0.259594018998367, 0.324758233560054, 0.207089488305791"
[1] "---------------------"
[1] "GPc5 distribution statistics for0, 1, 2, 3, 4, 5, 6:"
[1] "mean: 0.107161824336829, 0.0460706851451112, 0.0241757861800037, 0.0928044435588191, 0.0885720648004909, 0.655937627542148, 0.0523485767633686"
[1] "sd: 0.200119283490964, 0.0822796038560875, 0.113593648485011, 0.371391505947542, 0.216198438542678, 0.309151133229148, 0.183908682431819"
[1] "---------------------"
[1] "GPc6 distribution statistics for0, 1, 2, 3, 4, 5, 6:"
[1] "mean: 0.179614457277885, -0.174869067611639, 0.0863992257115886, 0.138431271077126, -0.160469858447516, 0.110576655550473, 0.902857118798658"
[1] "sd: 0.395337260121912, 0.371218671156218, 0.301804205547414, 0.259880165597752, 0.458151372805717, 0.316618075632269, 0.184909235005612"
[1] "---------------------"
Warning messages:
1: Removed 1 row containing missing values or values outside the scale range
(`geom_bar()`). 
2: Removed 1 row containing missing values or values outside the scale range
(`geom_bar()`). 
3: Removed 299 rows containing missing values or values outside the scale range
(`geom_line()`). 
[1] "Save Results"
null device 
          1 
[Task 2] Loaded from R CSV: 4645 rows, f_size=16
[Task 2] Decoded images: torch.Size([4645, 1, 28, 28]) -> recovered dataset size 4645
[Task 2] Augmenting Task 3 training set with 4645 recovered samples.

================================================================================
Starting Task 3: digits [7]
Training samples size: 7645
================================================================================
[Stage1/AE] ep 1/360 | loss 0.4604 | rec 0.0437 | feat 0.4166 | train_acc 43.94%
[Stage1/AE] ep 2/360 | loss 0.4149 | rec 0.0338 | feat 0.3811 | train_acc 43.56%
[Stage1/AE] ep 3/360 | loss 0.3957 | rec 0.0318 | feat 0.3639 | train_acc 43.28%
[Stage1/AE] ep 4/360 | loss 0.3918 | rec 0.0307 | feat 0.3610 | train_acc 43.53%
[Stage1/AE] ep 5/360 | loss 0.3761 | rec 0.0301 | feat 0.3460 | train_acc 43.13%
[Stage1/AE] ep 6/360 | loss 0.3787 | rec 0.0295 | feat 0.3491 | train_acc 43.24%
[Stage1/AE] ep 7/360 | loss 0.3722 | rec 0.0292 | feat 0.3431 | train_acc 43.22%
[Stage1/AE] ep 8/360 | loss 0.3688 | rec 0.0291 | feat 0.3398 | train_acc 42.66%
[Stage1/AE] ep 9/360 | loss 0.3647 | rec 0.0288 | feat 0.3359 | train_acc 42.58%
[Stage1/AE] ep 10/360 | loss 0.3604 | rec 0.0286 | feat 0.3319 | train_acc 42.29%
[Stage1/AE] ep 11/360 | loss 0.3541 | rec 0.0282 | feat 0.3259 | train_acc 43.14%
[Stage1/AE] ep 12/360 | loss 0.3654 | rec 0.0280 | feat 0.3374 | train_acc 43.24%
[Stage1/AE] ep 13/360 | loss 0.3466 | rec 0.0280 | feat 0.3186 | train_acc 42.75%
[Stage1/AE] ep 14/360 | loss 0.3512 | rec 0.0277 | feat 0.3235 | train_acc 42.63%
[Stage1/AE] ep 15/360 | loss 0.3484 | rec 0.0277 | feat 0.3206 | train_acc 42.73%
[Stage1/AE] ep 16/360 | loss 0.3450 | rec 0.0276 | feat 0.3174 | train_acc 43.10%
[Stage1/AE] ep 17/360 | loss 0.3398 | rec 0.0275 | feat 0.3123 | train_acc 42.85%
[Stage1/AE] ep 18/360 | loss 0.3447 | rec 0.0276 | feat 0.3171 | train_acc 43.32%
[Stage1/AE] ep 19/360 | loss 0.3462 | rec 0.0272 | feat 0.3190 | train_acc 42.76%
[Stage1/AE] ep 20/360 | loss 0.3423 | rec 0.0274 | feat 0.3149 | train_acc 42.75%
[Stage1/AE] ep 21/360 | loss 0.3396 | rec 0.0271 | feat 0.3125 | train_acc 43.00%
[Stage1/AE] ep 22/360 | loss 0.3377 | rec 0.0271 | feat 0.3105 | train_acc 42.83%
[Stage1/AE] ep 23/360 | loss 0.3316 | rec 0.0269 | feat 0.3047 | train_acc 42.60%
[Stage1/AE] ep 24/360 | loss 0.3332 | rec 0.0270 | feat 0.3062 | train_acc 43.02%
[Stage1/AE] ep 25/360 | loss 0.3363 | rec 0.0269 | feat 0.3094 | train_acc 42.13%
[Stage1/AE] ep 26/360 | loss 0.3373 | rec 0.0267 | feat 0.3105 | train_acc 42.64%
[Stage1/AE] ep 27/360 | loss 0.3284 | rec 0.0269 | feat 0.3015 | train_acc 43.11%
[Stage1/AE] ep 28/360 | loss 0.3308 | rec 0.0265 | feat 0.3043 | train_acc 42.42%
[Stage1/AE] ep 29/360 | loss 0.3311 | rec 0.0268 | feat 0.3043 | train_acc 42.18%
[Stage1/AE] ep 30/360 | loss 0.3373 | rec 0.0267 | feat 0.3105 | train_acc 42.89%
[Stage1/AE] ep 31/360 | loss 0.3304 | rec 0.0267 | feat 0.3038 | train_acc 42.56%
[Stage1/AE] ep 32/360 | loss 0.3285 | rec 0.0265 | feat 0.3020 | train_acc 42.81%
[Stage1/AE] ep 33/360 | loss 0.3275 | rec 0.0266 | feat 0.3009 | train_acc 42.47%
[Stage1/AE] ep 34/360 | loss 0.3294 | rec 0.0264 | feat 0.3030 | train_acc 42.17%
[Stage1/AE] ep 35/360 | loss 0.3339 | rec 0.0264 | feat 0.3075 | train_acc 43.53%
[Stage1/AE] ep 36/360 | loss 0.3226 | rec 0.0263 | feat 0.2963 | train_acc 42.52%
[Stage1/AE] ep 37/360 | loss 0.3236 | rec 0.0262 | feat 0.2975 | train_acc 43.31%
[Stage1/AE] ep 38/360 | loss 0.3291 | rec 0.0263 | feat 0.3029 | train_acc 42.77%
[Stage1/AE] ep 39/360 | loss 0.3296 | rec 0.0260 | feat 0.3036 | train_acc 42.56%
[Stage1/AE] ep 40/360 | loss 0.3252 | rec 0.0259 | feat 0.2993 | train_acc 42.68%
[Stage1/AE] ep 41/360 | loss 0.3225 | rec 0.0259 | feat 0.2966 | train_acc 43.02%
[Stage1/AE] ep 42/360 | loss 0.3264 | rec 0.0261 | feat 0.3002 | train_acc 42.80%
[Stage1/AE] ep 43/360 | loss 0.3297 | rec 0.0261 | feat 0.3036 | train_acc 42.68%
[Stage1/AE] ep 44/360 | loss 0.3203 | rec 0.0259 | feat 0.2944 | train_acc 42.21%
[Stage1/AE] ep 45/360 | loss 0.3207 | rec 0.0258 | feat 0.2948 | train_acc 42.75%
[Stage1/AE] ep 46/360 | loss 0.3201 | rec 0.0260 | feat 0.2941 | train_acc 42.72%
[Stage1/AE] ep 47/360 | loss 0.3237 | rec 0.0260 | feat 0.2976 | train_acc 43.01%
[Stage1/AE] ep 48/360 | loss 0.3164 | rec 0.0257 | feat 0.2907 | train_acc 42.64%
[Stage1/AE] ep 49/360 | loss 0.3208 | rec 0.0257 | feat 0.2951 | train_acc 42.38%
[Stage1/AE] ep 50/360 | loss 0.3183 | rec 0.0258 | feat 0.2925 | train_acc 43.00%
[Stage1/AE] ep 51/360 | loss 0.3143 | rec 0.0256 | feat 0.2887 | train_acc 42.62%
[Stage1/AE] ep 52/360 | loss 0.3216 | rec 0.0260 | feat 0.2957 | train_acc 42.73%
[Stage1/AE] ep 53/360 | loss 0.3193 | rec 0.0257 | feat 0.2936 | train_acc 42.79%
[Stage1/AE] ep 54/360 | loss 0.3198 | rec 0.0257 | feat 0.2941 | train_acc 42.51%
[Stage1/AE] ep 55/360 | loss 0.3168 | rec 0.0257 | feat 0.2912 | train_acc 42.49%
[Stage1/AE] ep 56/360 | loss 0.3188 | rec 0.0257 | feat 0.2930 | train_acc 43.15%
[Stage1/AE] ep 57/360 | loss 0.3208 | rec 0.0255 | feat 0.2954 | train_acc 42.94%
[Stage1/AE] ep 58/360 | loss 0.3165 | rec 0.0255 | feat 0.2910 | train_acc 42.88%
[Stage1/AE] ep 59/360 | loss 0.3174 | rec 0.0254 | feat 0.2919 | train_acc 42.86%
[Stage1/AE] ep 60/360 | loss 0.3188 | rec 0.0255 | feat 0.2933 | train_acc 42.76%
[Stage1/AE] ep 61/360 | loss 0.3152 | rec 0.0254 | feat 0.2898 | train_acc 43.28%
[Stage1/AE] ep 62/360 | loss 0.3130 | rec 0.0253 | feat 0.2877 | train_acc 42.69%
[Stage1/AE] ep 63/360 | loss 0.3126 | rec 0.0254 | feat 0.2872 | train_acc 42.58%
[Stage1/AE] ep 64/360 | loss 0.3115 | rec 0.0253 | feat 0.2862 | train_acc 42.84%
[Stage1/AE] ep 65/360 | loss 0.3105 | rec 0.0252 | feat 0.2853 | train_acc 42.94%
[Stage1/AE] ep 66/360 | loss 0.3130 | rec 0.0251 | feat 0.2878 | train_acc 43.07%
[Stage1/AE] ep 67/360 | loss 0.3126 | rec 0.0253 | feat 0.2873 | train_acc 42.92%
[Stage1/AE] ep 68/360 | loss 0.3048 | rec 0.0253 | feat 0.2795 | train_acc 43.11%
[Stage1/AE] ep 69/360 | loss 0.3072 | rec 0.0252 | feat 0.2820 | train_acc 43.05%
[Stage1/AE] ep 70/360 | loss 0.3117 | rec 0.0252 | feat 0.2866 | train_acc 43.02%
[Stage1/AE] ep 71/360 | loss 0.3090 | rec 0.0252 | feat 0.2837 | train_acc 42.86%
[Stage1/AE] ep 72/360 | loss 0.3068 | rec 0.0250 | feat 0.2817 | train_acc 43.06%
[Stage1/AE] ep 73/360 | loss 0.3091 | rec 0.0251 | feat 0.2840 | train_acc 43.10%
[Stage1/AE] ep 74/360 | loss 0.3064 | rec 0.0251 | feat 0.2813 | train_acc 42.98%
[Stage1/AE] ep 75/360 | loss 0.3083 | rec 0.0249 | feat 0.2835 | train_acc 43.49%
[Stage1/AE] ep 76/360 | loss 0.3092 | rec 0.0249 | feat 0.2843 | train_acc 43.23%
[Stage1/AE] ep 77/360 | loss 0.3073 | rec 0.0248 | feat 0.2824 | train_acc 43.10%
[Stage1/AE] ep 78/360 | loss 0.3060 | rec 0.0249 | feat 0.2811 | train_acc 43.15%
[Stage1/AE] ep 79/360 | loss 0.3061 | rec 0.0249 | feat 0.2812 | train_acc 43.01%
[Stage1/AE] ep 80/360 | loss 0.3055 | rec 0.0248 | feat 0.2807 | train_acc 42.64%
[Stage1/AE] ep 81/360 | loss 0.3096 | rec 0.0248 | feat 0.2848 | train_acc 42.75%
[Stage1/AE] ep 82/360 | loss 0.3016 | rec 0.0248 | feat 0.2768 | train_acc 42.72%
[Stage1/AE] ep 83/360 | loss 0.3112 | rec 0.0248 | feat 0.2864 | train_acc 43.01%
[Stage1/AE] ep 84/360 | loss 0.3099 | rec 0.0247 | feat 0.2852 | train_acc 43.28%
[Stage1/AE] ep 85/360 | loss 0.3073 | rec 0.0249 | feat 0.2825 | train_acc 42.64%
[Stage1/AE] ep 86/360 | loss 0.3005 | rec 0.0247 | feat 0.2758 | train_acc 43.24%
[Stage1/AE] ep 87/360 | loss 0.3014 | rec 0.0246 | feat 0.2768 | train_acc 43.26%
[Stage1/AE] ep 88/360 | loss 0.3058 | rec 0.0245 | feat 0.2812 | train_acc 42.76%
[Stage1/AE] ep 89/360 | loss 0.3065 | rec 0.0246 | feat 0.2819 | train_acc 43.09%
[Stage1/AE] ep 90/360 | loss 0.3009 | rec 0.0245 | feat 0.2764 | train_acc 43.57%
[Stage1/AE] ep 91/360 | loss 0.3054 | rec 0.0247 | feat 0.2807 | train_acc 43.26%
[Stage1/AE] ep 92/360 | loss 0.3081 | rec 0.0245 | feat 0.2836 | train_acc 42.60%
[Stage1/AE] ep 93/360 | loss 0.2969 | rec 0.0246 | feat 0.2723 | train_acc 42.83%
[Stage1/AE] ep 94/360 | loss 0.2978 | rec 0.0246 | feat 0.2732 | train_acc 43.45%
[Stage1/AE] ep 95/360 | loss 0.3008 | rec 0.0245 | feat 0.2762 | train_acc 43.23%
[Stage1/AE] ep 96/360 | loss 0.2999 | rec 0.0246 | feat 0.2754 | train_acc 43.11%
[Stage1/AE] ep 97/360 | loss 0.3048 | rec 0.0245 | feat 0.2803 | train_acc 43.05%
[Stage1/AE] ep 98/360 | loss 0.2949 | rec 0.0245 | feat 0.2704 | train_acc 43.07%
[Stage1/AE] ep 99/360 | loss 0.3042 | rec 0.0245 | feat 0.2797 | train_acc 42.67%
[Stage1/AE] ep 100/360 | loss 0.2981 | rec 0.0243 | feat 0.2738 | train_acc 42.90%
[Stage1/AE] ep 101/360 | loss 0.2994 | rec 0.0246 | feat 0.2748 | train_acc 42.68%
[Stage1/AE] ep 102/360 | loss 0.2982 | rec 0.0245 | feat 0.2737 | train_acc 43.45%
[Stage1/AE] ep 103/360 | loss 0.2995 | rec 0.0245 | feat 0.2750 | train_acc 43.17%
[Stage1/AE] ep 104/360 | loss 0.2959 | rec 0.0243 | feat 0.2717 | train_acc 43.13%
[Stage1/AE] ep 105/360 | loss 0.2992 | rec 0.0243 | feat 0.2750 | train_acc 43.36%
[Stage1/AE] ep 106/360 | loss 0.2949 | rec 0.0243 | feat 0.2706 | train_acc 43.15%
[Stage1/AE] ep 107/360 | loss 0.2903 | rec 0.0244 | feat 0.2660 | train_acc 42.86%
[Stage1/AE] ep 108/360 | loss 0.2946 | rec 0.0244 | feat 0.2703 | train_acc 42.81%
[Stage1/AE] ep 109/360 | loss 0.2930 | rec 0.0243 | feat 0.2686 | train_acc 43.27%
[Stage1/AE] ep 110/360 | loss 0.2952 | rec 0.0242 | feat 0.2710 | train_acc 42.88%
[Stage1/AE] ep 111/360 | loss 0.2919 | rec 0.0241 | feat 0.2679 | train_acc 43.22%
[Stage1/AE] ep 112/360 | loss 0.2964 | rec 0.0243 | feat 0.2721 | train_acc 43.32%
[Stage1/AE] ep 113/360 | loss 0.2964 | rec 0.0241 | feat 0.2723 | train_acc 43.36%
[Stage1/AE] ep 114/360 | loss 0.2925 | rec 0.0242 | feat 0.2683 | train_acc 43.10%
[Stage1/AE] ep 115/360 | loss 0.2930 | rec 0.0240 | feat 0.2690 | train_acc 42.90%
[Stage1/AE] ep 116/360 | loss 0.2947 | rec 0.0240 | feat 0.2707 | train_acc 43.14%
[Stage1/AE] ep 117/360 | loss 0.2941 | rec 0.0241 | feat 0.2701 | train_acc 42.97%
[Stage1/AE] ep 118/360 | loss 0.2921 | rec 0.0240 | feat 0.2682 | train_acc 43.17%
[Stage1/AE] ep 119/360 | loss 0.2926 | rec 0.0241 | feat 0.2684 | train_acc 43.26%
[Stage1/AE] ep 120/360 | loss 0.2917 | rec 0.0241 | feat 0.2676 | train_acc 43.18%
[Stage1/AE] ep 121/360 | loss 0.2913 | rec 0.0240 | feat 0.2673 | train_acc 43.31%
[Stage1/AE] ep 122/360 | loss 0.2892 | rec 0.0240 | feat 0.2652 | train_acc 42.83%
[Stage1/AE] ep 123/360 | loss 0.2983 | rec 0.0240 | feat 0.2743 | train_acc 42.85%
[Stage1/AE] ep 124/360 | loss 0.2905 | rec 0.0239 | feat 0.2665 | train_acc 42.90%
[Stage1/AE] ep 125/360 | loss 0.2918 | rec 0.0239 | feat 0.2680 | train_acc 42.84%
[Stage1/AE] ep 126/360 | loss 0.2868 | rec 0.0241 | feat 0.2627 | train_acc 43.10%
[Stage1/AE] ep 127/360 | loss 0.2916 | rec 0.0242 | feat 0.2674 | train_acc 43.00%
[Stage1/AE] ep 128/360 | loss 0.2863 | rec 0.0241 | feat 0.2622 | train_acc 43.10%
[Stage1/AE] ep 129/360 | loss 0.2913 | rec 0.0240 | feat 0.2673 | train_acc 43.07%
[Stage1/AE] ep 130/360 | loss 0.2915 | rec 0.0240 | feat 0.2676 | train_acc 43.44%
[Stage1/AE] ep 131/360 | loss 0.2844 | rec 0.0238 | feat 0.2606 | train_acc 43.15%
[Stage1/AE] ep 132/360 | loss 0.2888 | rec 0.0238 | feat 0.2650 | train_acc 43.01%
[Stage1/AE] ep 133/360 | loss 0.2817 | rec 0.0239 | feat 0.2577 | train_acc 42.81%
[Stage1/AE] ep 134/360 | loss 0.2872 | rec 0.0240 | feat 0.2632 | train_acc 43.37%
[Stage1/AE] ep 135/360 | loss 0.2901 | rec 0.0237 | feat 0.2664 | train_acc 43.06%
[Stage1/AE] ep 136/360 | loss 0.2851 | rec 0.0238 | feat 0.2613 | train_acc 43.37%
[Stage1/AE] ep 137/360 | loss 0.2845 | rec 0.0238 | feat 0.2607 | train_acc 43.14%
[Stage1/AE] ep 138/360 | loss 0.2895 | rec 0.0238 | feat 0.2657 | train_acc 43.39%
[Stage1/AE] ep 139/360 | loss 0.2920 | rec 0.0239 | feat 0.2681 | train_acc 42.93%
[Stage1/AE] ep 140/360 | loss 0.2904 | rec 0.0237 | feat 0.2667 | train_acc 43.09%
[Stage1/AE] ep 141/360 | loss 0.2883 | rec 0.0238 | feat 0.2645 | train_acc 43.07%
[Stage1/AE] ep 142/360 | loss 0.2884 | rec 0.0237 | feat 0.2647 | train_acc 43.47%
[Stage1/AE] ep 143/360 | loss 0.2833 | rec 0.0237 | feat 0.2596 | train_acc 43.37%
[Stage1/AE] ep 144/360 | loss 0.2848 | rec 0.0236 | feat 0.2611 | train_acc 42.86%
[Stage1/AE] ep 145/360 | loss 0.2809 | rec 0.0236 | feat 0.2573 | train_acc 43.73%
[Stage1/AE] ep 146/360 | loss 0.2833 | rec 0.0238 | feat 0.2595 | train_acc 43.15%
[Stage1/AE] ep 147/360 | loss 0.2841 | rec 0.0235 | feat 0.2607 | train_acc 43.53%
[Stage1/AE] ep 148/360 | loss 0.2813 | rec 0.0236 | feat 0.2578 | train_acc 43.64%
[Stage1/AE] ep 149/360 | loss 0.2922 | rec 0.0237 | feat 0.2685 | train_acc 43.00%
[Stage1/AE] ep 150/360 | loss 0.2860 | rec 0.0237 | feat 0.2622 | train_acc 43.23%
[Stage1/AE] ep 151/360 | loss 0.2821 | rec 0.0235 | feat 0.2587 | train_acc 43.24%
[Stage1/AE] ep 152/360 | loss 0.2840 | rec 0.0234 | feat 0.2606 | train_acc 43.18%
[Stage1/AE] ep 153/360 | loss 0.2860 | rec 0.0235 | feat 0.2625 | train_acc 43.19%
[Stage1/AE] ep 154/360 | loss 0.2827 | rec 0.0235 | feat 0.2591 | train_acc 42.84%
[Stage1/AE] ep 155/360 | loss 0.2857 | rec 0.0235 | feat 0.2622 | train_acc 43.32%
[Stage1/AE] ep 156/360 | loss 0.2894 | rec 0.0235 | feat 0.2660 | train_acc 43.71%
[Stage1/AE] ep 157/360 | loss 0.2855 | rec 0.0234 | feat 0.2621 | train_acc 43.19%
[Stage1/AE] ep 158/360 | loss 0.2850 | rec 0.0234 | feat 0.2616 | train_acc 42.54%
[Stage1/AE] ep 159/360 | loss 0.2823 | rec 0.0234 | feat 0.2589 | train_acc 43.57%
[Stage1/AE] ep 160/360 | loss 0.2871 | rec 0.0234 | feat 0.2637 | train_acc 43.44%
[Stage1/AE] ep 161/360 | loss 0.2837 | rec 0.0236 | feat 0.2601 | train_acc 43.43%
[Stage1/AE] ep 162/360 | loss 0.2816 | rec 0.0234 | feat 0.2582 | train_acc 43.10%
[Stage1/AE] ep 163/360 | loss 0.2815 | rec 0.0236 | feat 0.2579 | train_acc 43.26%
[Stage1/AE] ep 164/360 | loss 0.2821 | rec 0.0234 | feat 0.2587 | train_acc 42.85%
[Stage1/AE] ep 165/360 | loss 0.2836 | rec 0.0231 | feat 0.2604 | train_acc 43.05%
[Stage1/AE] ep 166/360 | loss 0.2770 | rec 0.0234 | feat 0.2536 | train_acc 42.86%
[Stage1/AE] ep 167/360 | loss 0.2840 | rec 0.0235 | feat 0.2605 | train_acc 43.40%
[Stage1/AE] ep 168/360 | loss 0.2834 | rec 0.0233 | feat 0.2601 | train_acc 43.66%
[Stage1/AE] ep 169/360 | loss 0.2853 | rec 0.0234 | feat 0.2619 | train_acc 43.22%
[Stage1/AE] ep 170/360 | loss 0.2786 | rec 0.0232 | feat 0.2554 | train_acc 43.07%
[Stage1/AE] ep 171/360 | loss 0.2836 | rec 0.0233 | feat 0.2603 | train_acc 43.37%
[Stage1/AE] ep 172/360 | loss 0.2787 | rec 0.0234 | feat 0.2553 | train_acc 43.49%
[Stage1/AE] ep 173/360 | loss 0.2854 | rec 0.0233 | feat 0.2621 | train_acc 42.90%
[Stage1/AE] ep 174/360 | loss 0.2751 | rec 0.0233 | feat 0.2518 | train_acc 43.94%
[Stage1/AE] ep 175/360 | loss 0.2784 | rec 0.0233 | feat 0.2551 | train_acc 42.25%
[Stage1/AE] ep 176/360 | loss 0.2792 | rec 0.0232 | feat 0.2561 | train_acc 43.13%
[Stage1/AE] ep 177/360 | loss 0.2855 | rec 0.0233 | feat 0.2622 | train_acc 43.41%
[Stage1/AE] ep 178/360 | loss 0.2795 | rec 0.0235 | feat 0.2560 | train_acc 43.36%
[Stage1/AE] ep 179/360 | loss 0.2770 | rec 0.0232 | feat 0.2538 | train_acc 43.47%
[Stage1/AE] ep 180/360 | loss 0.2727 | rec 0.0230 | feat 0.2497 | train_acc 42.88%
[Stage1/AE] ep 181/360 | loss 0.2755 | rec 0.0233 | feat 0.2522 | train_acc 42.92%
[Stage1/AE] ep 182/360 | loss 0.2797 | rec 0.0232 | feat 0.2565 | train_acc 43.02%
[Stage1/AE] ep 183/360 | loss 0.2764 | rec 0.0233 | feat 0.2532 | train_acc 43.22%
[Stage1/AE] ep 184/360 | loss 0.2789 | rec 0.0231 | feat 0.2558 | train_acc 42.55%
[Stage1/AE] ep 185/360 | loss 0.2789 | rec 0.0231 | feat 0.2558 | train_acc 43.34%
[Stage1/AE] ep 186/360 | loss 0.2785 | rec 0.0232 | feat 0.2552 | train_acc 42.92%
[Stage1/AE] ep 187/360 | loss 0.2830 | rec 0.0230 | feat 0.2600 | train_acc 42.93%
[Stage1/AE] ep 188/360 | loss 0.2736 | rec 0.0231 | feat 0.2505 | train_acc 43.19%
[Stage1/AE] ep 189/360 | loss 0.2767 | rec 0.0230 | feat 0.2537 | train_acc 43.62%
[Stage1/AE] ep 190/360 | loss 0.2744 | rec 0.0230 | feat 0.2514 | train_acc 43.18%
[Stage1/AE] ep 191/360 | loss 0.2744 | rec 0.0228 | feat 0.2515 | train_acc 43.41%
[Stage1/AE] ep 192/360 | loss 0.2734 | rec 0.0231 | feat 0.2503 | train_acc 43.20%
[Stage1/AE] ep 193/360 | loss 0.2800 | rec 0.0232 | feat 0.2567 | train_acc 43.09%
[Stage1/AE] ep 194/360 | loss 0.2716 | rec 0.0229 | feat 0.2487 | train_acc 43.51%
[Stage1/AE] ep 195/360 | loss 0.2756 | rec 0.0231 | feat 0.2525 | train_acc 43.45%
[Stage1/AE] ep 196/360 | loss 0.2758 | rec 0.0231 | feat 0.2528 | train_acc 43.32%
[Stage1/AE] ep 197/360 | loss 0.2712 | rec 0.0230 | feat 0.2481 | train_acc 43.19%
[Stage1/AE] ep 198/360 | loss 0.2747 | rec 0.0231 | feat 0.2516 | train_acc 43.15%
[Stage1/AE] ep 199/360 | loss 0.2754 | rec 0.0231 | feat 0.2523 | train_acc 43.19%
[Stage1/AE] ep 200/360 | loss 0.2740 | rec 0.0231 | feat 0.2509 | train_acc 43.24%
[Stage1/AE] ep 201/360 | loss 0.2742 | rec 0.0230 | feat 0.2512 | train_acc 42.77%
[Stage1/AE] ep 202/360 | loss 0.2776 | rec 0.0228 | feat 0.2548 | train_acc 42.85%
[Stage1/AE] ep 203/360 | loss 0.2753 | rec 0.0230 | feat 0.2524 | train_acc 42.89%
[Stage1/AE] ep 204/360 | loss 0.2697 | rec 0.0229 | feat 0.2467 | train_acc 43.37%
[Stage1/AE] ep 205/360 | loss 0.2766 | rec 0.0230 | feat 0.2536 | train_acc 43.81%
[Stage1/AE] ep 206/360 | loss 0.2700 | rec 0.0228 | feat 0.2472 | train_acc 43.26%
[Stage1/AE] ep 207/360 | loss 0.2769 | rec 0.0229 | feat 0.2539 | train_acc 43.10%
[Stage1/AE] ep 208/360 | loss 0.2675 | rec 0.0229 | feat 0.2446 | train_acc 42.79%
[Stage1/AE] ep 209/360 | loss 0.2734 | rec 0.0230 | feat 0.2504 | train_acc 42.80%
[Stage1/AE] ep 210/360 | loss 0.2731 | rec 0.0229 | feat 0.2502 | train_acc 43.40%
[Stage1/AE] ep 211/360 | loss 0.2678 | rec 0.0229 | feat 0.2450 | train_acc 43.30%
[Stage1/AE] ep 212/360 | loss 0.2746 | rec 0.0230 | feat 0.2517 | train_acc 42.90%
[Stage1/AE] ep 213/360 | loss 0.2675 | rec 0.0230 | feat 0.2445 | train_acc 43.09%
[Stage1/AE] ep 214/360 | loss 0.2687 | rec 0.0229 | feat 0.2457 | train_acc 43.07%
[Stage1/AE] ep 215/360 | loss 0.2705 | rec 0.0228 | feat 0.2477 | train_acc 43.37%
[Stage1/AE] ep 216/360 | loss 0.2688 | rec 0.0228 | feat 0.2460 | train_acc 43.74%
[Stage1/AE] ep 217/360 | loss 0.2729 | rec 0.0229 | feat 0.2500 | train_acc 43.32%
[Stage1/AE] ep 218/360 | loss 0.2728 | rec 0.0230 | feat 0.2498 | train_acc 43.06%
[Stage1/AE] ep 219/360 | loss 0.2739 | rec 0.0231 | feat 0.2508 | train_acc 43.07%
[Stage1/AE] ep 220/360 | loss 0.2743 | rec 0.0230 | feat 0.2513 | train_acc 43.13%
[Stage1/AE] ep 221/360 | loss 0.2746 | rec 0.0229 | feat 0.2516 | train_acc 43.34%
[Stage1/AE] ep 222/360 | loss 0.2701 | rec 0.0227 | feat 0.2474 | train_acc 43.53%
[Stage1/AE] ep 223/360 | loss 0.2747 | rec 0.0229 | feat 0.2518 | train_acc 43.41%
[Stage1/AE] ep 224/360 | loss 0.2679 | rec 0.0227 | feat 0.2452 | train_acc 43.11%
[Stage1/AE] ep 225/360 | loss 0.2725 | rec 0.0228 | feat 0.2497 | train_acc 43.07%
[Stage1/AE] ep 226/360 | loss 0.2675 | rec 0.0228 | feat 0.2446 | train_acc 43.13%
[Stage1/AE] ep 227/360 | loss 0.2703 | rec 0.0229 | feat 0.2475 | train_acc 43.68%
[Stage1/AE] ep 228/360 | loss 0.2709 | rec 0.0227 | feat 0.2483 | train_acc 43.49%
[Stage1/AE] ep 229/360 | loss 0.2711 | rec 0.0228 | feat 0.2482 | train_acc 43.15%
[Stage1/AE] ep 230/360 | loss 0.2688 | rec 0.0228 | feat 0.2460 | train_acc 42.62%
[Stage1/AE] ep 231/360 | loss 0.2682 | rec 0.0225 | feat 0.2457 | train_acc 42.75%
[Stage1/AE] ep 232/360 | loss 0.2672 | rec 0.0227 | feat 0.2445 | train_acc 43.19%
[Stage1/AE] ep 233/360 | loss 0.2683 | rec 0.0225 | feat 0.2457 | train_acc 43.44%
[Stage1/AE] ep 234/360 | loss 0.2680 | rec 0.0226 | feat 0.2454 | train_acc 43.14%
[Stage1/AE] ep 235/360 | loss 0.2669 | rec 0.0228 | feat 0.2441 | train_acc 43.41%
[Stage1/AE] ep 236/360 | loss 0.2685 | rec 0.0227 | feat 0.2458 | train_acc 43.37%
[Stage1/AE] ep 237/360 | loss 0.2656 | rec 0.0228 | feat 0.2428 | train_acc 43.02%
[Stage1/AE] ep 238/360 | loss 0.2673 | rec 0.0228 | feat 0.2445 | train_acc 43.31%
[Stage1/AE] ep 239/360 | loss 0.2686 | rec 0.0227 | feat 0.2459 | train_acc 42.98%
[Stage1/AE] ep 240/360 | loss 0.2680 | rec 0.0226 | feat 0.2454 | train_acc 43.20%
[Stage1/AE] ep 241/360 | loss 0.2671 | rec 0.0227 | feat 0.2445 | train_acc 43.49%
[Stage1/AE] ep 242/360 | loss 0.2713 | rec 0.0225 | feat 0.2487 | train_acc 43.30%
[Stage1/AE] ep 243/360 | loss 0.2698 | rec 0.0227 | feat 0.2471 | train_acc 43.20%
[Stage1/AE] ep 244/360 | loss 0.2671 | rec 0.0225 | feat 0.2446 | train_acc 43.37%
[Stage1/AE] ep 245/360 | loss 0.2667 | rec 0.0227 | feat 0.2440 | train_acc 43.49%
[Stage1/AE] ep 246/360 | loss 0.2676 | rec 0.0225 | feat 0.2451 | train_acc 43.45%
[Stage1/AE] ep 247/360 | loss 0.2648 | rec 0.0225 | feat 0.2423 | train_acc 43.34%
[Stage1/AE] ep 248/360 | loss 0.2663 | rec 0.0225 | feat 0.2438 | train_acc 43.44%
[Stage1/AE] ep 249/360 | loss 0.2659 | rec 0.0225 | feat 0.2434 | train_acc 43.10%
[Stage1/AE] ep 250/360 | loss 0.2682 | rec 0.0225 | feat 0.2457 | train_acc 43.15%
[Stage1/AE] ep 251/360 | loss 0.2660 | rec 0.0225 | feat 0.2435 | train_acc 43.31%
[Stage1/AE] ep 252/360 | loss 0.2650 | rec 0.0225 | feat 0.2425 | train_acc 42.76%
[Stage1/AE] ep 253/360 | loss 0.2631 | rec 0.0224 | feat 0.2407 | train_acc 43.00%
[Stage1/AE] ep 254/360 | loss 0.2605 | rec 0.0225 | feat 0.2381 | train_acc 43.15%
[Stage1/AE] ep 255/360 | loss 0.2617 | rec 0.0225 | feat 0.2392 | train_acc 44.09%
[Stage1/AE] ep 256/360 | loss 0.2677 | rec 0.0224 | feat 0.2452 | train_acc 43.01%
[Stage1/AE] ep 257/360 | loss 0.2629 | rec 0.0223 | feat 0.2406 | train_acc 43.68%
[Stage1/AE] ep 258/360 | loss 0.2645 | rec 0.0225 | feat 0.2420 | train_acc 43.41%
[Stage1/AE] ep 259/360 | loss 0.2606 | rec 0.0225 | feat 0.2381 | train_acc 43.41%
[Stage1/AE] ep 260/360 | loss 0.2608 | rec 0.0225 | feat 0.2382 | train_acc 43.28%
[Stage1/AE] ep 261/360 | loss 0.2594 | rec 0.0223 | feat 0.2370 | train_acc 43.02%
[Stage1/AE] ep 262/360 | loss 0.2609 | rec 0.0222 | feat 0.2387 | train_acc 42.85%
[Stage1/AE] ep 263/360 | loss 0.2642 | rec 0.0224 | feat 0.2417 | train_acc 43.47%
[Stage1/AE] ep 264/360 | loss 0.2609 | rec 0.0225 | feat 0.2385 | train_acc 42.96%
[Stage1/AE] ep 265/360 | loss 0.2630 | rec 0.0223 | feat 0.2407 | train_acc 43.35%
[Stage1/AE] ep 266/360 | loss 0.2635 | rec 0.0224 | feat 0.2411 | train_acc 43.18%
[Stage1/AE] ep 267/360 | loss 0.2630 | rec 0.0224 | feat 0.2406 | train_acc 43.07%
[Stage1/AE] ep 268/360 | loss 0.2591 | rec 0.0225 | feat 0.2366 | train_acc 43.39%
[Stage1/AE] ep 269/360 | loss 0.2630 | rec 0.0223 | feat 0.2407 | train_acc 43.02%
[Stage1/AE] ep 270/360 | loss 0.2579 | rec 0.0223 | feat 0.2356 | train_acc 42.96%
[Stage1/AE] ep 271/360 | loss 0.2621 | rec 0.0225 | feat 0.2396 | train_acc 43.13%
[Stage1/AE] ep 272/360 | loss 0.2620 | rec 0.0223 | feat 0.2397 | train_acc 43.11%
[Stage1/AE] ep 273/360 | loss 0.2649 | rec 0.0225 | feat 0.2424 | train_acc 43.22%
[Stage1/AE] ep 274/360 | loss 0.2605 | rec 0.0225 | feat 0.2380 | train_acc 42.97%
[Stage1/AE] ep 275/360 | loss 0.2619 | rec 0.0224 | feat 0.2395 | train_acc 42.85%
[Stage1/AE] ep 276/360 | loss 0.2654 | rec 0.0222 | feat 0.2432 | train_acc 43.54%
[Stage1/AE] ep 277/360 | loss 0.2585 | rec 0.0222 | feat 0.2363 | train_acc 43.28%
[Stage1/AE] ep 278/360 | loss 0.2597 | rec 0.0222 | feat 0.2375 | train_acc 42.54%
[Stage1/AE] ep 279/360 | loss 0.2619 | rec 0.0225 | feat 0.2394 | train_acc 43.19%
[Stage1/AE] ep 280/360 | loss 0.2585 | rec 0.0222 | feat 0.2363 | train_acc 43.17%
[Stage1/AE] ep 281/360 | loss 0.2571 | rec 0.0223 | feat 0.2348 | train_acc 43.19%
[Stage1/AE] ep 282/360 | loss 0.2679 | rec 0.0223 | feat 0.2456 | train_acc 43.57%
[Stage1/AE] ep 283/360 | loss 0.2592 | rec 0.0223 | feat 0.2369 | train_acc 43.24%
[Stage1/AE] ep 284/360 | loss 0.2603 | rec 0.0222 | feat 0.2381 | train_acc 43.48%
[Stage1/AE] ep 285/360 | loss 0.2633 | rec 0.0223 | feat 0.2410 | train_acc 43.14%
[Stage1/AE] ep 286/360 | loss 0.2564 | rec 0.0223 | feat 0.2341 | train_acc 43.22%
[Stage1/AE] ep 287/360 | loss 0.2619 | rec 0.0224 | feat 0.2395 | train_acc 43.52%
[Stage1/AE] ep 288/360 | loss 0.2628 | rec 0.0223 | feat 0.2406 | train_acc 43.61%
[Stage1/AE] ep 289/360 | loss 0.2537 | rec 0.0223 | feat 0.2314 | train_acc 43.32%
[Stage1/AE] ep 290/360 | loss 0.2604 | rec 0.0223 | feat 0.2380 | train_acc 42.71%
[Stage1/AE] ep 291/360 | loss 0.2664 | rec 0.0220 | feat 0.2444 | train_acc 43.23%
[Stage1/AE] ep 292/360 | loss 0.2638 | rec 0.0224 | feat 0.2414 | train_acc 42.71%
[Stage1/AE] ep 293/360 | loss 0.2572 | rec 0.0220 | feat 0.2352 | train_acc 43.15%
[Stage1/AE] ep 294/360 | loss 0.2606 | rec 0.0223 | feat 0.2383 | train_acc 43.39%
[Stage1/AE] ep 295/360 | loss 0.2538 | rec 0.0221 | feat 0.2317 | train_acc 43.39%
[Stage1/AE] ep 296/360 | loss 0.2605 | rec 0.0222 | feat 0.2383 | train_acc 43.30%
[Stage1/AE] ep 297/360 | loss 0.2556 | rec 0.0222 | feat 0.2334 | train_acc 43.19%
[Stage1/AE] ep 298/360 | loss 0.2567 | rec 0.0222 | feat 0.2346 | train_acc 43.11%
[Stage1/AE] ep 299/360 | loss 0.2539 | rec 0.0221 | feat 0.2318 | train_acc 43.17%
[Stage1/AE] ep 300/360 | loss 0.2579 | rec 0.0222 | feat 0.2358 | train_acc 43.47%
[Stage1/AE] ep 301/360 | loss 0.2573 | rec 0.0221 | feat 0.2352 | train_acc 43.10%
[Stage1/AE] ep 302/360 | loss 0.2520 | rec 0.0223 | feat 0.2297 | train_acc 43.26%
[Stage1/AE] ep 303/360 | loss 0.2619 | rec 0.0221 | feat 0.2398 | train_acc 43.15%
[Stage1/AE] ep 304/360 | loss 0.2542 | rec 0.0221 | feat 0.2321 | train_acc 43.95%
[Stage1/AE] ep 305/360 | loss 0.2620 | rec 0.0220 | feat 0.2400 | train_acc 43.13%
[Stage1/AE] ep 306/360 | loss 0.2573 | rec 0.0221 | feat 0.2352 | train_acc 43.30%
[Stage1/AE] ep 307/360 | loss 0.2525 | rec 0.0220 | feat 0.2305 | train_acc 42.94%
[Stage1/AE] ep 308/360 | loss 0.2507 | rec 0.0222 | feat 0.2285 | train_acc 43.13%
[Stage1/AE] ep 309/360 | loss 0.2541 | rec 0.0220 | feat 0.2321 | train_acc 43.35%
[Stage1/AE] ep 310/360 | loss 0.2558 | rec 0.0220 | feat 0.2338 | train_acc 43.15%
[Stage1/AE] ep 311/360 | loss 0.2559 | rec 0.0221 | feat 0.2338 | train_acc 43.28%
[Stage1/AE] ep 312/360 | loss 0.2574 | rec 0.0221 | feat 0.2354 | train_acc 43.30%
[Stage1/AE] ep 313/360 | loss 0.2575 | rec 0.0222 | feat 0.2353 | train_acc 43.31%
[Stage1/AE] ep 314/360 | loss 0.2583 | rec 0.0220 | feat 0.2363 | train_acc 43.48%
[Stage1/AE] ep 315/360 | loss 0.2532 | rec 0.0222 | feat 0.2311 | train_acc 43.37%
[Stage1/AE] ep 316/360 | loss 0.2523 | rec 0.0222 | feat 0.2301 | train_acc 43.60%
[Stage1/AE] ep 317/360 | loss 0.2571 | rec 0.0220 | feat 0.2351 | train_acc 43.20%
[Stage1/AE] ep 318/360 | loss 0.2538 | rec 0.0221 | feat 0.2317 | train_acc 43.52%
[Stage1/AE] ep 319/360 | loss 0.2621 | rec 0.0221 | feat 0.2400 | train_acc 43.11%
[Stage1/AE] ep 320/360 | loss 0.2516 | rec 0.0221 | feat 0.2295 | train_acc 43.22%
[Stage1/AE] ep 321/360 | loss 0.2554 | rec 0.0221 | feat 0.2333 | train_acc 43.52%
[Stage1/AE] ep 322/360 | loss 0.2527 | rec 0.0222 | feat 0.2305 | train_acc 43.23%
[Stage1/AE] ep 323/360 | loss 0.2553 | rec 0.0221 | feat 0.2331 | train_acc 43.32%
[Stage1/AE] ep 324/360 | loss 0.2584 | rec 0.0221 | feat 0.2364 | train_acc 43.18%
[Stage1/AE] ep 325/360 | loss 0.2548 | rec 0.0221 | feat 0.2327 | train_acc 42.97%
[Stage1/AE] ep 326/360 | loss 0.2471 | rec 0.0219 | feat 0.2253 | train_acc 43.17%
[Stage1/AE] ep 327/360 | loss 0.2552 | rec 0.0219 | feat 0.2333 | train_acc 43.17%
[Stage1/AE] ep 328/360 | loss 0.2518 | rec 0.0221 | feat 0.2297 | train_acc 43.14%
[Stage1/AE] ep 329/360 | loss 0.2536 | rec 0.0221 | feat 0.2315 | train_acc 43.18%
[Stage1/AE] ep 330/360 | loss 0.2497 | rec 0.0220 | feat 0.2277 | train_acc 43.07%
[Stage1/AE] ep 331/360 | loss 0.2556 | rec 0.0220 | feat 0.2336 | train_acc 43.14%
[Stage1/AE] ep 332/360 | loss 0.2565 | rec 0.0219 | feat 0.2346 | train_acc 43.39%
[Stage1/AE] ep 333/360 | loss 0.2510 | rec 0.0220 | feat 0.2290 | train_acc 43.14%
[Stage1/AE] ep 334/360 | loss 0.2531 | rec 0.0218 | feat 0.2313 | train_acc 43.20%
[Stage1/AE] ep 335/360 | loss 0.2571 | rec 0.0219 | feat 0.2352 | train_acc 43.01%
[Stage1/AE] ep 336/360 | loss 0.2533 | rec 0.0220 | feat 0.2313 | train_acc 43.27%
[Stage1/AE] ep 337/360 | loss 0.2559 | rec 0.0220 | feat 0.2339 | train_acc 43.27%
[Stage1/AE] ep 338/360 | loss 0.2546 | rec 0.0219 | feat 0.2327 | train_acc 43.61%
[Stage1/AE] ep 339/360 | loss 0.2558 | rec 0.0219 | feat 0.2339 | train_acc 43.35%
[Stage1/AE] ep 340/360 | loss 0.2512 | rec 0.0219 | feat 0.2293 | train_acc 43.37%
[Stage1/AE] ep 341/360 | loss 0.2536 | rec 0.0218 | feat 0.2318 | train_acc 43.15%
[Stage1/AE] ep 342/360 | loss 0.2539 | rec 0.0219 | feat 0.2321 | train_acc 43.47%
[Stage1/AE] ep 343/360 | loss 0.2470 | rec 0.0220 | feat 0.2250 | train_acc 43.47%
[Stage1/AE] ep 344/360 | loss 0.2482 | rec 0.0218 | feat 0.2263 | train_acc 42.88%
[Stage1/AE] ep 345/360 | loss 0.2481 | rec 0.0217 | feat 0.2263 | train_acc 43.18%
[Stage1/AE] ep 346/360 | loss 0.2483 | rec 0.0218 | feat 0.2266 | train_acc 43.18%
[Stage1/AE] ep 347/360 | loss 0.2487 | rec 0.0218 | feat 0.2269 | train_acc 43.36%
[Stage1/AE] ep 348/360 | loss 0.2479 | rec 0.0219 | feat 0.2260 | train_acc 43.30%
[Stage1/AE] ep 349/360 | loss 0.2507 | rec 0.0218 | feat 0.2289 | train_acc 43.02%
[Stage1/AE] ep 350/360 | loss 0.2459 | rec 0.0220 | feat 0.2239 | train_acc 43.53%
[Stage1/AE] ep 351/360 | loss 0.2518 | rec 0.0218 | feat 0.2300 | train_acc 43.18%
[Stage1/AE] ep 352/360 | loss 0.2482 | rec 0.0219 | feat 0.2264 | train_acc 43.31%
[Stage1/AE] ep 353/360 | loss 0.2548 | rec 0.0218 | feat 0.2330 | train_acc 43.26%
[Stage1/AE] ep 354/360 | loss 0.2489 | rec 0.0218 | feat 0.2271 | train_acc 42.85%
[Stage1/AE] ep 355/360 | loss 0.2484 | rec 0.0218 | feat 0.2266 | train_acc 43.22%
[Stage1/AE] ep 356/360 | loss 0.2485 | rec 0.0219 | feat 0.2266 | train_acc 43.32%
[Stage1/AE] ep 357/360 | loss 0.2524 | rec 0.0218 | feat 0.2306 | train_acc 43.22%
[Stage1/AE] ep 358/360 | loss 0.2462 | rec 0.0217 | feat 0.2245 | train_acc 43.64%
[Stage1/AE] ep 359/360 | loss 0.2502 | rec 0.0218 | feat 0.2284 | train_acc 43.66%
[Stage1/AE] ep 360/360 | loss 0.2522 | rec 0.0219 | feat 0.2303 | train_acc 43.60%
[Stage2/Head] ep 1/360 | loss 29.2624 | ce 14.8194 | logit 14.4429 | train_acc 35.20%
[Stage2/Head] ep 2/360 | loss 21.4951 | ce 11.3732 | logit 10.1219 | train_acc 19.12%
[Stage2/Head] ep 3/360 | loss 20.8958 | ce 10.8952 | logit 10.0006 | train_acc 15.28%
[Stage2/Head] ep 4/360 | loss 20.4365 | ce 10.6950 | logit 9.7415 | train_acc 15.04%
[Stage2/Head] ep 5/360 | loss 20.0229 | ce 10.5464 | logit 9.4765 | train_acc 15.02%
[Stage2/Head] ep 6/360 | loss 19.5747 | ce 10.3753 | logit 9.1994 | train_acc 14.91%
[Stage2/Head] ep 7/360 | loss 19.2172 | ce 10.2563 | logit 8.9609 | train_acc 14.87%
[Stage2/Head] ep 8/360 | loss 18.7537 | ce 10.0712 | logit 8.6825 | train_acc 14.96%
[Stage2/Head] ep 9/360 | loss 18.1978 | ce 9.8464 | logit 8.3515 | train_acc 15.67%
[Stage2/Head] ep 10/360 | loss 17.9163 | ce 9.7457 | logit 8.1706 | train_acc 15.36%
[Stage2/Head] ep 11/360 | loss 17.5022 | ce 9.5902 | logit 7.9119 | train_acc 15.71%
[Stage2/Head] ep 12/360 | loss 17.1722 | ce 9.4250 | logit 7.7473 | train_acc 15.37%
[Stage2/Head] ep 13/360 | loss 16.7580 | ce 9.2706 | logit 7.4874 | train_acc 15.89%
[Stage2/Head] ep 14/360 | loss 16.4489 | ce 9.1154 | logit 7.3335 | train_acc 15.67%
[Stage2/Head] ep 15/360 | loss 16.0429 | ce 8.9489 | logit 7.0940 | train_acc 15.85%
[Stage2/Head] ep 16/360 | loss 15.6769 | ce 8.7816 | logit 6.8954 | train_acc 16.01%
[Stage2/Head] ep 17/360 | loss 15.3521 | ce 8.6460 | logit 6.7060 | train_acc 16.18%
[Stage2/Head] ep 18/360 | loss 15.0739 | ce 8.5236 | logit 6.5503 | train_acc 16.17%
[Stage2/Head] ep 19/360 | loss 14.7213 | ce 8.3602 | logit 6.3611 | train_acc 16.05%
[Stage2/Head] ep 20/360 | loss 14.4445 | ce 8.2302 | logit 6.2143 | train_acc 16.13%
[Stage2/Head] ep 21/360 | loss 14.1305 | ce 8.0796 | logit 6.0509 | train_acc 16.12%
[Stage2/Head] ep 22/360 | loss 13.8159 | ce 7.9523 | logit 5.8636 | train_acc 16.36%
[Stage2/Head] ep 23/360 | loss 13.5257 | ce 7.8075 | logit 5.7182 | train_acc 16.30%
[Stage2/Head] ep 24/360 | loss 13.2568 | ce 7.6698 | logit 5.5870 | train_acc 16.15%
[Stage2/Head] ep 25/360 | loss 12.9579 | ce 7.5332 | logit 5.4247 | train_acc 16.35%
[Stage2/Head] ep 26/360 | loss 12.6738 | ce 7.4002 | logit 5.2736 | train_acc 20.08%
[Stage2/Head] ep 27/360 | loss 12.4084 | ce 7.2749 | logit 5.1335 | train_acc 22.55%
[Stage2/Head] ep 28/360 | loss 12.1164 | ce 7.1358 | logit 4.9806 | train_acc 23.01%
[Stage2/Head] ep 29/360 | loss 11.8588 | ce 7.0104 | logit 4.8484 | train_acc 23.10%
[Stage2/Head] ep 30/360 | loss 11.5917 | ce 6.8819 | logit 4.7098 | train_acc 23.27%
[Stage2/Head] ep 31/360 | loss 11.3585 | ce 6.7625 | logit 4.5961 | train_acc 23.41%
[Stage2/Head] ep 32/360 | loss 11.1065 | ce 6.6298 | logit 4.4767 | train_acc 23.36%
[Stage2/Head] ep 33/360 | loss 10.8728 | ce 6.5133 | logit 4.3595 | train_acc 23.79%
[Stage2/Head] ep 34/360 | loss 10.6516 | ce 6.4005 | logit 4.2511 | train_acc 23.87%
[Stage2/Head] ep 35/360 | loss 10.4849 | ce 6.2950 | logit 4.1898 | train_acc 23.49%
[Stage2/Head] ep 36/360 | loss 10.2581 | ce 6.1840 | logit 4.0742 | train_acc 23.82%
[Stage2/Head] ep 37/360 | loss 10.0285 | ce 6.0726 | logit 3.9559 | train_acc 24.04%
[Stage2/Head] ep 38/360 | loss 9.8264 | ce 5.9559 | logit 3.8705 | train_acc 24.16%
[Stage2/Head] ep 39/360 | loss 9.6213 | ce 5.8452 | logit 3.7761 | train_acc 26.07%
[Stage2/Head] ep 40/360 | loss 9.4329 | ce 5.7515 | logit 3.6814 | train_acc 27.16%
[Stage2/Head] ep 41/360 | loss 9.2539 | ce 5.6619 | logit 3.5919 | train_acc 27.30%
[Stage2/Head] ep 42/360 | loss 9.0622 | ce 5.5519 | logit 3.5102 | train_acc 27.64%
[Stage2/Head] ep 43/360 | loss 8.8519 | ce 5.4435 | logit 3.4085 | train_acc 28.16%
[Stage2/Head] ep 44/360 | loss 8.6767 | ce 5.3434 | logit 3.3333 | train_acc 28.18%
[Stage2/Head] ep 45/360 | loss 8.5070 | ce 5.2480 | logit 3.2590 | train_acc 28.15%
[Stage2/Head] ep 46/360 | loss 8.3446 | ce 5.1493 | logit 3.1953 | train_acc 28.50%
[Stage2/Head] ep 47/360 | loss 8.1600 | ce 5.0498 | logit 3.1103 | train_acc 28.78%
[Stage2/Head] ep 48/360 | loss 8.0076 | ce 4.9547 | logit 3.0529 | train_acc 28.52%
[Stage2/Head] ep 49/360 | loss 7.8343 | ce 4.8545 | logit 2.9798 | train_acc 28.46%
[Stage2/Head] ep 50/360 | loss 7.6852 | ce 4.7591 | logit 2.9261 | train_acc 28.40%
[Stage2/Head] ep 51/360 | loss 7.5312 | ce 4.6603 | logit 2.8709 | train_acc 28.45%
[Stage2/Head] ep 52/360 | loss 7.3776 | ce 4.5710 | logit 2.8066 | train_acc 28.45%
[Stage2/Head] ep 53/360 | loss 7.2256 | ce 4.4755 | logit 2.7501 | train_acc 28.59%
[Stage2/Head] ep 54/360 | loss 7.0646 | ce 4.3806 | logit 2.6841 | train_acc 29.03%
[Stage2/Head] ep 55/360 | loss 6.9247 | ce 4.2867 | logit 2.6380 | train_acc 28.88%
[Stage2/Head] ep 56/360 | loss 6.7897 | ce 4.1957 | logit 2.5940 | train_acc 28.75%
[Stage2/Head] ep 57/360 | loss 6.6521 | ce 4.0950 | logit 2.5571 | train_acc 28.52%
[Stage2/Head] ep 58/360 | loss 6.5154 | ce 4.0097 | logit 2.5057 | train_acc 28.87%
[Stage2/Head] ep 59/360 | loss 6.3722 | ce 3.9191 | logit 2.4530 | train_acc 28.96%
[Stage2/Head] ep 60/360 | loss 6.2605 | ce 3.8267 | logit 2.4337 | train_acc 28.89%
[Stage2/Head] ep 61/360 | loss 6.1483 | ce 3.7442 | logit 2.4042 | train_acc 28.61%
[Stage2/Head] ep 62/360 | loss 6.0071 | ce 3.6544 | logit 2.3527 | train_acc 28.80%
[Stage2/Head] ep 63/360 | loss 5.8810 | ce 3.5731 | logit 2.3079 | train_acc 28.95%
[Stage2/Head] ep 64/360 | loss 5.7720 | ce 3.4886 | logit 2.2834 | train_acc 28.99%
[Stage2/Head] ep 65/360 | loss 5.6578 | ce 3.4095 | logit 2.2483 | train_acc 28.99%
[Stage2/Head] ep 66/360 | loss 5.5171 | ce 3.3075 | logit 2.2095 | train_acc 29.00%
[Stage2/Head] ep 67/360 | loss 5.4123 | ce 3.2257 | logit 2.1866 | train_acc 28.44%
[Stage2/Head] ep 68/360 | loss 5.3000 | ce 3.1473 | logit 2.1526 | train_acc 28.33%
[Stage2/Head] ep 69/360 | loss 5.1939 | ce 3.0716 | logit 2.1222 | train_acc 28.46%
[Stage2/Head] ep 70/360 | loss 5.0960 | ce 2.9973 | logit 2.0987 | train_acc 28.57%
[Stage2/Head] ep 71/360 | loss 4.9831 | ce 2.9066 | logit 2.0765 | train_acc 28.76%
[Stage2/Head] ep 72/360 | loss 4.8984 | ce 2.8284 | logit 2.0700 | train_acc 28.70%
[Stage2/Head] ep 73/360 | loss 4.8010 | ce 2.7551 | logit 2.0459 | train_acc 28.88%
[Stage2/Head] ep 74/360 | loss 4.7295 | ce 2.6808 | logit 2.0487 | train_acc 28.58%
[Stage2/Head] ep 75/360 | loss 4.6233 | ce 2.6023 | logit 2.0210 | train_acc 28.67%
[Stage2/Head] ep 76/360 | loss 4.5526 | ce 2.5207 | logit 2.0319 | train_acc 27.98%
[Stage2/Head] ep 77/360 | loss 4.4674 | ce 2.4529 | logit 2.0145 | train_acc 28.15%
[Stage2/Head] ep 78/360 | loss 4.3803 | ce 2.3774 | logit 2.0029 | train_acc 27.55%
[Stage2/Head] ep 79/360 | loss 4.3015 | ce 2.3131 | logit 1.9884 | train_acc 27.69%
[Stage2/Head] ep 80/360 | loss 4.2195 | ce 2.2368 | logit 1.9827 | train_acc 27.69%
[Stage2/Head] ep 81/360 | loss 4.1557 | ce 2.1726 | logit 1.9830 | train_acc 27.67%
[Stage2/Head] ep 82/360 | loss 4.1042 | ce 2.1191 | logit 1.9851 | train_acc 27.87%
[Stage2/Head] ep 83/360 | loss 4.0464 | ce 2.0570 | logit 1.9893 | train_acc 27.77%
[Stage2/Head] ep 84/360 | loss 3.9895 | ce 1.9916 | logit 1.9979 | train_acc 27.63%
[Stage2/Head] ep 85/360 | loss 3.9369 | ce 1.9297 | logit 2.0072 | train_acc 27.19%
[Stage2/Head] ep 86/360 | loss 3.8732 | ce 1.8708 | logit 2.0024 | train_acc 27.47%
[Stage2/Head] ep 87/360 | loss 3.8185 | ce 1.8074 | logit 2.0111 | train_acc 26.84%
[Stage2/Head] ep 88/360 | loss 3.7493 | ce 1.7278 | logit 2.0215 | train_acc 26.07%
[Stage2/Head] ep 89/360 | loss 3.7011 | ce 1.6862 | logit 2.0149 | train_acc 26.38%
[Stage2/Head] ep 90/360 | loss 3.6679 | ce 1.6475 | logit 2.0204 | train_acc 26.57%
[Stage2/Head] ep 91/360 | loss 3.6299 | ce 1.5982 | logit 2.0317 | train_acc 26.38%
[Stage2/Head] ep 92/360 | loss 3.5955 | ce 1.5624 | logit 2.0331 | train_acc 26.44%
[Stage2/Head] ep 93/360 | loss 3.5693 | ce 1.5227 | logit 2.0466 | train_acc 26.44%
[Stage2/Head] ep 94/360 | loss 3.5566 | ce 1.4837 | logit 2.0729 | train_acc 26.10%
[Stage2/Head] ep 95/360 | loss 3.5013 | ce 1.4280 | logit 2.0733 | train_acc 25.99%
[Stage2/Head] ep 96/360 | loss 3.4638 | ce 1.3807 | logit 2.0831 | train_acc 26.74%
[Stage2/Head] ep 97/360 | loss 3.4350 | ce 1.3525 | logit 2.0824 | train_acc 43.60%
[Stage2/Head] ep 98/360 | loss 3.4254 | ce 1.3245 | logit 2.1009 | train_acc 49.95%
[Stage2/Head] ep 99/360 | loss 3.3950 | ce 1.2825 | logit 2.1125 | train_acc 50.03%
[Stage2/Head] ep 100/360 | loss 3.3669 | ce 1.2458 | logit 2.1212 | train_acc 50.19%
[Stage2/Head] ep 101/360 | loss 3.3523 | ce 1.2287 | logit 2.1236 | train_acc 50.02%
[Stage2/Head] ep 102/360 | loss 3.3363 | ce 1.1928 | logit 2.1435 | train_acc 50.27%
[Stage2/Head] ep 103/360 | loss 3.3067 | ce 1.1670 | logit 2.1398 | train_acc 50.24%
[Stage2/Head] ep 104/360 | loss 3.3120 | ce 1.1413 | logit 2.1707 | train_acc 50.35%
[Stage2/Head] ep 105/360 | loss 3.2774 | ce 1.1088 | logit 2.1686 | train_acc 50.53%
[Stage2/Head] ep 106/360 | loss 3.2837 | ce 1.0915 | logit 2.1921 | train_acc 50.37%
[Stage2/Head] ep 107/360 | loss 3.2596 | ce 1.0700 | logit 2.1896 | train_acc 50.52%
[Stage2/Head] ep 108/360 | loss 3.2439 | ce 1.0463 | logit 2.1976 | train_acc 50.35%
[Stage2/Head] ep 109/360 | loss 3.2487 | ce 1.0315 | logit 2.2172 | train_acc 50.41%
[Stage2/Head] ep 110/360 | loss 3.2280 | ce 1.0128 | logit 2.2152 | train_acc 50.39%
[Stage2/Head] ep 111/360 | loss 3.2076 | ce 0.9933 | logit 2.2143 | train_acc 50.37%
[Stage2/Head] ep 112/360 | loss 3.2026 | ce 0.9740 | logit 2.2286 | train_acc 50.61%
[Stage2/Head] ep 113/360 | loss 3.2085 | ce 0.9627 | logit 2.2459 | train_acc 50.58%
[Stage2/Head] ep 114/360 | loss 3.1951 | ce 0.9473 | logit 2.2478 | train_acc 50.54%
[Stage2/Head] ep 115/360 | loss 3.1934 | ce 0.9303 | logit 2.2631 | train_acc 50.60%
[Stage2/Head] ep 116/360 | loss 3.1858 | ce 0.9162 | logit 2.2696 | train_acc 50.94%
[Stage2/Head] ep 117/360 | loss 3.1768 | ce 0.9011 | logit 2.2758 | train_acc 50.73%
[Stage2/Head] ep 118/360 | loss 3.1672 | ce 0.8920 | logit 2.2752 | train_acc 50.80%
[Stage2/Head] ep 119/360 | loss 3.1528 | ce 0.8780 | logit 2.2748 | train_acc 50.94%
[Stage2/Head] ep 120/360 | loss 3.1579 | ce 0.8674 | logit 2.2905 | train_acc 51.03%
[Stage2/Head] ep 121/360 | loss 3.1618 | ce 0.8627 | logit 2.2991 | train_acc 50.71%
[Stage2/Head] ep 122/360 | loss 3.1538 | ce 0.8524 | logit 2.3014 | train_acc 50.90%
[Stage2/Head] ep 123/360 | loss 3.1463 | ce 0.8449 | logit 2.3014 | train_acc 50.71%
[Stage2/Head] ep 124/360 | loss 3.1323 | ce 0.8313 | logit 2.3010 | train_acc 51.03%
[Stage2/Head] ep 125/360 | loss 3.1334 | ce 0.8280 | logit 2.3054 | train_acc 50.87%
[Stage2/Head] ep 126/360 | loss 3.1377 | ce 0.8190 | logit 2.3188 | train_acc 51.01%
[Stage2/Head] ep 127/360 | loss 3.1180 | ce 0.8081 | logit 2.3099 | train_acc 51.13%
[Stage2/Head] ep 128/360 | loss 3.1292 | ce 0.8083 | logit 2.3208 | train_acc 51.08%
[Stage2/Head] ep 129/360 | loss 3.1039 | ce 0.7913 | logit 2.3126 | train_acc 51.45%
[Stage2/Head] ep 130/360 | loss 3.1094 | ce 0.7848 | logit 2.3246 | train_acc 51.29%
[Stage2/Head] ep 131/360 | loss 3.1031 | ce 0.7836 | logit 2.3195 | train_acc 51.20%
[Stage2/Head] ep 132/360 | loss 3.0968 | ce 0.7707 | logit 2.3261 | train_acc 51.38%
[Stage2/Head] ep 133/360 | loss 3.1052 | ce 0.7734 | logit 2.3318 | train_acc 51.45%
[Stage2/Head] ep 134/360 | loss 3.0992 | ce 0.7701 | logit 2.3292 | train_acc 51.22%
[Stage2/Head] ep 135/360 | loss 3.0975 | ce 0.7648 | logit 2.3327 | train_acc 51.39%
[Stage2/Head] ep 136/360 | loss 3.0955 | ce 0.7613 | logit 2.3342 | train_acc 51.46%
[Stage2/Head] ep 137/360 | loss 3.0862 | ce 0.7596 | logit 2.3266 | train_acc 51.43%
[Stage2/Head] ep 138/360 | loss 3.0825 | ce 0.7470 | logit 2.3356 | train_acc 51.45%
[Stage2/Head] ep 139/360 | loss 3.0814 | ce 0.7453 | logit 2.3361 | train_acc 51.33%
[Stage2/Head] ep 140/360 | loss 3.0675 | ce 0.7326 | logit 2.3350 | train_acc 51.69%
[Stage2/Head] ep 141/360 | loss 3.0640 | ce 0.7391 | logit 2.3249 | train_acc 51.26%
[Stage2/Head] ep 142/360 | loss 3.0431 | ce 0.7241 | logit 2.3190 | train_acc 51.72%
[Stage2/Head] ep 143/360 | loss 3.0071 | ce 0.7122 | logit 2.2949 | train_acc 52.90%
[Stage2/Head] ep 144/360 | loss 2.9709 | ce 0.7046 | logit 2.2662 | train_acc 53.98%
[Stage2/Head] ep 145/360 | loss 2.9352 | ce 0.6925 | logit 2.2427 | train_acc 55.67%
[Stage2/Head] ep 146/360 | loss 2.8646 | ce 0.6636 | logit 2.2010 | train_acc 57.14%
[Stage2/Head] ep 147/360 | loss 2.8203 | ce 0.6423 | logit 2.1779 | train_acc 58.12%
[Stage2/Head] ep 148/360 | loss 2.7677 | ce 0.6165 | logit 2.1512 | train_acc 58.95%
[Stage2/Head] ep 149/360 | loss 2.7214 | ce 0.5812 | logit 2.1402 | train_acc 58.76%
[Stage2/Head] ep 150/360 | loss 2.6768 | ce 0.5599 | logit 2.1169 | train_acc 59.50%
[Stage2/Head] ep 151/360 | loss 2.6479 | ce 0.5449 | logit 2.1029 | train_acc 59.49%
[Stage2/Head] ep 152/360 | loss 2.6157 | ce 0.5090 | logit 2.1067 | train_acc 59.83%
[Stage2/Head] ep 153/360 | loss 2.5849 | ce 0.4912 | logit 2.0937 | train_acc 59.05%
[Stage2/Head] ep 154/360 | loss 2.5444 | ce 0.4699 | logit 2.0745 | train_acc 59.36%
[Stage2/Head] ep 155/360 | loss 2.5179 | ce 0.4469 | logit 2.0710 | train_acc 59.22%
[Stage2/Head] ep 156/360 | loss 2.4972 | ce 0.4354 | logit 2.0618 | train_acc 59.12%
[Stage2/Head] ep 157/360 | loss 2.4799 | ce 0.4189 | logit 2.0610 | train_acc 57.95%
[Stage2/Head] ep 158/360 | loss 2.4594 | ce 0.4054 | logit 2.0540 | train_acc 57.58%
[Stage2/Head] ep 159/360 | loss 2.4531 | ce 0.3976 | logit 2.0554 | train_acc 57.38%
[Stage2/Head] ep 160/360 | loss 2.4202 | ce 0.3727 | logit 2.0475 | train_acc 57.48%
[Stage2/Head] ep 161/360 | loss 2.4066 | ce 0.3618 | logit 2.0449 | train_acc 56.90%
[Stage2/Head] ep 162/360 | loss 2.4019 | ce 0.3628 | logit 2.0391 | train_acc 56.77%
[Stage2/Head] ep 163/360 | loss 2.3813 | ce 0.3434 | logit 2.0378 | train_acc 56.94%
[Stage2/Head] ep 164/360 | loss 2.3894 | ce 0.3479 | logit 2.0415 | train_acc 56.72%
[Stage2/Head] ep 165/360 | loss 2.3734 | ce 0.3386 | logit 2.0348 | train_acc 56.76%
[Stage2/Head] ep 166/360 | loss 2.3591 | ce 0.3238 | logit 2.0353 | train_acc 56.94%
[Stage2/Head] ep 167/360 | loss 2.3536 | ce 0.3260 | logit 2.0277 | train_acc 56.87%
[Stage2/Head] ep 168/360 | loss 2.3463 | ce 0.3172 | logit 2.0291 | train_acc 56.83%
[Stage2/Head] ep 169/360 | loss 2.3292 | ce 0.3010 | logit 2.0282 | train_acc 57.10%
[Stage2/Head] ep 170/360 | loss 2.3436 | ce 0.3105 | logit 2.0331 | train_acc 56.86%
[Stage2/Head] ep 171/360 | loss 2.3213 | ce 0.2980 | logit 2.0233 | train_acc 56.97%
[Stage2/Head] ep 172/360 | loss 2.3240 | ce 0.2953 | logit 2.0287 | train_acc 57.06%
[Stage2/Head] ep 173/360 | loss 2.3033 | ce 0.2826 | logit 2.0207 | train_acc 57.17%
[Stage2/Head] ep 174/360 | loss 2.3028 | ce 0.2939 | logit 2.0088 | train_acc 56.98%
[Stage2/Head] ep 175/360 | loss 2.2986 | ce 0.2843 | logit 2.0143 | train_acc 57.19%
[Stage2/Head] ep 176/360 | loss 2.2937 | ce 0.2768 | logit 2.0169 | train_acc 57.08%
[Stage2/Head] ep 177/360 | loss 2.2911 | ce 0.2763 | logit 2.0148 | train_acc 57.16%
[Stage2/Head] ep 178/360 | loss 2.2745 | ce 0.2759 | logit 1.9986 | train_acc 57.20%
[Stage2/Head] ep 179/360 | loss 2.2782 | ce 0.2697 | logit 2.0085 | train_acc 57.04%
[Stage2/Head] ep 180/360 | loss 2.2563 | ce 0.2543 | logit 2.0020 | train_acc 57.49%
[Stage2/Head] ep 181/360 | loss 2.2691 | ce 0.2721 | logit 1.9970 | train_acc 57.00%
[Stage2/Head] ep 182/360 | loss 2.2792 | ce 0.2672 | logit 2.0120 | train_acc 57.07%
[Stage2/Head] ep 183/360 | loss 2.2625 | ce 0.2604 | logit 2.0022 | train_acc 57.31%
[Stage2/Head] ep 184/360 | loss 2.2649 | ce 0.2545 | logit 2.0103 | train_acc 57.38%
[Stage2/Head] ep 185/360 | loss 2.2457 | ce 0.2533 | logit 1.9924 | train_acc 57.16%
[Stage2/Head] ep 186/360 | loss 2.2631 | ce 0.2581 | logit 2.0050 | train_acc 57.19%
[Stage2/Head] ep 187/360 | loss 2.2457 | ce 0.2584 | logit 1.9873 | train_acc 57.03%
[Stage2/Head] ep 188/360 | loss 2.2340 | ce 0.2493 | logit 1.9847 | train_acc 57.19%
[Stage2/Head] ep 189/360 | loss 2.2405 | ce 0.2489 | logit 1.9917 | train_acc 57.28%
[Stage2/Head] ep 190/360 | loss 2.2247 | ce 0.2463 | logit 1.9784 | train_acc 57.34%
[Stage2/Head] ep 191/360 | loss 2.2179 | ce 0.2447 | logit 1.9731 | train_acc 57.23%
[Stage2/Head] ep 192/360 | loss 2.2184 | ce 0.2438 | logit 1.9746 | train_acc 57.28%
[Stage2/Head] ep 193/360 | loss 2.2227 | ce 0.2464 | logit 1.9763 | train_acc 57.33%
[Stage2/Head] ep 194/360 | loss 2.2287 | ce 0.2529 | logit 1.9758 | train_acc 57.19%
[Stage2/Head] ep 195/360 | loss 2.2072 | ce 0.2461 | logit 1.9611 | train_acc 57.34%
[Stage2/Head] ep 196/360 | loss 2.2050 | ce 0.2460 | logit 1.9590 | train_acc 57.25%
[Stage2/Head] ep 197/360 | loss 2.2056 | ce 0.2574 | logit 1.9482 | train_acc 57.07%
[Stage2/Head] ep 198/360 | loss 2.1834 | ce 0.2305 | logit 1.9529 | train_acc 57.38%
[Stage2/Head] ep 199/360 | loss 2.1699 | ce 0.2383 | logit 1.9316 | train_acc 57.41%
[Stage2/Head] ep 200/360 | loss 2.1667 | ce 0.2403 | logit 1.9264 | train_acc 57.42%
[Stage2/Head] ep 201/360 | loss 2.1676 | ce 0.2374 | logit 1.9302 | train_acc 57.28%
[Stage2/Head] ep 202/360 | loss 2.1574 | ce 0.2391 | logit 1.9182 | train_acc 57.29%
[Stage2/Head] ep 203/360 | loss 2.1491 | ce 0.2376 | logit 1.9115 | train_acc 57.37%
[Stage2/Head] ep 204/360 | loss 2.1424 | ce 0.2346 | logit 1.9078 | train_acc 57.40%
[Stage2/Head] ep 205/360 | loss 2.1344 | ce 0.2369 | logit 1.8975 | train_acc 57.32%
[Stage2/Head] ep 206/360 | loss 2.1210 | ce 0.2314 | logit 1.8897 | train_acc 57.37%
[Stage2/Head] ep 207/360 | loss 2.1271 | ce 0.2395 | logit 1.8875 | train_acc 57.31%
[Stage2/Head] ep 208/360 | loss 2.1222 | ce 0.2409 | logit 1.8813 | train_acc 57.27%
[Stage2/Head] ep 209/360 | loss 2.0938 | ce 0.2247 | logit 1.8691 | train_acc 57.20%
[Stage2/Head] ep 210/360 | loss 2.1055 | ce 0.2341 | logit 1.8713 | train_acc 57.17%
[Stage2/Head] ep 211/360 | loss 2.0834 | ce 0.2260 | logit 1.8574 | train_acc 57.54%
[Stage2/Head] ep 212/360 | loss 2.0819 | ce 0.2359 | logit 1.8460 | train_acc 57.21%
[Stage2/Head] ep 213/360 | loss 2.0875 | ce 0.2321 | logit 1.8554 | train_acc 57.44%
[Stage2/Head] ep 214/360 | loss 2.0875 | ce 0.2346 | logit 1.8528 | train_acc 57.28%
[Stage2/Head] ep 215/360 | loss 2.0647 | ce 0.2296 | logit 1.8350 | train_acc 57.31%
[Stage2/Head] ep 216/360 | loss 2.0693 | ce 0.2307 | logit 1.8386 | train_acc 57.38%
[Stage2/Head] ep 217/360 | loss 2.0672 | ce 0.2253 | logit 1.8419 | train_acc 57.28%
[Stage2/Head] ep 218/360 | loss 2.0503 | ce 0.2180 | logit 1.8322 | train_acc 57.50%
[Stage2/Head] ep 219/360 | loss 2.0521 | ce 0.2363 | logit 1.8157 | train_acc 57.48%
[Stage2/Head] ep 220/360 | loss 2.0493 | ce 0.2316 | logit 1.8177 | train_acc 57.16%
[Stage2/Head] ep 221/360 | loss 2.0345 | ce 0.2256 | logit 1.8090 | train_acc 57.19%
[Stage2/Head] ep 222/360 | loss 2.0392 | ce 0.2320 | logit 1.8072 | train_acc 57.37%
[Stage2/Head] ep 223/360 | loss 2.0338 | ce 0.2292 | logit 1.8047 | train_acc 57.59%
[Stage2/Head] ep 224/360 | loss 2.0153 | ce 0.2183 | logit 1.7970 | train_acc 57.54%
[Stage2/Head] ep 225/360 | loss 2.0130 | ce 0.2224 | logit 1.7906 | train_acc 57.29%
[Stage2/Head] ep 226/360 | loss 2.0124 | ce 0.2246 | logit 1.7878 | train_acc 57.41%
[Stage2/Head] ep 227/360 | loss 2.0197 | ce 0.2346 | logit 1.7851 | train_acc 57.25%
[Stage2/Head] ep 228/360 | loss 2.0139 | ce 0.2296 | logit 1.7843 | train_acc 57.44%
[Stage2/Head] ep 229/360 | loss 1.9990 | ce 0.2264 | logit 1.7726 | train_acc 57.49%
[Stage2/Head] ep 230/360 | loss 1.9943 | ce 0.2276 | logit 1.7667 | train_acc 57.49%
[Stage2/Head] ep 231/360 | loss 1.9998 | ce 0.2307 | logit 1.7690 | train_acc 57.36%
[Stage2/Head] ep 232/360 | loss 1.9946 | ce 0.2348 | logit 1.7598 | train_acc 57.24%
[Stage2/Head] ep 233/360 | loss 2.0036 | ce 0.2379 | logit 1.7656 | train_acc 57.37%
[Stage2/Head] ep 234/360 | loss 1.9761 | ce 0.2287 | logit 1.7474 | train_acc 57.62%
[Stage2/Head] ep 235/360 | loss 1.9767 | ce 0.2184 | logit 1.7582 | train_acc 57.57%
[Stage2/Head] ep 236/360 | loss 1.9755 | ce 0.2347 | logit 1.7408 | train_acc 57.50%
[Stage2/Head] ep 237/360 | loss 1.9578 | ce 0.2401 | logit 1.7177 | train_acc 58.17%
[Stage2/Head] ep 238/360 | loss 1.9489 | ce 0.2309 | logit 1.7180 | train_acc 58.73%
[Stage2/Head] ep 239/360 | loss 1.9297 | ce 0.2199 | logit 1.7098 | train_acc 58.85%
[Stage2/Head] ep 240/360 | loss 1.9168 | ce 0.2160 | logit 1.7008 | train_acc 59.19%
[Stage2/Head] ep 241/360 | loss 1.9223 | ce 0.2346 | logit 1.6877 | train_acc 58.85%
[Stage2/Head] ep 242/360 | loss 1.9408 | ce 0.2389 | logit 1.7018 | train_acc 58.86%
[Stage2/Head] ep 243/360 | loss 1.9108 | ce 0.2196 | logit 1.6911 | train_acc 59.10%
[Stage2/Head] ep 244/360 | loss 1.9234 | ce 0.2394 | logit 1.6840 | train_acc 58.68%
[Stage2/Head] ep 245/360 | loss 1.9139 | ce 0.2379 | logit 1.6760 | train_acc 58.81%
[Stage2/Head] ep 246/360 | loss 1.9057 | ce 0.2241 | logit 1.6815 | train_acc 59.08%
[Stage2/Head] ep 247/360 | loss 1.9113 | ce 0.2405 | logit 1.6708 | train_acc 59.01%
[Stage2/Head] ep 248/360 | loss 1.8831 | ce 0.2262 | logit 1.6569 | train_acc 59.12%
[Stage2/Head] ep 249/360 | loss 1.9001 | ce 0.2358 | logit 1.6643 | train_acc 59.08%
[Stage2/Head] ep 250/360 | loss 1.8822 | ce 0.2255 | logit 1.6566 | train_acc 59.18%
[Stage2/Head] ep 251/360 | loss 1.8761 | ce 0.2236 | logit 1.6525 | train_acc 59.24%
[Stage2/Head] ep 252/360 | loss 1.8893 | ce 0.2402 | logit 1.6491 | train_acc 58.90%
[Stage2/Head] ep 253/360 | loss 1.8626 | ce 0.2218 | logit 1.6408 | train_acc 59.06%
[Stage2/Head] ep 254/360 | loss 1.8549 | ce 0.2280 | logit 1.6269 | train_acc 59.07%
[Stage2/Head] ep 255/360 | loss 1.8557 | ce 0.2333 | logit 1.6224 | train_acc 58.88%
[Stage2/Head] ep 256/360 | loss 1.8410 | ce 0.2312 | logit 1.6099 | train_acc 59.14%
[Stage2/Head] ep 257/360 | loss 1.8299 | ce 0.2300 | logit 1.5999 | train_acc 58.95%
[Stage2/Head] ep 258/360 | loss 1.8164 | ce 0.2401 | logit 1.5763 | train_acc 59.15%
[Stage2/Head] ep 259/360 | loss 1.8155 | ce 0.2378 | logit 1.5777 | train_acc 58.91%
[Stage2/Head] ep 260/360 | loss 1.7912 | ce 0.2278 | logit 1.5634 | train_acc 59.03%
[Stage2/Head] ep 261/360 | loss 1.7876 | ce 0.2279 | logit 1.5597 | train_acc 59.11%
[Stage2/Head] ep 262/360 | loss 1.7837 | ce 0.2335 | logit 1.5502 | train_acc 59.18%
[Stage2/Head] ep 263/360 | loss 1.7895 | ce 0.2402 | logit 1.5492 | train_acc 59.18%
[Stage2/Head] ep 264/360 | loss 1.7964 | ce 0.2465 | logit 1.5499 | train_acc 58.74%
[Stage2/Head] ep 265/360 | loss 1.7802 | ce 0.2366 | logit 1.5436 | train_acc 58.86%
[Stage2/Head] ep 266/360 | loss 1.7871 | ce 0.2397 | logit 1.5474 | train_acc 58.93%
[Stage2/Head] ep 267/360 | loss 1.7779 | ce 0.2313 | logit 1.5466 | train_acc 59.06%
[Stage2/Head] ep 268/360 | loss 1.7653 | ce 0.2308 | logit 1.5344 | train_acc 59.16%
[Stage2/Head] ep 269/360 | loss 1.7823 | ce 0.2413 | logit 1.5410 | train_acc 58.81%
[Stage2/Head] ep 270/360 | loss 1.7720 | ce 0.2330 | logit 1.5390 | train_acc 58.99%
[Stage2/Head] ep 271/360 | loss 1.7657 | ce 0.2290 | logit 1.5368 | train_acc 58.78%
[Stage2/Head] ep 272/360 | loss 1.7661 | ce 0.2380 | logit 1.5281 | train_acc 59.03%
[Stage2/Head] ep 273/360 | loss 1.7539 | ce 0.2423 | logit 1.5116 | train_acc 59.15%
[Stage2/Head] ep 274/360 | loss 1.7634 | ce 0.2321 | logit 1.5313 | train_acc 59.08%
[Stage2/Head] ep 275/360 | loss 1.7497 | ce 0.2358 | logit 1.5139 | train_acc 58.97%
[Stage2/Head] ep 276/360 | loss 1.7518 | ce 0.2344 | logit 1.5175 | train_acc 59.36%
[Stage2/Head] ep 277/360 | loss 1.7461 | ce 0.2383 | logit 1.5078 | train_acc 59.24%
[Stage2/Head] ep 278/360 | loss 1.7480 | ce 0.2371 | logit 1.5109 | train_acc 58.99%
[Stage2/Head] ep 279/360 | loss 1.7488 | ce 0.2343 | logit 1.5145 | train_acc 58.74%
[Stage2/Head] ep 280/360 | loss 1.7508 | ce 0.2326 | logit 1.5182 | train_acc 59.05%
[Stage2/Head] ep 281/360 | loss 1.7302 | ce 0.2263 | logit 1.5039 | train_acc 59.33%
[Stage2/Head] ep 282/360 | loss 1.7341 | ce 0.2342 | logit 1.4999 | train_acc 59.39%
[Stage2/Head] ep 283/360 | loss 1.7309 | ce 0.2260 | logit 1.5048 | train_acc 59.40%
[Stage2/Head] ep 284/360 | loss 1.8084 | ce 0.2409 | logit 1.5675 | train_acc 58.98%
[Stage2/Head] ep 285/360 | loss 1.7283 | ce 0.2197 | logit 1.5085 | train_acc 59.56%
[Stage2/Head] ep 286/360 | loss 1.7374 | ce 0.2395 | logit 1.4978 | train_acc 59.45%
[Stage2/Head] ep 287/360 | loss 1.7386 | ce 0.2348 | logit 1.5037 | train_acc 59.59%
[Stage2/Head] ep 288/360 | loss 1.7395 | ce 0.2309 | logit 1.5086 | train_acc 59.63%
[Stage2/Head] ep 289/360 | loss 1.7211 | ce 0.2278 | logit 1.4933 | train_acc 59.58%
[Stage2/Head] ep 290/360 | loss 1.7244 | ce 0.2311 | logit 1.4933 | train_acc 60.13%
[Stage2/Head] ep 291/360 | loss 1.7260 | ce 0.2335 | logit 1.4925 | train_acc 59.92%
[Stage2/Head] ep 292/360 | loss 1.7428 | ce 0.2434 | logit 1.4994 | train_acc 59.84%
[Stage2/Head] ep 293/360 | loss 1.7216 | ce 0.2253 | logit 1.4962 | train_acc 60.20%
[Stage2/Head] ep 294/360 | loss 1.7153 | ce 0.2410 | logit 1.4743 | train_acc 59.90%
[Stage2/Head] ep 295/360 | loss 1.7177 | ce 0.2270 | logit 1.4907 | train_acc 60.42%
[Stage2/Head] ep 296/360 | loss 1.7267 | ce 0.2456 | logit 1.4811 | train_acc 60.67%
[Stage2/Head] ep 297/360 | loss 1.7006 | ce 0.2145 | logit 1.4861 | train_acc 61.02%
[Stage2/Head] ep 298/360 | loss 1.7134 | ce 0.2387 | logit 1.4746 | train_acc 60.47%
[Stage2/Head] ep 299/360 | loss 1.7079 | ce 0.2347 | logit 1.4732 | train_acc 60.47%
[Stage2/Head] ep 300/360 | loss 1.7016 | ce 0.2279 | logit 1.4737 | train_acc 60.48%
[Stage2/Head] ep 301/360 | loss 1.6960 | ce 0.2188 | logit 1.4773 | train_acc 61.40%
[Stage2/Head] ep 302/360 | loss 1.6996 | ce 0.2307 | logit 1.4689 | train_acc 60.94%
[Stage2/Head] ep 303/360 | loss 1.6904 | ce 0.2287 | logit 1.4617 | train_acc 61.10%
[Stage2/Head] ep 304/360 | loss 1.7050 | ce 0.2396 | logit 1.4654 | train_acc 60.76%
[Stage2/Head] ep 305/360 | loss 1.6867 | ce 0.2281 | logit 1.4586 | train_acc 61.16%
[Stage2/Head] ep 306/360 | loss 1.7142 | ce 0.2409 | logit 1.4733 | train_acc 61.05%
[Stage2/Head] ep 307/360 | loss 1.7061 | ce 0.2404 | logit 1.4657 | train_acc 60.63%
[Stage2/Head] ep 308/360 | loss 1.6976 | ce 0.2326 | logit 1.4651 | train_acc 60.95%
[Stage2/Head] ep 309/360 | loss 1.7012 | ce 0.2314 | logit 1.4699 | train_acc 61.09%
[Stage2/Head] ep 310/360 | loss 1.6946 | ce 0.2387 | logit 1.4559 | train_acc 61.09%
[Stage2/Head] ep 311/360 | loss 1.6878 | ce 0.2391 | logit 1.4487 | train_acc 61.58%
[Stage2/Head] ep 312/360 | loss 1.6772 | ce 0.2230 | logit 1.4541 | train_acc 61.28%
[Stage2/Head] ep 313/360 | loss 1.7077 | ce 0.2423 | logit 1.4654 | train_acc 61.14%
[Stage2/Head] ep 314/360 | loss 1.7016 | ce 0.2351 | logit 1.4664 | train_acc 60.76%
[Stage2/Head] ep 315/360 | loss 1.7185 | ce 0.2600 | logit 1.4586 | train_acc 60.85%
[Stage2/Head] ep 316/360 | loss 1.6912 | ce 0.2377 | logit 1.4535 | train_acc 60.99%
[Stage2/Head] ep 317/360 | loss 1.6719 | ce 0.2312 | logit 1.4407 | train_acc 61.26%
[Stage2/Head] ep 318/360 | loss 1.6821 | ce 0.2406 | logit 1.4414 | train_acc 61.33%
[Stage2/Head] ep 319/360 | loss 1.6710 | ce 0.2327 | logit 1.4384 | train_acc 61.52%
[Stage2/Head] ep 320/360 | loss 1.6729 | ce 0.2353 | logit 1.4376 | train_acc 61.53%
[Stage2/Head] ep 321/360 | loss 1.6773 | ce 0.2310 | logit 1.4463 | train_acc 61.28%
[Stage2/Head] ep 322/360 | loss 1.6583 | ce 0.2281 | logit 1.4301 | train_acc 61.53%
[Stage2/Head] ep 323/360 | loss 1.6603 | ce 0.2402 | logit 1.4201 | train_acc 61.65%
[Stage2/Head] ep 324/360 | loss 1.6623 | ce 0.2270 | logit 1.4353 | train_acc 61.57%
[Stage2/Head] ep 325/360 | loss 1.6781 | ce 0.2481 | logit 1.4300 | train_acc 61.28%
[Stage2/Head] ep 326/360 | loss 1.6599 | ce 0.2321 | logit 1.4278 | train_acc 61.75%
[Stage2/Head] ep 327/360 | loss 1.6738 | ce 0.2446 | logit 1.4292 | train_acc 61.18%
[Stage2/Head] ep 328/360 | loss 1.6686 | ce 0.2346 | logit 1.4341 | train_acc 61.52%
[Stage2/Head] ep 329/360 | loss 1.6706 | ce 0.2430 | logit 1.4276 | train_acc 61.61%
[Stage2/Head] ep 330/360 | loss 1.6494 | ce 0.2268 | logit 1.4227 | train_acc 61.40%
[Stage2/Head] ep 331/360 | loss 1.6624 | ce 0.2369 | logit 1.4255 | train_acc 61.14%
[Stage2/Head] ep 332/360 | loss 1.6514 | ce 0.2447 | logit 1.4067 | train_acc 61.52%
[Stage2/Head] ep 333/360 | loss 1.6418 | ce 0.2334 | logit 1.4084 | train_acc 61.69%
[Stage2/Head] ep 334/360 | loss 1.6452 | ce 0.2298 | logit 1.4154 | train_acc 61.53%
[Stage2/Head] ep 335/360 | loss 1.6436 | ce 0.2382 | logit 1.4054 | train_acc 61.20%
[Stage2/Head] ep 336/360 | loss 1.6494 | ce 0.2340 | logit 1.4154 | train_acc 61.43%
[Stage2/Head] ep 337/360 | loss 1.6368 | ce 0.2388 | logit 1.3980 | train_acc 61.09%
[Stage2/Head] ep 338/360 | loss 1.6316 | ce 0.2255 | logit 1.4062 | train_acc 61.91%
[Stage2/Head] ep 339/360 | loss 1.6511 | ce 0.2481 | logit 1.4030 | train_acc 61.05%
[Stage2/Head] ep 340/360 | loss 1.7938 | ce 0.2624 | logit 1.5315 | train_acc 60.07%
[Stage2/Head] ep 341/360 | loss 1.8044 | ce 0.2825 | logit 1.5219 | train_acc 59.97%
[Stage2/Head] ep 342/360 | loss 1.6565 | ce 0.2304 | logit 1.4261 | train_acc 61.67%
[Stage2/Head] ep 343/360 | loss 1.6414 | ce 0.2364 | logit 1.4050 | train_acc 61.71%
[Stage2/Head] ep 344/360 | loss 1.6274 | ce 0.2298 | logit 1.3975 | train_acc 61.65%
[Stage2/Head] ep 345/360 | loss 1.6417 | ce 0.2420 | logit 1.3997 | train_acc 61.91%
[Stage2/Head] ep 346/360 | loss 1.6506 | ce 0.2409 | logit 1.4098 | train_acc 61.86%
[Stage2/Head] ep 347/360 | loss 1.6235 | ce 0.2313 | logit 1.3923 | train_acc 61.79%
[Stage2/Head] ep 348/360 | loss 1.6245 | ce 0.2425 | logit 1.3820 | train_acc 61.83%
[Stage2/Head] ep 349/360 | loss 1.6369 | ce 0.2392 | logit 1.3977 | train_acc 61.77%
[Stage2/Head] ep 350/360 | loss 1.6142 | ce 0.2255 | logit 1.3887 | train_acc 61.94%
[Stage2/Head] ep 351/360 | loss 1.6341 | ce 0.2439 | logit 1.3902 | train_acc 61.58%
[Stage2/Head] ep 352/360 | loss 1.6176 | ce 0.2276 | logit 1.3900 | train_acc 61.61%
[Stage2/Head] ep 353/360 | loss 1.6116 | ce 0.2285 | logit 1.3831 | train_acc 62.01%
[Stage2/Head] ep 354/360 | loss 1.6072 | ce 0.2258 | logit 1.3814 | train_acc 61.64%
[Stage2/Head] ep 355/360 | loss 1.6299 | ce 0.2505 | logit 1.3794 | train_acc 61.57%
[Stage2/Head] ep 356/360 | loss 1.6089 | ce 0.2392 | logit 1.3698 | train_acc 61.84%
[Stage2/Head] ep 357/360 | loss 1.6237 | ce 0.2271 | logit 1.3966 | train_acc 61.45%
[Stage2/Head] ep 358/360 | loss 1.6039 | ce 0.2193 | logit 1.3845 | train_acc 61.67%
[Stage2/Head] ep 359/360 | loss 1.6239 | ce 0.2401 | logit 1.3838 | train_acc 61.37%
[Stage2/Head] ep 360/360 | loss 1.6160 | ce 0.2261 | logit 1.3900 | train_acc 61.67%
[Task 3] Training done in 18.52 min.
[Task 3] Test (on new class only) -> ce_loss: 0.1980, acc: 95.04%, rec_loss: 13.4139
  - Filtering train: keep top 95.0% per class based on returned scores.
[Task 3] Wrote CSVs to: ./runs_mnist_continual/run_20260219_122841/task3
Accuracies on seen tasks:
  Task 0 [0,1,2,3,4]: 26.76%
  Task 1 [5]: 0.00%
  Task 2 [6]: 92.59%
  Task 3 [7]: 95.04%
Mean over seen tasks (0..3): 53.60%
[Task 3] Running Rscript to produce: ./runs_mnist_continual/run_20260219_122841/task3/inducing_points.csv
Loading required package: Matrix

Attaching package: ‘dplyr’

The following objects are masked from ‘package:stats’:

    filter, lag

The following objects are masked from ‘package:base’:

    intersect, setdiff, setequal, union

This is gplite version 0.13.0
Directory already exists: ./runs_mnist_continual/run_20260219_122841/task3 
[1] "Using original Y values (no log-space transform)"
[1] "Using GP package: laGP"
[1] "======================================"
[1] "---- Start Training GPs for existing classes ----"
[1] "class 0 training sample size (indclude 50 samples from other classes): 489"
[1] "class 0 validation set sample size (indclude 50 samples from other classes): 160"
[1] "Selecting 439 inducing points"
[1] "validation MSE for class0: 0.093920713338197"
[1] "Current inducing_points dim: 439 x 16"
[1] "class 1 training sample size (indclude 50 samples from other classes): 489"
[1] "class 1 validation set sample size (indclude 50 samples from other classes): 160"
[1] "Selecting 439 inducing points"
[1] "validation MSE for class1: 0.245649582252832"
[1] "Current inducing_points dim: 878 x 16"
[1] "class 2 training sample size (indclude 50 samples from other classes): 489"
[1] "class 2 validation set sample size (indclude 50 samples from other classes): 160"
[1] "Selecting 439 inducing points"
[1] "validation MSE for class2: 0.273291742775698"
[1] "Current inducing_points dim: 1317 x 16"
[1] "class 3 training sample size (indclude 50 samples from other classes): 489"
[1] "class 3 validation set sample size (indclude 50 samples from other classes): 160"
[1] "Selecting 439 inducing points"
[1] "validation MSE for class3: 0.113859675228571"
[1] "Current inducing_points dim: 1756 x 16"
[1] "class 4 training sample size (indclude 50 samples from other classes): 489"
[1] "class 4 validation set sample size (indclude 50 samples from other classes): 160"
[1] "Selecting 439 inducing points"
[1] "validation MSE for class4: 0.4859413213343"
[1] "Current inducing_points dim: 2195 x 16"
[1] "class 5 training sample size (indclude 50 samples from other classes): 627"
[1] "class 5 validation set sample size (indclude 50 samples from other classes): 195"
[1] "Selecting 577 inducing points"
[1] "validation MSE for class5: 0.205402497072083"
[1] "Current inducing_points dim: 2772 x 16"
[1] "class 6 training sample size (indclude 50 samples from other classes): 810"
[1] "class 6 validation set sample size (indclude 50 samples from other classes): 240"
[1] "Selecting 760 inducing points"
[1] "validation MSE for class6: 1.26355922704457"
[1] "Current inducing_points dim: 3532 x 16"
[1] "class 7 training sample size (indclude 50 samples from other classes): 2050"
[1] "class 7 validation set sample size (indclude 50 samples from other classes): 620"
[1] "Selecting 1000 inducing points"
[1] "validation MSE for class7: 1.38277430356782"
[1] "Current inducing_points dim: 4532 x 16"
[1] "Train Finished"
[1] "---------------------"
[1] "Inducing Points Saved"
[1] "---------------------"
[1] "Expected testing data total: 8000"
[1] "total test df size: 8000"
 num [1:8000] 2 1 0 4 1 4 0 0 1 3 ...

   0    1    2    3    4    5    6    7 
 980 1135 1032 1010  982  892  958 1011 
[1] "class 0 test data size:980"
[1] "class 1 test data size:1135"
[1] "class 2 test data size:1032"
[1] "class 3 test data size:1010"
[1] "class 4 test data size:982"
[1] "class 5 test data size:892"
[1] "class 6 test data size:958"
[1] "class 7 test data size:1011"
[1] "Testset GPs:"
[1] "Total accuracy: 0.346375"
[1] "Confusion Matrix for Class:0"
                   Actual_Positive Actual_Negative
Predicted_Positive               0               0
Predicted_Negative             980            7020
[1] "Accuracy: 0.8775"
[1] "Precision: NA"
[1] "Recall for Class: 0"
[1] "F1 Score for Class: NA"
[1] "Confusion Matrix for Class:1"
                   Actual_Positive Actual_Negative
Predicted_Positive             571             108
Predicted_Negative             564            6757
[1] "Accuracy: 0.916"
[1] "Precision: 0.840942562592047"
[1] "Recall for Class: 0.503083700440529"
[1] "F1 Score for Class: 0.62954796030871"
[1] "Confusion Matrix for Class:2"
                   Actual_Positive Actual_Negative
Predicted_Positive              92              12
Predicted_Negative             940            6956
[1] "Accuracy: 0.881"
[1] "Precision: 0.884615384615385"
[1] "Recall for Class: 0.0891472868217054"
[1] "F1 Score for Class: 0.161971830985915"
[1] "Confusion Matrix for Class:3"
                   Actual_Positive Actual_Negative
Predicted_Positive              32               0
Predicted_Negative             978            6990
[1] "Accuracy: 0.87775"
[1] "Precision: 1"
[1] "Recall for Class: 0.0316831683168317"
[1] "F1 Score for Class: 0.0614203454894434"
[1] "Confusion Matrix for Class:4"
                   Actual_Positive Actual_Negative
Predicted_Positive             223              59
Predicted_Negative             759            6959
[1] "Accuracy: 0.89775"
[1] "Precision: 0.790780141843972"
[1] "Recall for Class: 0.227087576374745"
[1] "F1 Score for Class: 0.352848101265823"
[1] "Confusion Matrix for Class:5"
                   Actual_Positive Actual_Negative
Predicted_Positive              15               8
Predicted_Negative             877            7100
[1] "Accuracy: 0.889375"
[1] "Precision: 0.652173913043478"
[1] "Recall for Class: 0.0168161434977578"
[1] "F1 Score for Class: 0.0327868852459016"
[1] "Confusion Matrix for Class:6"
                   Actual_Positive Actual_Negative
Predicted_Positive             866            1777
Predicted_Negative              92            5265
[1] "Accuracy: 0.766375"
[1] "Precision: 0.327657964434355"
[1] "Recall for Class: 0.903966597077244"
[1] "F1 Score for Class: 0.480977506248264"
[1] "Confusion Matrix for Class:7"
                   Actual_Positive Actual_Negative
Predicted_Positive             972            3265
Predicted_Negative              39            3724
[1] "Accuracy: 0.587"
[1] "Precision: 0.229407599716781"
[1] "Recall for Class: 0.961424332344214"
[1] "F1 Score for Class: 0.370426829268293"
[1] "GPc0 distribution statistics for0, 1, 2, 3, 4, 5, 6, 7:"
[1] "mean: 0.0474759796107663, -0.00158147866892552, 0.0218696860657985, 0.0235589188393058, 0.0121701550768641, 0.0371625838665111, 0.0589832193971979, 0.00352423146722456"
[1] "sd: 0.0332208775729439, 0.00722324196557314, 0.0216190670949861, 0.0225864106367352, 0.015844834151805, 0.0320344626117414, 0.0271332282765761, 0.013368940840801"
[1] "---------------------"
[1] "GPc1 distribution statistics for0, 1, 2, 3, 4, 5, 6, 7:"
[1] "mean: 0.00130938730519881, 0.396818013719619, 0.0462484742678546, 0.0141243501502146, 0.0120161257620893, 0.0323818159622823, 0.0238365990831813, 0.0445489609504896"
[1] "sd: 0.0128068470737109, 0.232171469769661, 0.0875110167465463, 0.0603181069635105, 0.0660283363834673, 0.0987936314076534, 0.114193102008844, 0.125331435486524"
[1] "---------------------"
[1] "GPc2 distribution statistics for0, 1, 2, 3, 4, 5, 6, 7:"
[1] "mean: 0.010211016374166, -0.0024303053087242, 0.104518426943345, 0.0499796598432604, 0.017512752315288, 0.0512151789553626, 0.0431620985338458, 0.00786956125301067"
[1] "sd: 0.0227085849156732, 0.0162110584678214, 0.0611115341622728, 0.0528179248317043, 0.0176499034509656, 0.0484566336082976, 0.041928661522286, 0.0212224964078962"
[1] "---------------------"
[1] "GPc3 distribution statistics for0, 1, 2, 3, 4, 5, 6, 7:"
[1] "mean: 0.00689296817974812, -0.000168640685293581, 0.0398800989928796, 0.0847369374247821, 0.00947579363911785, 0.0581248682206572, 0.0084520231067459, 0.012871550909959"
[1] "sd: 0.0159024623250303, 0.0185423764454595, 0.0278111704143598, 0.0394724744857272, 0.0151963322543878, 0.0357009944092096, 0.0340836982507098, 0.0223330156293907"
[1] "---------------------"
[1] "GPc4 distribution statistics for0, 1, 2, 3, 4, 5, 6, 7:"
[1] "mean: 0.000424286584783494, -0.000138709502464966, 0.0123976264085094, 0.00558923322652595, 0.187128576112044, 0.05449535893935, 0.0172271166904222, 0.024656747897627"
[1] "sd: 0.008219125190101, 0.0238069063047954, 0.0423764036844231, 0.0335818900901152, 0.150098948143305, 0.104846169254464, 0.0896647143110432, 0.0894961646635087"
[1] "---------------------"
[1] "GPc5 distribution statistics for0, 1, 2, 3, 4, 5, 6, 7:"
[1] "mean: 0.0440526802815777, 0.0193341873183854, 0.0449012947668529, 0.0805213931530956, 0.0621040332293719, 0.130253716914585, 0.0427906709102788, 0.0209493980122036"
[1] "sd: 0.0364845983801838, 0.0229220225645353, 0.0330759979027599, 0.0389141884172959, 0.0418686262375972, 0.0460763898998429, 0.0420220963547259, 0.0416698639376412"
[1] "---------------------"
[1] "GPc6 distribution statistics for0, 1, 2, 3, 4, 5, 6, 7:"
[1] "mean: 0.414140851440983, -0.0762600710173695, 0.216210007346179, 0.0919923762415139, -0.0233387587278757, 0.197993895323167, 0.690003685080035, -0.0140367360091143"
[1] "sd: 0.18032443144528, 0.299890798712274, 0.251835895030308, 0.223959170761581, 0.237086123042314, 0.201658686754484, 0.204055511551222, 0.23537141808169"
[1] "---------------------"
[1] "GPc7 distribution statistics for0, 1, 2, 3, 4, 5, 6, 7:"
[1] "mean: 0.152518905986391, 0.341935528919936, 0.27528441230525, 0.477293921232845, 0.426751157667703, 0.386965258148489, 0.219401818508573, 0.899439325482865"
[1] "sd: 0.278754411373174, 0.273890507265048, 0.344451752810011, 0.282004556678003, 0.331629250834026, 0.286221117119193, 0.261371516298511, 0.185458600568117"
[1] "---------------------"
Warning messages:
1: Removed 1 row containing missing values or values outside the scale range
(`geom_bar()`). 
2: Removed 1 row containing missing values or values outside the scale range
(`geom_bar()`). 
3: Removed 1 row containing missing values or values outside the scale range
(`geom_bar()`). 
4: Removed 1 row containing missing values or values outside the scale range
(`geom_bar()`). 
5: Removed 4 rows containing missing values or values outside the scale range
(`geom_bar()`). 
[1] "Save Results"
null device 
          1 
[Task 3] Loaded from R CSV: 4532 rows, f_size=16
[Task 3] Decoded images: torch.Size([4532, 1, 28, 28]) -> recovered dataset size 4532
[Task 3] Augmenting Task 4 training set with 4532 recovered samples.

================================================================================
Starting Task 4: digits [8]
Training samples size: 7532
================================================================================
[Stage1/AE] ep 1/480 | loss 0.3625 | rec 0.0525 | feat 0.3101 | train_acc 27.52%
[Stage1/AE] ep 2/480 | loss 0.3231 | rec 0.0426 | feat 0.2805 | train_acc 26.59%
[Stage1/AE] ep 3/480 | loss 0.3073 | rec 0.0409 | feat 0.2665 | train_acc 26.65%
[Stage1/AE] ep 4/480 | loss 0.3021 | rec 0.0399 | feat 0.2622 | train_acc 26.31%
[Stage1/AE] ep 5/480 | loss 0.3044 | rec 0.0389 | feat 0.2655 | train_acc 25.77%
[Stage1/AE] ep 6/480 | loss 0.2929 | rec 0.0385 | feat 0.2544 | train_acc 26.19%
[Stage1/AE] ep 7/480 | loss 0.2913 | rec 0.0382 | feat 0.2530 | train_acc 26.17%
[Stage1/AE] ep 8/480 | loss 0.2885 | rec 0.0377 | feat 0.2508 | train_acc 26.33%
[Stage1/AE] ep 9/480 | loss 0.2862 | rec 0.0376 | feat 0.2486 | train_acc 25.96%
[Stage1/AE] ep 10/480 | loss 0.2864 | rec 0.0375 | feat 0.2489 | train_acc 25.70%
[Stage1/AE] ep 11/480 | loss 0.2796 | rec 0.0372 | feat 0.2424 | train_acc 25.74%
[Stage1/AE] ep 12/480 | loss 0.2780 | rec 0.0372 | feat 0.2408 | train_acc 26.01%
[Stage1/AE] ep 13/480 | loss 0.2726 | rec 0.0370 | feat 0.2356 | train_acc 26.10%
[Stage1/AE] ep 14/480 | loss 0.2729 | rec 0.0368 | feat 0.2361 | train_acc 25.39%
[Stage1/AE] ep 15/480 | loss 0.2710 | rec 0.0367 | feat 0.2343 | train_acc 25.80%
[Stage1/AE] ep 16/480 | loss 0.2705 | rec 0.0368 | feat 0.2337 | train_acc 25.82%
[Stage1/AE] ep 17/480 | loss 0.2704 | rec 0.0363 | feat 0.2340 | train_acc 25.93%
[Stage1/AE] ep 18/480 | loss 0.2727 | rec 0.0364 | feat 0.2362 | train_acc 25.84%
[Stage1/AE] ep 19/480 | loss 0.2644 | rec 0.0362 | feat 0.2282 | train_acc 25.81%
[Stage1/AE] ep 20/480 | loss 0.2650 | rec 0.0363 | feat 0.2287 | train_acc 25.58%
[Stage1/AE] ep 21/480 | loss 0.2635 | rec 0.0362 | feat 0.2273 | train_acc 25.64%
[Stage1/AE] ep 22/480 | loss 0.2631 | rec 0.0361 | feat 0.2270 | train_acc 25.93%
[Stage1/AE] ep 23/480 | loss 0.2609 | rec 0.0360 | feat 0.2249 | train_acc 25.96%
[Stage1/AE] ep 24/480 | loss 0.2615 | rec 0.0360 | feat 0.2255 | train_acc 25.96%
[Stage1/AE] ep 25/480 | loss 0.2653 | rec 0.0358 | feat 0.2294 | train_acc 25.88%
[Stage1/AE] ep 26/480 | loss 0.2594 | rec 0.0358 | feat 0.2236 | train_acc 25.89%
[Stage1/AE] ep 27/480 | loss 0.2552 | rec 0.0356 | feat 0.2196 | train_acc 25.84%
[Stage1/AE] ep 28/480 | loss 0.2595 | rec 0.0357 | feat 0.2238 | train_acc 26.34%
[Stage1/AE] ep 29/480 | loss 0.2571 | rec 0.0356 | feat 0.2215 | train_acc 25.76%
[Stage1/AE] ep 30/480 | loss 0.2639 | rec 0.0353 | feat 0.2286 | train_acc 26.00%
[Stage1/AE] ep 31/480 | loss 0.2601 | rec 0.0354 | feat 0.2247 | train_acc 25.88%
[Stage1/AE] ep 32/480 | loss 0.2554 | rec 0.0354 | feat 0.2201 | train_acc 25.69%
[Stage1/AE] ep 33/480 | loss 0.2556 | rec 0.0353 | feat 0.2202 | train_acc 26.14%
[Stage1/AE] ep 34/480 | loss 0.2531 | rec 0.0354 | feat 0.2177 | train_acc 26.45%
[Stage1/AE] ep 35/480 | loss 0.2569 | rec 0.0352 | feat 0.2217 | train_acc 25.74%
[Stage1/AE] ep 36/480 | loss 0.2562 | rec 0.0354 | feat 0.2208 | train_acc 25.88%
[Stage1/AE] ep 37/480 | loss 0.2531 | rec 0.0354 | feat 0.2177 | train_acc 25.97%
[Stage1/AE] ep 38/480 | loss 0.2540 | rec 0.0352 | feat 0.2188 | train_acc 25.93%
[Stage1/AE] ep 39/480 | loss 0.2587 | rec 0.0350 | feat 0.2237 | train_acc 26.16%
[Stage1/AE] ep 40/480 | loss 0.2534 | rec 0.0350 | feat 0.2184 | train_acc 25.85%
[Stage1/AE] ep 41/480 | loss 0.2547 | rec 0.0351 | feat 0.2196 | train_acc 25.82%
[Stage1/AE] ep 42/480 | loss 0.2528 | rec 0.0350 | feat 0.2178 | train_acc 26.33%
[Stage1/AE] ep 43/480 | loss 0.2535 | rec 0.0350 | feat 0.2185 | train_acc 26.00%
[Stage1/AE] ep 44/480 | loss 0.2512 | rec 0.0348 | feat 0.2164 | train_acc 26.06%
[Stage1/AE] ep 45/480 | loss 0.2472 | rec 0.0349 | feat 0.2124 | train_acc 25.64%
[Stage1/AE] ep 46/480 | loss 0.2524 | rec 0.0351 | feat 0.2173 | train_acc 26.19%
[Stage1/AE] ep 47/480 | loss 0.2466 | rec 0.0347 | feat 0.2119 | train_acc 26.08%
[Stage1/AE] ep 48/480 | loss 0.2489 | rec 0.0348 | feat 0.2141 | train_acc 26.02%
[Stage1/AE] ep 49/480 | loss 0.2503 | rec 0.0346 | feat 0.2157 | train_acc 25.93%
[Stage1/AE] ep 50/480 | loss 0.2432 | rec 0.0347 | feat 0.2085 | train_acc 26.09%
[Stage1/AE] ep 51/480 | loss 0.2500 | rec 0.0347 | feat 0.2153 | train_acc 26.14%
[Stage1/AE] ep 52/480 | loss 0.2454 | rec 0.0349 | feat 0.2105 | train_acc 26.10%
[Stage1/AE] ep 53/480 | loss 0.2454 | rec 0.0347 | feat 0.2107 | train_acc 25.68%
[Stage1/AE] ep 54/480 | loss 0.2442 | rec 0.0346 | feat 0.2095 | train_acc 26.39%
[Stage1/AE] ep 55/480 | loss 0.2464 | rec 0.0346 | feat 0.2118 | train_acc 26.54%
[Stage1/AE] ep 56/480 | loss 0.2502 | rec 0.0347 | feat 0.2156 | train_acc 25.93%
[Stage1/AE] ep 57/480 | loss 0.2487 | rec 0.0345 | feat 0.2142 | train_acc 26.10%
[Stage1/AE] ep 58/480 | loss 0.2473 | rec 0.0346 | feat 0.2127 | train_acc 26.08%
[Stage1/AE] ep 59/480 | loss 0.2453 | rec 0.0345 | feat 0.2109 | train_acc 26.12%
[Stage1/AE] ep 60/480 | loss 0.2428 | rec 0.0343 | feat 0.2085 | train_acc 25.85%
[Stage1/AE] ep 61/480 | loss 0.2466 | rec 0.0344 | feat 0.2122 | train_acc 25.90%
[Stage1/AE] ep 62/480 | loss 0.2488 | rec 0.0345 | feat 0.2144 | train_acc 25.69%
[Stage1/AE] ep 63/480 | loss 0.2459 | rec 0.0343 | feat 0.2116 | train_acc 26.06%
[Stage1/AE] ep 64/480 | loss 0.2445 | rec 0.0345 | feat 0.2100 | train_acc 25.96%
[Stage1/AE] ep 65/480 | loss 0.2465 | rec 0.0343 | feat 0.2122 | train_acc 26.10%
[Stage1/AE] ep 66/480 | loss 0.2439 | rec 0.0343 | feat 0.2096 | train_acc 25.97%
[Stage1/AE] ep 67/480 | loss 0.2467 | rec 0.0342 | feat 0.2125 | train_acc 25.97%
[Stage1/AE] ep 68/480 | loss 0.2460 | rec 0.0342 | feat 0.2118 | train_acc 26.13%
[Stage1/AE] ep 69/480 | loss 0.2464 | rec 0.0343 | feat 0.2121 | train_acc 26.17%
[Stage1/AE] ep 70/480 | loss 0.2406 | rec 0.0342 | feat 0.2065 | train_acc 25.64%
[Stage1/AE] ep 71/480 | loss 0.2429 | rec 0.0343 | feat 0.2087 | train_acc 25.78%
[Stage1/AE] ep 72/480 | loss 0.2438 | rec 0.0341 | feat 0.2097 | train_acc 26.18%
[Stage1/AE] ep 73/480 | loss 0.2411 | rec 0.0343 | feat 0.2068 | train_acc 26.27%
[Stage1/AE] ep 74/480 | loss 0.2432 | rec 0.0341 | feat 0.2091 | train_acc 26.13%
[Stage1/AE] ep 75/480 | loss 0.2400 | rec 0.0342 | feat 0.2058 | train_acc 26.42%
[Stage1/AE] ep 76/480 | loss 0.2418 | rec 0.0342 | feat 0.2076 | train_acc 26.02%
[Stage1/AE] ep 77/480 | loss 0.2408 | rec 0.0341 | feat 0.2067 | train_acc 26.34%
[Stage1/AE] ep 78/480 | loss 0.2403 | rec 0.0341 | feat 0.2062 | train_acc 26.43%
[Stage1/AE] ep 79/480 | loss 0.2405 | rec 0.0339 | feat 0.2065 | train_acc 26.18%
[Stage1/AE] ep 80/480 | loss 0.2399 | rec 0.0341 | feat 0.2058 | train_acc 25.86%
[Stage1/AE] ep 81/480 | loss 0.2399 | rec 0.0339 | feat 0.2059 | train_acc 26.09%
[Stage1/AE] ep 82/480 | loss 0.2379 | rec 0.0339 | feat 0.2040 | train_acc 26.38%
[Stage1/AE] ep 83/480 | loss 0.2355 | rec 0.0339 | feat 0.2016 | train_acc 25.62%
[Stage1/AE] ep 84/480 | loss 0.2394 | rec 0.0340 | feat 0.2054 | train_acc 26.04%
[Stage1/AE] ep 85/480 | loss 0.2382 | rec 0.0339 | feat 0.2043 | train_acc 26.29%
[Stage1/AE] ep 86/480 | loss 0.2415 | rec 0.0338 | feat 0.2077 | train_acc 26.27%
[Stage1/AE] ep 87/480 | loss 0.2372 | rec 0.0339 | feat 0.2032 | train_acc 26.21%
[Stage1/AE] ep 88/480 | loss 0.2414 | rec 0.0339 | feat 0.2076 | train_acc 26.18%
[Stage1/AE] ep 89/480 | loss 0.2374 | rec 0.0340 | feat 0.2034 | train_acc 25.74%
[Stage1/AE] ep 90/480 | loss 0.2365 | rec 0.0339 | feat 0.2026 | train_acc 26.19%
[Stage1/AE] ep 91/480 | loss 0.2390 | rec 0.0337 | feat 0.2053 | train_acc 26.23%
[Stage1/AE] ep 92/480 | loss 0.2397 | rec 0.0338 | feat 0.2059 | train_acc 26.45%
[Stage1/AE] ep 93/480 | loss 0.2356 | rec 0.0338 | feat 0.2018 | train_acc 26.37%
[Stage1/AE] ep 94/480 | loss 0.2347 | rec 0.0338 | feat 0.2008 | train_acc 26.10%
[Stage1/AE] ep 95/480 | loss 0.2386 | rec 0.0337 | feat 0.2049 | train_acc 25.93%
[Stage1/AE] ep 96/480 | loss 0.2384 | rec 0.0337 | feat 0.2047 | train_acc 26.22%
[Stage1/AE] ep 97/480 | loss 0.2367 | rec 0.0337 | feat 0.2030 | train_acc 26.27%
[Stage1/AE] ep 98/480 | loss 0.2392 | rec 0.0338 | feat 0.2055 | train_acc 25.98%
[Stage1/AE] ep 99/480 | loss 0.2318 | rec 0.0335 | feat 0.1982 | train_acc 25.98%
[Stage1/AE] ep 100/480 | loss 0.2341 | rec 0.0338 | feat 0.2004 | train_acc 26.19%
[Stage1/AE] ep 101/480 | loss 0.2332 | rec 0.0335 | feat 0.1996 | train_acc 25.94%
[Stage1/AE] ep 102/480 | loss 0.2381 | rec 0.0337 | feat 0.2044 | train_acc 25.96%
[Stage1/AE] ep 103/480 | loss 0.2359 | rec 0.0335 | feat 0.2024 | train_acc 26.41%
[Stage1/AE] ep 104/480 | loss 0.2376 | rec 0.0335 | feat 0.2041 | train_acc 26.22%
[Stage1/AE] ep 105/480 | loss 0.2382 | rec 0.0335 | feat 0.2047 | train_acc 26.31%
[Stage1/AE] ep 106/480 | loss 0.2336 | rec 0.0335 | feat 0.2000 | train_acc 26.00%
[Stage1/AE] ep 107/480 | loss 0.2329 | rec 0.0333 | feat 0.1995 | train_acc 26.53%
[Stage1/AE] ep 108/480 | loss 0.2340 | rec 0.0335 | feat 0.2005 | train_acc 26.08%
[Stage1/AE] ep 109/480 | loss 0.2360 | rec 0.0333 | feat 0.2027 | train_acc 26.09%
[Stage1/AE] ep 110/480 | loss 0.2346 | rec 0.0334 | feat 0.2012 | train_acc 25.88%
[Stage1/AE] ep 111/480 | loss 0.2295 | rec 0.0335 | feat 0.1960 | train_acc 26.34%
[Stage1/AE] ep 112/480 | loss 0.2311 | rec 0.0333 | feat 0.1978 | train_acc 26.26%
[Stage1/AE] ep 113/480 | loss 0.2348 | rec 0.0334 | feat 0.2014 | train_acc 26.09%
[Stage1/AE] ep 114/480 | loss 0.2327 | rec 0.0334 | feat 0.1993 | train_acc 26.46%
[Stage1/AE] ep 115/480 | loss 0.2330 | rec 0.0334 | feat 0.1996 | train_acc 25.90%
[Stage1/AE] ep 116/480 | loss 0.2322 | rec 0.0334 | feat 0.1988 | train_acc 26.18%
[Stage1/AE] ep 117/480 | loss 0.2357 | rec 0.0333 | feat 0.2024 | train_acc 26.46%
[Stage1/AE] ep 118/480 | loss 0.2326 | rec 0.0334 | feat 0.1992 | train_acc 26.54%
[Stage1/AE] ep 119/480 | loss 0.2364 | rec 0.0334 | feat 0.2030 | train_acc 26.14%
[Stage1/AE] ep 120/480 | loss 0.2309 | rec 0.0334 | feat 0.1975 | train_acc 26.21%
[Stage1/AE] ep 121/480 | loss 0.2372 | rec 0.0335 | feat 0.2037 | train_acc 26.10%
[Stage1/AE] ep 122/480 | loss 0.2325 | rec 0.0332 | feat 0.1993 | train_acc 26.19%
[Stage1/AE] ep 123/480 | loss 0.2339 | rec 0.0333 | feat 0.2006 | train_acc 26.29%
[Stage1/AE] ep 124/480 | loss 0.2331 | rec 0.0334 | feat 0.1997 | train_acc 26.22%
[Stage1/AE] ep 125/480 | loss 0.2300 | rec 0.0331 | feat 0.1969 | train_acc 26.23%
[Stage1/AE] ep 126/480 | loss 0.2310 | rec 0.0331 | feat 0.1979 | train_acc 26.14%
[Stage1/AE] ep 127/480 | loss 0.2287 | rec 0.0333 | feat 0.1954 | train_acc 26.22%
[Stage1/AE] ep 128/480 | loss 0.2326 | rec 0.0332 | feat 0.1994 | train_acc 26.08%
[Stage1/AE] ep 129/480 | loss 0.2333 | rec 0.0333 | feat 0.2000 | train_acc 26.27%
[Stage1/AE] ep 130/480 | loss 0.2312 | rec 0.0332 | feat 0.1980 | train_acc 26.31%
[Stage1/AE] ep 131/480 | loss 0.2302 | rec 0.0332 | feat 0.1970 | train_acc 26.29%
[Stage1/AE] ep 132/480 | loss 0.2331 | rec 0.0332 | feat 0.2000 | train_acc 26.43%
[Stage1/AE] ep 133/480 | loss 0.2296 | rec 0.0331 | feat 0.1965 | train_acc 26.49%
[Stage1/AE] ep 134/480 | loss 0.2302 | rec 0.0332 | feat 0.1971 | train_acc 26.16%
[Stage1/AE] ep 135/480 | loss 0.2276 | rec 0.0330 | feat 0.1945 | train_acc 26.39%
[Stage1/AE] ep 136/480 | loss 0.2285 | rec 0.0331 | feat 0.1955 | train_acc 26.43%
[Stage1/AE] ep 137/480 | loss 0.2339 | rec 0.0330 | feat 0.2010 | train_acc 26.23%
[Stage1/AE] ep 138/480 | loss 0.2295 | rec 0.0332 | feat 0.1963 | train_acc 26.22%
[Stage1/AE] ep 139/480 | loss 0.2302 | rec 0.0330 | feat 0.1972 | train_acc 26.05%
[Stage1/AE] ep 140/480 | loss 0.2274 | rec 0.0332 | feat 0.1942 | train_acc 26.45%
[Stage1/AE] ep 141/480 | loss 0.2311 | rec 0.0331 | feat 0.1980 | train_acc 26.12%
[Stage1/AE] ep 142/480 | loss 0.2314 | rec 0.0328 | feat 0.1987 | train_acc 25.96%
[Stage1/AE] ep 143/480 | loss 0.2332 | rec 0.0330 | feat 0.2003 | train_acc 26.19%
[Stage1/AE] ep 144/480 | loss 0.2308 | rec 0.0328 | feat 0.1980 | train_acc 26.13%
[Stage1/AE] ep 145/480 | loss 0.2302 | rec 0.0330 | feat 0.1973 | train_acc 26.06%
[Stage1/AE] ep 146/480 | loss 0.2272 | rec 0.0329 | feat 0.1943 | train_acc 26.69%
[Stage1/AE] ep 147/480 | loss 0.2281 | rec 0.0330 | feat 0.1951 | train_acc 26.35%
[Stage1/AE] ep 148/480 | loss 0.2241 | rec 0.0329 | feat 0.1912 | train_acc 26.41%
[Stage1/AE] ep 149/480 | loss 0.2235 | rec 0.0328 | feat 0.1907 | train_acc 26.37%
[Stage1/AE] ep 150/480 | loss 0.2263 | rec 0.0331 | feat 0.1932 | train_acc 25.93%
[Stage1/AE] ep 151/480 | loss 0.2263 | rec 0.0330 | feat 0.1934 | train_acc 26.18%
[Stage1/AE] ep 152/480 | loss 0.2298 | rec 0.0330 | feat 0.1969 | train_acc 26.53%
[Stage1/AE] ep 153/480 | loss 0.2313 | rec 0.0329 | feat 0.1983 | train_acc 26.30%
[Stage1/AE] ep 154/480 | loss 0.2283 | rec 0.0328 | feat 0.1956 | train_acc 26.13%
[Stage1/AE] ep 155/480 | loss 0.2315 | rec 0.0330 | feat 0.1985 | train_acc 26.27%
[Stage1/AE] ep 156/480 | loss 0.2269 | rec 0.0330 | feat 0.1938 | train_acc 26.31%
[Stage1/AE] ep 157/480 | loss 0.2233 | rec 0.0329 | feat 0.1903 | train_acc 26.35%
[Stage1/AE] ep 158/480 | loss 0.2253 | rec 0.0328 | feat 0.1924 | train_acc 26.37%
[Stage1/AE] ep 159/480 | loss 0.2243 | rec 0.0330 | feat 0.1913 | train_acc 26.38%
[Stage1/AE] ep 160/480 | loss 0.2248 | rec 0.0327 | feat 0.1921 | train_acc 26.23%
[Stage1/AE] ep 161/480 | loss 0.2336 | rec 0.0326 | feat 0.2009 | train_acc 25.78%
[Stage1/AE] ep 162/480 | loss 0.2257 | rec 0.0329 | feat 0.1928 | train_acc 26.13%
[Stage1/AE] ep 163/480 | loss 0.2295 | rec 0.0327 | feat 0.1968 | train_acc 26.10%
[Stage1/AE] ep 164/480 | loss 0.2292 | rec 0.0328 | feat 0.1964 | train_acc 26.30%
[Stage1/AE] ep 165/480 | loss 0.2250 | rec 0.0327 | feat 0.1924 | train_acc 26.06%
[Stage1/AE] ep 166/480 | loss 0.2292 | rec 0.0327 | feat 0.1964 | train_acc 26.12%
[Stage1/AE] ep 167/480 | loss 0.2232 | rec 0.0328 | feat 0.1904 | train_acc 26.41%
[Stage1/AE] ep 168/480 | loss 0.2218 | rec 0.0327 | feat 0.1892 | train_acc 26.37%
[Stage1/AE] ep 169/480 | loss 0.2269 | rec 0.0328 | feat 0.1942 | train_acc 26.26%
[Stage1/AE] ep 170/480 | loss 0.2219 | rec 0.0326 | feat 0.1893 | train_acc 26.67%
[Stage1/AE] ep 171/480 | loss 0.2255 | rec 0.0328 | feat 0.1926 | train_acc 26.29%
[Stage1/AE] ep 172/480 | loss 0.2228 | rec 0.0326 | feat 0.1902 | train_acc 26.31%
[Stage1/AE] ep 173/480 | loss 0.2264 | rec 0.0326 | feat 0.1938 | train_acc 26.34%
[Stage1/AE] ep 174/480 | loss 0.2290 | rec 0.0327 | feat 0.1963 | train_acc 26.27%
[Stage1/AE] ep 175/480 | loss 0.2265 | rec 0.0328 | feat 0.1937 | train_acc 26.25%
[Stage1/AE] ep 176/480 | loss 0.2246 | rec 0.0327 | feat 0.1919 | train_acc 26.37%
[Stage1/AE] ep 177/480 | loss 0.2276 | rec 0.0326 | feat 0.1950 | train_acc 25.94%
[Stage1/AE] ep 178/480 | loss 0.2225 | rec 0.0327 | feat 0.1898 | train_acc 26.19%
[Stage1/AE] ep 179/480 | loss 0.2234 | rec 0.0325 | feat 0.1909 | train_acc 26.25%
[Stage1/AE] ep 180/480 | loss 0.2211 | rec 0.0326 | feat 0.1886 | train_acc 26.63%
[Stage1/AE] ep 181/480 | loss 0.2228 | rec 0.0326 | feat 0.1902 | train_acc 26.37%
[Stage1/AE] ep 182/480 | loss 0.2275 | rec 0.0327 | feat 0.1948 | train_acc 26.37%
[Stage1/AE] ep 183/480 | loss 0.2199 | rec 0.0323 | feat 0.1876 | train_acc 26.29%
[Stage1/AE] ep 184/480 | loss 0.2246 | rec 0.0326 | feat 0.1920 | train_acc 26.33%
[Stage1/AE] ep 185/480 | loss 0.2268 | rec 0.0326 | feat 0.1942 | train_acc 26.33%
[Stage1/AE] ep 186/480 | loss 0.2259 | rec 0.0325 | feat 0.1934 | train_acc 25.97%
[Stage1/AE] ep 187/480 | loss 0.2216 | rec 0.0325 | feat 0.1891 | train_acc 26.31%
[Stage1/AE] ep 188/480 | loss 0.2203 | rec 0.0323 | feat 0.1880 | train_acc 26.37%
[Stage1/AE] ep 189/480 | loss 0.2218 | rec 0.0326 | feat 0.1892 | train_acc 26.18%
[Stage1/AE] ep 190/480 | loss 0.2268 | rec 0.0327 | feat 0.1940 | train_acc 26.27%
[Stage1/AE] ep 191/480 | loss 0.2228 | rec 0.0324 | feat 0.1904 | train_acc 26.50%
[Stage1/AE] ep 192/480 | loss 0.2244 | rec 0.0325 | feat 0.1920 | train_acc 26.33%
[Stage1/AE] ep 193/480 | loss 0.2244 | rec 0.0325 | feat 0.1919 | train_acc 26.08%
[Stage1/AE] ep 194/480 | loss 0.2250 | rec 0.0326 | feat 0.1925 | train_acc 26.41%
[Stage1/AE] ep 195/480 | loss 0.2229 | rec 0.0325 | feat 0.1905 | train_acc 26.13%
[Stage1/AE] ep 196/480 | loss 0.2192 | rec 0.0324 | feat 0.1868 | train_acc 25.93%
[Stage1/AE] ep 197/480 | loss 0.2214 | rec 0.0324 | feat 0.1890 | train_acc 26.35%
[Stage1/AE] ep 198/480 | loss 0.2212 | rec 0.0325 | feat 0.1887 | train_acc 26.26%
[Stage1/AE] ep 199/480 | loss 0.2221 | rec 0.0324 | feat 0.1897 | train_acc 26.39%
[Stage1/AE] ep 200/480 | loss 0.2212 | rec 0.0324 | feat 0.1888 | train_acc 26.33%
[Stage1/AE] ep 201/480 | loss 0.2223 | rec 0.0324 | feat 0.1899 | train_acc 26.43%
[Stage1/AE] ep 202/480 | loss 0.2232 | rec 0.0325 | feat 0.1907 | train_acc 26.35%
[Stage1/AE] ep 203/480 | loss 0.2212 | rec 0.0325 | feat 0.1887 | train_acc 26.45%
[Stage1/AE] ep 204/480 | loss 0.2191 | rec 0.0323 | feat 0.1868 | train_acc 26.53%
[Stage1/AE] ep 205/480 | loss 0.2241 | rec 0.0323 | feat 0.1918 | train_acc 26.26%
[Stage1/AE] ep 206/480 | loss 0.2202 | rec 0.0322 | feat 0.1880 | train_acc 26.27%
[Stage1/AE] ep 207/480 | loss 0.2224 | rec 0.0323 | feat 0.1901 | train_acc 26.45%
[Stage1/AE] ep 208/480 | loss 0.2179 | rec 0.0323 | feat 0.1856 | train_acc 26.42%
[Stage1/AE] ep 209/480 | loss 0.2239 | rec 0.0323 | feat 0.1916 | train_acc 26.41%
[Stage1/AE] ep 210/480 | loss 0.2195 | rec 0.0322 | feat 0.1873 | train_acc 26.31%
[Stage1/AE] ep 211/480 | loss 0.2219 | rec 0.0323 | feat 0.1896 | train_acc 26.05%
[Stage1/AE] ep 212/480 | loss 0.2177 | rec 0.0321 | feat 0.1856 | train_acc 26.19%
[Stage1/AE] ep 213/480 | loss 0.2192 | rec 0.0322 | feat 0.1869 | train_acc 26.49%
[Stage1/AE] ep 214/480 | loss 0.2198 | rec 0.0322 | feat 0.1876 | train_acc 26.50%
[Stage1/AE] ep 215/480 | loss 0.2215 | rec 0.0322 | feat 0.1893 | train_acc 26.39%
[Stage1/AE] ep 216/480 | loss 0.2189 | rec 0.0323 | feat 0.1866 | train_acc 26.14%
[Stage1/AE] ep 217/480 | loss 0.2169 | rec 0.0320 | feat 0.1849 | train_acc 26.51%
[Stage1/AE] ep 218/480 | loss 0.2205 | rec 0.0321 | feat 0.1884 | train_acc 26.41%
[Stage1/AE] ep 219/480 | loss 0.2154 | rec 0.0322 | feat 0.1832 | train_acc 26.38%
[Stage1/AE] ep 220/480 | loss 0.2218 | rec 0.0321 | feat 0.1897 | train_acc 26.18%
[Stage1/AE] ep 221/480 | loss 0.2156 | rec 0.0321 | feat 0.1835 | train_acc 26.26%
[Stage1/AE] ep 222/480 | loss 0.2174 | rec 0.0322 | feat 0.1852 | train_acc 26.19%
[Stage1/AE] ep 223/480 | loss 0.2195 | rec 0.0322 | feat 0.1874 | train_acc 26.45%
[Stage1/AE] ep 224/480 | loss 0.2227 | rec 0.0322 | feat 0.1905 | train_acc 26.18%
[Stage1/AE] ep 225/480 | loss 0.2198 | rec 0.0322 | feat 0.1876 | train_acc 26.23%
[Stage1/AE] ep 226/480 | loss 0.2130 | rec 0.0319 | feat 0.1810 | train_acc 26.23%
[Stage1/AE] ep 227/480 | loss 0.2158 | rec 0.0322 | feat 0.1837 | train_acc 26.21%
[Stage1/AE] ep 228/480 | loss 0.2163 | rec 0.0322 | feat 0.1842 | train_acc 26.33%
[Stage1/AE] ep 229/480 | loss 0.2212 | rec 0.0321 | feat 0.1891 | train_acc 26.34%
[Stage1/AE] ep 230/480 | loss 0.2192 | rec 0.0322 | feat 0.1870 | train_acc 26.43%
[Stage1/AE] ep 231/480 | loss 0.2161 | rec 0.0320 | feat 0.1841 | train_acc 26.33%
[Stage1/AE] ep 232/480 | loss 0.2183 | rec 0.0322 | feat 0.1861 | train_acc 26.27%
[Stage1/AE] ep 233/480 | loss 0.2196 | rec 0.0323 | feat 0.1873 | train_acc 26.06%
[Stage1/AE] ep 234/480 | loss 0.2162 | rec 0.0321 | feat 0.1840 | train_acc 26.06%
[Stage1/AE] ep 235/480 | loss 0.2162 | rec 0.0321 | feat 0.1841 | train_acc 26.31%
[Stage1/AE] ep 236/480 | loss 0.2176 | rec 0.0319 | feat 0.1857 | train_acc 26.25%
[Stage1/AE] ep 237/480 | loss 0.2184 | rec 0.0318 | feat 0.1866 | train_acc 26.17%
[Stage1/AE] ep 238/480 | loss 0.2161 | rec 0.0321 | feat 0.1840 | train_acc 26.16%
[Stage1/AE] ep 239/480 | loss 0.2190 | rec 0.0321 | feat 0.1869 | train_acc 26.19%
[Stage1/AE] ep 240/480 | loss 0.2144 | rec 0.0320 | feat 0.1824 | train_acc 26.41%
[Stage1/AE] ep 241/480 | loss 0.2137 | rec 0.0318 | feat 0.1819 | train_acc 26.61%
[Stage1/AE] ep 242/480 | loss 0.2164 | rec 0.0321 | feat 0.1843 | train_acc 25.97%
[Stage1/AE] ep 243/480 | loss 0.2202 | rec 0.0320 | feat 0.1882 | train_acc 26.49%
[Stage1/AE] ep 244/480 | loss 0.2150 | rec 0.0320 | feat 0.1830 | train_acc 26.38%
[Stage1/AE] ep 245/480 | loss 0.2162 | rec 0.0319 | feat 0.1843 | train_acc 26.08%
[Stage1/AE] ep 246/480 | loss 0.2172 | rec 0.0320 | feat 0.1852 | train_acc 26.39%
[Stage1/AE] ep 247/480 | loss 0.2160 | rec 0.0319 | feat 0.1841 | train_acc 26.29%
[Stage1/AE] ep 248/480 | loss 0.2178 | rec 0.0320 | feat 0.1858 | train_acc 26.04%
[Stage1/AE] ep 249/480 | loss 0.2176 | rec 0.0320 | feat 0.1856 | train_acc 26.31%
[Stage1/AE] ep 250/480 | loss 0.2131 | rec 0.0321 | feat 0.1810 | train_acc 25.98%
[Stage1/AE] ep 251/480 | loss 0.2163 | rec 0.0321 | feat 0.1842 | train_acc 26.75%
[Stage1/AE] ep 252/480 | loss 0.2173 | rec 0.0319 | feat 0.1854 | train_acc 26.10%
[Stage1/AE] ep 253/480 | loss 0.2161 | rec 0.0318 | feat 0.1843 | train_acc 26.10%
[Stage1/AE] ep 254/480 | loss 0.2169 | rec 0.0319 | feat 0.1850 | train_acc 26.41%
[Stage1/AE] ep 255/480 | loss 0.2189 | rec 0.0317 | feat 0.1873 | train_acc 26.22%
[Stage1/AE] ep 256/480 | loss 0.2139 | rec 0.0319 | feat 0.1820 | train_acc 26.31%
[Stage1/AE] ep 257/480 | loss 0.2173 | rec 0.0318 | feat 0.1855 | train_acc 26.25%
[Stage1/AE] ep 258/480 | loss 0.2139 | rec 0.0319 | feat 0.1820 | train_acc 26.39%
[Stage1/AE] ep 259/480 | loss 0.2190 | rec 0.0319 | feat 0.1871 | train_acc 26.18%
[Stage1/AE] ep 260/480 | loss 0.2179 | rec 0.0319 | feat 0.1861 | train_acc 26.08%
[Stage1/AE] ep 261/480 | loss 0.2161 | rec 0.0319 | feat 0.1841 | train_acc 25.98%
[Stage1/AE] ep 262/480 | loss 0.2125 | rec 0.0319 | feat 0.1806 | train_acc 26.19%
[Stage1/AE] ep 263/480 | loss 0.2130 | rec 0.0318 | feat 0.1812 | train_acc 26.49%
[Stage1/AE] ep 264/480 | loss 0.2134 | rec 0.0318 | feat 0.1816 | train_acc 26.34%
[Stage1/AE] ep 265/480 | loss 0.2116 | rec 0.0317 | feat 0.1799 | train_acc 26.59%
[Stage1/AE] ep 266/480 | loss 0.2135 | rec 0.0318 | feat 0.1817 | train_acc 26.29%
[Stage1/AE] ep 267/480 | loss 0.2117 | rec 0.0317 | feat 0.1800 | train_acc 26.01%
[Stage1/AE] ep 268/480 | loss 0.2145 | rec 0.0319 | feat 0.1826 | train_acc 26.47%
[Stage1/AE] ep 269/480 | loss 0.2149 | rec 0.0318 | feat 0.1831 | train_acc 26.49%
[Stage1/AE] ep 270/480 | loss 0.2157 | rec 0.0319 | feat 0.1838 | train_acc 26.13%
[Stage1/AE] ep 271/480 | loss 0.2117 | rec 0.0316 | feat 0.1801 | train_acc 26.57%
[Stage1/AE] ep 272/480 | loss 0.2126 | rec 0.0317 | feat 0.1809 | train_acc 26.41%
[Stage1/AE] ep 273/480 | loss 0.2141 | rec 0.0316 | feat 0.1825 | train_acc 26.10%
[Stage1/AE] ep 274/480 | loss 0.2123 | rec 0.0317 | feat 0.1805 | train_acc 26.34%
[Stage1/AE] ep 275/480 | loss 0.2132 | rec 0.0316 | feat 0.1816 | train_acc 26.45%
[Stage1/AE] ep 276/480 | loss 0.2165 | rec 0.0318 | feat 0.1848 | train_acc 26.09%
[Stage1/AE] ep 277/480 | loss 0.2145 | rec 0.0316 | feat 0.1829 | train_acc 26.25%
[Stage1/AE] ep 278/480 | loss 0.2111 | rec 0.0317 | feat 0.1794 | train_acc 26.10%
[Stage1/AE] ep 279/480 | loss 0.2120 | rec 0.0317 | feat 0.1804 | train_acc 26.04%
[Stage1/AE] ep 280/480 | loss 0.2122 | rec 0.0317 | feat 0.1804 | train_acc 26.18%
[Stage1/AE] ep 281/480 | loss 0.2133 | rec 0.0316 | feat 0.1817 | train_acc 26.25%
[Stage1/AE] ep 282/480 | loss 0.2173 | rec 0.0316 | feat 0.1857 | train_acc 25.97%
[Stage1/AE] ep 283/480 | loss 0.2146 | rec 0.0316 | feat 0.1830 | train_acc 26.53%
[Stage1/AE] ep 284/480 | loss 0.2099 | rec 0.0315 | feat 0.1784 | train_acc 26.37%
[Stage1/AE] ep 285/480 | loss 0.2177 | rec 0.0316 | feat 0.1861 | train_acc 26.18%
[Stage1/AE] ep 286/480 | loss 0.2127 | rec 0.0317 | feat 0.1810 | train_acc 25.94%
[Stage1/AE] ep 287/480 | loss 0.2128 | rec 0.0318 | feat 0.1810 | train_acc 26.34%
[Stage1/AE] ep 288/480 | loss 0.2141 | rec 0.0316 | feat 0.1825 | train_acc 26.38%
[Stage1/AE] ep 289/480 | loss 0.2116 | rec 0.0316 | feat 0.1801 | train_acc 26.35%
[Stage1/AE] ep 290/480 | loss 0.2137 | rec 0.0315 | feat 0.1822 | train_acc 26.38%
[Stage1/AE] ep 291/480 | loss 0.2091 | rec 0.0316 | feat 0.1775 | train_acc 26.38%
[Stage1/AE] ep 292/480 | loss 0.2138 | rec 0.0318 | feat 0.1820 | train_acc 25.98%
[Stage1/AE] ep 293/480 | loss 0.2140 | rec 0.0317 | feat 0.1823 | train_acc 26.25%
[Stage1/AE] ep 294/480 | loss 0.2119 | rec 0.0315 | feat 0.1804 | train_acc 26.61%
[Stage1/AE] ep 295/480 | loss 0.2120 | rec 0.0315 | feat 0.1806 | train_acc 26.29%
[Stage1/AE] ep 296/480 | loss 0.2113 | rec 0.0316 | feat 0.1797 | train_acc 26.54%
[Stage1/AE] ep 297/480 | loss 0.2122 | rec 0.0316 | feat 0.1806 | train_acc 26.34%
[Stage1/AE] ep 298/480 | loss 0.2106 | rec 0.0314 | feat 0.1791 | train_acc 26.54%
[Stage1/AE] ep 299/480 | loss 0.2102 | rec 0.0315 | feat 0.1787 | train_acc 26.43%
[Stage1/AE] ep 300/480 | loss 0.2077 | rec 0.0314 | feat 0.1762 | train_acc 26.61%
[Stage1/AE] ep 301/480 | loss 0.2116 | rec 0.0317 | feat 0.1799 | train_acc 26.02%
[Stage1/AE] ep 302/480 | loss 0.2110 | rec 0.0315 | feat 0.1795 | train_acc 26.22%
[Stage1/AE] ep 303/480 | loss 0.2118 | rec 0.0315 | feat 0.1802 | train_acc 26.14%
[Stage1/AE] ep 304/480 | loss 0.2126 | rec 0.0315 | feat 0.1811 | train_acc 26.18%
[Stage1/AE] ep 305/480 | loss 0.2157 | rec 0.0316 | feat 0.1841 | train_acc 26.38%
[Stage1/AE] ep 306/480 | loss 0.2089 | rec 0.0317 | feat 0.1772 | train_acc 26.17%
[Stage1/AE] ep 307/480 | loss 0.2130 | rec 0.0315 | feat 0.1815 | train_acc 26.27%
[Stage1/AE] ep 308/480 | loss 0.2087 | rec 0.0315 | feat 0.1773 | train_acc 26.35%
[Stage1/AE] ep 309/480 | loss 0.2151 | rec 0.0314 | feat 0.1837 | train_acc 26.51%
[Stage1/AE] ep 310/480 | loss 0.2099 | rec 0.0315 | feat 0.1784 | train_acc 26.14%
[Stage1/AE] ep 311/480 | loss 0.2102 | rec 0.0315 | feat 0.1787 | train_acc 26.13%
[Stage1/AE] ep 312/480 | loss 0.2104 | rec 0.0314 | feat 0.1790 | train_acc 26.18%
[Stage1/AE] ep 313/480 | loss 0.2143 | rec 0.0314 | feat 0.1829 | train_acc 26.62%
[Stage1/AE] ep 314/480 | loss 0.2107 | rec 0.0315 | feat 0.1792 | train_acc 26.63%
[Stage1/AE] ep 315/480 | loss 0.2085 | rec 0.0315 | feat 0.1771 | train_acc 26.50%
[Stage1/AE] ep 316/480 | loss 0.2146 | rec 0.0317 | feat 0.1829 | train_acc 26.38%
[Stage1/AE] ep 317/480 | loss 0.2107 | rec 0.0316 | feat 0.1791 | train_acc 26.37%
[Stage1/AE] ep 318/480 | loss 0.2109 | rec 0.0316 | feat 0.1793 | train_acc 26.46%
[Stage1/AE] ep 319/480 | loss 0.2113 | rec 0.0314 | feat 0.1799 | train_acc 26.57%
[Stage1/AE] ep 320/480 | loss 0.2105 | rec 0.0316 | feat 0.1790 | train_acc 26.09%
[Stage1/AE] ep 321/480 | loss 0.2134 | rec 0.0313 | feat 0.1820 | train_acc 26.31%
[Stage1/AE] ep 322/480 | loss 0.2084 | rec 0.0315 | feat 0.1770 | train_acc 25.86%
[Stage1/AE] ep 323/480 | loss 0.2123 | rec 0.0314 | feat 0.1809 | train_acc 26.25%
[Stage1/AE] ep 324/480 | loss 0.2121 | rec 0.0314 | feat 0.1807 | train_acc 25.78%
[Stage1/AE] ep 325/480 | loss 0.2139 | rec 0.0314 | feat 0.1825 | train_acc 26.59%
[Stage1/AE] ep 326/480 | loss 0.2114 | rec 0.0313 | feat 0.1801 | train_acc 26.30%
[Stage1/AE] ep 327/480 | loss 0.2100 | rec 0.0313 | feat 0.1788 | train_acc 26.18%
[Stage1/AE] ep 328/480 | loss 0.2105 | rec 0.0314 | feat 0.1792 | train_acc 26.25%
[Stage1/AE] ep 329/480 | loss 0.2086 | rec 0.0313 | feat 0.1773 | train_acc 26.30%
[Stage1/AE] ep 330/480 | loss 0.2078 | rec 0.0314 | feat 0.1763 | train_acc 26.16%
[Stage1/AE] ep 331/480 | loss 0.2069 | rec 0.0314 | feat 0.1755 | train_acc 26.37%
[Stage1/AE] ep 332/480 | loss 0.2129 | rec 0.0314 | feat 0.1816 | train_acc 26.37%
[Stage1/AE] ep 333/480 | loss 0.2102 | rec 0.0314 | feat 0.1788 | train_acc 26.59%
[Stage1/AE] ep 334/480 | loss 0.2042 | rec 0.0313 | feat 0.1729 | train_acc 26.43%
[Stage1/AE] ep 335/480 | loss 0.2063 | rec 0.0312 | feat 0.1751 | train_acc 26.34%
[Stage1/AE] ep 336/480 | loss 0.2085 | rec 0.0313 | feat 0.1772 | train_acc 26.34%
[Stage1/AE] ep 337/480 | loss 0.2099 | rec 0.0312 | feat 0.1787 | train_acc 26.41%
[Stage1/AE] ep 338/480 | loss 0.2044 | rec 0.0314 | feat 0.1730 | train_acc 25.97%
[Stage1/AE] ep 339/480 | loss 0.2100 | rec 0.0314 | feat 0.1786 | train_acc 26.17%
[Stage1/AE] ep 340/480 | loss 0.2062 | rec 0.0315 | feat 0.1747 | train_acc 26.10%
[Stage1/AE] ep 341/480 | loss 0.2130 | rec 0.0314 | feat 0.1816 | train_acc 26.05%
[Stage1/AE] ep 342/480 | loss 0.2071 | rec 0.0313 | feat 0.1759 | train_acc 26.08%
[Stage1/AE] ep 343/480 | loss 0.2092 | rec 0.0312 | feat 0.1779 | train_acc 26.53%
[Stage1/AE] ep 344/480 | loss 0.2068 | rec 0.0313 | feat 0.1756 | train_acc 26.42%
[Stage1/AE] ep 345/480 | loss 0.2114 | rec 0.0313 | feat 0.1801 | train_acc 26.02%
[Stage1/AE] ep 346/480 | loss 0.2068 | rec 0.0312 | feat 0.1756 | train_acc 26.47%
[Stage1/AE] ep 347/480 | loss 0.2089 | rec 0.0312 | feat 0.1776 | train_acc 26.27%
[Stage1/AE] ep 348/480 | loss 0.2094 | rec 0.0312 | feat 0.1782 | train_acc 26.55%
[Stage1/AE] ep 349/480 | loss 0.2057 | rec 0.0310 | feat 0.1747 | train_acc 26.25%
[Stage1/AE] ep 350/480 | loss 0.2074 | rec 0.0312 | feat 0.1762 | train_acc 26.54%
[Stage1/AE] ep 351/480 | loss 0.2086 | rec 0.0311 | feat 0.1774 | train_acc 26.17%
[Stage1/AE] ep 352/480 | loss 0.2086 | rec 0.0313 | feat 0.1773 | train_acc 26.57%
[Stage1/AE] ep 353/480 | loss 0.2051 | rec 0.0311 | feat 0.1740 | train_acc 25.90%
[Stage1/AE] ep 354/480 | loss 0.2076 | rec 0.0312 | feat 0.1764 | train_acc 26.78%
[Stage1/AE] ep 355/480 | loss 0.2056 | rec 0.0313 | feat 0.1743 | train_acc 26.46%
[Stage1/AE] ep 356/480 | loss 0.2072 | rec 0.0313 | feat 0.1758 | train_acc 26.27%
[Stage1/AE] ep 357/480 | loss 0.2070 | rec 0.0312 | feat 0.1758 | train_acc 26.50%
[Stage1/AE] ep 358/480 | loss 0.2067 | rec 0.0312 | feat 0.1754 | train_acc 26.05%
[Stage1/AE] ep 359/480 | loss 0.2037 | rec 0.0313 | feat 0.1724 | train_acc 26.27%
[Stage1/AE] ep 360/480 | loss 0.2066 | rec 0.0314 | feat 0.1753 | train_acc 26.41%
[Stage1/AE] ep 361/480 | loss 0.2099 | rec 0.0312 | feat 0.1787 | train_acc 26.25%
[Stage1/AE] ep 362/480 | loss 0.2076 | rec 0.0312 | feat 0.1764 | train_acc 26.08%
[Stage1/AE] ep 363/480 | loss 0.2055 | rec 0.0312 | feat 0.1743 | train_acc 26.16%
[Stage1/AE] ep 364/480 | loss 0.2066 | rec 0.0311 | feat 0.1755 | train_acc 26.23%
[Stage1/AE] ep 365/480 | loss 0.2069 | rec 0.0313 | feat 0.1757 | train_acc 26.54%
[Stage1/AE] ep 366/480 | loss 0.2091 | rec 0.0312 | feat 0.1779 | train_acc 26.58%
[Stage1/AE] ep 367/480 | loss 0.2065 | rec 0.0311 | feat 0.1754 | train_acc 26.59%
[Stage1/AE] ep 368/480 | loss 0.2092 | rec 0.0312 | feat 0.1780 | train_acc 26.55%
[Stage1/AE] ep 369/480 | loss 0.2059 | rec 0.0311 | feat 0.1748 | train_acc 26.17%
[Stage1/AE] ep 370/480 | loss 0.2043 | rec 0.0312 | feat 0.1730 | train_acc 25.85%
[Stage1/AE] ep 371/480 | loss 0.2081 | rec 0.0309 | feat 0.1772 | train_acc 26.55%
[Stage1/AE] ep 372/480 | loss 0.2028 | rec 0.0313 | feat 0.1715 | train_acc 26.19%
[Stage1/AE] ep 373/480 | loss 0.2056 | rec 0.0313 | feat 0.1743 | train_acc 26.51%
[Stage1/AE] ep 374/480 | loss 0.2045 | rec 0.0313 | feat 0.1732 | train_acc 26.42%
[Stage1/AE] ep 375/480 | loss 0.2034 | rec 0.0311 | feat 0.1723 | train_acc 26.29%
[Stage1/AE] ep 376/480 | loss 0.2064 | rec 0.0312 | feat 0.1752 | train_acc 26.46%
[Stage1/AE] ep 377/480 | loss 0.2053 | rec 0.0311 | feat 0.1742 | train_acc 26.33%
[Stage1/AE] ep 378/480 | loss 0.2045 | rec 0.0310 | feat 0.1735 | train_acc 26.16%
[Stage1/AE] ep 379/480 | loss 0.2045 | rec 0.0313 | feat 0.1733 | train_acc 26.21%
[Stage1/AE] ep 380/480 | loss 0.2053 | rec 0.0310 | feat 0.1742 | train_acc 26.78%
[Stage1/AE] ep 381/480 | loss 0.2041 | rec 0.0311 | feat 0.1730 | train_acc 26.38%
[Stage1/AE] ep 382/480 | loss 0.2047 | rec 0.0310 | feat 0.1736 | train_acc 26.42%
[Stage1/AE] ep 383/480 | loss 0.2051 | rec 0.0311 | feat 0.1740 | train_acc 26.12%
[Stage1/AE] ep 384/480 | loss 0.2036 | rec 0.0309 | feat 0.1726 | train_acc 26.12%
[Stage1/AE] ep 385/480 | loss 0.2055 | rec 0.0310 | feat 0.1745 | train_acc 26.62%
[Stage1/AE] ep 386/480 | loss 0.2048 | rec 0.0313 | feat 0.1735 | train_acc 26.26%
[Stage1/AE] ep 387/480 | loss 0.2080 | rec 0.0312 | feat 0.1768 | train_acc 26.31%
[Stage1/AE] ep 388/480 | loss 0.2049 | rec 0.0311 | feat 0.1738 | train_acc 26.45%
[Stage1/AE] ep 389/480 | loss 0.2058 | rec 0.0310 | feat 0.1749 | train_acc 26.37%
[Stage1/AE] ep 390/480 | loss 0.2055 | rec 0.0310 | feat 0.1745 | train_acc 26.34%
[Stage1/AE] ep 391/480 | loss 0.2035 | rec 0.0309 | feat 0.1726 | train_acc 26.25%
[Stage1/AE] ep 392/480 | loss 0.2057 | rec 0.0311 | feat 0.1746 | train_acc 26.25%
[Stage1/AE] ep 393/480 | loss 0.2013 | rec 0.0312 | feat 0.1701 | train_acc 26.05%
[Stage1/AE] ep 394/480 | loss 0.2062 | rec 0.0313 | feat 0.1749 | train_acc 26.35%
[Stage1/AE] ep 395/480 | loss 0.2077 | rec 0.0312 | feat 0.1764 | train_acc 26.35%
[Stage1/AE] ep 396/480 | loss 0.2041 | rec 0.0311 | feat 0.1730 | train_acc 26.19%
[Stage1/AE] ep 397/480 | loss 0.2033 | rec 0.0311 | feat 0.1722 | train_acc 26.37%
[Stage1/AE] ep 398/480 | loss 0.2040 | rec 0.0309 | feat 0.1731 | train_acc 26.34%
[Stage1/AE] ep 399/480 | loss 0.2079 | rec 0.0309 | feat 0.1769 | train_acc 26.43%
[Stage1/AE] ep 400/480 | loss 0.2003 | rec 0.0310 | feat 0.1692 | train_acc 26.23%
[Stage1/AE] ep 401/480 | loss 0.2034 | rec 0.0311 | feat 0.1723 | train_acc 26.59%
[Stage1/AE] ep 402/480 | loss 0.2074 | rec 0.0310 | feat 0.1764 | train_acc 26.50%
[Stage1/AE] ep 403/480 | loss 0.2029 | rec 0.0309 | feat 0.1720 | train_acc 26.35%
[Stage1/AE] ep 404/480 | loss 0.2026 | rec 0.0310 | feat 0.1717 | train_acc 26.61%
[Stage1/AE] ep 405/480 | loss 0.2026 | rec 0.0310 | feat 0.1716 | train_acc 26.66%
[Stage1/AE] ep 406/480 | loss 0.2059 | rec 0.0309 | feat 0.1750 | train_acc 26.67%
[Stage1/AE] ep 407/480 | loss 0.2023 | rec 0.0310 | feat 0.1712 | train_acc 26.49%
[Stage1/AE] ep 408/480 | loss 0.1995 | rec 0.0310 | feat 0.1686 | train_acc 26.41%
[Stage1/AE] ep 409/480 | loss 0.2001 | rec 0.0310 | feat 0.1692 | train_acc 26.05%
[Stage1/AE] ep 410/480 | loss 0.1998 | rec 0.0310 | feat 0.1688 | train_acc 26.46%
[Stage1/AE] ep 411/480 | loss 0.2062 | rec 0.0309 | feat 0.1753 | train_acc 26.18%
[Stage1/AE] ep 412/480 | loss 0.2057 | rec 0.0311 | feat 0.1747 | train_acc 26.47%
[Stage1/AE] ep 413/480 | loss 0.2010 | rec 0.0310 | feat 0.1700 | train_acc 26.37%
[Stage1/AE] ep 414/480 | loss 0.2067 | rec 0.0308 | feat 0.1760 | train_acc 26.31%
[Stage1/AE] ep 415/480 | loss 0.2043 | rec 0.0309 | feat 0.1734 | train_acc 26.09%
[Stage1/AE] ep 416/480 | loss 0.2048 | rec 0.0309 | feat 0.1739 | train_acc 26.37%
[Stage1/AE] ep 417/480 | loss 0.2039 | rec 0.0308 | feat 0.1730 | train_acc 26.19%
[Stage1/AE] ep 418/480 | loss 0.2076 | rec 0.0310 | feat 0.1765 | train_acc 26.33%
[Stage1/AE] ep 419/480 | loss 0.2023 | rec 0.0310 | feat 0.1713 | train_acc 26.23%
[Stage1/AE] ep 420/480 | loss 0.2042 | rec 0.0310 | feat 0.1732 | train_acc 26.43%
[Stage1/AE] ep 421/480 | loss 0.2024 | rec 0.0308 | feat 0.1716 | train_acc 26.65%
[Stage1/AE] ep 422/480 | loss 0.2029 | rec 0.0308 | feat 0.1721 | train_acc 26.19%
[Stage1/AE] ep 423/480 | loss 0.2037 | rec 0.0309 | feat 0.1728 | train_acc 26.45%
[Stage1/AE] ep 424/480 | loss 0.2041 | rec 0.0309 | feat 0.1732 | train_acc 26.49%
[Stage1/AE] ep 425/480 | loss 0.2015 | rec 0.0308 | feat 0.1707 | train_acc 26.30%
[Stage1/AE] ep 426/480 | loss 0.2012 | rec 0.0308 | feat 0.1703 | train_acc 26.38%
[Stage1/AE] ep 427/480 | loss 0.2053 | rec 0.0309 | feat 0.1743 | train_acc 26.55%
[Stage1/AE] ep 428/480 | loss 0.2058 | rec 0.0309 | feat 0.1750 | train_acc 26.53%
[Stage1/AE] ep 429/480 | loss 0.2015 | rec 0.0310 | feat 0.1705 | train_acc 26.37%
[Stage1/AE] ep 430/480 | loss 0.2000 | rec 0.0308 | feat 0.1692 | train_acc 26.21%
[Stage1/AE] ep 431/480 | loss 0.2045 | rec 0.0307 | feat 0.1738 | train_acc 26.23%
[Stage1/AE] ep 432/480 | loss 0.2028 | rec 0.0309 | feat 0.1719 | train_acc 26.29%
[Stage1/AE] ep 433/480 | loss 0.2032 | rec 0.0310 | feat 0.1721 | train_acc 26.58%
[Stage1/AE] ep 434/480 | loss 0.2024 | rec 0.0309 | feat 0.1715 | train_acc 26.55%
[Stage1/AE] ep 435/480 | loss 0.2034 | rec 0.0307 | feat 0.1727 | train_acc 26.33%
[Stage1/AE] ep 436/480 | loss 0.2033 | rec 0.0307 | feat 0.1727 | train_acc 26.41%
[Stage1/AE] ep 437/480 | loss 0.2061 | rec 0.0308 | feat 0.1753 | train_acc 26.19%
[Stage1/AE] ep 438/480 | loss 0.2015 | rec 0.0308 | feat 0.1706 | train_acc 26.45%
[Stage1/AE] ep 439/480 | loss 0.2035 | rec 0.0308 | feat 0.1727 | train_acc 26.18%
[Stage1/AE] ep 440/480 | loss 0.2002 | rec 0.0310 | feat 0.1693 | train_acc 26.37%
[Stage1/AE] ep 441/480 | loss 0.2006 | rec 0.0309 | feat 0.1697 | train_acc 26.46%
[Stage1/AE] ep 442/480 | loss 0.2037 | rec 0.0309 | feat 0.1728 | train_acc 26.10%
[Stage1/AE] ep 443/480 | loss 0.1994 | rec 0.0307 | feat 0.1687 | train_acc 26.35%
[Stage1/AE] ep 444/480 | loss 0.2001 | rec 0.0309 | feat 0.1692 | train_acc 26.38%
[Stage1/AE] ep 445/480 | loss 0.2039 | rec 0.0307 | feat 0.1731 | train_acc 26.39%
[Stage1/AE] ep 446/480 | loss 0.2006 | rec 0.0307 | feat 0.1698 | train_acc 26.43%
[Stage1/AE] ep 447/480 | loss 0.2040 | rec 0.0307 | feat 0.1733 | train_acc 26.49%
[Stage1/AE] ep 448/480 | loss 0.2052 | rec 0.0307 | feat 0.1745 | train_acc 26.55%
[Stage1/AE] ep 449/480 | loss 0.2009 | rec 0.0307 | feat 0.1701 | train_acc 26.50%
[Stage1/AE] ep 450/480 | loss 0.2028 | rec 0.0307 | feat 0.1721 | train_acc 26.43%
[Stage1/AE] ep 451/480 | loss 0.2009 | rec 0.0308 | feat 0.1701 | train_acc 26.22%
[Stage1/AE] ep 452/480 | loss 0.1995 | rec 0.0307 | feat 0.1688 | train_acc 26.27%
[Stage1/AE] ep 453/480 | loss 0.2055 | rec 0.0308 | feat 0.1747 | train_acc 26.53%
[Stage1/AE] ep 454/480 | loss 0.2016 | rec 0.0308 | feat 0.1708 | train_acc 26.51%
[Stage1/AE] ep 455/480 | loss 0.2011 | rec 0.0307 | feat 0.1703 | train_acc 26.31%
[Stage1/AE] ep 456/480 | loss 0.2016 | rec 0.0308 | feat 0.1709 | train_acc 26.34%
[Stage1/AE] ep 457/480 | loss 0.2018 | rec 0.0309 | feat 0.1710 | train_acc 26.17%
[Stage1/AE] ep 458/480 | loss 0.2021 | rec 0.0307 | feat 0.1713 | train_acc 26.41%
[Stage1/AE] ep 459/480 | loss 0.1986 | rec 0.0307 | feat 0.1679 | train_acc 26.05%
[Stage1/AE] ep 460/480 | loss 0.1983 | rec 0.0306 | feat 0.1677 | train_acc 26.26%
[Stage1/AE] ep 461/480 | loss 0.1964 | rec 0.0307 | feat 0.1657 | train_acc 26.27%
[Stage1/AE] ep 462/480 | loss 0.2043 | rec 0.0308 | feat 0.1735 | train_acc 26.67%
[Stage1/AE] ep 463/480 | loss 0.2024 | rec 0.0306 | feat 0.1718 | train_acc 26.00%
[Stage1/AE] ep 464/480 | loss 0.2010 | rec 0.0306 | feat 0.1703 | train_acc 26.35%
[Stage1/AE] ep 465/480 | loss 0.1995 | rec 0.0307 | feat 0.1688 | train_acc 26.23%
[Stage1/AE] ep 466/480 | loss 0.2035 | rec 0.0310 | feat 0.1725 | train_acc 26.26%
[Stage1/AE] ep 467/480 | loss 0.2005 | rec 0.0307 | feat 0.1698 | train_acc 26.35%
[Stage1/AE] ep 468/480 | loss 0.2019 | rec 0.0306 | feat 0.1712 | train_acc 26.49%
[Stage1/AE] ep 469/480 | loss 0.2016 | rec 0.0307 | feat 0.1709 | train_acc 26.35%
[Stage1/AE] ep 470/480 | loss 0.1990 | rec 0.0307 | feat 0.1683 | train_acc 26.38%
[Stage1/AE] ep 471/480 | loss 0.2007 | rec 0.0306 | feat 0.1702 | train_acc 26.53%
[Stage1/AE] ep 472/480 | loss 0.2026 | rec 0.0306 | feat 0.1720 | train_acc 26.18%
[Stage1/AE] ep 473/480 | loss 0.1999 | rec 0.0307 | feat 0.1692 | train_acc 26.41%
[Stage1/AE] ep 474/480 | loss 0.1997 | rec 0.0306 | feat 0.1691 | train_acc 26.13%
[Stage1/AE] ep 475/480 | loss 0.1986 | rec 0.0306 | feat 0.1680 | train_acc 26.37%
[Stage1/AE] ep 476/480 | loss 0.2012 | rec 0.0306 | feat 0.1707 | train_acc 26.49%
[Stage1/AE] ep 477/480 | loss 0.2058 | rec 0.0305 | feat 0.1753 | train_acc 26.51%
[Stage1/AE] ep 478/480 | loss 0.1967 | rec 0.0309 | feat 0.1658 | train_acc 26.46%
[Stage1/AE] ep 479/480 | loss 0.2011 | rec 0.0308 | feat 0.1703 | train_acc 26.65%
[Stage1/AE] ep 480/480 | loss 0.1977 | rec 0.0306 | feat 0.1671 | train_acc 26.18%
[Stage2/Head] ep 1/480 | loss 46.9993 | ce 19.0272 | logit 27.9721 | train_acc 21.93%
[Stage2/Head] ep 2/480 | loss 41.6036 | ce 17.6123 | logit 23.9913 | train_acc 15.08%
[Stage2/Head] ep 3/480 | loss 39.5502 | ce 17.2442 | logit 22.3060 | train_acc 17.21%
[Stage2/Head] ep 4/480 | loss 37.7192 | ce 16.8939 | logit 20.8253 | train_acc 18.84%
[Stage2/Head] ep 5/480 | loss 36.8444 | ce 16.6065 | logit 20.2379 | train_acc 18.77%
[Stage2/Head] ep 6/480 | loss 36.0929 | ce 16.3871 | logit 19.7058 | train_acc 18.22%
[Stage2/Head] ep 7/480 | loss 35.6002 | ce 16.2425 | logit 19.3576 | train_acc 18.26%
[Stage2/Head] ep 8/480 | loss 34.6891 | ce 15.9944 | logit 18.6947 | train_acc 18.37%
[Stage2/Head] ep 9/480 | loss 34.2171 | ce 15.8098 | logit 18.4073 | train_acc 18.27%
[Stage2/Head] ep 10/480 | loss 33.7772 | ce 15.6821 | logit 18.0951 | train_acc 18.16%
[Stage2/Head] ep 11/480 | loss 33.2548 | ce 15.5256 | logit 17.7293 | train_acc 18.22%
[Stage2/Head] ep 12/480 | loss 32.9133 | ce 15.3971 | logit 17.5162 | train_acc 17.66%
[Stage2/Head] ep 13/480 | loss 32.4515 | ce 15.2161 | logit 17.2354 | train_acc 17.72%
[Stage2/Head] ep 14/480 | loss 31.9440 | ce 15.0748 | logit 16.8692 | train_acc 17.49%
[Stage2/Head] ep 15/480 | loss 31.5041 | ce 14.9378 | logit 16.5663 | train_acc 17.59%
[Stage2/Head] ep 16/480 | loss 31.5506 | ce 14.8456 | logit 16.7050 | train_acc 16.40%
[Stage2/Head] ep 17/480 | loss 31.1381 | ce 14.6933 | logit 16.4448 | train_acc 16.08%
[Stage2/Head] ep 18/480 | loss 30.6365 | ce 14.5487 | logit 16.0878 | train_acc 16.32%
[Stage2/Head] ep 19/480 | loss 30.2249 | ce 14.3843 | logit 15.8406 | train_acc 16.18%
[Stage2/Head] ep 20/480 | loss 29.7950 | ce 14.2315 | logit 15.5636 | train_acc 16.04%
[Stage2/Head] ep 21/480 | loss 29.3027 | ce 14.0815 | logit 15.2211 | train_acc 16.08%
[Stage2/Head] ep 22/480 | loss 28.8543 | ce 13.9227 | logit 14.9316 | train_acc 16.13%
[Stage2/Head] ep 23/480 | loss 28.4195 | ce 13.7914 | logit 14.6281 | train_acc 16.32%
[Stage2/Head] ep 24/480 | loss 28.0783 | ce 13.6514 | logit 14.4269 | train_acc 16.08%
[Stage2/Head] ep 25/480 | loss 27.7145 | ce 13.5122 | logit 14.2023 | train_acc 15.85%
[Stage2/Head] ep 26/480 | loss 27.2897 | ce 13.3747 | logit 13.9150 | train_acc 15.84%
[Stage2/Head] ep 27/480 | loss 26.9265 | ce 13.2324 | logit 13.6941 | train_acc 15.80%
[Stage2/Head] ep 28/480 | loss 26.4729 | ce 13.0886 | logit 13.3843 | train_acc 16.04%
[Stage2/Head] ep 29/480 | loss 26.1243 | ce 12.9539 | logit 13.1704 | train_acc 15.91%
[Stage2/Head] ep 30/480 | loss 25.7490 | ce 12.8187 | logit 12.9303 | train_acc 15.97%
[Stage2/Head] ep 31/480 | loss 25.3721 | ce 12.6871 | logit 12.6850 | train_acc 15.93%
[Stage2/Head] ep 32/480 | loss 25.0156 | ce 12.5472 | logit 12.4684 | train_acc 15.95%
[Stage2/Head] ep 33/480 | loss 24.7654 | ce 12.4272 | logit 12.3382 | train_acc 15.45%
[Stage2/Head] ep 34/480 | loss 24.4480 | ce 12.3008 | logit 12.1472 | train_acc 15.20%
[Stage2/Head] ep 35/480 | loss 24.1150 | ce 12.1727 | logit 11.9423 | train_acc 15.20%
[Stage2/Head] ep 36/480 | loss 23.7582 | ce 12.0417 | logit 11.7165 | train_acc 15.28%
[Stage2/Head] ep 37/480 | loss 23.4242 | ce 11.9127 | logit 11.5114 | train_acc 13.13%
[Stage2/Head] ep 38/480 | loss 23.0635 | ce 11.7874 | logit 11.2760 | train_acc 13.28%
[Stage2/Head] ep 39/480 | loss 22.7692 | ce 11.6666 | logit 11.1026 | train_acc 13.28%
[Stage2/Head] ep 40/480 | loss 22.4010 | ce 11.5398 | logit 10.8613 | train_acc 13.28%
[Stage2/Head] ep 41/480 | loss 22.1216 | ce 11.4207 | logit 10.7009 | train_acc 13.28%
[Stage2/Head] ep 42/480 | loss 21.7790 | ce 11.2961 | logit 10.4830 | train_acc 13.28%
[Stage2/Head] ep 43/480 | loss 21.4560 | ce 11.1764 | logit 10.2796 | train_acc 13.28%
[Stage2/Head] ep 44/480 | loss 21.1320 | ce 11.0589 | logit 10.0731 | train_acc 13.28%
[Stage2/Head] ep 45/480 | loss 20.8575 | ce 10.9401 | logit 9.9174 | train_acc 13.28%
[Stage2/Head] ep 46/480 | loss 20.5626 | ce 10.8234 | logit 9.7392 | train_acc 13.28%
[Stage2/Head] ep 47/480 | loss 20.2796 | ce 10.7059 | logit 9.5737 | train_acc 13.28%
[Stage2/Head] ep 48/480 | loss 19.9725 | ce 10.5922 | logit 9.3803 | train_acc 13.28%
[Stage2/Head] ep 49/480 | loss 19.6698 | ce 10.4789 | logit 9.1908 | train_acc 13.28%
[Stage2/Head] ep 50/480 | loss 19.3704 | ce 10.3636 | logit 9.0067 | train_acc 13.28%
[Stage2/Head] ep 51/480 | loss 19.1053 | ce 10.2496 | logit 8.8558 | train_acc 13.28%
[Stage2/Head] ep 52/480 | loss 18.8056 | ce 10.1386 | logit 8.6670 | train_acc 13.28%
[Stage2/Head] ep 53/480 | loss 18.5392 | ce 10.0260 | logit 8.5132 | train_acc 13.28%
[Stage2/Head] ep 54/480 | loss 18.2919 | ce 9.9171 | logit 8.3748 | train_acc 13.28%
[Stage2/Head] ep 55/480 | loss 18.1163 | ce 9.8076 | logit 8.3088 | train_acc 13.28%
[Stage2/Head] ep 56/480 | loss 17.8529 | ce 9.7044 | logit 8.1484 | train_acc 13.28%
[Stage2/Head] ep 57/480 | loss 17.5598 | ce 9.5966 | logit 7.9632 | train_acc 13.28%
[Stage2/Head] ep 58/480 | loss 17.2658 | ce 9.4910 | logit 7.7748 | train_acc 13.28%
[Stage2/Head] ep 59/480 | loss 17.0357 | ce 9.3796 | logit 7.6562 | train_acc 13.28%
[Stage2/Head] ep 60/480 | loss 16.7712 | ce 9.2738 | logit 7.4974 | train_acc 13.28%
[Stage2/Head] ep 61/480 | loss 16.5019 | ce 9.1680 | logit 7.3339 | train_acc 13.28%
[Stage2/Head] ep 62/480 | loss 16.2253 | ce 9.0612 | logit 7.1641 | train_acc 13.28%
[Stage2/Head] ep 63/480 | loss 15.9743 | ce 8.9534 | logit 7.0209 | train_acc 13.28%
[Stage2/Head] ep 64/480 | loss 15.7348 | ce 8.8443 | logit 6.8906 | train_acc 13.28%
[Stage2/Head] ep 65/480 | loss 15.4791 | ce 8.7380 | logit 6.7411 | train_acc 13.28%
[Stage2/Head] ep 66/480 | loss 15.2470 | ce 8.6357 | logit 6.6114 | train_acc 13.28%
[Stage2/Head] ep 67/480 | loss 14.9987 | ce 8.5320 | logit 6.4667 | train_acc 13.28%
[Stage2/Head] ep 68/480 | loss 14.7587 | ce 8.4260 | logit 6.3326 | train_acc 13.28%
[Stage2/Head] ep 69/480 | loss 14.5293 | ce 8.3259 | logit 6.2034 | train_acc 13.28%
[Stage2/Head] ep 70/480 | loss 14.2898 | ce 8.2196 | logit 6.0701 | train_acc 13.28%
[Stage2/Head] ep 71/480 | loss 14.0541 | ce 8.1119 | logit 5.9422 | train_acc 13.28%
[Stage2/Head] ep 72/480 | loss 13.8166 | ce 8.0135 | logit 5.8030 | train_acc 13.28%
[Stage2/Head] ep 73/480 | loss 13.5928 | ce 7.9131 | logit 5.6797 | train_acc 13.28%
[Stage2/Head] ep 74/480 | loss 13.3551 | ce 7.8087 | logit 5.5464 | train_acc 13.28%
[Stage2/Head] ep 75/480 | loss 13.1545 | ce 7.7091 | logit 5.4453 | train_acc 13.28%
[Stage2/Head] ep 76/480 | loss 12.9358 | ce 7.6121 | logit 5.3237 | train_acc 13.28%
[Stage2/Head] ep 77/480 | loss 12.7120 | ce 7.5140 | logit 5.1980 | train_acc 13.28%
[Stage2/Head] ep 78/480 | loss 12.5022 | ce 7.4083 | logit 5.0939 | train_acc 13.28%
[Stage2/Head] ep 79/480 | loss 12.2796 | ce 7.3011 | logit 4.9785 | train_acc 13.28%
[Stage2/Head] ep 80/480 | loss 12.0924 | ce 7.2050 | logit 4.8873 | train_acc 13.28%
[Stage2/Head] ep 81/480 | loss 11.8715 | ce 7.1085 | logit 4.7630 | train_acc 13.28%
[Stage2/Head] ep 82/480 | loss 11.6740 | ce 7.0040 | logit 4.6700 | train_acc 13.28%
[Stage2/Head] ep 83/480 | loss 11.4734 | ce 6.9113 | logit 4.5621 | train_acc 13.28%
[Stage2/Head] ep 84/480 | loss 11.2712 | ce 6.8084 | logit 4.4628 | train_acc 13.28%
[Stage2/Head] ep 85/480 | loss 11.0882 | ce 6.7076 | logit 4.3806 | train_acc 13.28%
[Stage2/Head] ep 86/480 | loss 10.8826 | ce 6.6098 | logit 4.2728 | train_acc 13.28%
[Stage2/Head] ep 87/480 | loss 10.6808 | ce 6.5102 | logit 4.1706 | train_acc 13.28%
[Stage2/Head] ep 88/480 | loss 10.5203 | ce 6.4063 | logit 4.1140 | train_acc 13.28%
[Stage2/Head] ep 89/480 | loss 10.3553 | ce 6.3009 | logit 4.0544 | train_acc 13.28%
[Stage2/Head] ep 90/480 | loss 10.1628 | ce 6.2077 | logit 3.9551 | train_acc 13.28%
[Stage2/Head] ep 91/480 | loss 9.9742 | ce 6.1163 | logit 3.8580 | train_acc 13.28%
[Stage2/Head] ep 92/480 | loss 9.7926 | ce 6.0181 | logit 3.7745 | train_acc 13.28%
[Stage2/Head] ep 93/480 | loss 9.6263 | ce 5.9257 | logit 3.7006 | train_acc 13.28%
[Stage2/Head] ep 94/480 | loss 9.4390 | ce 5.8222 | logit 3.6167 | train_acc 13.28%
[Stage2/Head] ep 95/480 | loss 9.2649 | ce 5.7296 | logit 3.5353 | train_acc 13.28%
[Stage2/Head] ep 96/480 | loss 9.0829 | ce 5.6309 | logit 3.4520 | train_acc 13.28%
[Stage2/Head] ep 97/480 | loss 8.9243 | ce 5.5360 | logit 3.3883 | train_acc 13.28%
[Stage2/Head] ep 98/480 | loss 8.7554 | ce 5.4423 | logit 3.3131 | train_acc 13.28%
[Stage2/Head] ep 99/480 | loss 8.5867 | ce 5.3382 | logit 3.2485 | train_acc 13.28%
[Stage2/Head] ep 100/480 | loss 8.4233 | ce 5.2436 | logit 3.1796 | train_acc 13.28%
[Stage2/Head] ep 101/480 | loss 8.2587 | ce 5.1438 | logit 3.1149 | train_acc 13.28%
[Stage2/Head] ep 102/480 | loss 8.0956 | ce 5.0502 | logit 3.0454 | train_acc 13.28%
[Stage2/Head] ep 103/480 | loss 7.9546 | ce 4.9653 | logit 2.9893 | train_acc 13.28%
[Stage2/Head] ep 104/480 | loss 7.7886 | ce 4.8651 | logit 2.9235 | train_acc 13.28%
[Stage2/Head] ep 105/480 | loss 7.6450 | ce 4.7695 | logit 2.8755 | train_acc 13.28%
[Stage2/Head] ep 106/480 | loss 7.4921 | ce 4.6762 | logit 2.8159 | train_acc 13.28%
[Stage2/Head] ep 107/480 | loss 7.3463 | ce 4.5821 | logit 2.7642 | train_acc 13.28%
[Stage2/Head] ep 108/480 | loss 7.1965 | ce 4.4832 | logit 2.7133 | train_acc 13.28%
[Stage2/Head] ep 109/480 | loss 7.0627 | ce 4.3923 | logit 2.6704 | train_acc 13.28%
[Stage2/Head] ep 110/480 | loss 6.9264 | ce 4.3076 | logit 2.6187 | train_acc 13.28%
[Stage2/Head] ep 111/480 | loss 6.7945 | ce 4.2214 | logit 2.5730 | train_acc 13.28%
[Stage2/Head] ep 112/480 | loss 6.6518 | ce 4.1215 | logit 2.5303 | train_acc 13.28%
[Stage2/Head] ep 113/480 | loss 6.5257 | ce 4.0294 | logit 2.4962 | train_acc 13.28%
[Stage2/Head] ep 114/480 | loss 6.4075 | ce 3.9612 | logit 2.4463 | train_acc 13.28%
[Stage2/Head] ep 115/480 | loss 6.2767 | ce 3.8589 | logit 2.4178 | train_acc 13.28%
[Stage2/Head] ep 116/480 | loss 6.1470 | ce 3.7737 | logit 2.3733 | train_acc 13.28%
[Stage2/Head] ep 117/480 | loss 6.0397 | ce 3.6998 | logit 2.3399 | train_acc 13.28%
[Stage2/Head] ep 118/480 | loss 5.9007 | ce 3.5898 | logit 2.3110 | train_acc 13.28%
[Stage2/Head] ep 119/480 | loss 5.7818 | ce 3.5018 | logit 2.2800 | train_acc 13.28%
[Stage2/Head] ep 120/480 | loss 5.6843 | ce 3.4269 | logit 2.2574 | train_acc 13.28%
[Stage2/Head] ep 121/480 | loss 5.5688 | ce 3.3442 | logit 2.2246 | train_acc 13.28%
[Stage2/Head] ep 122/480 | loss 5.4744 | ce 3.2680 | logit 2.2064 | train_acc 13.28%
[Stage2/Head] ep 123/480 | loss 5.3470 | ce 3.1743 | logit 2.1726 | train_acc 13.28%
[Stage2/Head] ep 124/480 | loss 5.2564 | ce 3.1026 | logit 2.1538 | train_acc 13.28%
[Stage2/Head] ep 125/480 | loss 5.1487 | ce 3.0158 | logit 2.1329 | train_acc 13.28%
[Stage2/Head] ep 126/480 | loss 5.0601 | ce 2.9390 | logit 2.1211 | train_acc 13.28%
[Stage2/Head] ep 127/480 | loss 4.9647 | ce 2.8615 | logit 2.1033 | train_acc 13.28%
[Stage2/Head] ep 128/480 | loss 4.8716 | ce 2.7858 | logit 2.0859 | train_acc 13.28%
[Stage2/Head] ep 129/480 | loss 4.7851 | ce 2.7179 | logit 2.0672 | train_acc 13.28%
[Stage2/Head] ep 130/480 | loss 4.7055 | ce 2.6126 | logit 2.0929 | train_acc 13.29%
[Stage2/Head] ep 131/480 | loss 4.6555 | ce 2.5074 | logit 2.1481 | train_acc 13.28%
[Stage2/Head] ep 132/480 | loss 4.5739 | ce 2.4447 | logit 2.1292 | train_acc 13.28%
[Stage2/Head] ep 133/480 | loss 4.4960 | ce 2.3793 | logit 2.1167 | train_acc 13.28%
[Stage2/Head] ep 134/480 | loss 4.4200 | ce 2.3114 | logit 2.1086 | train_acc 13.28%
[Stage2/Head] ep 135/480 | loss 4.3512 | ce 2.2477 | logit 2.1035 | train_acc 13.28%
[Stage2/Head] ep 136/480 | loss 4.2862 | ce 2.1820 | logit 2.1042 | train_acc 13.28%
[Stage2/Head] ep 137/480 | loss 4.2142 | ce 2.1174 | logit 2.0968 | train_acc 13.28%
[Stage2/Head] ep 138/480 | loss 4.1551 | ce 2.0535 | logit 2.1016 | train_acc 13.28%
[Stage2/Head] ep 139/480 | loss 4.0913 | ce 1.9935 | logit 2.0978 | train_acc 13.28%
[Stage2/Head] ep 140/480 | loss 4.0396 | ce 1.9327 | logit 2.1070 | train_acc 13.28%
[Stage2/Head] ep 141/480 | loss 3.9847 | ce 1.8772 | logit 2.1075 | train_acc 13.28%
[Stage2/Head] ep 142/480 | loss 3.9335 | ce 1.8226 | logit 2.1109 | train_acc 13.28%
[Stage2/Head] ep 143/480 | loss 3.8835 | ce 1.7674 | logit 2.1161 | train_acc 13.28%
[Stage2/Head] ep 144/480 | loss 3.8312 | ce 1.7147 | logit 2.1165 | train_acc 13.28%
[Stage2/Head] ep 145/480 | loss 3.7884 | ce 1.6621 | logit 2.1262 | train_acc 13.28%
[Stage2/Head] ep 146/480 | loss 3.7419 | ce 1.6133 | logit 2.1286 | train_acc 13.28%
[Stage2/Head] ep 147/480 | loss 3.7071 | ce 1.5688 | logit 2.1383 | train_acc 13.28%
[Stage2/Head] ep 148/480 | loss 3.6696 | ce 1.5194 | logit 2.1502 | train_acc 13.28%
[Stage2/Head] ep 149/480 | loss 3.6342 | ce 1.4808 | logit 2.1534 | train_acc 13.28%
[Stage2/Head] ep 150/480 | loss 3.6076 | ce 1.4383 | logit 2.1692 | train_acc 13.28%
[Stage2/Head] ep 151/480 | loss 3.5723 | ce 1.3967 | logit 2.1756 | train_acc 13.28%
[Stage2/Head] ep 152/480 | loss 3.5486 | ce 1.3619 | logit 2.1867 | train_acc 13.28%
[Stage2/Head] ep 153/480 | loss 3.5175 | ce 1.3195 | logit 2.1980 | train_acc 28.77%
[Stage2/Head] ep 154/480 | loss 3.4952 | ce 1.2875 | logit 2.2077 | train_acc 39.79%
[Stage2/Head] ep 155/480 | loss 3.4722 | ce 1.2550 | logit 2.2172 | train_acc 39.82%
[Stage2/Head] ep 156/480 | loss 3.4556 | ce 1.2205 | logit 2.2351 | train_acc 39.84%
[Stage2/Head] ep 157/480 | loss 3.4394 | ce 1.1926 | logit 2.2468 | train_acc 39.78%
[Stage2/Head] ep 158/480 | loss 3.4142 | ce 1.1616 | logit 2.2526 | train_acc 39.80%
[Stage2/Head] ep 159/480 | loss 3.4012 | ce 1.1344 | logit 2.2668 | train_acc 39.80%
[Stage2/Head] ep 160/480 | loss 3.3867 | ce 1.1064 | logit 2.2803 | train_acc 39.80%
[Stage2/Head] ep 161/480 | loss 3.3760 | ce 1.0808 | logit 2.2952 | train_acc 39.82%
[Stage2/Head] ep 162/480 | loss 3.3637 | ce 1.0587 | logit 2.3050 | train_acc 39.80%
[Stage2/Head] ep 163/480 | loss 3.3526 | ce 1.0371 | logit 2.3155 | train_acc 39.80%
[Stage2/Head] ep 164/480 | loss 3.3422 | ce 1.0127 | logit 2.3295 | train_acc 39.84%
[Stage2/Head] ep 165/480 | loss 3.3333 | ce 0.9928 | logit 2.3406 | train_acc 39.84%
[Stage2/Head] ep 166/480 | loss 3.3252 | ce 0.9750 | logit 2.3502 | train_acc 39.83%
[Stage2/Head] ep 167/480 | loss 3.3180 | ce 0.9556 | logit 2.3624 | train_acc 39.82%
[Stage2/Head] ep 168/480 | loss 3.3219 | ce 0.9453 | logit 2.3766 | train_acc 39.82%
[Stage2/Head] ep 169/480 | loss 3.3090 | ce 0.9231 | logit 2.3859 | train_acc 39.84%
[Stage2/Head] ep 170/480 | loss 3.3057 | ce 0.9082 | logit 2.3975 | train_acc 39.83%
[Stage2/Head] ep 171/480 | loss 3.3029 | ce 0.9005 | logit 2.4024 | train_acc 39.80%
[Stage2/Head] ep 172/480 | loss 3.2930 | ce 0.8859 | logit 2.4071 | train_acc 39.83%
[Stage2/Head] ep 173/480 | loss 3.2926 | ce 0.8725 | logit 2.4201 | train_acc 39.80%
[Stage2/Head] ep 174/480 | loss 3.2898 | ce 0.8618 | logit 2.4280 | train_acc 39.83%
[Stage2/Head] ep 175/480 | loss 3.2941 | ce 0.8569 | logit 2.4373 | train_acc 39.78%
[Stage2/Head] ep 176/480 | loss 3.2883 | ce 0.8404 | logit 2.4479 | train_acc 39.80%
[Stage2/Head] ep 177/480 | loss 3.2918 | ce 0.8359 | logit 2.4559 | train_acc 39.80%
[Stage2/Head] ep 178/480 | loss 3.2853 | ce 0.8262 | logit 2.4591 | train_acc 39.80%
[Stage2/Head] ep 179/480 | loss 3.2812 | ce 0.8156 | logit 2.4655 | train_acc 39.84%
[Stage2/Head] ep 180/480 | loss 3.2838 | ce 0.8106 | logit 2.4732 | train_acc 39.82%
[Stage2/Head] ep 181/480 | loss 3.2843 | ce 0.8049 | logit 2.4794 | train_acc 39.82%
[Stage2/Head] ep 182/480 | loss 3.2776 | ce 0.7986 | logit 2.4790 | train_acc 39.83%
[Stage2/Head] ep 183/480 | loss 3.2724 | ce 0.7909 | logit 2.4815 | train_acc 39.86%
[Stage2/Head] ep 184/480 | loss 3.2850 | ce 0.7894 | logit 2.4956 | train_acc 39.79%
[Stage2/Head] ep 185/480 | loss 3.2830 | ce 0.7847 | logit 2.4984 | train_acc 39.83%
[Stage2/Head] ep 186/480 | loss 3.2860 | ce 0.7870 | logit 2.4990 | train_acc 39.75%
[Stage2/Head] ep 187/480 | loss 3.2805 | ce 0.7789 | logit 2.5017 | train_acc 39.79%
[Stage2/Head] ep 188/480 | loss 3.2766 | ce 0.7738 | logit 2.5027 | train_acc 39.82%
[Stage2/Head] ep 189/480 | loss 3.2774 | ce 0.7708 | logit 2.5066 | train_acc 39.83%
[Stage2/Head] ep 190/480 | loss 3.2804 | ce 0.7696 | logit 2.5108 | train_acc 39.84%
[Stage2/Head] ep 191/480 | loss 3.2813 | ce 0.7687 | logit 2.5127 | train_acc 39.82%
[Stage2/Head] ep 192/480 | loss 3.2820 | ce 0.7651 | logit 2.5170 | train_acc 39.83%
[Stage2/Head] ep 193/480 | loss 3.2759 | ce 0.7621 | logit 2.5138 | train_acc 39.83%
[Stage2/Head] ep 194/480 | loss 3.2835 | ce 0.7649 | logit 2.5186 | train_acc 39.80%
[Stage2/Head] ep 195/480 | loss 3.2790 | ce 0.7604 | logit 2.5186 | train_acc 39.83%
[Stage2/Head] ep 196/480 | loss 3.2794 | ce 0.7618 | logit 2.5176 | train_acc 39.84%
[Stage2/Head] ep 197/480 | loss 3.2825 | ce 0.7626 | logit 2.5200 | train_acc 39.80%
[Stage2/Head] ep 198/480 | loss 3.2804 | ce 0.7588 | logit 2.5216 | train_acc 39.82%
[Stage2/Head] ep 199/480 | loss 3.2817 | ce 0.7570 | logit 2.5247 | train_acc 39.82%
[Stage2/Head] ep 200/480 | loss 3.2860 | ce 0.7584 | logit 2.5275 | train_acc 39.79%
[Stage2/Head] ep 201/480 | loss 3.2840 | ce 0.7609 | logit 2.5231 | train_acc 39.80%
[Stage2/Head] ep 202/480 | loss 3.2753 | ce 0.7595 | logit 2.5158 | train_acc 39.82%
[Stage2/Head] ep 203/480 | loss 3.2854 | ce 0.7547 | logit 2.5308 | train_acc 39.84%
[Stage2/Head] ep 204/480 | loss 3.2790 | ce 0.7551 | logit 2.5239 | train_acc 39.83%
[Stage2/Head] ep 205/480 | loss 3.2784 | ce 0.7570 | logit 2.5214 | train_acc 39.83%
[Stage2/Head] ep 206/480 | loss 3.2798 | ce 0.7565 | logit 2.5233 | train_acc 39.82%
[Stage2/Head] ep 207/480 | loss 3.2866 | ce 0.7573 | logit 2.5293 | train_acc 39.80%
[Stage2/Head] ep 208/480 | loss 3.2803 | ce 0.7571 | logit 2.5232 | train_acc 39.82%
[Stage2/Head] ep 209/480 | loss 3.2850 | ce 0.7543 | logit 2.5307 | train_acc 39.82%
[Stage2/Head] ep 210/480 | loss 3.2760 | ce 0.7567 | logit 2.5193 | train_acc 39.82%
[Stage2/Head] ep 211/480 | loss 3.2815 | ce 0.7529 | logit 2.5286 | train_acc 39.83%
[Stage2/Head] ep 212/480 | loss 3.2820 | ce 0.7557 | logit 2.5263 | train_acc 39.82%
[Stage2/Head] ep 213/480 | loss 3.2708 | ce 0.7535 | logit 2.5173 | train_acc 39.87%
[Stage2/Head] ep 214/480 | loss 3.2829 | ce 0.7569 | logit 2.5260 | train_acc 39.80%
[Stage2/Head] ep 215/480 | loss 3.2790 | ce 0.7564 | logit 2.5227 | train_acc 39.83%
[Stage2/Head] ep 216/480 | loss 3.2824 | ce 0.7570 | logit 2.5255 | train_acc 39.80%
[Stage2/Head] ep 217/480 | loss 3.2845 | ce 0.7568 | logit 2.5277 | train_acc 39.79%
[Stage2/Head] ep 218/480 | loss 3.2759 | ce 0.7526 | logit 2.5233 | train_acc 39.86%
[Stage2/Head] ep 219/480 | loss 3.2804 | ce 0.7558 | logit 2.5246 | train_acc 39.82%
[Stage2/Head] ep 220/480 | loss 3.2811 | ce 0.7547 | logit 2.5264 | train_acc 39.84%
[Stage2/Head] ep 221/480 | loss 3.2783 | ce 0.7550 | logit 2.5232 | train_acc 39.87%
[Stage2/Head] ep 222/480 | loss 3.2752 | ce 0.7539 | logit 2.5213 | train_acc 39.82%
[Stage2/Head] ep 223/480 | loss 3.2788 | ce 0.7559 | logit 2.5229 | train_acc 39.83%
[Stage2/Head] ep 224/480 | loss 3.2734 | ce 0.7520 | logit 2.5214 | train_acc 39.84%
[Stage2/Head] ep 225/480 | loss 3.2775 | ce 0.7520 | logit 2.5254 | train_acc 39.84%
[Stage2/Head] ep 226/480 | loss 3.2797 | ce 0.7562 | logit 2.5235 | train_acc 39.80%
[Stage2/Head] ep 227/480 | loss 3.2796 | ce 0.7545 | logit 2.5251 | train_acc 39.84%
[Stage2/Head] ep 228/480 | loss 3.2813 | ce 0.7533 | logit 2.5280 | train_acc 39.84%
[Stage2/Head] ep 229/480 | loss 3.2791 | ce 0.7566 | logit 2.5224 | train_acc 39.80%
[Stage2/Head] ep 230/480 | loss 3.2805 | ce 0.7550 | logit 2.5255 | train_acc 39.83%
[Stage2/Head] ep 231/480 | loss 3.2818 | ce 0.7579 | logit 2.5239 | train_acc 39.79%
[Stage2/Head] ep 232/480 | loss 3.2773 | ce 0.7546 | logit 2.5226 | train_acc 39.83%
[Stage2/Head] ep 233/480 | loss 3.2737 | ce 0.7533 | logit 2.5204 | train_acc 39.83%
[Stage2/Head] ep 234/480 | loss 3.2785 | ce 0.7569 | logit 2.5215 | train_acc 39.80%
[Stage2/Head] ep 235/480 | loss 3.2823 | ce 0.7535 | logit 2.5288 | train_acc 39.80%
[Stage2/Head] ep 236/480 | loss 3.2778 | ce 0.7557 | logit 2.5221 | train_acc 39.82%
[Stage2/Head] ep 237/480 | loss 3.2793 | ce 0.7545 | logit 2.5248 | train_acc 39.83%
[Stage2/Head] ep 238/480 | loss 3.2804 | ce 0.7535 | logit 2.5269 | train_acc 39.83%
[Stage2/Head] ep 239/480 | loss 3.2785 | ce 0.7567 | logit 2.5218 | train_acc 39.83%
[Stage2/Head] ep 240/480 | loss 3.2752 | ce 0.7540 | logit 2.5212 | train_acc 39.83%
[Stage2/Head] ep 241/480 | loss 3.2771 | ce 0.7538 | logit 2.5233 | train_acc 39.83%
[Stage2/Head] ep 242/480 | loss 3.2856 | ce 0.7599 | logit 2.5257 | train_acc 39.79%
[Stage2/Head] ep 243/480 | loss 3.2769 | ce 0.7548 | logit 2.5220 | train_acc 39.82%
[Stage2/Head] ep 244/480 | loss 3.2777 | ce 0.7541 | logit 2.5236 | train_acc 39.84%
[Stage2/Head] ep 245/480 | loss 3.2803 | ce 0.7543 | logit 2.5260 | train_acc 39.82%
[Stage2/Head] ep 246/480 | loss 3.2751 | ce 0.7558 | logit 2.5193 | train_acc 39.80%
[Stage2/Head] ep 247/480 | loss 3.2785 | ce 0.7545 | logit 2.5240 | train_acc 39.82%
[Stage2/Head] ep 248/480 | loss 3.2769 | ce 0.7527 | logit 2.5242 | train_acc 39.82%
[Stage2/Head] ep 249/480 | loss 3.2746 | ce 0.7541 | logit 2.5205 | train_acc 39.83%
[Stage2/Head] ep 250/480 | loss 3.2775 | ce 0.7546 | logit 2.5230 | train_acc 39.82%
[Stage2/Head] ep 251/480 | loss 3.2821 | ce 0.7546 | logit 2.5275 | train_acc 39.83%
[Stage2/Head] ep 252/480 | loss 3.2788 | ce 0.7568 | logit 2.5220 | train_acc 39.80%
[Stage2/Head] ep 253/480 | loss 3.2787 | ce 0.7553 | logit 2.5234 | train_acc 39.84%
[Stage2/Head] ep 254/480 | loss 3.2801 | ce 0.7555 | logit 2.5246 | train_acc 39.80%
[Stage2/Head] ep 255/480 | loss 3.2826 | ce 0.7560 | logit 2.5266 | train_acc 39.80%
[Stage2/Head] ep 256/480 | loss 3.2758 | ce 0.7544 | logit 2.5213 | train_acc 39.83%
[Stage2/Head] ep 257/480 | loss 3.2805 | ce 0.7592 | logit 2.5213 | train_acc 39.78%
[Stage2/Head] ep 258/480 | loss 3.2838 | ce 0.7555 | logit 2.5282 | train_acc 39.80%
[Stage2/Head] ep 259/480 | loss 3.2782 | ce 0.7556 | logit 2.5226 | train_acc 39.83%
[Stage2/Head] ep 260/480 | loss 3.2844 | ce 0.7569 | logit 2.5275 | train_acc 39.80%
[Stage2/Head] ep 261/480 | loss 3.2818 | ce 0.7544 | logit 2.5274 | train_acc 39.80%
[Stage2/Head] ep 262/480 | loss 3.2798 | ce 0.7558 | logit 2.5241 | train_acc 39.83%
[Stage2/Head] ep 263/480 | loss 3.2805 | ce 0.7562 | logit 2.5243 | train_acc 39.84%
[Stage2/Head] ep 264/480 | loss 3.2802 | ce 0.7537 | logit 2.5265 | train_acc 39.82%
[Stage2/Head] ep 265/480 | loss 3.2818 | ce 0.7577 | logit 2.5240 | train_acc 39.79%
[Stage2/Head] ep 266/480 | loss 3.2782 | ce 0.7563 | logit 2.5219 | train_acc 39.80%
[Stage2/Head] ep 267/480 | loss 3.2783 | ce 0.7554 | logit 2.5229 | train_acc 39.82%
[Stage2/Head] ep 268/480 | loss 3.2820 | ce 0.7561 | logit 2.5259 | train_acc 39.82%
[Stage2/Head] ep 269/480 | loss 3.2778 | ce 0.7528 | logit 2.5251 | train_acc 39.86%
[Stage2/Head] ep 270/480 | loss 3.2776 | ce 0.7551 | logit 2.5226 | train_acc 39.83%
[Stage2/Head] ep 271/480 | loss 3.2796 | ce 0.7552 | logit 2.5245 | train_acc 39.80%
[Stage2/Head] ep 272/480 | loss 3.2787 | ce 0.7584 | logit 2.5203 | train_acc 39.79%
[Stage2/Head] ep 273/480 | loss 3.2798 | ce 0.7548 | logit 2.5250 | train_acc 39.82%
[Stage2/Head] ep 274/480 | loss 3.2848 | ce 0.7572 | logit 2.5276 | train_acc 39.79%
[Stage2/Head] ep 275/480 | loss 3.2759 | ce 0.7542 | logit 2.5217 | train_acc 39.86%
[Stage2/Head] ep 276/480 | loss 3.2790 | ce 0.7547 | logit 2.5244 | train_acc 39.84%
[Stage2/Head] ep 277/480 | loss 3.2753 | ce 0.7537 | logit 2.5217 | train_acc 39.83%
[Stage2/Head] ep 278/480 | loss 3.2755 | ce 0.7536 | logit 2.5219 | train_acc 39.82%
[Stage2/Head] ep 279/480 | loss 3.2755 | ce 0.7557 | logit 2.5197 | train_acc 39.80%
[Stage2/Head] ep 280/480 | loss 3.2778 | ce 0.7545 | logit 2.5233 | train_acc 39.82%
[Stage2/Head] ep 281/480 | loss 3.2809 | ce 0.7565 | logit 2.5244 | train_acc 39.82%
[Stage2/Head] ep 282/480 | loss 3.2795 | ce 0.7550 | logit 2.5245 | train_acc 39.82%
[Stage2/Head] ep 283/480 | loss 3.2766 | ce 0.7565 | logit 2.5201 | train_acc 39.84%
[Stage2/Head] ep 284/480 | loss 3.2791 | ce 0.7544 | logit 2.5247 | train_acc 39.80%
[Stage2/Head] ep 285/480 | loss 3.2791 | ce 0.7543 | logit 2.5248 | train_acc 39.83%
[Stage2/Head] ep 286/480 | loss 3.2753 | ce 0.7543 | logit 2.5210 | train_acc 39.82%
[Stage2/Head] ep 287/480 | loss 3.2776 | ce 0.7544 | logit 2.5232 | train_acc 39.86%
[Stage2/Head] ep 288/480 | loss 3.2827 | ce 0.7577 | logit 2.5250 | train_acc 39.80%
[Stage2/Head] ep 289/480 | loss 3.2783 | ce 0.7522 | logit 2.5261 | train_acc 39.84%
[Stage2/Head] ep 290/480 | loss 3.2783 | ce 0.7546 | logit 2.5238 | train_acc 39.82%
[Stage2/Head] ep 291/480 | loss 3.2735 | ce 0.7562 | logit 2.5173 | train_acc 39.80%
[Stage2/Head] ep 292/480 | loss 3.2823 | ce 0.7593 | logit 2.5229 | train_acc 39.78%
[Stage2/Head] ep 293/480 | loss 3.2825 | ce 0.7552 | logit 2.5274 | train_acc 39.82%
[Stage2/Head] ep 294/480 | loss 3.2840 | ce 0.7604 | logit 2.5235 | train_acc 39.78%
[Stage2/Head] ep 295/480 | loss 3.2754 | ce 0.7527 | logit 2.5228 | train_acc 39.84%
[Stage2/Head] ep 296/480 | loss 3.2866 | ce 0.7613 | logit 2.5253 | train_acc 39.76%
[Stage2/Head] ep 297/480 | loss 3.2794 | ce 0.7558 | logit 2.5236 | train_acc 39.83%
[Stage2/Head] ep 298/480 | loss 3.2752 | ce 0.7550 | logit 2.5202 | train_acc 39.84%
[Stage2/Head] ep 299/480 | loss 3.2774 | ce 0.7539 | logit 2.5235 | train_acc 39.83%
[Stage2/Head] ep 300/480 | loss 3.2828 | ce 0.7559 | logit 2.5268 | train_acc 39.79%
[Stage2/Head] ep 301/480 | loss 3.2787 | ce 0.7570 | logit 2.5217 | train_acc 39.80%
[Stage2/Head] ep 302/480 | loss 3.2816 | ce 0.7592 | logit 2.5224 | train_acc 39.80%
[Stage2/Head] ep 303/480 | loss 3.2813 | ce 0.7568 | logit 2.5245 | train_acc 39.80%
[Stage2/Head] ep 304/480 | loss 3.2807 | ce 0.7555 | logit 2.5252 | train_acc 39.84%
[Stage2/Head] ep 305/480 | loss 3.2806 | ce 0.7553 | logit 2.5253 | train_acc 39.82%
[Stage2/Head] ep 306/480 | loss 3.2814 | ce 0.7567 | logit 2.5246 | train_acc 39.83%
[Stage2/Head] ep 307/480 | loss 3.2715 | ce 0.7526 | logit 2.5189 | train_acc 39.83%
[Stage2/Head] ep 308/480 | loss 3.2836 | ce 0.7560 | logit 2.5276 | train_acc 39.79%
[Stage2/Head] ep 309/480 | loss 3.2798 | ce 0.7558 | logit 2.5241 | train_acc 39.83%
[Stage2/Head] ep 310/480 | loss 3.2728 | ce 0.7520 | logit 2.5209 | train_acc 39.84%
[Stage2/Head] ep 311/480 | loss 3.2785 | ce 0.7583 | logit 2.5202 | train_acc 39.80%
[Stage2/Head] ep 312/480 | loss 3.2754 | ce 0.7538 | logit 2.5216 | train_acc 39.82%
[Stage2/Head] ep 313/480 | loss 3.2782 | ce 0.7578 | logit 2.5204 | train_acc 39.79%
[Stage2/Head] ep 314/480 | loss 3.2861 | ce 0.7567 | logit 2.5294 | train_acc 39.82%
[Stage2/Head] ep 315/480 | loss 3.2782 | ce 0.7558 | logit 2.5224 | train_acc 39.84%
[Stage2/Head] ep 316/480 | loss 3.2839 | ce 0.7566 | logit 2.5273 | train_acc 39.82%
[Stage2/Head] ep 317/480 | loss 3.2755 | ce 0.7529 | logit 2.5226 | train_acc 39.84%
[Stage2/Head] ep 318/480 | loss 3.2727 | ce 0.7537 | logit 2.5190 | train_acc 39.82%
[Stage2/Head] ep 319/480 | loss 3.2748 | ce 0.7509 | logit 2.5239 | train_acc 39.84%
[Stage2/Head] ep 320/480 | loss 3.2793 | ce 0.7568 | logit 2.5225 | train_acc 39.80%
[Stage2/Head] ep 321/480 | loss 3.2908 | ce 0.7613 | logit 2.5295 | train_acc 39.78%
[Stage2/Head] ep 322/480 | loss 3.2757 | ce 0.7530 | logit 2.5227 | train_acc 39.83%
[Stage2/Head] ep 323/480 | loss 3.2745 | ce 0.7537 | logit 2.5208 | train_acc 39.83%
[Stage2/Head] ep 324/480 | loss 3.2775 | ce 0.7561 | logit 2.5215 | train_acc 39.80%
[Stage2/Head] ep 325/480 | loss 3.2788 | ce 0.7551 | logit 2.5237 | train_acc 39.79%
[Stage2/Head] ep 326/480 | loss 3.2799 | ce 0.7559 | logit 2.5240 | train_acc 39.83%
[Stage2/Head] ep 327/480 | loss 3.2787 | ce 0.7550 | logit 2.5237 | train_acc 39.83%
[Stage2/Head] ep 328/480 | loss 3.2797 | ce 0.7538 | logit 2.5259 | train_acc 39.83%
[Stage2/Head] ep 329/480 | loss 3.2780 | ce 0.7549 | logit 2.5231 | train_acc 39.80%
[Stage2/Head] ep 330/480 | loss 3.2783 | ce 0.7546 | logit 2.5238 | train_acc 39.83%
[Stage2/Head] ep 331/480 | loss 3.2733 | ce 0.7538 | logit 2.5195 | train_acc 39.83%
[Stage2/Head] ep 332/480 | loss 3.2804 | ce 0.7554 | logit 2.5249 | train_acc 39.82%
[Stage2/Head] ep 333/480 | loss 3.2766 | ce 0.7566 | logit 2.5200 | train_acc 39.80%
[Stage2/Head] ep 334/480 | loss 3.2886 | ce 0.7574 | logit 2.5312 | train_acc 39.80%
[Stage2/Head] ep 335/480 | loss 3.2694 | ce 0.7524 | logit 2.5170 | train_acc 39.83%
[Stage2/Head] ep 336/480 | loss 3.2796 | ce 0.7554 | logit 2.5242 | train_acc 39.82%
[Stage2/Head] ep 337/480 | loss 3.2798 | ce 0.7565 | logit 2.5232 | train_acc 39.80%
[Stage2/Head] ep 338/480 | loss 3.2821 | ce 0.7568 | logit 2.5253 | train_acc 39.79%
[Stage2/Head] ep 339/480 | loss 3.2787 | ce 0.7522 | logit 2.5264 | train_acc 39.86%
[Stage2/Head] ep 340/480 | loss 3.2771 | ce 0.7553 | logit 2.5218 | train_acc 39.82%
[Stage2/Head] ep 341/480 | loss 3.2775 | ce 0.7546 | logit 2.5230 | train_acc 39.83%
[Stage2/Head] ep 342/480 | loss 3.2711 | ce 0.7543 | logit 2.5168 | train_acc 39.83%
[Stage2/Head] ep 343/480 | loss 3.2793 | ce 0.7547 | logit 2.5246 | train_acc 39.83%
[Stage2/Head] ep 344/480 | loss 3.2780 | ce 0.7544 | logit 2.5236 | train_acc 39.82%
[Stage2/Head] ep 345/480 | loss 3.2742 | ce 0.7545 | logit 2.5198 | train_acc 39.83%
[Stage2/Head] ep 346/480 | loss 3.2779 | ce 0.7544 | logit 2.5235 | train_acc 39.82%
[Stage2/Head] ep 347/480 | loss 3.2736 | ce 0.7529 | logit 2.5207 | train_acc 39.83%
[Stage2/Head] ep 348/480 | loss 3.2834 | ce 0.7591 | logit 2.5243 | train_acc 39.79%
[Stage2/Head] ep 349/480 | loss 3.2838 | ce 0.7580 | logit 2.5259 | train_acc 39.76%
[Stage2/Head] ep 350/480 | loss 3.2750 | ce 0.7546 | logit 2.5204 | train_acc 39.84%
[Stage2/Head] ep 351/480 | loss 3.2727 | ce 0.7531 | logit 2.5196 | train_acc 39.82%
[Stage2/Head] ep 352/480 | loss 3.2737 | ce 0.7519 | logit 2.5218 | train_acc 39.84%
[Stage2/Head] ep 353/480 | loss 3.2828 | ce 0.7619 | logit 2.5210 | train_acc 39.78%
[Stage2/Head] ep 354/480 | loss 3.2812 | ce 0.7566 | logit 2.5246 | train_acc 39.82%
[Stage2/Head] ep 355/480 | loss 3.2758 | ce 0.7562 | logit 2.5197 | train_acc 39.82%
[Stage2/Head] ep 356/480 | loss 3.2752 | ce 0.7554 | logit 2.5199 | train_acc 39.83%
[Stage2/Head] ep 357/480 | loss 3.2774 | ce 0.7535 | logit 2.5239 | train_acc 39.82%
[Stage2/Head] ep 358/480 | loss 3.2771 | ce 0.7554 | logit 2.5218 | train_acc 39.80%
[Stage2/Head] ep 359/480 | loss 3.2818 | ce 0.7572 | logit 2.5246 | train_acc 39.79%
[Stage2/Head] ep 360/480 | loss 3.2805 | ce 0.7561 | logit 2.5244 | train_acc 39.82%
[Stage2/Head] ep 361/480 | loss 3.2739 | ce 0.7550 | logit 2.5190 | train_acc 39.84%
[Stage2/Head] ep 362/480 | loss 3.2813 | ce 0.7545 | logit 2.5269 | train_acc 39.80%
[Stage2/Head] ep 363/480 | loss 3.2784 | ce 0.7545 | logit 2.5239 | train_acc 39.84%
[Stage2/Head] ep 364/480 | loss 3.2772 | ce 0.7559 | logit 2.5213 | train_acc 39.80%
[Stage2/Head] ep 365/480 | loss 3.2793 | ce 0.7544 | logit 2.5249 | train_acc 39.82%
[Stage2/Head] ep 366/480 | loss 3.2761 | ce 0.7525 | logit 2.5236 | train_acc 39.84%
[Stage2/Head] ep 367/480 | loss 3.2754 | ce 0.7547 | logit 2.5208 | train_acc 39.84%
[Stage2/Head] ep 368/480 | loss 3.2694 | ce 0.7524 | logit 2.5170 | train_acc 39.86%
[Stage2/Head] ep 369/480 | loss 3.2803 | ce 0.7561 | logit 2.5242 | train_acc 39.82%
[Stage2/Head] ep 370/480 | loss 3.2751 | ce 0.7547 | logit 2.5205 | train_acc 39.82%
[Stage2/Head] ep 371/480 | loss 3.2746 | ce 0.7531 | logit 2.5215 | train_acc 39.84%
[Stage2/Head] ep 372/480 | loss 3.2767 | ce 0.7515 | logit 2.5252 | train_acc 39.83%
[Stage2/Head] ep 373/480 | loss 3.2795 | ce 0.7558 | logit 2.5238 | train_acc 39.82%
[Stage2/Head] ep 374/480 | loss 3.2723 | ce 0.7560 | logit 2.5163 | train_acc 39.79%
[Stage2/Head] ep 375/480 | loss 3.2772 | ce 0.7559 | logit 2.5213 | train_acc 39.82%
[Stage2/Head] ep 376/480 | loss 3.2741 | ce 0.7526 | logit 2.5215 | train_acc 39.83%
[Stage2/Head] ep 377/480 | loss 3.2766 | ce 0.7578 | logit 2.5189 | train_acc 39.82%
[Stage2/Head] ep 378/480 | loss 3.2824 | ce 0.7576 | logit 2.5248 | train_acc 39.80%
[Stage2/Head] ep 379/480 | loss 3.2801 | ce 0.7566 | logit 2.5235 | train_acc 39.83%
[Stage2/Head] ep 380/480 | loss 3.2776 | ce 0.7568 | logit 2.5208 | train_acc 39.83%
[Stage2/Head] ep 381/480 | loss 3.2770 | ce 0.7529 | logit 2.5240 | train_acc 39.84%
[Stage2/Head] ep 382/480 | loss 3.2795 | ce 0.7550 | logit 2.5245 | train_acc 39.83%
[Stage2/Head] ep 383/480 | loss 3.2828 | ce 0.7567 | logit 2.5260 | train_acc 39.82%
[Stage2/Head] ep 384/480 | loss 3.2791 | ce 0.7563 | logit 2.5228 | train_acc 39.83%
[Stage2/Head] ep 385/480 | loss 3.2750 | ce 0.7549 | logit 2.5202 | train_acc 39.82%
[Stage2/Head] ep 386/480 | loss 3.2695 | ce 0.7549 | logit 2.5147 | train_acc 39.82%
[Stage2/Head] ep 387/480 | loss 3.2832 | ce 0.7520 | logit 2.5311 | train_acc 39.83%
[Stage2/Head] ep 388/480 | loss 3.2829 | ce 0.7562 | logit 2.5267 | train_acc 39.82%
[Stage2/Head] ep 389/480 | loss 3.2749 | ce 0.7571 | logit 2.5178 | train_acc 39.80%
[Stage2/Head] ep 390/480 | loss 3.2705 | ce 0.7524 | logit 2.5181 | train_acc 39.84%
[Stage2/Head] ep 391/480 | loss 3.2772 | ce 0.7569 | logit 2.5203 | train_acc 39.82%
[Stage2/Head] ep 392/480 | loss 3.2785 | ce 0.7555 | logit 2.5230 | train_acc 39.79%
[Stage2/Head] ep 393/480 | loss 3.2767 | ce 0.7555 | logit 2.5212 | train_acc 39.83%
[Stage2/Head] ep 394/480 | loss 3.2849 | ce 0.7573 | logit 2.5277 | train_acc 39.80%
[Stage2/Head] ep 395/480 | loss 3.2796 | ce 0.7548 | logit 2.5249 | train_acc 39.83%
[Stage2/Head] ep 396/480 | loss 3.2767 | ce 0.7562 | logit 2.5206 | train_acc 39.82%
[Stage2/Head] ep 397/480 | loss 3.2800 | ce 0.7566 | logit 2.5234 | train_acc 39.80%
[Stage2/Head] ep 398/480 | loss 3.2841 | ce 0.7583 | logit 2.5258 | train_acc 39.79%
[Stage2/Head] ep 399/480 | loss 3.2825 | ce 0.7553 | logit 2.5272 | train_acc 39.83%
[Stage2/Head] ep 400/480 | loss 3.2798 | ce 0.7581 | logit 2.5217 | train_acc 39.80%
[Stage2/Head] ep 401/480 | loss 3.2785 | ce 0.7536 | logit 2.5249 | train_acc 39.86%
[Stage2/Head] ep 402/480 | loss 3.2807 | ce 0.7560 | logit 2.5247 | train_acc 39.80%
[Stage2/Head] ep 403/480 | loss 3.2734 | ce 0.7538 | logit 2.5196 | train_acc 39.83%
[Stage2/Head] ep 404/480 | loss 3.2818 | ce 0.7560 | logit 2.5258 | train_acc 39.82%
[Stage2/Head] ep 405/480 | loss 3.2768 | ce 0.7569 | logit 2.5199 | train_acc 39.80%
[Stage2/Head] ep 406/480 | loss 3.2759 | ce 0.7556 | logit 2.5203 | train_acc 39.83%
[Stage2/Head] ep 407/480 | loss 3.2725 | ce 0.7526 | logit 2.5199 | train_acc 39.86%
[Stage2/Head] ep 408/480 | loss 3.2844 | ce 0.7547 | logit 2.5297 | train_acc 39.82%
[Stage2/Head] ep 409/480 | loss 3.2830 | ce 0.7581 | logit 2.5249 | train_acc 39.80%
[Stage2/Head] ep 410/480 | loss 3.2782 | ce 0.7547 | logit 2.5235 | train_acc 39.82%
[Stage2/Head] ep 411/480 | loss 3.2762 | ce 0.7563 | logit 2.5198 | train_acc 39.82%
[Stage2/Head] ep 412/480 | loss 3.2697 | ce 0.7524 | logit 2.5173 | train_acc 39.84%
[Stage2/Head] ep 413/480 | loss 3.2823 | ce 0.7576 | logit 2.5248 | train_acc 39.80%
[Stage2/Head] ep 414/480 | loss 3.2817 | ce 0.7564 | logit 2.5254 | train_acc 39.82%
[Stage2/Head] ep 415/480 | loss 3.2762 | ce 0.7536 | logit 2.5226 | train_acc 39.82%
[Stage2/Head] ep 416/480 | loss 3.2815 | ce 0.7590 | logit 2.5225 | train_acc 39.78%
[Stage2/Head] ep 417/480 | loss 3.2725 | ce 0.7530 | logit 2.5195 | train_acc 39.84%
[Stage2/Head] ep 418/480 | loss 3.2769 | ce 0.7550 | logit 2.5219 | train_acc 39.78%
[Stage2/Head] ep 419/480 | loss 3.2718 | ce 0.7544 | logit 2.5174 | train_acc 39.84%
[Stage2/Head] ep 420/480 | loss 3.2695 | ce 0.7548 | logit 2.5147 | train_acc 39.82%
[Stage2/Head] ep 421/480 | loss 3.2791 | ce 0.7562 | logit 2.5229 | train_acc 39.80%
[Stage2/Head] ep 422/480 | loss 3.2730 | ce 0.7528 | logit 2.5202 | train_acc 39.82%
[Stage2/Head] ep 423/480 | loss 3.2741 | ce 0.7531 | logit 2.5209 | train_acc 39.82%
[Stage2/Head] ep 424/480 | loss 3.2726 | ce 0.7568 | logit 2.5158 | train_acc 39.84%
[Stage2/Head] ep 425/480 | loss 3.2788 | ce 0.7571 | logit 2.5217 | train_acc 39.79%
[Stage2/Head] ep 426/480 | loss 3.2721 | ce 0.7543 | logit 2.5178 | train_acc 39.84%
[Stage2/Head] ep 427/480 | loss 3.2730 | ce 0.7525 | logit 2.5204 | train_acc 39.82%
[Stage2/Head] ep 428/480 | loss 3.2770 | ce 0.7576 | logit 2.5194 | train_acc 39.80%
[Stage2/Head] ep 429/480 | loss 3.2789 | ce 0.7555 | logit 2.5233 | train_acc 39.83%
[Stage2/Head] ep 430/480 | loss 3.2718 | ce 0.7553 | logit 2.5165 | train_acc 39.84%
[Stage2/Head] ep 431/480 | loss 3.2820 | ce 0.7580 | logit 2.5240 | train_acc 39.78%
[Stage2/Head] ep 432/480 | loss 3.2780 | ce 0.7581 | logit 2.5200 | train_acc 39.79%
[Stage2/Head] ep 433/480 | loss 3.2712 | ce 0.7524 | logit 2.5188 | train_acc 39.86%
[Stage2/Head] ep 434/480 | loss 3.2763 | ce 0.7548 | logit 2.5214 | train_acc 39.82%
[Stage2/Head] ep 435/480 | loss 3.2761 | ce 0.7544 | logit 2.5217 | train_acc 39.83%
[Stage2/Head] ep 436/480 | loss 3.2722 | ce 0.7569 | logit 2.5152 | train_acc 39.82%
[Stage2/Head] ep 437/480 | loss 3.2746 | ce 0.7531 | logit 2.5215 | train_acc 39.84%
[Stage2/Head] ep 438/480 | loss 3.2745 | ce 0.7532 | logit 2.5214 | train_acc 39.86%
[Stage2/Head] ep 439/480 | loss 3.2705 | ce 0.7530 | logit 2.5175 | train_acc 39.83%
[Stage2/Head] ep 440/480 | loss 3.2727 | ce 0.7569 | logit 2.5158 | train_acc 39.80%
[Stage2/Head] ep 441/480 | loss 3.2770 | ce 0.7544 | logit 2.5226 | train_acc 39.80%
[Stage2/Head] ep 442/480 | loss 3.2772 | ce 0.7551 | logit 2.5221 | train_acc 39.83%
[Stage2/Head] ep 443/480 | loss 3.2710 | ce 0.7528 | logit 2.5182 | train_acc 39.82%
[Stage2/Head] ep 444/480 | loss 3.2779 | ce 0.7573 | logit 2.5206 | train_acc 39.82%
[Stage2/Head] ep 445/480 | loss 3.2719 | ce 0.7547 | logit 2.5172 | train_acc 39.83%
[Stage2/Head] ep 446/480 | loss 3.2762 | ce 0.7555 | logit 2.5207 | train_acc 39.86%
[Stage2/Head] ep 447/480 | loss 3.2698 | ce 0.7531 | logit 2.5167 | train_acc 39.82%
[Stage2/Head] ep 448/480 | loss 3.2758 | ce 0.7551 | logit 2.5207 | train_acc 39.83%
[Stage2/Head] ep 449/480 | loss 3.2780 | ce 0.7594 | logit 2.5185 | train_acc 39.79%
[Stage2/Head] ep 450/480 | loss 3.2715 | ce 0.7513 | logit 2.5202 | train_acc 39.86%
[Stage2/Head] ep 451/480 | loss 3.2774 | ce 0.7566 | logit 2.5208 | train_acc 39.82%
[Stage2/Head] ep 452/480 | loss 3.2760 | ce 0.7528 | logit 2.5232 | train_acc 39.83%
[Stage2/Head] ep 453/480 | loss 3.2787 | ce 0.7566 | logit 2.5221 | train_acc 39.82%
[Stage2/Head] ep 454/480 | loss 3.2750 | ce 0.7551 | logit 2.5199 | train_acc 39.83%
[Stage2/Head] ep 455/480 | loss 3.2819 | ce 0.7543 | logit 2.5276 | train_acc 39.83%
[Stage2/Head] ep 456/480 | loss 3.2927 | ce 0.7569 | logit 2.5358 | train_acc 39.83%
[Stage2/Head] ep 457/480 | loss 3.2897 | ce 0.7583 | logit 2.5314 | train_acc 39.82%
[Stage2/Head] ep 458/480 | loss 3.2901 | ce 0.7567 | logit 2.5334 | train_acc 39.82%
[Stage2/Head] ep 459/480 | loss 3.2858 | ce 0.7561 | logit 2.5297 | train_acc 39.84%
[Stage2/Head] ep 460/480 | loss 3.2853 | ce 0.7550 | logit 2.5303 | train_acc 39.83%
[Stage2/Head] ep 461/480 | loss 3.2861 | ce 0.7559 | logit 2.5302 | train_acc 39.83%
[Stage2/Head] ep 462/480 | loss 3.2868 | ce 0.7577 | logit 2.5290 | train_acc 39.82%
[Stage2/Head] ep 463/480 | loss 3.2882 | ce 0.7566 | logit 2.5316 | train_acc 39.82%
[Stage2/Head] ep 464/480 | loss 3.2884 | ce 0.7564 | logit 2.5320 | train_acc 39.83%
[Stage2/Head] ep 465/480 | loss 3.2899 | ce 0.7580 | logit 2.5319 | train_acc 39.83%
[Stage2/Head] ep 466/480 | loss 3.2876 | ce 0.7551 | logit 2.5325 | train_acc 39.83%
[Stage2/Head] ep 467/480 | loss 3.2872 | ce 0.7571 | logit 2.5301 | train_acc 39.82%
[Stage2/Head] ep 468/480 | loss 3.2877 | ce 0.7579 | logit 2.5298 | train_acc 39.82%
[Stage2/Head] ep 469/480 | loss 3.2860 | ce 0.7566 | logit 2.5294 | train_acc 39.83%
[Stage2/Head] ep 470/480 | loss 3.2923 | ce 0.7577 | logit 2.5346 | train_acc 39.82%
[Stage2/Head] ep 471/480 | loss 3.2901 | ce 0.7566 | logit 2.5335 | train_acc 39.82%
[Stage2/Head] ep 472/480 | loss 3.2875 | ce 0.7562 | logit 2.5312 | train_acc 39.83%
[Stage2/Head] ep 473/480 | loss 3.2894 | ce 0.7571 | logit 2.5323 | train_acc 39.84%
[Stage2/Head] ep 474/480 | loss 3.2858 | ce 0.7557 | logit 2.5301 | train_acc 39.83%
[Stage2/Head] ep 475/480 | loss 3.2898 | ce 0.7568 | logit 2.5329 | train_acc 39.82%
[Stage2/Head] ep 476/480 | loss 3.2877 | ce 0.7569 | logit 2.5307 | train_acc 39.83%
[Stage2/Head] ep 477/480 | loss 3.2894 | ce 0.7579 | logit 2.5314 | train_acc 39.82%
[Stage2/Head] ep 478/480 | loss 3.2887 | ce 0.7561 | logit 2.5326 | train_acc 39.84%
[Stage2/Head] ep 479/480 | loss 3.2868 | ce 0.7552 | logit 2.5316 | train_acc 39.83%
[Stage2/Head] ep 480/480 | loss 3.2894 | ce 0.7571 | logit 2.5323 | train_acc 39.83%
[Task 4] Training done in 26.01 min.
[Task 4] Test (on new class only) -> ce_loss: 0.7573, acc: 100.00%, rec_loss: 22.0219
  - Filtering train: keep top 95.0% per class based on returned scores.
[Task 4] Wrote CSVs to: ./runs_mnist_continual/run_20260219_122841/task4
Accuracies on seen tasks:
  Task 0 [0,1,2,3,4]: 0.00%
  Task 1 [5]: 0.00%
  Task 2 [6]: 0.00%
  Task 3 [7]: 0.00%
  Task 4 [8]: 100.00%
Mean over seen tasks (0..4): 20.00%
[Task 4] Running Rscript to produce: ./runs_mnist_continual/run_20260219_122841/task4/inducing_points.csv
Loading required package: Matrix

Attaching package: ‘dplyr’

The following objects are masked from ‘package:stats’:

    filter, lag

The following objects are masked from ‘package:base’:

    intersect, setdiff, setequal, union

This is gplite version 0.13.0
Directory already exists: ./runs_mnist_continual/run_20260219_122841/task4 
[1] "Using original Y values (no log-space transform)"
[1] "Using GP package: laGP"
[1] "======================================"
[1] "---- Start Training GPs for existing classes ----"
[1] "class 0 training sample size (indclude 50 samples from other classes): 384"
[1] "class 0 validation set sample size (indclude 50 samples from other classes): 134"
[1] "Selecting 334 inducing points"
[1] "validation MSE for class0: 0.000209483308659925"
[1] "Current inducing_points dim: 334 x 16"
[1] "class 1 training sample size (indclude 50 samples from other classes): 384"
[1] "class 1 validation set sample size (indclude 50 samples from other classes): 134"
[1] "Selecting 334 inducing points"
[1] "validation MSE for class1: 0.000470708451838345"
[1] "Current inducing_points dim: 668 x 16"
[1] "class 2 training sample size (indclude 50 samples from other classes): 384"
[1] "class 2 validation set sample size (indclude 50 samples from other classes): 134"
[1] "Selecting 334 inducing points"
[1] "validation MSE for class2: 0.000344436744796941"
[1] "Current inducing_points dim: 1002 x 16"
[1] "class 3 training sample size (indclude 50 samples from other classes): 384"
[1] "class 3 validation set sample size (indclude 50 samples from other classes): 134"
[1] "Selecting 334 inducing points"
[1] "validation MSE for class3: 0.00035476852855773"
[1] "Current inducing_points dim: 1336 x 16"
[1] "class 4 training sample size (indclude 50 samples from other classes): 384"
[1] "class 4 validation set sample size (indclude 50 samples from other classes): 134"
[1] "Selecting 334 inducing points"
[1] "validation MSE for class4: 0.000583716301063519"
[1] "Current inducing_points dim: 1670 x 16"
[1] "class 5 training sample size (indclude 50 samples from other classes): 489"
[1] "class 5 validation set sample size (indclude 50 samples from other classes): 160"
[1] "Selecting 439 inducing points"
[1] "validation MSE for class5: 0.000454921908887804"
[1] "Current inducing_points dim: 2109 x 16"
[1] "class 6 training sample size (indclude 50 samples from other classes): 627"
[1] "class 6 validation set sample size (indclude 50 samples from other classes): 195"
[1] "Selecting 577 inducing points"
[1] "validation MSE for class6: 0.000254625844243299"
[1] "Current inducing_points dim: 2686 x 16"
[1] "class 7 training sample size (indclude 50 samples from other classes): 810"
[1] "class 7 validation set sample size (indclude 50 samples from other classes): 240"
[1] "Selecting 760 inducing points"
[1] "validation MSE for class7: 0.000516648605750596"
[1] "Current inducing_points dim: 3446 x 16"
[1] "class 8 training sample size (indclude 50 samples from other classes): 2050"
[1] "class 8 validation set sample size (indclude 50 samples from other classes): 620"
[1] "Selecting 1000 inducing points"
[1] "validation MSE for class8: 0.000639117040056544"
[1] "Current inducing_points dim: 4446 x 16"
[1] "Train Finished"
[1] "---------------------"
[1] "Inducing Points Saved"
[1] "---------------------"
[1] "Expected testing data total: 9000"
[1] "n_ts is greater than the number of rows in the data frame, using all rows:8991"
[1] "total test df size: 8991"
 num [1:8991] 2 1 0 4 1 4 0 0 1 3 ...

   0    1    2    3    4    5    6    7    8 
 980 1135 1032 1010  982  892  958 1028  974 
[1] "class 0 test data size:980"
[1] "class 1 test data size:1135"
[1] "class 2 test data size:1032"
[1] "class 3 test data size:1010"
[1] "class 4 test data size:982"
[1] "class 5 test data size:892"
[1] "class 6 test data size:958"
[1] "class 7 test data size:1028"
[1] "class 8 test data size:974"
[1] "Testset GPs:"
[1] "Total accuracy: 0.108330552774997"
[1] "Confusion Matrix for Class:0"
                   Actual_Positive Actual_Negative
Predicted_Positive               0               0
Predicted_Negative             980            8011
[1] "Accuracy: 0.891002113224335"
[1] "Precision: NA"
[1] "Recall for Class: 0"
[1] "F1 Score for Class: NA"
[1] "Confusion Matrix for Class:1"
                   Actual_Positive Actual_Negative
Predicted_Positive               0               0
Predicted_Negative            1135            7856
[1] "Accuracy: 0.873762651540429"
[1] "Precision: NA"
[1] "Recall for Class: 0"
[1] "F1 Score for Class: NA"
[1] "Confusion Matrix for Class:2"
                   Actual_Positive Actual_Negative
Predicted_Positive               0               0
Predicted_Negative            1032            7959
[1] "Accuracy: 0.885218551885219"
[1] "Precision: NA"
[1] "Recall for Class: 0"
[1] "F1 Score for Class: NA"
[1] "Confusion Matrix for Class:3"
                   Actual_Positive Actual_Negative
Predicted_Positive               0               0
Predicted_Negative            1010            7981
[1] "Accuracy: 0.887665443220999"
[1] "Precision: NA"
[1] "Recall for Class: 0"
[1] "F1 Score for Class: NA"
[1] "Confusion Matrix for Class:4"
                   Actual_Positive Actual_Negative
Predicted_Positive               0               0
Predicted_Negative             982            8009
[1] "Accuracy: 0.890779668557446"
[1] "Precision: NA"
[1] "Recall for Class: 0"
[1] "F1 Score for Class: NA"
[1] "Confusion Matrix for Class:5"
                   Actual_Positive Actual_Negative
Predicted_Positive               0               0
Predicted_Negative             892            8099
[1] "Accuracy: 0.900789678567456"
[1] "Precision: NA"
[1] "Recall for Class: 0"
[1] "F1 Score for Class: NA"
[1] "Confusion Matrix for Class:6"
                   Actual_Positive Actual_Negative
Predicted_Positive               0               0
Predicted_Negative             958            8033
[1] "Accuracy: 0.893449004560116"
[1] "Precision: NA"
[1] "Recall for Class: 0"
[1] "F1 Score for Class: NA"
[1] "Confusion Matrix for Class:7"
                   Actual_Positive Actual_Negative
Predicted_Positive               0               0
Predicted_Negative            1028            7963
[1] "Accuracy: 0.885663441218997"
[1] "Precision: NA"
[1] "Recall for Class: 0"
[1] "F1 Score for Class: NA"
[1] "Confusion Matrix for Class:8"
                   Actual_Positive Actual_Negative
Predicted_Positive             974            8017
Predicted_Negative               0               0
[1] "Accuracy: 0.108330552774997"
[1] "Precision: 0.108330552774997"
[1] "Recall for Class: 1"
[1] "F1 Score for Class: 0.195484194681385"
[1] "GPc0 distribution statistics for0, 1, 2, 3, 4, 5, 6, 7, 8:"
[1] "mean: 0.022131574593771, 0.0218190611425336, 0.0221340651071015, 0.0220313259934714, 0.0221130293613804, 0.0221555859631509, 0.0221296118521932, 0.0221589602532563, 0.0221942648735546"
[1] "sd: 6.3201939337294e-05, 0.000255265379967037, 0.000105913987308654, 0.000183865250155019, 7.46768792745622e-05, 7.66002722701377e-05, 8.82303599109586e-05, 8.37358667452562e-05, 4.43295774953798e-05"
[1] "---------------------"
[1] "GPc1 distribution statistics for0, 1, 2, 3, 4, 5, 6, 7, 8:"
[1] "mean: 0.0199024658826853, 0.0201281952652, 0.0200201481376415, 0.0200619833991533, 0.0199963898400795, 0.0201074343579258, 0.0200449952371141, 0.0200557331721381, 0.0201640435012768"
[1] "sd: 0.000282916717037883, 3.03580904053747e-05, 0.000137585200461618, 0.000152085885409402, 0.000206420113640139, 0.000116505655902546, 0.000191376959468114, 0.000145536530639835, 6.94440344811856e-05"
[1] "---------------------"
[1] "GPc2 distribution statistics for0, 1, 2, 3, 4, 5, 6, 7, 8:"
[1] "mean: 0.0423467568186776, 0.0425446484426422, 0.0427433162950158, 0.0425131784767555, 0.0426359692199594, 0.0426988727450991, 0.0427027508026646, 0.0426656727367856, 0.0427783054177141"
[1] "sd: 0.00046425888662144, 0.000195103161766727, 5.84869227037937e-05, 0.00033289123583102, 0.000208253204932381, 0.000193970750849943, 0.000144779362827224, 0.00017083572414515, 6.17238420380345e-05"
[1] "---------------------"
[1] "GPc3 distribution statistics for0, 1, 2, 3, 4, 5, 6, 7, 8:"
[1] "mean: 0.0444928535897787, 0.0443669965091933, 0.0446496071541308, 0.0446014311569417, 0.0445537600812724, 0.0446709069549983, 0.0446333453347265, 0.044674257171962, 0.0447182243106969"
[1] "sd: 0.000264517759960024, 0.000243199246902946, 0.000107817614561276, 0.000179086317393438, 0.000224599518028501, 9.4905898029111e-05, 0.000194853403071057, 0.000134986857697191, 4.4067239601704e-05"
[1] "---------------------"
[1] "GPc4 distribution statistics for0, 1, 2, 3, 4, 5, 6, 7, 8:"
[1] "mean: 0.0488602425909539, 0.048830583066263, 0.0492050676900321, 0.0487212721139711, 0.0493666542311769, 0.0492587722234782, 0.0493133634001395, 0.0493467533053675, 0.0493936297345818"
[1] "sd: 0.000643345577646704, 0.000395483173285425, 0.000312575937305488, 0.000693659918498173, 5.87278096807341e-05, 0.000255167114991, 0.000181913972504641, 0.000111720914609819, 0.000114190715371082"
[1] "---------------------"
[1] "GPc5 distribution statistics for0, 1, 2, 3, 4, 5, 6, 7, 8:"
[1] "mean: 0.0921942902944864, 0.0918282850773095, 0.092373585922851, 0.0922615451953924, 0.0925181859886326, 0.0925558030767869, 0.092499348332706, 0.0925760123618557, 0.0926191304890144"
[1] "sd: 0.000364632658752932, 0.000612988451447127, 0.000318407162847445, 0.000403306011927306, 0.000181393271875368, 0.000132918248915019, 0.000285905543020199, 0.000140722338034853, 6.26443999563258e-05"
[1] "---------------------"
[1] "GPc6 distribution statistics for0, 1, 2, 3, 4, 5, 6, 7, 8:"
[1] "mean: 0.0444297847695471, 0.0443397255556265, 0.0444984681426504, 0.0444591493319635, 0.0445170054489077, 0.0445422813799981, 0.0445406613176484, 0.0445136595667175, 0.0445577226819526"
[1] "sd: 0.000129160696198407, 0.000181484096582717, 9.99960773173589e-05, 0.000141967646075952, 5.84948814443817e-05, 5.06563011940271e-05, 4.37905309803955e-05, 6.18412052510878e-05, 2.78004686460064e-05"
[1] "---------------------"
[1] "GPc7 distribution statistics for0, 1, 2, 3, 4, 5, 6, 7, 8:"
[1] "mean: 0.213321934935389, 0.214469200859831, 0.214308661543519, 0.213718775372418, 0.214493716091188, 0.214369124555389, 0.21450212218704, 0.214565107192399, 0.214565168836977"
[1] "sd: 0.00140688801731753, 0.000152238892434756, 0.000401492818347309, 0.00101728762578067, 0.00011653660153879, 0.000388055213640587, 0.000268880572369256, 5.70929887182244e-05, 0.000103281651375794"
[1] "---------------------"
[1] "GPc8 distribution statistics for0, 1, 2, 3, 4, 5, 6, 7, 8:"
[1] "mean: 0.468209949729533, 0.468854295001518, 0.4686936175407, 0.46881307157945, 0.468809870748741, 0.468869598707736, 0.468778862689928, 0.468866276093034, 0.4689222706791"
[1] "sd: 0.00101537415267444, 6.05087402081001e-05, 0.000425905025333656, 0.000192022422075102, 0.000167254385710133, 0.000127706121845626, 0.000284501388819275, 0.000126270103359396, 1.48268306915498e-05"
[1] "---------------------"
Warning messages:
1: Removed 9 rows containing missing values or values outside the scale range
(`geom_bar()`). 
2: Removed 9 rows containing missing values or values outside the scale range
(`geom_bar()`). 
3: Removed 9 rows containing missing values or values outside the scale range
(`geom_bar()`). 
4: Removed 9 rows containing missing values or values outside the scale range
(`geom_bar()`). 
5: Removed 9 rows containing missing values or values outside the scale range
(`geom_bar()`). 
6: Removed 9 rows containing missing values or values outside the scale range
(`geom_bar()`). 
7: Removed 9 rows containing missing values or values outside the scale range
(`geom_bar()`). 
8: Removed 9 rows containing missing values or values outside the scale range
(`geom_bar()`). 
9: Removed 9 rows containing missing values or values outside the scale range
(`geom_bar()`). 
[1] "Save Results"
null device 
          1 
[Task 4] Loaded from R CSV: 4446 rows, f_size=16
[Task 4] Decoded images: torch.Size([4446, 1, 28, 28]) -> recovered dataset size 4446
[Task 4] Augmenting Task 5 training set with 4446 recovered samples.

================================================================================
Starting Task 5: digits [9]
Training samples size: 7446
================================================================================
[Stage1/AE] ep 1/600 | loss 0.1811 | rec 0.0332 | feat 0.1479 | train_acc 13.43%
[Stage1/AE] ep 2/600 | loss 0.1691 | rec 0.0284 | feat 0.1407 | train_acc 13.43%
[Stage1/AE] ep 3/600 | loss 0.1666 | rec 0.0272 | feat 0.1394 | train_acc 13.43%
[Stage1/AE] ep 4/600 | loss 0.1637 | rec 0.0269 | feat 0.1368 | train_acc 13.43%
[Stage1/AE] ep 5/600 | loss 0.1596 | rec 0.0262 | feat 0.1333 | train_acc 13.43%
[Stage1/AE] ep 6/600 | loss 0.1613 | rec 0.0260 | feat 0.1352 | train_acc 13.43%
[Stage1/AE] ep 7/600 | loss 0.1571 | rec 0.0258 | feat 0.1313 | train_acc 13.43%
[Stage1/AE] ep 8/600 | loss 0.1596 | rec 0.0255 | feat 0.1341 | train_acc 13.43%
[Stage1/AE] ep 9/600 | loss 0.1565 | rec 0.0254 | feat 0.1310 | train_acc 13.43%
[Stage1/AE] ep 10/600 | loss 0.1540 | rec 0.0253 | feat 0.1287 | train_acc 13.43%
[Stage1/AE] ep 11/600 | loss 0.1540 | rec 0.0252 | feat 0.1288 | train_acc 13.43%
[Stage1/AE] ep 12/600 | loss 0.1560 | rec 0.0251 | feat 0.1309 | train_acc 13.43%
[Stage1/AE] ep 13/600 | loss 0.1557 | rec 0.0249 | feat 0.1308 | train_acc 13.43%
[Stage1/AE] ep 14/600 | loss 0.1548 | rec 0.0249 | feat 0.1299 | train_acc 13.43%
[Stage1/AE] ep 15/600 | loss 0.1564 | rec 0.0247 | feat 0.1316 | train_acc 13.43%
[Stage1/AE] ep 16/600 | loss 0.1492 | rec 0.0248 | feat 0.1244 | train_acc 13.43%
[Stage1/AE] ep 17/600 | loss 0.1526 | rec 0.0247 | feat 0.1279 | train_acc 13.43%
[Stage1/AE] ep 18/600 | loss 0.1523 | rec 0.0246 | feat 0.1278 | train_acc 13.43%
[Stage1/AE] ep 19/600 | loss 0.1524 | rec 0.0244 | feat 0.1281 | train_acc 13.43%
[Stage1/AE] ep 20/600 | loss 0.1532 | rec 0.0244 | feat 0.1288 | train_acc 13.43%
[Stage1/AE] ep 21/600 | loss 0.1501 | rec 0.0245 | feat 0.1256 | train_acc 13.43%
[Stage1/AE] ep 22/600 | loss 0.1518 | rec 0.0243 | feat 0.1274 | train_acc 13.43%
[Stage1/AE] ep 23/600 | loss 0.1504 | rec 0.0241 | feat 0.1263 | train_acc 13.43%
[Stage1/AE] ep 24/600 | loss 0.1494 | rec 0.0243 | feat 0.1252 | train_acc 13.43%
[Stage1/AE] ep 25/600 | loss 0.1493 | rec 0.0242 | feat 0.1251 | train_acc 13.43%
[Stage1/AE] ep 26/600 | loss 0.1476 | rec 0.0242 | feat 0.1234 | train_acc 13.43%
[Stage1/AE] ep 27/600 | loss 0.1476 | rec 0.0241 | feat 0.1235 | train_acc 13.43%
[Stage1/AE] ep 28/600 | loss 0.1467 | rec 0.0240 | feat 0.1226 | train_acc 13.43%
[Stage1/AE] ep 29/600 | loss 0.1510 | rec 0.0241 | feat 0.1269 | train_acc 13.43%
[Stage1/AE] ep 30/600 | loss 0.1465 | rec 0.0239 | feat 0.1226 | train_acc 13.43%
[Stage1/AE] ep 31/600 | loss 0.1470 | rec 0.0239 | feat 0.1230 | train_acc 13.43%
[Stage1/AE] ep 32/600 | loss 0.1474 | rec 0.0238 | feat 0.1237 | train_acc 13.43%
[Stage1/AE] ep 33/600 | loss 0.1458 | rec 0.0238 | feat 0.1219 | train_acc 13.43%
[Stage1/AE] ep 34/600 | loss 0.1457 | rec 0.0238 | feat 0.1219 | train_acc 13.43%
[Stage1/AE] ep 35/600 | loss 0.1470 | rec 0.0238 | feat 0.1233 | train_acc 13.43%
[Stage1/AE] ep 36/600 | loss 0.1461 | rec 0.0237 | feat 0.1224 | train_acc 13.43%
[Stage1/AE] ep 37/600 | loss 0.1475 | rec 0.0238 | feat 0.1237 | train_acc 13.43%
[Stage1/AE] ep 38/600 | loss 0.1464 | rec 0.0236 | feat 0.1228 | train_acc 13.43%
[Stage1/AE] ep 39/600 | loss 0.1471 | rec 0.0238 | feat 0.1233 | train_acc 13.43%
[Stage1/AE] ep 40/600 | loss 0.1471 | rec 0.0236 | feat 0.1235 | train_acc 13.43%
[Stage1/AE] ep 41/600 | loss 0.1470 | rec 0.0235 | feat 0.1235 | train_acc 13.43%
[Stage1/AE] ep 42/600 | loss 0.1452 | rec 0.0235 | feat 0.1216 | train_acc 13.43%
[Stage1/AE] ep 43/600 | loss 0.1450 | rec 0.0234 | feat 0.1216 | train_acc 13.43%
[Stage1/AE] ep 44/600 | loss 0.1488 | rec 0.0235 | feat 0.1254 | train_acc 13.43%
[Stage1/AE] ep 45/600 | loss 0.1463 | rec 0.0236 | feat 0.1228 | train_acc 13.43%
[Stage1/AE] ep 46/600 | loss 0.1445 | rec 0.0234 | feat 0.1212 | train_acc 13.43%
[Stage1/AE] ep 47/600 | loss 0.1449 | rec 0.0236 | feat 0.1213 | train_acc 13.43%
[Stage1/AE] ep 48/600 | loss 0.1443 | rec 0.0236 | feat 0.1207 | train_acc 13.43%
[Stage1/AE] ep 49/600 | loss 0.1464 | rec 0.0235 | feat 0.1229 | train_acc 13.43%
[Stage1/AE] ep 50/600 | loss 0.1436 | rec 0.0233 | feat 0.1204 | train_acc 13.43%
[Stage1/AE] ep 51/600 | loss 0.1436 | rec 0.0234 | feat 0.1202 | train_acc 13.43%
[Stage1/AE] ep 52/600 | loss 0.1447 | rec 0.0233 | feat 0.1214 | train_acc 13.43%
[Stage1/AE] ep 53/600 | loss 0.1430 | rec 0.0234 | feat 0.1196 | train_acc 13.43%
[Stage1/AE] ep 54/600 | loss 0.1451 | rec 0.0235 | feat 0.1217 | train_acc 13.43%
[Stage1/AE] ep 55/600 | loss 0.1442 | rec 0.0234 | feat 0.1208 | train_acc 13.43%
[Stage1/AE] ep 56/600 | loss 0.1432 | rec 0.0233 | feat 0.1199 | train_acc 13.43%
[Stage1/AE] ep 57/600 | loss 0.1434 | rec 0.0234 | feat 0.1200 | train_acc 13.43%
[Stage1/AE] ep 58/600 | loss 0.1452 | rec 0.0232 | feat 0.1219 | train_acc 13.43%
[Stage1/AE] ep 59/600 | loss 0.1454 | rec 0.0231 | feat 0.1222 | train_acc 13.43%
[Stage1/AE] ep 60/600 | loss 0.1439 | rec 0.0234 | feat 0.1205 | train_acc 13.43%
[Stage1/AE] ep 61/600 | loss 0.1455 | rec 0.0232 | feat 0.1224 | train_acc 13.43%
[Stage1/AE] ep 62/600 | loss 0.1432 | rec 0.0231 | feat 0.1201 | train_acc 13.43%
[Stage1/AE] ep 63/600 | loss 0.1414 | rec 0.0231 | feat 0.1183 | train_acc 13.43%
[Stage1/AE] ep 64/600 | loss 0.1435 | rec 0.0233 | feat 0.1202 | train_acc 13.43%
[Stage1/AE] ep 65/600 | loss 0.1435 | rec 0.0229 | feat 0.1206 | train_acc 13.43%
[Stage1/AE] ep 66/600 | loss 0.1419 | rec 0.0233 | feat 0.1186 | train_acc 13.43%
[Stage1/AE] ep 67/600 | loss 0.1419 | rec 0.0229 | feat 0.1189 | train_acc 13.43%
[Stage1/AE] ep 68/600 | loss 0.1420 | rec 0.0231 | feat 0.1189 | train_acc 13.43%
[Stage1/AE] ep 69/600 | loss 0.1416 | rec 0.0230 | feat 0.1185 | train_acc 13.43%
[Stage1/AE] ep 70/600 | loss 0.1422 | rec 0.0229 | feat 0.1193 | train_acc 13.43%
[Stage1/AE] ep 71/600 | loss 0.1399 | rec 0.0231 | feat 0.1168 | train_acc 13.43%
[Stage1/AE] ep 72/600 | loss 0.1417 | rec 0.0229 | feat 0.1187 | train_acc 13.43%
[Stage1/AE] ep 73/600 | loss 0.1435 | rec 0.0230 | feat 0.1205 | train_acc 13.43%
[Stage1/AE] ep 74/600 | loss 0.1427 | rec 0.0229 | feat 0.1197 | train_acc 13.43%
[Stage1/AE] ep 75/600 | loss 0.1402 | rec 0.0230 | feat 0.1172 | train_acc 13.43%
[Stage1/AE] ep 76/600 | loss 0.1415 | rec 0.0228 | feat 0.1187 | train_acc 13.43%
[Stage1/AE] ep 77/600 | loss 0.1432 | rec 0.0229 | feat 0.1203 | train_acc 13.43%
[Stage1/AE] ep 78/600 | loss 0.1419 | rec 0.0228 | feat 0.1191 | train_acc 13.43%
[Stage1/AE] ep 79/600 | loss 0.1406 | rec 0.0228 | feat 0.1178 | train_acc 13.43%
[Stage1/AE] ep 80/600 | loss 0.1413 | rec 0.0227 | feat 0.1186 | train_acc 13.43%
[Stage1/AE] ep 81/600 | loss 0.1426 | rec 0.0228 | feat 0.1197 | train_acc 13.43%
[Stage1/AE] ep 82/600 | loss 0.1379 | rec 0.0228 | feat 0.1152 | train_acc 13.43%
[Stage1/AE] ep 83/600 | loss 0.1411 | rec 0.0228 | feat 0.1183 | train_acc 13.43%
[Stage1/AE] ep 84/600 | loss 0.1396 | rec 0.0229 | feat 0.1167 | train_acc 13.43%
[Stage1/AE] ep 85/600 | loss 0.1413 | rec 0.0227 | feat 0.1186 | train_acc 13.43%
[Stage1/AE] ep 86/600 | loss 0.1416 | rec 0.0228 | feat 0.1188 | train_acc 13.43%
[Stage1/AE] ep 87/600 | loss 0.1412 | rec 0.0227 | feat 0.1185 | train_acc 13.43%
[Stage1/AE] ep 88/600 | loss 0.1397 | rec 0.0226 | feat 0.1171 | train_acc 13.43%
[Stage1/AE] ep 89/600 | loss 0.1432 | rec 0.0228 | feat 0.1204 | train_acc 13.43%
[Stage1/AE] ep 90/600 | loss 0.1426 | rec 0.0227 | feat 0.1199 | train_acc 13.43%
[Stage1/AE] ep 91/600 | loss 0.1415 | rec 0.0227 | feat 0.1188 | train_acc 13.43%
[Stage1/AE] ep 92/600 | loss 0.1405 | rec 0.0226 | feat 0.1180 | train_acc 13.43%
[Stage1/AE] ep 93/600 | loss 0.1376 | rec 0.0225 | feat 0.1151 | train_acc 13.43%
[Stage1/AE] ep 94/600 | loss 0.1383 | rec 0.0225 | feat 0.1158 | train_acc 13.43%
[Stage1/AE] ep 95/600 | loss 0.1405 | rec 0.0226 | feat 0.1179 | train_acc 13.43%
[Stage1/AE] ep 96/600 | loss 0.1388 | rec 0.0225 | feat 0.1164 | train_acc 13.43%
[Stage1/AE] ep 97/600 | loss 0.1379 | rec 0.0226 | feat 0.1154 | train_acc 13.43%
[Stage1/AE] ep 98/600 | loss 0.1392 | rec 0.0225 | feat 0.1168 | train_acc 13.43%
[Stage1/AE] ep 99/600 | loss 0.1380 | rec 0.0225 | feat 0.1155 | train_acc 13.43%
[Stage1/AE] ep 100/600 | loss 0.1405 | rec 0.0225 | feat 0.1180 | train_acc 13.43%
[Stage1/AE] ep 101/600 | loss 0.1400 | rec 0.0226 | feat 0.1174 | train_acc 13.43%
[Stage1/AE] ep 102/600 | loss 0.1411 | rec 0.0222 | feat 0.1189 | train_acc 13.43%
[Stage1/AE] ep 103/600 | loss 0.1412 | rec 0.0225 | feat 0.1187 | train_acc 13.43%
[Stage1/AE] ep 104/600 | loss 0.1404 | rec 0.0225 | feat 0.1179 | train_acc 13.43%
[Stage1/AE] ep 105/600 | loss 0.1371 | rec 0.0226 | feat 0.1146 | train_acc 13.43%
[Stage1/AE] ep 106/600 | loss 0.1400 | rec 0.0224 | feat 0.1176 | train_acc 13.43%
[Stage1/AE] ep 107/600 | loss 0.1392 | rec 0.0224 | feat 0.1168 | train_acc 13.43%
[Stage1/AE] ep 108/600 | loss 0.1420 | rec 0.0223 | feat 0.1196 | train_acc 13.43%
[Stage1/AE] ep 109/600 | loss 0.1383 | rec 0.0224 | feat 0.1159 | train_acc 13.43%
[Stage1/AE] ep 110/600 | loss 0.1393 | rec 0.0225 | feat 0.1168 | train_acc 13.43%
[Stage1/AE] ep 111/600 | loss 0.1380 | rec 0.0223 | feat 0.1156 | train_acc 13.43%
[Stage1/AE] ep 112/600 | loss 0.1417 | rec 0.0225 | feat 0.1192 | train_acc 13.43%
[Stage1/AE] ep 113/600 | loss 0.1393 | rec 0.0224 | feat 0.1169 | train_acc 13.43%
[Stage1/AE] ep 114/600 | loss 0.1365 | rec 0.0223 | feat 0.1142 | train_acc 13.43%
[Stage1/AE] ep 115/600 | loss 0.1420 | rec 0.0224 | feat 0.1195 | train_acc 13.43%
[Stage1/AE] ep 116/600 | loss 0.1397 | rec 0.0223 | feat 0.1174 | train_acc 13.43%
[Stage1/AE] ep 117/600 | loss 0.1390 | rec 0.0223 | feat 0.1166 | train_acc 13.43%
[Stage1/AE] ep 118/600 | loss 0.1364 | rec 0.0223 | feat 0.1141 | train_acc 13.43%
[Stage1/AE] ep 119/600 | loss 0.1403 | rec 0.0222 | feat 0.1180 | train_acc 13.43%
[Stage1/AE] ep 120/600 | loss 0.1395 | rec 0.0224 | feat 0.1171 | train_acc 13.43%
[Stage1/AE] ep 121/600 | loss 0.1401 | rec 0.0221 | feat 0.1180 | train_acc 13.43%
[Stage1/AE] ep 122/600 | loss 0.1404 | rec 0.0223 | feat 0.1180 | train_acc 13.43%
[Stage1/AE] ep 123/600 | loss 0.1395 | rec 0.0222 | feat 0.1174 | train_acc 13.43%
[Stage1/AE] ep 124/600 | loss 0.1374 | rec 0.0222 | feat 0.1152 | train_acc 13.43%
[Stage1/AE] ep 125/600 | loss 0.1379 | rec 0.0223 | feat 0.1156 | train_acc 13.43%
[Stage1/AE] ep 126/600 | loss 0.1381 | rec 0.0222 | feat 0.1159 | train_acc 13.43%
[Stage1/AE] ep 127/600 | loss 0.1379 | rec 0.0220 | feat 0.1158 | train_acc 13.43%
[Stage1/AE] ep 128/600 | loss 0.1387 | rec 0.0222 | feat 0.1165 | train_acc 13.43%
[Stage1/AE] ep 129/600 | loss 0.1390 | rec 0.0222 | feat 0.1168 | train_acc 13.43%
[Stage1/AE] ep 130/600 | loss 0.1399 | rec 0.0223 | feat 0.1176 | train_acc 13.43%
[Stage1/AE] ep 131/600 | loss 0.1376 | rec 0.0223 | feat 0.1153 | train_acc 13.43%
[Stage1/AE] ep 132/600 | loss 0.1363 | rec 0.0223 | feat 0.1139 | train_acc 13.43%
[Stage1/AE] ep 133/600 | loss 0.1407 | rec 0.0221 | feat 0.1186 | train_acc 13.43%
[Stage1/AE] ep 134/600 | loss 0.1362 | rec 0.0222 | feat 0.1140 | train_acc 13.43%
[Stage1/AE] ep 135/600 | loss 0.1380 | rec 0.0222 | feat 0.1158 | train_acc 13.43%
[Stage1/AE] ep 136/600 | loss 0.1363 | rec 0.0222 | feat 0.1141 | train_acc 13.43%
[Stage1/AE] ep 137/600 | loss 0.1356 | rec 0.0221 | feat 0.1135 | train_acc 13.43%
[Stage1/AE] ep 138/600 | loss 0.1358 | rec 0.0222 | feat 0.1136 | train_acc 13.43%
[Stage1/AE] ep 139/600 | loss 0.1377 | rec 0.0220 | feat 0.1158 | train_acc 13.43%
[Stage1/AE] ep 140/600 | loss 0.1395 | rec 0.0221 | feat 0.1175 | train_acc 13.43%
[Stage1/AE] ep 141/600 | loss 0.1363 | rec 0.0221 | feat 0.1142 | train_acc 13.43%
[Stage1/AE] ep 142/600 | loss 0.1384 | rec 0.0221 | feat 0.1162 | train_acc 13.43%
[Stage1/AE] ep 143/600 | loss 0.1396 | rec 0.0223 | feat 0.1173 | train_acc 13.43%
[Stage1/AE] ep 144/600 | loss 0.1411 | rec 0.0220 | feat 0.1191 | train_acc 13.43%
[Stage1/AE] ep 145/600 | loss 0.1389 | rec 0.0221 | feat 0.1168 | train_acc 13.43%
[Stage1/AE] ep 146/600 | loss 0.1387 | rec 0.0222 | feat 0.1165 | train_acc 13.43%
[Stage1/AE] ep 147/600 | loss 0.1381 | rec 0.0223 | feat 0.1158 | train_acc 13.43%
[Stage1/AE] ep 148/600 | loss 0.1377 | rec 0.0221 | feat 0.1155 | train_acc 13.43%
[Stage1/AE] ep 149/600 | loss 0.1352 | rec 0.0220 | feat 0.1132 | train_acc 13.43%
[Stage1/AE] ep 150/600 | loss 0.1380 | rec 0.0222 | feat 0.1158 | train_acc 13.43%
[Stage1/AE] ep 151/600 | loss 0.1361 | rec 0.0219 | feat 0.1142 | train_acc 13.43%
[Stage1/AE] ep 152/600 | loss 0.1353 | rec 0.0220 | feat 0.1133 | train_acc 13.43%
[Stage1/AE] ep 153/600 | loss 0.1373 | rec 0.0220 | feat 0.1153 | train_acc 13.43%
[Stage1/AE] ep 154/600 | loss 0.1344 | rec 0.0220 | feat 0.1124 | train_acc 13.43%
[Stage1/AE] ep 155/600 | loss 0.1359 | rec 0.0220 | feat 0.1138 | train_acc 13.43%
[Stage1/AE] ep 156/600 | loss 0.1371 | rec 0.0221 | feat 0.1150 | train_acc 13.43%
[Stage1/AE] ep 157/600 | loss 0.1355 | rec 0.0219 | feat 0.1136 | train_acc 13.43%
[Stage1/AE] ep 158/600 | loss 0.1367 | rec 0.0220 | feat 0.1147 | train_acc 13.43%
[Stage1/AE] ep 159/600 | loss 0.1392 | rec 0.0221 | feat 0.1171 | train_acc 13.43%
[Stage1/AE] ep 160/600 | loss 0.1365 | rec 0.0219 | feat 0.1146 | train_acc 13.43%
[Stage1/AE] ep 161/600 | loss 0.1377 | rec 0.0219 | feat 0.1158 | train_acc 13.43%
[Stage1/AE] ep 162/600 | loss 0.1391 | rec 0.0219 | feat 0.1172 | train_acc 13.43%
[Stage1/AE] ep 163/600 | loss 0.1383 | rec 0.0221 | feat 0.1162 | train_acc 13.43%
[Stage1/AE] ep 164/600 | loss 0.1405 | rec 0.0220 | feat 0.1185 | train_acc 13.43%
[Stage1/AE] ep 165/600 | loss 0.1349 | rec 0.0219 | feat 0.1129 | train_acc 13.43%
[Stage1/AE] ep 166/600 | loss 0.1368 | rec 0.0218 | feat 0.1150 | train_acc 13.43%
[Stage1/AE] ep 167/600 | loss 0.1370 | rec 0.0218 | feat 0.1152 | train_acc 13.43%
[Stage1/AE] ep 168/600 | loss 0.1356 | rec 0.0220 | feat 0.1136 | train_acc 13.43%
[Stage1/AE] ep 169/600 | loss 0.1348 | rec 0.0220 | feat 0.1128 | train_acc 13.43%
[Stage1/AE] ep 170/600 | loss 0.1369 | rec 0.0219 | feat 0.1150 | train_acc 13.43%
[Stage1/AE] ep 171/600 | loss 0.1348 | rec 0.0218 | feat 0.1130 | train_acc 13.43%
[Stage1/AE] ep 172/600 | loss 0.1359 | rec 0.0218 | feat 0.1141 | train_acc 13.43%
[Stage1/AE] ep 173/600 | loss 0.1382 | rec 0.0220 | feat 0.1162 | train_acc 13.43%
[Stage1/AE] ep 174/600 | loss 0.1380 | rec 0.0218 | feat 0.1162 | train_acc 13.43%
[Stage1/AE] ep 175/600 | loss 0.1398 | rec 0.0219 | feat 0.1178 | train_acc 13.43%
[Stage1/AE] ep 176/600 | loss 0.1359 | rec 0.0218 | feat 0.1141 | train_acc 13.43%
[Stage1/AE] ep 177/600 | loss 0.1360 | rec 0.0217 | feat 0.1143 | train_acc 13.43%
[Stage1/AE] ep 178/600 | loss 0.1372 | rec 0.0217 | feat 0.1155 | train_acc 13.43%
[Stage1/AE] ep 179/600 | loss 0.1357 | rec 0.0218 | feat 0.1139 | train_acc 13.43%
[Stage1/AE] ep 180/600 | loss 0.1341 | rec 0.0215 | feat 0.1126 | train_acc 13.43%
[Stage1/AE] ep 181/600 | loss 0.1360 | rec 0.0218 | feat 0.1141 | train_acc 13.43%
[Stage1/AE] ep 182/600 | loss 0.1345 | rec 0.0219 | feat 0.1126 | train_acc 13.43%
[Stage1/AE] ep 183/600 | loss 0.1351 | rec 0.0218 | feat 0.1133 | train_acc 13.43%
[Stage1/AE] ep 184/600 | loss 0.1328 | rec 0.0217 | feat 0.1111 | train_acc 13.43%
[Stage1/AE] ep 185/600 | loss 0.1353 | rec 0.0218 | feat 0.1135 | train_acc 13.43%
[Stage1/AE] ep 186/600 | loss 0.1358 | rec 0.0218 | feat 0.1140 | train_acc 13.43%
[Stage1/AE] ep 187/600 | loss 0.1379 | rec 0.0218 | feat 0.1161 | train_acc 13.43%
[Stage1/AE] ep 188/600 | loss 0.1347 | rec 0.0216 | feat 0.1131 | train_acc 13.43%
[Stage1/AE] ep 189/600 | loss 0.1349 | rec 0.0217 | feat 0.1132 | train_acc 13.43%
[Stage1/AE] ep 190/600 | loss 0.1328 | rec 0.0218 | feat 0.1110 | train_acc 13.43%
[Stage1/AE] ep 191/600 | loss 0.1353 | rec 0.0217 | feat 0.1136 | train_acc 13.43%
[Stage1/AE] ep 192/600 | loss 0.1338 | rec 0.0218 | feat 0.1121 | train_acc 13.43%
[Stage1/AE] ep 193/600 | loss 0.1352 | rec 0.0216 | feat 0.1136 | train_acc 13.43%
[Stage1/AE] ep 194/600 | loss 0.1358 | rec 0.0217 | feat 0.1142 | train_acc 13.43%
[Stage1/AE] ep 195/600 | loss 0.1368 | rec 0.0218 | feat 0.1150 | train_acc 13.43%
[Stage1/AE] ep 196/600 | loss 0.1350 | rec 0.0217 | feat 0.1134 | train_acc 13.43%
[Stage1/AE] ep 197/600 | loss 0.1352 | rec 0.0218 | feat 0.1134 | train_acc 13.43%
[Stage1/AE] ep 198/600 | loss 0.1353 | rec 0.0216 | feat 0.1137 | train_acc 13.43%
[Stage1/AE] ep 199/600 | loss 0.1359 | rec 0.0218 | feat 0.1141 | train_acc 13.43%
[Stage1/AE] ep 200/600 | loss 0.1365 | rec 0.0216 | feat 0.1150 | train_acc 13.43%
[Stage1/AE] ep 201/600 | loss 0.1358 | rec 0.0217 | feat 0.1141 | train_acc 13.43%
[Stage1/AE] ep 202/600 | loss 0.1366 | rec 0.0217 | feat 0.1148 | train_acc 13.43%
[Stage1/AE] ep 203/600 | loss 0.1369 | rec 0.0218 | feat 0.1151 | train_acc 13.43%
[Stage1/AE] ep 204/600 | loss 0.1325 | rec 0.0216 | feat 0.1109 | train_acc 13.43%
[Stage1/AE] ep 205/600 | loss 0.1356 | rec 0.0216 | feat 0.1140 | train_acc 13.43%
[Stage1/AE] ep 206/600 | loss 0.1342 | rec 0.0216 | feat 0.1126 | train_acc 13.43%
[Stage1/AE] ep 207/600 | loss 0.1322 | rec 0.0217 | feat 0.1106 | train_acc 13.43%
[Stage1/AE] ep 208/600 | loss 0.1358 | rec 0.0217 | feat 0.1140 | train_acc 13.43%
[Stage1/AE] ep 209/600 | loss 0.1354 | rec 0.0216 | feat 0.1138 | train_acc 13.43%
[Stage1/AE] ep 210/600 | loss 0.1327 | rec 0.0217 | feat 0.1109 | train_acc 13.43%
[Stage1/AE] ep 211/600 | loss 0.1354 | rec 0.0215 | feat 0.1139 | train_acc 13.43%
[Stage1/AE] ep 212/600 | loss 0.1343 | rec 0.0217 | feat 0.1126 | train_acc 13.43%
[Stage1/AE] ep 213/600 | loss 0.1353 | rec 0.0215 | feat 0.1138 | train_acc 13.43%
[Stage1/AE] ep 214/600 | loss 0.1366 | rec 0.0216 | feat 0.1150 | train_acc 13.43%
[Stage1/AE] ep 215/600 | loss 0.1347 | rec 0.0216 | feat 0.1132 | train_acc 13.43%
[Stage1/AE] ep 216/600 | loss 0.1368 | rec 0.0217 | feat 0.1151 | train_acc 13.43%
[Stage1/AE] ep 217/600 | loss 0.1355 | rec 0.0217 | feat 0.1139 | train_acc 13.43%
[Stage1/AE] ep 218/600 | loss 0.1361 | rec 0.0216 | feat 0.1145 | train_acc 13.43%
[Stage1/AE] ep 219/600 | loss 0.1364 | rec 0.0218 | feat 0.1146 | train_acc 13.43%
[Stage1/AE] ep 220/600 | loss 0.1313 | rec 0.0216 | feat 0.1097 | train_acc 13.43%
[Stage1/AE] ep 221/600 | loss 0.1350 | rec 0.0217 | feat 0.1133 | train_acc 13.43%
[Stage1/AE] ep 222/600 | loss 0.1336 | rec 0.0217 | feat 0.1119 | train_acc 13.43%
[Stage1/AE] ep 223/600 | loss 0.1367 | rec 0.0215 | feat 0.1151 | train_acc 13.43%
[Stage1/AE] ep 224/600 | loss 0.1356 | rec 0.0216 | feat 0.1141 | train_acc 13.43%
[Stage1/AE] ep 225/600 | loss 0.1358 | rec 0.0216 | feat 0.1142 | train_acc 13.43%
[Stage1/AE] ep 226/600 | loss 0.1372 | rec 0.0216 | feat 0.1157 | train_acc 13.43%
[Stage1/AE] ep 227/600 | loss 0.1325 | rec 0.0216 | feat 0.1108 | train_acc 13.43%
[Stage1/AE] ep 228/600 | loss 0.1358 | rec 0.0213 | feat 0.1144 | train_acc 13.43%
[Stage1/AE] ep 229/600 | loss 0.1310 | rec 0.0215 | feat 0.1095 | train_acc 13.43%
[Stage1/AE] ep 230/600 | loss 0.1310 | rec 0.0215 | feat 0.1094 | train_acc 13.43%
[Stage1/AE] ep 231/600 | loss 0.1330 | rec 0.0215 | feat 0.1115 | train_acc 13.43%
[Stage1/AE] ep 232/600 | loss 0.1358 | rec 0.0215 | feat 0.1143 | train_acc 13.43%
[Stage1/AE] ep 233/600 | loss 0.1329 | rec 0.0214 | feat 0.1115 | train_acc 13.43%
[Stage1/AE] ep 234/600 | loss 0.1347 | rec 0.0214 | feat 0.1133 | train_acc 13.43%
[Stage1/AE] ep 235/600 | loss 0.1351 | rec 0.0214 | feat 0.1137 | train_acc 13.43%
[Stage1/AE] ep 236/600 | loss 0.1322 | rec 0.0213 | feat 0.1109 | train_acc 13.43%
[Stage1/AE] ep 237/600 | loss 0.1341 | rec 0.0215 | feat 0.1125 | train_acc 13.43%
[Stage1/AE] ep 238/600 | loss 0.1337 | rec 0.0214 | feat 0.1123 | train_acc 13.43%
[Stage1/AE] ep 239/600 | loss 0.1356 | rec 0.0215 | feat 0.1142 | train_acc 13.43%
[Stage1/AE] ep 240/600 | loss 0.1371 | rec 0.0216 | feat 0.1155 | train_acc 13.43%
[Stage1/AE] ep 241/600 | loss 0.1321 | rec 0.0213 | feat 0.1108 | train_acc 13.43%
[Stage1/AE] ep 242/600 | loss 0.1353 | rec 0.0213 | feat 0.1140 | train_acc 13.43%
[Stage1/AE] ep 243/600 | loss 0.1357 | rec 0.0214 | feat 0.1143 | train_acc 13.43%
[Stage1/AE] ep 244/600 | loss 0.1345 | rec 0.0214 | feat 0.1130 | train_acc 13.43%
[Stage1/AE] ep 245/600 | loss 0.1330 | rec 0.0215 | feat 0.1114 | train_acc 13.43%
[Stage1/AE] ep 246/600 | loss 0.1334 | rec 0.0214 | feat 0.1120 | train_acc 13.43%
[Stage1/AE] ep 247/600 | loss 0.1321 | rec 0.0214 | feat 0.1108 | train_acc 13.43%
[Stage1/AE] ep 248/600 | loss 0.1319 | rec 0.0214 | feat 0.1104 | train_acc 13.43%
[Stage1/AE] ep 249/600 | loss 0.1324 | rec 0.0213 | feat 0.1111 | train_acc 13.43%
[Stage1/AE] ep 250/600 | loss 0.1322 | rec 0.0212 | feat 0.1110 | train_acc 13.43%
[Stage1/AE] ep 251/600 | loss 0.1359 | rec 0.0215 | feat 0.1143 | train_acc 13.43%
[Stage1/AE] ep 252/600 | loss 0.1356 | rec 0.0215 | feat 0.1141 | train_acc 13.43%
[Stage1/AE] ep 253/600 | loss 0.1310 | rec 0.0213 | feat 0.1097 | train_acc 13.43%
[Stage1/AE] ep 254/600 | loss 0.1319 | rec 0.0213 | feat 0.1107 | train_acc 13.43%
[Stage1/AE] ep 255/600 | loss 0.1317 | rec 0.0212 | feat 0.1105 | train_acc 13.43%
[Stage1/AE] ep 256/600 | loss 0.1334 | rec 0.0214 | feat 0.1120 | train_acc 13.43%
[Stage1/AE] ep 257/600 | loss 0.1318 | rec 0.0212 | feat 0.1106 | train_acc 13.43%
[Stage1/AE] ep 258/600 | loss 0.1329 | rec 0.0214 | feat 0.1115 | train_acc 13.43%
[Stage1/AE] ep 259/600 | loss 0.1341 | rec 0.0212 | feat 0.1129 | train_acc 13.43%
[Stage1/AE] ep 260/600 | loss 0.1340 | rec 0.0214 | feat 0.1126 | train_acc 13.43%
[Stage1/AE] ep 261/600 | loss 0.1324 | rec 0.0214 | feat 0.1110 | train_acc 13.43%
[Stage1/AE] ep 262/600 | loss 0.1363 | rec 0.0214 | feat 0.1149 | train_acc 13.43%
[Stage1/AE] ep 263/600 | loss 0.1309 | rec 0.0214 | feat 0.1095 | train_acc 13.43%
[Stage1/AE] ep 264/600 | loss 0.1323 | rec 0.0214 | feat 0.1108 | train_acc 13.43%
[Stage1/AE] ep 265/600 | loss 0.1323 | rec 0.0215 | feat 0.1108 | train_acc 13.43%
[Stage1/AE] ep 266/600 | loss 0.1317 | rec 0.0212 | feat 0.1105 | train_acc 13.43%
[Stage1/AE] ep 267/600 | loss 0.1341 | rec 0.0213 | feat 0.1128 | train_acc 13.43%
[Stage1/AE] ep 268/600 | loss 0.1320 | rec 0.0213 | feat 0.1107 | train_acc 13.43%
[Stage1/AE] ep 269/600 | loss 0.1335 | rec 0.0212 | feat 0.1122 | train_acc 13.43%
[Stage1/AE] ep 270/600 | loss 0.1328 | rec 0.0212 | feat 0.1116 | train_acc 13.43%
[Stage1/AE] ep 271/600 | loss 0.1334 | rec 0.0214 | feat 0.1120 | train_acc 13.43%
[Stage1/AE] ep 272/600 | loss 0.1335 | rec 0.0214 | feat 0.1121 | train_acc 13.43%
[Stage1/AE] ep 273/600 | loss 0.1327 | rec 0.0212 | feat 0.1115 | train_acc 13.43%
[Stage1/AE] ep 274/600 | loss 0.1341 | rec 0.0214 | feat 0.1127 | train_acc 13.43%
[Stage1/AE] ep 275/600 | loss 0.1335 | rec 0.0213 | feat 0.1122 | train_acc 13.43%
[Stage1/AE] ep 276/600 | loss 0.1328 | rec 0.0212 | feat 0.1116 | train_acc 13.43%
[Stage1/AE] ep 277/600 | loss 0.1333 | rec 0.0212 | feat 0.1121 | train_acc 13.43%
[Stage1/AE] ep 278/600 | loss 0.1297 | rec 0.0213 | feat 0.1084 | train_acc 13.43%
[Stage1/AE] ep 279/600 | loss 0.1313 | rec 0.0214 | feat 0.1099 | train_acc 13.43%
[Stage1/AE] ep 280/600 | loss 0.1346 | rec 0.0212 | feat 0.1135 | train_acc 13.43%
[Stage1/AE] ep 281/600 | loss 0.1321 | rec 0.0212 | feat 0.1109 | train_acc 13.43%
[Stage1/AE] ep 282/600 | loss 0.1318 | rec 0.0213 | feat 0.1105 | train_acc 13.43%
[Stage1/AE] ep 283/600 | loss 0.1312 | rec 0.0213 | feat 0.1098 | train_acc 13.43%
[Stage1/AE] ep 284/600 | loss 0.1322 | rec 0.0211 | feat 0.1111 | train_acc 13.43%
[Stage1/AE] ep 285/600 | loss 0.1321 | rec 0.0213 | feat 0.1108 | train_acc 13.43%
[Stage1/AE] ep 286/600 | loss 0.1337 | rec 0.0214 | feat 0.1123 | train_acc 13.43%
[Stage1/AE] ep 287/600 | loss 0.1327 | rec 0.0211 | feat 0.1116 | train_acc 13.43%
[Stage1/AE] ep 288/600 | loss 0.1317 | rec 0.0211 | feat 0.1106 | train_acc 13.43%
[Stage1/AE] ep 289/600 | loss 0.1328 | rec 0.0213 | feat 0.1115 | train_acc 13.43%
[Stage1/AE] ep 290/600 | loss 0.1323 | rec 0.0212 | feat 0.1110 | train_acc 13.43%
[Stage1/AE] ep 291/600 | loss 0.1307 | rec 0.0212 | feat 0.1095 | train_acc 13.43%
[Stage1/AE] ep 292/600 | loss 0.1325 | rec 0.0210 | feat 0.1114 | train_acc 13.43%
[Stage1/AE] ep 293/600 | loss 0.1317 | rec 0.0212 | feat 0.1105 | train_acc 13.43%
[Stage1/AE] ep 294/600 | loss 0.1309 | rec 0.0210 | feat 0.1099 | train_acc 13.43%
[Stage1/AE] ep 295/600 | loss 0.1317 | rec 0.0211 | feat 0.1106 | train_acc 13.43%
[Stage1/AE] ep 296/600 | loss 0.1354 | rec 0.0213 | feat 0.1141 | train_acc 13.43%
[Stage1/AE] ep 297/600 | loss 0.1315 | rec 0.0209 | feat 0.1106 | train_acc 13.43%
[Stage1/AE] ep 298/600 | loss 0.1357 | rec 0.0213 | feat 0.1143 | train_acc 13.43%
[Stage1/AE] ep 299/600 | loss 0.1319 | rec 0.0211 | feat 0.1108 | train_acc 13.43%
[Stage1/AE] ep 300/600 | loss 0.1329 | rec 0.0210 | feat 0.1119 | train_acc 13.43%
[Stage1/AE] ep 301/600 | loss 0.1304 | rec 0.0212 | feat 0.1092 | train_acc 13.43%
[Stage1/AE] ep 302/600 | loss 0.1320 | rec 0.0213 | feat 0.1106 | train_acc 13.43%
[Stage1/AE] ep 303/600 | loss 0.1308 | rec 0.0212 | feat 0.1096 | train_acc 13.43%
[Stage1/AE] ep 304/600 | loss 0.1340 | rec 0.0212 | feat 0.1128 | train_acc 13.43%
[Stage1/AE] ep 305/600 | loss 0.1331 | rec 0.0210 | feat 0.1120 | train_acc 13.43%
[Stage1/AE] ep 306/600 | loss 0.1312 | rec 0.0210 | feat 0.1102 | train_acc 13.43%
[Stage1/AE] ep 307/600 | loss 0.1314 | rec 0.0211 | feat 0.1103 | train_acc 13.43%
[Stage1/AE] ep 308/600 | loss 0.1295 | rec 0.0211 | feat 0.1084 | train_acc 13.43%
[Stage1/AE] ep 309/600 | loss 0.1310 | rec 0.0209 | feat 0.1101 | train_acc 13.43%
[Stage1/AE] ep 310/600 | loss 0.1331 | rec 0.0210 | feat 0.1121 | train_acc 13.43%
[Stage1/AE] ep 311/600 | loss 0.1360 | rec 0.0212 | feat 0.1148 | train_acc 13.43%
[Stage1/AE] ep 312/600 | loss 0.1328 | rec 0.0211 | feat 0.1117 | train_acc 13.43%
[Stage1/AE] ep 313/600 | loss 0.1326 | rec 0.0211 | feat 0.1115 | train_acc 13.43%
[Stage1/AE] ep 314/600 | loss 0.1328 | rec 0.0211 | feat 0.1117 | train_acc 13.43%
[Stage1/AE] ep 315/600 | loss 0.1326 | rec 0.0209 | feat 0.1117 | train_acc 13.43%
[Stage1/AE] ep 316/600 | loss 0.1302 | rec 0.0211 | feat 0.1092 | train_acc 13.43%
[Stage1/AE] ep 317/600 | loss 0.1329 | rec 0.0211 | feat 0.1119 | train_acc 13.43%
[Stage1/AE] ep 318/600 | loss 0.1311 | rec 0.0213 | feat 0.1099 | train_acc 13.43%
[Stage1/AE] ep 319/600 | loss 0.1320 | rec 0.0211 | feat 0.1109 | train_acc 13.43%
[Stage1/AE] ep 320/600 | loss 0.1316 | rec 0.0210 | feat 0.1106 | train_acc 13.43%
[Stage1/AE] ep 321/600 | loss 0.1346 | rec 0.0210 | feat 0.1136 | train_acc 13.43%
[Stage1/AE] ep 322/600 | loss 0.1296 | rec 0.0209 | feat 0.1087 | train_acc 13.43%
[Stage1/AE] ep 323/600 | loss 0.1330 | rec 0.0211 | feat 0.1118 | train_acc 13.43%
[Stage1/AE] ep 324/600 | loss 0.1296 | rec 0.0210 | feat 0.1086 | train_acc 13.43%
[Stage1/AE] ep 325/600 | loss 0.1329 | rec 0.0210 | feat 0.1119 | train_acc 13.43%
[Stage1/AE] ep 326/600 | loss 0.1307 | rec 0.0211 | feat 0.1096 | train_acc 13.43%
[Stage1/AE] ep 327/600 | loss 0.1333 | rec 0.0210 | feat 0.1123 | train_acc 13.43%
[Stage1/AE] ep 328/600 | loss 0.1341 | rec 0.0211 | feat 0.1130 | train_acc 13.43%
[Stage1/AE] ep 329/600 | loss 0.1326 | rec 0.0210 | feat 0.1115 | train_acc 13.43%
[Stage1/AE] ep 330/600 | loss 0.1327 | rec 0.0211 | feat 0.1117 | train_acc 13.43%
[Stage1/AE] ep 331/600 | loss 0.1339 | rec 0.0210 | feat 0.1128 | train_acc 13.43%
[Stage1/AE] ep 332/600 | loss 0.1304 | rec 0.0211 | feat 0.1093 | train_acc 13.43%
[Stage1/AE] ep 333/600 | loss 0.1309 | rec 0.0210 | feat 0.1099 | train_acc 13.43%
[Stage1/AE] ep 334/600 | loss 0.1311 | rec 0.0208 | feat 0.1103 | train_acc 13.43%
[Stage1/AE] ep 335/600 | loss 0.1327 | rec 0.0212 | feat 0.1115 | train_acc 13.43%
[Stage1/AE] ep 336/600 | loss 0.1296 | rec 0.0210 | feat 0.1086 | train_acc 13.43%
[Stage1/AE] ep 337/600 | loss 0.1318 | rec 0.0209 | feat 0.1110 | train_acc 13.43%
[Stage1/AE] ep 338/600 | loss 0.1318 | rec 0.0212 | feat 0.1106 | train_acc 13.43%
[Stage1/AE] ep 339/600 | loss 0.1303 | rec 0.0212 | feat 0.1092 | train_acc 13.43%
[Stage1/AE] ep 340/600 | loss 0.1287 | rec 0.0209 | feat 0.1078 | train_acc 13.43%
[Stage1/AE] ep 341/600 | loss 0.1314 | rec 0.0209 | feat 0.1105 | train_acc 13.43%
[Stage1/AE] ep 342/600 | loss 0.1309 | rec 0.0209 | feat 0.1101 | train_acc 13.43%
[Stage1/AE] ep 343/600 | loss 0.1318 | rec 0.0210 | feat 0.1109 | train_acc 13.43%
[Stage1/AE] ep 344/600 | loss 0.1306 | rec 0.0210 | feat 0.1096 | train_acc 13.43%
[Stage1/AE] ep 345/600 | loss 0.1317 | rec 0.0212 | feat 0.1105 | train_acc 13.43%
[Stage1/AE] ep 346/600 | loss 0.1324 | rec 0.0211 | feat 0.1113 | train_acc 13.43%
[Stage1/AE] ep 347/600 | loss 0.1312 | rec 0.0209 | feat 0.1103 | train_acc 13.43%
[Stage1/AE] ep 348/600 | loss 0.1307 | rec 0.0208 | feat 0.1098 | train_acc 13.43%
[Stage1/AE] ep 349/600 | loss 0.1315 | rec 0.0211 | feat 0.1105 | train_acc 13.43%
[Stage1/AE] ep 350/600 | loss 0.1327 | rec 0.0209 | feat 0.1118 | train_acc 13.43%
[Stage1/AE] ep 351/600 | loss 0.1290 | rec 0.0207 | feat 0.1082 | train_acc 13.43%
[Stage1/AE] ep 352/600 | loss 0.1328 | rec 0.0207 | feat 0.1121 | train_acc 13.43%
[Stage1/AE] ep 353/600 | loss 0.1315 | rec 0.0209 | feat 0.1105 | train_acc 13.43%
[Stage1/AE] ep 354/600 | loss 0.1312 | rec 0.0210 | feat 0.1102 | train_acc 13.43%
[Stage1/AE] ep 355/600 | loss 0.1294 | rec 0.0208 | feat 0.1086 | train_acc 13.43%
[Stage1/AE] ep 356/600 | loss 0.1318 | rec 0.0209 | feat 0.1109 | train_acc 13.43%
[Stage1/AE] ep 357/600 | loss 0.1325 | rec 0.0209 | feat 0.1116 | train_acc 13.43%
[Stage1/AE] ep 358/600 | loss 0.1338 | rec 0.0209 | feat 0.1130 | train_acc 13.43%
[Stage1/AE] ep 359/600 | loss 0.1317 | rec 0.0210 | feat 0.1107 | train_acc 13.43%
[Stage1/AE] ep 360/600 | loss 0.1310 | rec 0.0209 | feat 0.1101 | train_acc 13.43%
[Stage1/AE] ep 361/600 | loss 0.1302 | rec 0.0208 | feat 0.1094 | train_acc 13.43%
[Stage1/AE] ep 362/600 | loss 0.1314 | rec 0.0211 | feat 0.1103 | train_acc 13.43%
[Stage1/AE] ep 363/600 | loss 0.1314 | rec 0.0208 | feat 0.1106 | train_acc 13.43%
[Stage1/AE] ep 364/600 | loss 0.1331 | rec 0.0210 | feat 0.1121 | train_acc 13.43%
[Stage1/AE] ep 365/600 | loss 0.1300 | rec 0.0209 | feat 0.1091 | train_acc 13.43%
[Stage1/AE] ep 366/600 | loss 0.1292 | rec 0.0211 | feat 0.1082 | train_acc 13.43%
[Stage1/AE] ep 367/600 | loss 0.1293 | rec 0.0207 | feat 0.1086 | train_acc 13.43%
[Stage1/AE] ep 368/600 | loss 0.1316 | rec 0.0208 | feat 0.1108 | train_acc 13.43%
[Stage1/AE] ep 369/600 | loss 0.1304 | rec 0.0209 | feat 0.1095 | train_acc 13.43%
[Stage1/AE] ep 370/600 | loss 0.1332 | rec 0.0209 | feat 0.1123 | train_acc 13.43%
[Stage1/AE] ep 371/600 | loss 0.1313 | rec 0.0211 | feat 0.1102 | train_acc 13.43%
[Stage1/AE] ep 372/600 | loss 0.1317 | rec 0.0209 | feat 0.1108 | train_acc 13.43%
[Stage1/AE] ep 373/600 | loss 0.1313 | rec 0.0208 | feat 0.1105 | train_acc 13.43%
[Stage1/AE] ep 374/600 | loss 0.1319 | rec 0.0208 | feat 0.1111 | train_acc 13.43%
[Stage1/AE] ep 375/600 | loss 0.1308 | rec 0.0209 | feat 0.1098 | train_acc 13.43%
[Stage1/AE] ep 376/600 | loss 0.1300 | rec 0.0208 | feat 0.1092 | train_acc 13.43%
[Stage1/AE] ep 377/600 | loss 0.1319 | rec 0.0207 | feat 0.1111 | train_acc 13.43%
[Stage1/AE] ep 378/600 | loss 0.1320 | rec 0.0208 | feat 0.1112 | train_acc 13.43%
[Stage1/AE] ep 379/600 | loss 0.1333 | rec 0.0209 | feat 0.1124 | train_acc 13.43%
[Stage1/AE] ep 380/600 | loss 0.1278 | rec 0.0208 | feat 0.1070 | train_acc 13.43%
[Stage1/AE] ep 381/600 | loss 0.1317 | rec 0.0207 | feat 0.1110 | train_acc 13.43%
[Stage1/AE] ep 382/600 | loss 0.1334 | rec 0.0208 | feat 0.1127 | train_acc 13.43%
[Stage1/AE] ep 383/600 | loss 0.1316 | rec 0.0209 | feat 0.1106 | train_acc 13.43%
[Stage1/AE] ep 384/600 | loss 0.1323 | rec 0.0207 | feat 0.1116 | train_acc 13.43%
[Stage1/AE] ep 385/600 | loss 0.1295 | rec 0.0207 | feat 0.1088 | train_acc 13.43%
[Stage1/AE] ep 386/600 | loss 0.1306 | rec 0.0208 | feat 0.1099 | train_acc 13.43%
[Stage1/AE] ep 387/600 | loss 0.1291 | rec 0.0207 | feat 0.1084 | train_acc 13.43%
[Stage1/AE] ep 388/600 | loss 0.1334 | rec 0.0209 | feat 0.1125 | train_acc 13.43%
[Stage1/AE] ep 389/600 | loss 0.1304 | rec 0.0208 | feat 0.1096 | train_acc 13.43%
[Stage1/AE] ep 390/600 | loss 0.1316 | rec 0.0209 | feat 0.1107 | train_acc 13.43%
[Stage1/AE] ep 391/600 | loss 0.1294 | rec 0.0208 | feat 0.1085 | train_acc 13.43%
[Stage1/AE] ep 392/600 | loss 0.1314 | rec 0.0208 | feat 0.1105 | train_acc 13.43%
[Stage1/AE] ep 393/600 | loss 0.1336 | rec 0.0207 | feat 0.1129 | train_acc 13.43%
[Stage1/AE] ep 394/600 | loss 0.1315 | rec 0.0209 | feat 0.1106 | train_acc 13.43%
[Stage1/AE] ep 395/600 | loss 0.1333 | rec 0.0208 | feat 0.1125 | train_acc 13.43%
[Stage1/AE] ep 396/600 | loss 0.1306 | rec 0.0208 | feat 0.1097 | train_acc 13.43%
[Stage1/AE] ep 397/600 | loss 0.1288 | rec 0.0208 | feat 0.1080 | train_acc 13.43%
[Stage1/AE] ep 398/600 | loss 0.1309 | rec 0.0209 | feat 0.1101 | train_acc 13.43%
[Stage1/AE] ep 399/600 | loss 0.1329 | rec 0.0207 | feat 0.1122 | train_acc 13.43%
[Stage1/AE] ep 400/600 | loss 0.1316 | rec 0.0206 | feat 0.1110 | train_acc 13.43%
[Stage1/AE] ep 401/600 | loss 0.1313 | rec 0.0205 | feat 0.1109 | train_acc 13.43%
[Stage1/AE] ep 402/600 | loss 0.1315 | rec 0.0209 | feat 0.1106 | train_acc 13.43%
[Stage1/AE] ep 403/600 | loss 0.1297 | rec 0.0208 | feat 0.1089 | train_acc 13.43%
[Stage1/AE] ep 404/600 | loss 0.1333 | rec 0.0208 | feat 0.1124 | train_acc 13.43%
[Stage1/AE] ep 405/600 | loss 0.1301 | rec 0.0208 | feat 0.1093 | train_acc 13.43%
[Stage1/AE] ep 406/600 | loss 0.1299 | rec 0.0207 | feat 0.1091 | train_acc 13.43%
[Stage1/AE] ep 407/600 | loss 0.1316 | rec 0.0207 | feat 0.1109 | train_acc 13.43%
[Stage1/AE] ep 408/600 | loss 0.1303 | rec 0.0208 | feat 0.1094 | train_acc 13.43%
[Stage1/AE] ep 409/600 | loss 0.1305 | rec 0.0205 | feat 0.1099 | train_acc 13.43%
[Stage1/AE] ep 410/600 | loss 0.1307 | rec 0.0207 | feat 0.1100 | train_acc 13.43%
[Stage1/AE] ep 411/600 | loss 0.1318 | rec 0.0209 | feat 0.1109 | train_acc 13.43%
[Stage1/AE] ep 412/600 | loss 0.1314 | rec 0.0209 | feat 0.1105 | train_acc 13.43%
[Stage1/AE] ep 413/600 | loss 0.1322 | rec 0.0207 | feat 0.1115 | train_acc 13.43%
[Stage1/AE] ep 414/600 | loss 0.1336 | rec 0.0208 | feat 0.1128 | train_acc 13.43%
[Stage1/AE] ep 415/600 | loss 0.1300 | rec 0.0206 | feat 0.1094 | train_acc 13.43%
[Stage1/AE] ep 416/600 | loss 0.1328 | rec 0.0207 | feat 0.1121 | train_acc 13.43%
[Stage1/AE] ep 417/600 | loss 0.1311 | rec 0.0206 | feat 0.1105 | train_acc 13.43%
[Stage1/AE] ep 418/600 | loss 0.1305 | rec 0.0207 | feat 0.1098 | train_acc 13.43%
[Stage1/AE] ep 419/600 | loss 0.1299 | rec 0.0206 | feat 0.1093 | train_acc 13.43%
[Stage1/AE] ep 420/600 | loss 0.1316 | rec 0.0208 | feat 0.1108 | train_acc 13.43%
[Stage1/AE] ep 421/600 | loss 0.1318 | rec 0.0207 | feat 0.1111 | train_acc 13.43%
[Stage1/AE] ep 422/600 | loss 0.1289 | rec 0.0207 | feat 0.1083 | train_acc 13.43%
[Stage1/AE] ep 423/600 | loss 0.1267 | rec 0.0207 | feat 0.1060 | train_acc 13.43%
[Stage1/AE] ep 424/600 | loss 0.1295 | rec 0.0207 | feat 0.1088 | train_acc 13.43%
[Stage1/AE] ep 425/600 | loss 0.1287 | rec 0.0206 | feat 0.1081 | train_acc 13.43%
[Stage1/AE] ep 426/600 | loss 0.1285 | rec 0.0206 | feat 0.1078 | train_acc 13.43%
[Stage1/AE] ep 427/600 | loss 0.1262 | rec 0.0205 | feat 0.1057 | train_acc 13.43%
[Stage1/AE] ep 428/600 | loss 0.1302 | rec 0.0207 | feat 0.1095 | train_acc 13.43%
[Stage1/AE] ep 429/600 | loss 0.1298 | rec 0.0207 | feat 0.1091 | train_acc 13.43%
[Stage1/AE] ep 430/600 | loss 0.1306 | rec 0.0207 | feat 0.1099 | train_acc 13.43%
[Stage1/AE] ep 431/600 | loss 0.1297 | rec 0.0206 | feat 0.1091 | train_acc 13.43%
[Stage1/AE] ep 432/600 | loss 0.1298 | rec 0.0208 | feat 0.1090 | train_acc 13.43%
[Stage1/AE] ep 433/600 | loss 0.1281 | rec 0.0207 | feat 0.1075 | train_acc 13.43%
[Stage1/AE] ep 434/600 | loss 0.1314 | rec 0.0207 | feat 0.1107 | train_acc 13.43%
[Stage1/AE] ep 435/600 | loss 0.1316 | rec 0.0205 | feat 0.1111 | train_acc 13.43%
[Stage1/AE] ep 436/600 | loss 0.1308 | rec 0.0205 | feat 0.1103 | train_acc 13.43%
[Stage1/AE] ep 437/600 | loss 0.1297 | rec 0.0207 | feat 0.1090 | train_acc 13.43%
[Stage1/AE] ep 438/600 | loss 0.1312 | rec 0.0205 | feat 0.1107 | train_acc 13.43%
[Stage1/AE] ep 439/600 | loss 0.1296 | rec 0.0206 | feat 0.1091 | train_acc 13.43%
[Stage1/AE] ep 440/600 | loss 0.1323 | rec 0.0207 | feat 0.1116 | train_acc 13.43%
[Stage1/AE] ep 441/600 | loss 0.1323 | rec 0.0208 | feat 0.1115 | train_acc 13.43%
[Stage1/AE] ep 442/600 | loss 0.1287 | rec 0.0206 | feat 0.1081 | train_acc 13.43%
[Stage1/AE] ep 443/600 | loss 0.1291 | rec 0.0207 | feat 0.1085 | train_acc 13.43%
[Stage1/AE] ep 444/600 | loss 0.1309 | rec 0.0207 | feat 0.1102 | train_acc 13.43%
[Stage1/AE] ep 445/600 | loss 0.1296 | rec 0.0207 | feat 0.1089 | train_acc 13.43%
[Stage1/AE] ep 446/600 | loss 0.1300 | rec 0.0206 | feat 0.1095 | train_acc 13.43%
[Stage1/AE] ep 447/600 | loss 0.1328 | rec 0.0208 | feat 0.1120 | train_acc 13.43%
[Stage1/AE] ep 448/600 | loss 0.1318 | rec 0.0206 | feat 0.1112 | train_acc 13.43%
[Stage1/AE] ep 449/600 | loss 0.1315 | rec 0.0206 | feat 0.1109 | train_acc 13.43%
[Stage1/AE] ep 450/600 | loss 0.1299 | rec 0.0207 | feat 0.1092 | train_acc 13.43%
[Stage1/AE] ep 451/600 | loss 0.1314 | rec 0.0208 | feat 0.1106 | train_acc 13.43%
[Stage1/AE] ep 452/600 | loss 0.1308 | rec 0.0205 | feat 0.1103 | train_acc 13.43%
[Stage1/AE] ep 453/600 | loss 0.1302 | rec 0.0205 | feat 0.1097 | train_acc 13.43%
[Stage1/AE] ep 454/600 | loss 0.1302 | rec 0.0207 | feat 0.1095 | train_acc 13.43%
[Stage1/AE] ep 455/600 | loss 0.1295 | rec 0.0206 | feat 0.1089 | train_acc 13.43%
[Stage1/AE] ep 456/600 | loss 0.1324 | rec 0.0205 | feat 0.1119 | train_acc 13.43%
[Stage1/AE] ep 457/600 | loss 0.1306 | rec 0.0206 | feat 0.1100 | train_acc 13.43%
[Stage1/AE] ep 458/600 | loss 0.1301 | rec 0.0208 | feat 0.1093 | train_acc 13.43%
[Stage1/AE] ep 459/600 | loss 0.1303 | rec 0.0207 | feat 0.1096 | train_acc 13.43%
[Stage1/AE] ep 460/600 | loss 0.1302 | rec 0.0207 | feat 0.1095 | train_acc 13.43%
[Stage1/AE] ep 461/600 | loss 0.1307 | rec 0.0206 | feat 0.1101 | train_acc 13.43%
[Stage1/AE] ep 462/600 | loss 0.1313 | rec 0.0207 | feat 0.1106 | train_acc 13.43%
[Stage1/AE] ep 463/600 | loss 0.1293 | rec 0.0204 | feat 0.1088 | train_acc 13.43%
[Stage1/AE] ep 464/600 | loss 0.1290 | rec 0.0205 | feat 0.1086 | train_acc 13.43%
[Stage1/AE] ep 465/600 | loss 0.1286 | rec 0.0205 | feat 0.1081 | train_acc 13.43%
[Stage1/AE] ep 466/600 | loss 0.1307 | rec 0.0203 | feat 0.1103 | train_acc 13.43%
[Stage1/AE] ep 467/600 | loss 0.1306 | rec 0.0206 | feat 0.1100 | train_acc 13.43%
[Stage1/AE] ep 468/600 | loss 0.1292 | rec 0.0205 | feat 0.1087 | train_acc 13.43%
[Stage1/AE] ep 469/600 | loss 0.1285 | rec 0.0204 | feat 0.1081 | train_acc 13.43%
[Stage1/AE] ep 470/600 | loss 0.1299 | rec 0.0205 | feat 0.1093 | train_acc 13.43%
[Stage1/AE] ep 471/600 | loss 0.1276 | rec 0.0207 | feat 0.1069 | train_acc 13.43%
[Stage1/AE] ep 472/600 | loss 0.1297 | rec 0.0206 | feat 0.1091 | train_acc 13.43%
[Stage1/AE] ep 473/600 | loss 0.1303 | rec 0.0207 | feat 0.1096 | train_acc 13.43%
[Stage1/AE] ep 474/600 | loss 0.1325 | rec 0.0208 | feat 0.1117 | train_acc 13.43%
[Stage1/AE] ep 475/600 | loss 0.1313 | rec 0.0203 | feat 0.1110 | train_acc 13.43%
[Stage1/AE] ep 476/600 | loss 0.1326 | rec 0.0206 | feat 0.1119 | train_acc 13.43%
[Stage1/AE] ep 477/600 | loss 0.1263 | rec 0.0206 | feat 0.1058 | train_acc 13.43%
[Stage1/AE] ep 478/600 | loss 0.1268 | rec 0.0205 | feat 0.1063 | train_acc 13.43%
[Stage1/AE] ep 479/600 | loss 0.1285 | rec 0.0204 | feat 0.1081 | train_acc 13.43%
[Stage1/AE] ep 480/600 | loss 0.1283 | rec 0.0205 | feat 0.1079 | train_acc 13.43%
[Stage1/AE] ep 481/600 | loss 0.1300 | rec 0.0205 | feat 0.1095 | train_acc 13.43%
[Stage1/AE] ep 482/600 | loss 0.1309 | rec 0.0204 | feat 0.1105 | train_acc 13.43%
[Stage1/AE] ep 483/600 | loss 0.1315 | rec 0.0205 | feat 0.1110 | train_acc 13.43%
[Stage1/AE] ep 484/600 | loss 0.1286 | rec 0.0205 | feat 0.1080 | train_acc 13.43%
[Stage1/AE] ep 485/600 | loss 0.1316 | rec 0.0204 | feat 0.1112 | train_acc 13.43%
[Stage1/AE] ep 486/600 | loss 0.1278 | rec 0.0206 | feat 0.1072 | train_acc 13.43%
[Stage1/AE] ep 487/600 | loss 0.1295 | rec 0.0204 | feat 0.1091 | train_acc 13.43%
[Stage1/AE] ep 488/600 | loss 0.1289 | rec 0.0204 | feat 0.1085 | train_acc 13.43%
[Stage1/AE] ep 489/600 | loss 0.1302 | rec 0.0205 | feat 0.1097 | train_acc 13.43%
[Stage1/AE] ep 490/600 | loss 0.1300 | rec 0.0204 | feat 0.1096 | train_acc 13.43%
[Stage1/AE] ep 491/600 | loss 0.1299 | rec 0.0204 | feat 0.1095 | train_acc 13.43%
[Stage1/AE] ep 492/600 | loss 0.1289 | rec 0.0204 | feat 0.1085 | train_acc 13.43%
[Stage1/AE] ep 493/600 | loss 0.1293 | rec 0.0204 | feat 0.1089 | train_acc 13.43%
[Stage1/AE] ep 494/600 | loss 0.1304 | rec 0.0204 | feat 0.1099 | train_acc 13.43%
[Stage1/AE] ep 495/600 | loss 0.1285 | rec 0.0205 | feat 0.1080 | train_acc 13.43%
[Stage1/AE] ep 496/600 | loss 0.1275 | rec 0.0205 | feat 0.1070 | train_acc 13.43%
[Stage1/AE] ep 497/600 | loss 0.1260 | rec 0.0205 | feat 0.1055 | train_acc 13.43%
[Stage1/AE] ep 498/600 | loss 0.1307 | rec 0.0205 | feat 0.1102 | train_acc 13.43%
[Stage1/AE] ep 499/600 | loss 0.1271 | rec 0.0202 | feat 0.1069 | train_acc 13.43%
[Stage1/AE] ep 500/600 | loss 0.1308 | rec 0.0206 | feat 0.1102 | train_acc 13.43%
[Stage1/AE] ep 501/600 | loss 0.1291 | rec 0.0205 | feat 0.1086 | train_acc 13.43%
[Stage1/AE] ep 502/600 | loss 0.1285 | rec 0.0204 | feat 0.1081 | train_acc 13.43%
[Stage1/AE] ep 503/600 | loss 0.1308 | rec 0.0205 | feat 0.1102 | train_acc 13.43%
[Stage1/AE] ep 504/600 | loss 0.1302 | rec 0.0204 | feat 0.1098 | train_acc 13.43%
[Stage1/AE] ep 505/600 | loss 0.1308 | rec 0.0205 | feat 0.1103 | train_acc 13.43%
[Stage1/AE] ep 506/600 | loss 0.1285 | rec 0.0205 | feat 0.1080 | train_acc 13.43%
[Stage1/AE] ep 507/600 | loss 0.1288 | rec 0.0205 | feat 0.1083 | train_acc 13.43%
[Stage1/AE] ep 508/600 | loss 0.1275 | rec 0.0204 | feat 0.1071 | train_acc 13.43%
[Stage1/AE] ep 509/600 | loss 0.1285 | rec 0.0205 | feat 0.1081 | train_acc 13.43%
[Stage1/AE] ep 510/600 | loss 0.1311 | rec 0.0205 | feat 0.1107 | train_acc 13.43%
[Stage1/AE] ep 511/600 | loss 0.1302 | rec 0.0204 | feat 0.1098 | train_acc 13.43%
[Stage1/AE] ep 512/600 | loss 0.1304 | rec 0.0204 | feat 0.1100 | train_acc 13.43%
[Stage1/AE] ep 513/600 | loss 0.1276 | rec 0.0205 | feat 0.1071 | train_acc 13.43%
[Stage1/AE] ep 514/600 | loss 0.1291 | rec 0.0206 | feat 0.1086 | train_acc 13.43%
[Stage1/AE] ep 515/600 | loss 0.1288 | rec 0.0204 | feat 0.1083 | train_acc 13.43%
[Stage1/AE] ep 516/600 | loss 0.1280 | rec 0.0206 | feat 0.1075 | train_acc 13.43%
[Stage1/AE] ep 517/600 | loss 0.1270 | rec 0.0204 | feat 0.1066 | train_acc 13.43%
[Stage1/AE] ep 518/600 | loss 0.1308 | rec 0.0205 | feat 0.1103 | train_acc 13.43%
[Stage1/AE] ep 519/600 | loss 0.1294 | rec 0.0205 | feat 0.1089 | train_acc 13.43%
[Stage1/AE] ep 520/600 | loss 0.1286 | rec 0.0204 | feat 0.1081 | train_acc 13.43%
[Stage1/AE] ep 521/600 | loss 0.1337 | rec 0.0205 | feat 0.1132 | train_acc 13.43%
[Stage1/AE] ep 522/600 | loss 0.1308 | rec 0.0203 | feat 0.1104 | train_acc 13.43%
[Stage1/AE] ep 523/600 | loss 0.1312 | rec 0.0204 | feat 0.1109 | train_acc 13.43%
[Stage1/AE] ep 524/600 | loss 0.1292 | rec 0.0204 | feat 0.1088 | train_acc 13.43%
[Stage1/AE] ep 525/600 | loss 0.1285 | rec 0.0204 | feat 0.1081 | train_acc 13.43%
[Stage1/AE] ep 526/600 | loss 0.1307 | rec 0.0204 | feat 0.1104 | train_acc 13.43%
[Stage1/AE] ep 527/600 | loss 0.1281 | rec 0.0204 | feat 0.1077 | train_acc 13.43%
[Stage1/AE] ep 528/600 | loss 0.1298 | rec 0.0203 | feat 0.1095 | train_acc 13.43%
[Stage1/AE] ep 529/600 | loss 0.1300 | rec 0.0204 | feat 0.1096 | train_acc 13.43%
[Stage1/AE] ep 530/600 | loss 0.1295 | rec 0.0205 | feat 0.1090 | train_acc 13.43%
[Stage1/AE] ep 531/600 | loss 0.1296 | rec 0.0205 | feat 0.1091 | train_acc 13.43%
[Stage1/AE] ep 532/600 | loss 0.1311 | rec 0.0204 | feat 0.1107 | train_acc 13.43%
[Stage1/AE] ep 533/600 | loss 0.1282 | rec 0.0204 | feat 0.1079 | train_acc 13.43%
[Stage1/AE] ep 534/600 | loss 0.1297 | rec 0.0203 | feat 0.1094 | train_acc 13.43%
[Stage1/AE] ep 535/600 | loss 0.1296 | rec 0.0204 | feat 0.1092 | train_acc 13.43%
[Stage1/AE] ep 536/600 | loss 0.1276 | rec 0.0203 | feat 0.1073 | train_acc 13.43%
[Stage1/AE] ep 537/600 | loss 0.1296 | rec 0.0203 | feat 0.1092 | train_acc 13.43%
[Stage1/AE] ep 538/600 | loss 0.1279 | rec 0.0204 | feat 0.1075 | train_acc 13.43%
[Stage1/AE] ep 539/600 | loss 0.1305 | rec 0.0202 | feat 0.1103 | train_acc 13.43%
[Stage1/AE] ep 540/600 | loss 0.1303 | rec 0.0204 | feat 0.1099 | train_acc 13.43%
[Stage1/AE] ep 541/600 | loss 0.1285 | rec 0.0204 | feat 0.1082 | train_acc 13.43%
[Stage1/AE] ep 542/600 | loss 0.1276 | rec 0.0204 | feat 0.1072 | train_acc 13.43%
[Stage1/AE] ep 543/600 | loss 0.1290 | rec 0.0203 | feat 0.1086 | train_acc 13.43%
[Stage1/AE] ep 544/600 | loss 0.1284 | rec 0.0203 | feat 0.1080 | train_acc 13.43%
[Stage1/AE] ep 545/600 | loss 0.1311 | rec 0.0203 | feat 0.1108 | train_acc 13.43%
[Stage1/AE] ep 546/600 | loss 0.1281 | rec 0.0203 | feat 0.1078 | train_acc 13.43%
[Stage1/AE] ep 547/600 | loss 0.1294 | rec 0.0205 | feat 0.1089 | train_acc 13.43%
[Stage1/AE] ep 548/600 | loss 0.1291 | rec 0.0204 | feat 0.1088 | train_acc 13.43%
[Stage1/AE] ep 549/600 | loss 0.1285 | rec 0.0202 | feat 0.1083 | train_acc 13.43%
[Stage1/AE] ep 550/600 | loss 0.1285 | rec 0.0205 | feat 0.1080 | train_acc 13.43%
[Stage1/AE] ep 551/600 | loss 0.1277 | rec 0.0205 | feat 0.1073 | train_acc 13.43%
[Stage1/AE] ep 552/600 | loss 0.1311 | rec 0.0203 | feat 0.1108 | train_acc 13.43%
[Stage1/AE] ep 553/600 | loss 0.1291 | rec 0.0204 | feat 0.1087 | train_acc 13.43%
[Stage1/AE] ep 554/600 | loss 0.1305 | rec 0.0202 | feat 0.1103 | train_acc 13.43%
[Stage1/AE] ep 555/600 | loss 0.1286 | rec 0.0203 | feat 0.1083 | train_acc 13.43%
[Stage1/AE] ep 556/600 | loss 0.1285 | rec 0.0202 | feat 0.1083 | train_acc 13.43%
[Stage1/AE] ep 557/600 | loss 0.1297 | rec 0.0202 | feat 0.1094 | train_acc 13.43%
[Stage1/AE] ep 558/600 | loss 0.1294 | rec 0.0203 | feat 0.1091 | train_acc 13.43%
[Stage1/AE] ep 559/600 | loss 0.1276 | rec 0.0204 | feat 0.1072 | train_acc 13.43%
[Stage1/AE] ep 560/600 | loss 0.1278 | rec 0.0205 | feat 0.1073 | train_acc 13.43%
[Stage1/AE] ep 561/600 | loss 0.1296 | rec 0.0204 | feat 0.1093 | train_acc 13.43%
[Stage1/AE] ep 562/600 | loss 0.1306 | rec 0.0204 | feat 0.1102 | train_acc 13.43%
[Stage1/AE] ep 563/600 | loss 0.1280 | rec 0.0204 | feat 0.1076 | train_acc 13.43%
[Stage1/AE] ep 564/600 | loss 0.1299 | rec 0.0203 | feat 0.1095 | train_acc 13.43%
[Stage1/AE] ep 565/600 | loss 0.1288 | rec 0.0202 | feat 0.1087 | train_acc 13.43%
[Stage1/AE] ep 566/600 | loss 0.1295 | rec 0.0203 | feat 0.1091 | train_acc 13.43%
[Stage1/AE] ep 567/600 | loss 0.1297 | rec 0.0203 | feat 0.1094 | train_acc 13.43%
[Stage1/AE] ep 568/600 | loss 0.1281 | rec 0.0202 | feat 0.1079 | train_acc 13.43%
[Stage1/AE] ep 569/600 | loss 0.1283 | rec 0.0202 | feat 0.1081 | train_acc 13.43%
[Stage1/AE] ep 570/600 | loss 0.1268 | rec 0.0201 | feat 0.1068 | train_acc 13.43%
[Stage1/AE] ep 571/600 | loss 0.1294 | rec 0.0204 | feat 0.1090 | train_acc 13.43%
[Stage1/AE] ep 572/600 | loss 0.1292 | rec 0.0203 | feat 0.1089 | train_acc 13.43%
[Stage1/AE] ep 573/600 | loss 0.1296 | rec 0.0203 | feat 0.1093 | train_acc 13.43%
[Stage1/AE] ep 574/600 | loss 0.1281 | rec 0.0203 | feat 0.1078 | train_acc 13.43%
[Stage1/AE] ep 575/600 | loss 0.1307 | rec 0.0202 | feat 0.1105 | train_acc 13.43%
[Stage1/AE] ep 576/600 | loss 0.1264 | rec 0.0203 | feat 0.1062 | train_acc 13.43%
[Stage1/AE] ep 577/600 | loss 0.1286 | rec 0.0202 | feat 0.1084 | train_acc 13.43%
[Stage1/AE] ep 578/600 | loss 0.1297 | rec 0.0202 | feat 0.1095 | train_acc 13.43%
[Stage1/AE] ep 579/600 | loss 0.1298 | rec 0.0203 | feat 0.1095 | train_acc 13.43%
[Stage1/AE] ep 580/600 | loss 0.1292 | rec 0.0202 | feat 0.1091 | train_acc 13.43%
[Stage1/AE] ep 581/600 | loss 0.1271 | rec 0.0202 | feat 0.1070 | train_acc 13.43%
[Stage1/AE] ep 582/600 | loss 0.1272 | rec 0.0201 | feat 0.1071 | train_acc 13.43%
[Stage1/AE] ep 583/600 | loss 0.1295 | rec 0.0201 | feat 0.1093 | train_acc 13.43%
[Stage1/AE] ep 584/600 | loss 0.1290 | rec 0.0203 | feat 0.1086 | train_acc 13.43%
[Stage1/AE] ep 585/600 | loss 0.1299 | rec 0.0201 | feat 0.1098 | train_acc 13.43%
[Stage1/AE] ep 586/600 | loss 0.1289 | rec 0.0202 | feat 0.1087 | train_acc 13.43%
[Stage1/AE] ep 587/600 | loss 0.1307 | rec 0.0204 | feat 0.1103 | train_acc 13.43%
[Stage1/AE] ep 588/600 | loss 0.1274 | rec 0.0203 | feat 0.1070 | train_acc 13.43%
[Stage1/AE] ep 589/600 | loss 0.1271 | rec 0.0202 | feat 0.1069 | train_acc 13.43%
[Stage1/AE] ep 590/600 | loss 0.1282 | rec 0.0203 | feat 0.1079 | train_acc 13.43%
[Stage1/AE] ep 591/600 | loss 0.1279 | rec 0.0202 | feat 0.1076 | train_acc 13.43%
[Stage1/AE] ep 592/600 | loss 0.1283 | rec 0.0203 | feat 0.1080 | train_acc 13.43%
[Stage1/AE] ep 593/600 | loss 0.1295 | rec 0.0202 | feat 0.1092 | train_acc 13.43%
[Stage1/AE] ep 594/600 | loss 0.1274 | rec 0.0203 | feat 0.1072 | train_acc 13.43%
[Stage1/AE] ep 595/600 | loss 0.1317 | rec 0.0203 | feat 0.1114 | train_acc 13.43%
[Stage1/AE] ep 596/600 | loss 0.1289 | rec 0.0203 | feat 0.1086 | train_acc 13.43%
[Stage1/AE] ep 597/600 | loss 0.1290 | rec 0.0203 | feat 0.1088 | train_acc 13.43%
[Stage1/AE] ep 598/600 | loss 0.1286 | rec 0.0202 | feat 0.1084 | train_acc 13.43%
[Stage1/AE] ep 599/600 | loss 0.1313 | rec 0.0203 | feat 0.1110 | train_acc 13.43%
[Stage1/AE] ep 600/600 | loss 0.1276 | rec 0.0203 | feat 0.1073 | train_acc 13.43%
[Stage2/Head] ep 1/600 | loss 61.9643 | ce 22.7465 | logit 39.2179 | train_acc 13.43%
[Stage2/Head] ep 2/600 | loss 61.2905 | ce 22.5215 | logit 38.7690 | train_acc 13.43%
[Stage2/Head] ep 3/600 | loss 60.6402 | ce 22.3110 | logit 38.3293 | train_acc 13.43%
[Stage2/Head] ep 4/600 | loss 60.0071 | ce 22.1120 | logit 37.8951 | train_acc 13.43%
[Stage2/Head] ep 5/600 | loss 59.3884 | ce 21.9225 | logit 37.4659 | train_acc 13.43%
[Stage2/Head] ep 6/600 | loss 58.7821 | ce 21.7408 | logit 37.0413 | train_acc 13.43%
[Stage2/Head] ep 7/600 | loss 58.1871 | ce 21.5662 | logit 36.6209 | train_acc 13.43%
[Stage2/Head] ep 8/600 | loss 57.6020 | ce 21.3980 | logit 36.2041 | train_acc 13.43%
[Stage2/Head] ep 9/600 | loss 57.0261 | ce 21.2357 | logit 35.7903 | train_acc 13.43%
[Stage2/Head] ep 10/600 | loss 56.4583 | ce 21.0790 | logit 35.3793 | train_acc 13.43%
[Stage2/Head] ep 11/600 | loss 55.8978 | ce 20.9274 | logit 34.9705 | train_acc 13.43%
[Stage2/Head] ep 12/600 | loss 55.3441 | ce 20.7804 | logit 34.5637 | train_acc 13.43%
[Stage2/Head] ep 13/600 | loss 54.7964 | ce 20.6377 | logit 34.1587 | train_acc 13.43%
[Stage2/Head] ep 14/600 | loss 54.2543 | ce 20.4989 | logit 33.7554 | train_acc 13.43%
[Stage2/Head] ep 15/600 | loss 53.7173 | ce 20.3636 | logit 33.3537 | train_acc 13.43%
[Stage2/Head] ep 16/600 | loss 53.1852 | ce 20.2315 | logit 32.9537 | train_acc 13.43%
[Stage2/Head] ep 17/600 | loss 52.6574 | ce 20.1022 | logit 32.5552 | train_acc 13.43%
[Stage2/Head] ep 18/600 | loss 52.1339 | ce 19.9754 | logit 32.1585 | train_acc 13.43%
[Stage2/Head] ep 19/600 | loss 51.6144 | ce 19.8509 | logit 31.7635 | train_acc 13.43%
[Stage2/Head] ep 20/600 | loss 51.0988 | ce 19.7283 | logit 31.3705 | train_acc 13.43%
[Stage2/Head] ep 21/600 | loss 50.5869 | ce 19.6075 | logit 30.9794 | train_acc 13.43%
[Stage2/Head] ep 22/600 | loss 50.0786 | ce 19.4882 | logit 30.5904 | train_acc 13.43%
[Stage2/Head] ep 23/600 | loss 49.5738 | ce 19.3702 | logit 30.2036 | train_acc 13.43%
[Stage2/Head] ep 24/600 | loss 49.0724 | ce 19.2533 | logit 29.8191 | train_acc 13.43%
[Stage2/Head] ep 25/600 | loss 48.5712 | ce 19.1374 | logit 29.4338 | train_acc 13.43%
[Stage2/Head] ep 26/600 | loss 48.0739 | ce 19.0224 | logit 29.0515 | train_acc 13.43%
[Stage2/Head] ep 27/600 | loss 47.5855 | ce 18.9081 | logit 28.6774 | train_acc 13.43%
[Stage2/Head] ep 28/600 | loss 47.1007 | ce 18.7945 | logit 28.3062 | train_acc 13.43%
[Stage2/Head] ep 29/600 | loss 46.6159 | ce 18.6813 | logit 27.9346 | train_acc 13.43%
[Stage2/Head] ep 30/600 | loss 46.1343 | ce 18.5687 | logit 27.5657 | train_acc 13.43%
[Stage2/Head] ep 31/600 | loss 45.6559 | ce 18.4563 | logit 27.1996 | train_acc 13.43%
[Stage2/Head] ep 32/600 | loss 45.1807 | ce 18.3444 | logit 26.8364 | train_acc 13.43%
[Stage2/Head] ep 33/600 | loss 44.7086 | ce 18.2327 | logit 26.4760 | train_acc 13.43%
[Stage2/Head] ep 34/600 | loss 44.2397 | ce 18.1212 | logit 26.1184 | train_acc 13.43%
[Stage2/Head] ep 35/600 | loss 43.7738 | ce 18.0100 | logit 25.7638 | train_acc 13.43%
[Stage2/Head] ep 36/600 | loss 43.3110 | ce 17.8990 | logit 25.4120 | train_acc 13.43%
[Stage2/Head] ep 37/600 | loss 42.8513 | ce 17.7882 | logit 25.0631 | train_acc 13.43%
[Stage2/Head] ep 38/600 | loss 42.3945 | ce 17.6775 | logit 24.7170 | train_acc 13.43%
[Stage2/Head] ep 39/600 | loss 41.9408 | ce 17.5670 | logit 24.3738 | train_acc 13.43%
[Stage2/Head] ep 40/600 | loss 41.4901 | ce 17.4567 | logit 24.0335 | train_acc 13.43%
[Stage2/Head] ep 41/600 | loss 41.0424 | ce 17.3464 | logit 23.6960 | train_acc 13.43%
[Stage2/Head] ep 42/600 | loss 40.5976 | ce 17.2364 | logit 23.3613 | train_acc 13.43%
[Stage2/Head] ep 43/600 | loss 40.1558 | ce 17.1264 | logit 23.0294 | train_acc 13.43%
[Stage2/Head] ep 44/600 | loss 39.7169 | ce 17.0166 | logit 22.7003 | train_acc 13.43%
[Stage2/Head] ep 45/600 | loss 39.2809 | ce 16.9070 | logit 22.3739 | train_acc 13.43%
[Stage2/Head] ep 46/600 | loss 38.8478 | ce 16.7974 | logit 22.0504 | train_acc 13.43%
[Stage2/Head] ep 47/600 | loss 38.4175 | ce 16.6880 | logit 21.7296 | train_acc 13.43%
[Stage2/Head] ep 48/600 | loss 37.9902 | ce 16.5786 | logit 21.4115 | train_acc 13.43%
[Stage2/Head] ep 49/600 | loss 37.5656 | ce 16.4694 | logit 21.0962 | train_acc 13.43%
[Stage2/Head] ep 50/600 | loss 37.1439 | ce 16.3604 | logit 20.7836 | train_acc 13.43%
[Stage2/Head] ep 51/600 | loss 36.7250 | ce 16.2514 | logit 20.4736 | train_acc 13.43%
[Stage2/Head] ep 52/600 | loss 36.3089 | ce 16.1425 | logit 20.1664 | train_acc 13.43%
[Stage2/Head] ep 53/600 | loss 35.8956 | ce 16.0338 | logit 19.8619 | train_acc 13.43%
[Stage2/Head] ep 54/600 | loss 35.4851 | ce 15.9251 | logit 19.5600 | train_acc 13.43%
[Stage2/Head] ep 55/600 | loss 35.0773 | ce 15.8166 | logit 19.2607 | train_acc 13.43%
[Stage2/Head] ep 56/600 | loss 34.6723 | ce 15.7082 | logit 18.9642 | train_acc 13.43%
[Stage2/Head] ep 57/600 | loss 34.2701 | ce 15.5998 | logit 18.6702 | train_acc 13.43%
[Stage2/Head] ep 58/600 | loss 33.8705 | ce 15.4916 | logit 18.3789 | train_acc 13.43%
[Stage2/Head] ep 59/600 | loss 33.4737 | ce 15.3835 | logit 18.0902 | train_acc 13.43%
[Stage2/Head] ep 60/600 | loss 33.0796 | ce 15.2755 | logit 17.8041 | train_acc 13.43%
[Stage2/Head] ep 61/600 | loss 32.6881 | ce 15.1676 | logit 17.5205 | train_acc 13.43%
[Stage2/Head] ep 62/600 | loss 32.2994 | ce 15.0598 | logit 17.2396 | train_acc 13.43%
[Stage2/Head] ep 63/600 | loss 31.9133 | ce 14.9520 | logit 16.9613 | train_acc 13.43%
[Stage2/Head] ep 64/600 | loss 31.5299 | ce 14.8444 | logit 16.6855 | train_acc 13.43%
[Stage2/Head] ep 65/600 | loss 31.1492 | ce 14.7369 | logit 16.4123 | train_acc 13.43%
[Stage2/Head] ep 66/600 | loss 30.7711 | ce 14.6295 | logit 16.1416 | train_acc 13.43%
[Stage2/Head] ep 67/600 | loss 30.3956 | ce 14.5221 | logit 15.8735 | train_acc 13.43%
[Stage2/Head] ep 68/600 | loss 30.0228 | ce 14.4149 | logit 15.6079 | train_acc 13.43%
[Stage2/Head] ep 69/600 | loss 29.6526 | ce 14.3078 | logit 15.3449 | train_acc 13.43%
[Stage2/Head] ep 70/600 | loss 29.2850 | ce 14.2007 | logit 15.0843 | train_acc 13.43%
[Stage2/Head] ep 71/600 | loss 28.9201 | ce 14.0937 | logit 14.8263 | train_acc 13.43%
[Stage2/Head] ep 72/600 | loss 28.5577 | ce 13.9869 | logit 14.5708 | train_acc 13.43%
[Stage2/Head] ep 73/600 | loss 28.1979 | ce 13.8801 | logit 14.3178 | train_acc 13.43%
[Stage2/Head] ep 74/600 | loss 27.8407 | ce 13.7734 | logit 14.0673 | train_acc 13.43%
[Stage2/Head] ep 75/600 | loss 27.4861 | ce 13.6668 | logit 13.8192 | train_acc 13.43%
[Stage2/Head] ep 76/600 | loss 27.1340 | ce 13.5603 | logit 13.5737 | train_acc 13.43%
[Stage2/Head] ep 77/600 | loss 26.7845 | ce 13.4539 | logit 13.3306 | train_acc 13.43%
[Stage2/Head] ep 78/600 | loss 26.4376 | ce 13.3476 | logit 13.0900 | train_acc 13.43%
[Stage2/Head] ep 79/600 | loss 26.0932 | ce 13.2414 | logit 12.8519 | train_acc 13.43%
[Stage2/Head] ep 80/600 | loss 25.7514 | ce 13.1352 | logit 12.6162 | train_acc 13.43%
[Stage2/Head] ep 81/600 | loss 25.4121 | ce 13.0292 | logit 12.3829 | train_acc 13.43%
[Stage2/Head] ep 82/600 | loss 25.0753 | ce 12.9232 | logit 12.1521 | train_acc 13.43%
[Stage2/Head] ep 83/600 | loss 24.7411 | ce 12.8173 | logit 11.9238 | train_acc 13.43%
[Stage2/Head] ep 84/600 | loss 24.4094 | ce 12.7116 | logit 11.6979 | train_acc 13.43%
[Stage2/Head] ep 85/600 | loss 24.0802 | ce 12.6059 | logit 11.4744 | train_acc 13.43%
[Stage2/Head] ep 86/600 | loss 23.7535 | ce 12.5003 | logit 11.2533 | train_acc 13.43%
[Stage2/Head] ep 87/600 | loss 23.4294 | ce 12.3947 | logit 11.0346 | train_acc 13.43%
[Stage2/Head] ep 88/600 | loss 23.1077 | ce 12.2893 | logit 10.8184 | train_acc 13.43%
[Stage2/Head] ep 89/600 | loss 22.7885 | ce 12.1840 | logit 10.6045 | train_acc 13.43%
[Stage2/Head] ep 90/600 | loss 22.4718 | ce 12.0788 | logit 10.3931 | train_acc 13.43%
[Stage2/Head] ep 91/600 | loss 22.1577 | ce 11.9736 | logit 10.1840 | train_acc 13.43%
[Stage2/Head] ep 92/600 | loss 21.8459 | ce 11.8686 | logit 9.9774 | train_acc 13.43%
[Stage2/Head] ep 93/600 | loss 21.5367 | ce 11.7636 | logit 9.7731 | train_acc 13.43%
[Stage2/Head] ep 94/600 | loss 21.2299 | ce 11.6587 | logit 9.5712 | train_acc 13.43%
[Stage2/Head] ep 95/600 | loss 20.9256 | ce 11.5539 | logit 9.3717 | train_acc 13.43%
[Stage2/Head] ep 96/600 | loss 20.6238 | ce 11.4493 | logit 9.1746 | train_acc 13.43%
[Stage2/Head] ep 97/600 | loss 20.3245 | ce 11.3447 | logit 8.9798 | train_acc 13.43%
[Stage2/Head] ep 98/600 | loss 20.0275 | ce 11.2402 | logit 8.7874 | train_acc 13.43%
[Stage2/Head] ep 99/600 | loss 19.7331 | ce 11.1358 | logit 8.5973 | train_acc 13.43%
[Stage2/Head] ep 100/600 | loss 19.4411 | ce 11.0315 | logit 8.4096 | train_acc 13.43%
[Stage2/Head] ep 101/600 | loss 19.1515 | ce 10.9272 | logit 8.2242 | train_acc 13.43%
[Stage2/Head] ep 102/600 | loss 18.8643 | ce 10.8231 | logit 8.0412 | train_acc 13.43%
[Stage2/Head] ep 103/600 | loss 18.5796 | ce 10.7191 | logit 7.8605 | train_acc 13.43%
[Stage2/Head] ep 104/600 | loss 18.2974 | ce 10.6152 | logit 7.6822 | train_acc 13.43%
[Stage2/Head] ep 105/600 | loss 18.0175 | ce 10.5114 | logit 7.5061 | train_acc 13.43%
[Stage2/Head] ep 106/600 | loss 17.7401 | ce 10.4077 | logit 7.3324 | train_acc 13.43%
[Stage2/Head] ep 107/600 | loss 17.4651 | ce 10.3041 | logit 7.1610 | train_acc 13.43%
[Stage2/Head] ep 108/600 | loss 17.1925 | ce 10.2006 | logit 6.9919 | train_acc 13.43%
[Stage2/Head] ep 109/600 | loss 16.9223 | ce 10.0971 | logit 6.8252 | train_acc 13.43%
[Stage2/Head] ep 110/600 | loss 16.6545 | ce 9.9938 | logit 6.6607 | train_acc 13.43%
[Stage2/Head] ep 111/600 | loss 16.3892 | ce 9.8906 | logit 6.4985 | train_acc 13.43%
[Stage2/Head] ep 112/600 | loss 16.1262 | ce 9.7875 | logit 6.3386 | train_acc 13.43%
[Stage2/Head] ep 113/600 | loss 15.8656 | ce 9.6846 | logit 6.1811 | train_acc 13.43%
[Stage2/Head] ep 114/600 | loss 15.6074 | ce 9.5817 | logit 6.0257 | train_acc 13.43%
[Stage2/Head] ep 115/600 | loss 15.3516 | ce 9.4789 | logit 5.8727 | train_acc 13.43%
[Stage2/Head] ep 116/600 | loss 15.0982 | ce 9.3763 | logit 5.7219 | train_acc 13.43%
[Stage2/Head] ep 117/600 | loss 14.8472 | ce 9.2737 | logit 5.5734 | train_acc 13.43%
[Stage2/Head] ep 118/600 | loss 14.5985 | ce 9.1713 | logit 5.4272 | train_acc 13.43%
[Stage2/Head] ep 119/600 | loss 14.3522 | ce 9.0690 | logit 5.2832 | train_acc 13.43%
[Stage2/Head] ep 120/600 | loss 14.1083 | ce 8.9668 | logit 5.1415 | train_acc 13.43%
[Stage2/Head] ep 121/600 | loss 13.8667 | ce 8.8647 | logit 5.0020 | train_acc 13.43%
[Stage2/Head] ep 122/600 | loss 13.6275 | ce 8.7627 | logit 4.8648 | train_acc 13.43%
[Stage2/Head] ep 123/600 | loss 13.3907 | ce 8.6609 | logit 4.7298 | train_acc 13.43%
[Stage2/Head] ep 124/600 | loss 13.1562 | ce 8.5592 | logit 4.5970 | train_acc 13.43%
[Stage2/Head] ep 125/600 | loss 12.9241 | ce 8.4576 | logit 4.4665 | train_acc 13.43%
[Stage2/Head] ep 126/600 | loss 12.6943 | ce 8.3561 | logit 4.3381 | train_acc 13.43%
[Stage2/Head] ep 127/600 | loss 12.4668 | ce 8.2548 | logit 4.2120 | train_acc 13.43%
[Stage2/Head] ep 128/600 | loss 12.2417 | ce 8.1536 | logit 4.0881 | train_acc 13.43%
[Stage2/Head] ep 129/600 | loss 12.0189 | ce 8.0525 | logit 3.9664 | train_acc 13.43%
[Stage2/Head] ep 130/600 | loss 11.7985 | ce 7.9516 | logit 3.8469 | train_acc 13.43%
[Stage2/Head] ep 131/600 | loss 11.5803 | ce 7.8508 | logit 3.7296 | train_acc 13.43%
[Stage2/Head] ep 132/600 | loss 11.3645 | ce 7.7501 | logit 3.6144 | train_acc 13.43%
[Stage2/Head] ep 133/600 | loss 11.1511 | ce 7.6496 | logit 3.5014 | train_acc 13.43%
[Stage2/Head] ep 134/600 | loss 10.9399 | ce 7.5493 | logit 3.3907 | train_acc 13.43%
[Stage2/Head] ep 135/600 | loss 10.7310 | ce 7.4490 | logit 3.2820 | train_acc 13.43%
[Stage2/Head] ep 136/600 | loss 10.5245 | ce 7.3490 | logit 3.1755 | train_acc 13.43%
[Stage2/Head] ep 137/600 | loss 10.3203 | ce 7.2490 | logit 3.0712 | train_acc 13.43%
[Stage2/Head] ep 138/600 | loss 10.1183 | ce 7.1493 | logit 2.9690 | train_acc 13.43%
[Stage2/Head] ep 139/600 | loss 9.9187 | ce 7.0497 | logit 2.8690 | train_acc 13.43%
[Stage2/Head] ep 140/600 | loss 9.7213 | ce 6.9503 | logit 2.7711 | train_acc 13.43%
[Stage2/Head] ep 141/600 | loss 9.5263 | ce 6.8510 | logit 2.6753 | train_acc 13.43%
[Stage2/Head] ep 142/600 | loss 9.3335 | ce 6.7519 | logit 2.5816 | train_acc 13.43%
[Stage2/Head] ep 143/600 | loss 9.1430 | ce 6.6530 | logit 2.4900 | train_acc 13.43%
[Stage2/Head] ep 144/600 | loss 8.9548 | ce 6.5542 | logit 2.4006 | train_acc 13.43%
[Stage2/Head] ep 145/600 | loss 8.7689 | ce 6.4557 | logit 2.3132 | train_acc 13.43%
[Stage2/Head] ep 146/600 | loss 8.5852 | ce 6.3573 | logit 2.2279 | train_acc 13.43%
[Stage2/Head] ep 147/600 | loss 8.4039 | ce 6.2592 | logit 2.1447 | train_acc 13.43%
[Stage2/Head] ep 148/600 | loss 8.2248 | ce 6.1612 | logit 2.0635 | train_acc 13.43%
[Stage2/Head] ep 149/600 | loss 8.0479 | ce 6.0635 | logit 1.9844 | train_acc 13.43%
[Stage2/Head] ep 150/600 | loss 7.8733 | ce 5.9660 | logit 1.9074 | train_acc 13.43%
[Stage2/Head] ep 151/600 | loss 7.7010 | ce 5.8686 | logit 1.8324 | train_acc 13.43%
[Stage2/Head] ep 152/600 | loss 7.5310 | ce 5.7716 | logit 1.7594 | train_acc 13.43%
[Stage2/Head] ep 153/600 | loss 7.3632 | ce 5.6747 | logit 1.6885 | train_acc 13.43%
[Stage2/Head] ep 154/600 | loss 7.1977 | ce 5.5781 | logit 1.6195 | train_acc 13.43%
[Stage2/Head] ep 155/600 | loss 7.0344 | ce 5.4818 | logit 1.5526 | train_acc 13.43%
[Stage2/Head] ep 156/600 | loss 6.8734 | ce 5.3858 | logit 1.4876 | train_acc 13.43%
[Stage2/Head] ep 157/600 | loss 6.7146 | ce 5.2900 | logit 1.4246 | train_acc 13.43%
[Stage2/Head] ep 158/600 | loss 6.5581 | ce 5.1945 | logit 1.3636 | train_acc 13.43%
[Stage2/Head] ep 159/600 | loss 6.4038 | ce 5.0993 | logit 1.3046 | train_acc 13.43%
[Stage2/Head] ep 160/600 | loss 6.2518 | ce 5.0044 | logit 1.2474 | train_acc 13.43%
[Stage2/Head] ep 161/600 | loss 6.1021 | ce 4.9099 | logit 1.1923 | train_acc 13.43%
[Stage2/Head] ep 162/600 | loss 5.9546 | ce 4.8157 | logit 1.1390 | train_acc 13.43%
[Stage2/Head] ep 163/600 | loss 5.8094 | ce 4.7218 | logit 1.0876 | train_acc 13.43%
[Stage2/Head] ep 164/600 | loss 5.6665 | ce 4.6284 | logit 1.0381 | train_acc 13.43%
[Stage2/Head] ep 165/600 | loss 5.5258 | ce 4.5353 | logit 0.9905 | train_acc 13.43%
[Stage2/Head] ep 166/600 | loss 5.3874 | ce 4.4427 | logit 0.9448 | train_acc 13.43%
[Stage2/Head] ep 167/600 | loss 5.2513 | ce 4.3505 | logit 0.9009 | train_acc 13.43%
[Stage2/Head] ep 168/600 | loss 5.1175 | ce 4.2587 | logit 0.8588 | train_acc 13.43%
[Stage2/Head] ep 169/600 | loss 4.9860 | ce 4.1675 | logit 0.8185 | train_acc 13.43%
[Stage2/Head] ep 170/600 | loss 4.8567 | ce 4.0767 | logit 0.7800 | train_acc 13.43%
[Stage2/Head] ep 171/600 | loss 4.7298 | ce 3.9866 | logit 0.7433 | train_acc 13.43%
[Stage2/Head] ep 172/600 | loss 4.6052 | ce 3.8969 | logit 0.7083 | train_acc 13.43%
[Stage2/Head] ep 173/600 | loss 4.4830 | ce 3.8079 | logit 0.6750 | train_acc 13.43%
[Stage2/Head] ep 174/600 | loss 4.3630 | ce 3.7195 | logit 0.6435 | train_acc 13.43%
[Stage2/Head] ep 175/600 | loss 4.2455 | ce 3.6318 | logit 0.6136 | train_acc 13.43%
[Stage2/Head] ep 176/600 | loss 4.1303 | ce 3.5448 | logit 0.5855 | train_acc 13.43%
[Stage2/Head] ep 177/600 | loss 4.0175 | ce 3.4586 | logit 0.5589 | train_acc 13.43%
[Stage2/Head] ep 178/600 | loss 3.9071 | ce 3.3731 | logit 0.5339 | train_acc 13.43%
[Stage2/Head] ep 179/600 | loss 3.7991 | ce 3.2885 | logit 0.5106 | train_acc 13.43%
[Stage2/Head] ep 180/600 | loss 3.6935 | ce 3.2047 | logit 0.4888 | train_acc 13.43%
[Stage2/Head] ep 181/600 | loss 3.5904 | ce 3.1219 | logit 0.4685 | train_acc 13.43%
[Stage2/Head] ep 182/600 | loss 3.4898 | ce 3.0400 | logit 0.4497 | train_acc 13.43%
[Stage2/Head] ep 183/600 | loss 3.3916 | ce 2.9592 | logit 0.4325 | train_acc 13.43%
[Stage2/Head] ep 184/600 | loss 3.2960 | ce 2.8794 | logit 0.4166 | train_acc 13.43%
[Stage2/Head] ep 185/600 | loss 3.2029 | ce 2.8007 | logit 0.4022 | train_acc 13.43%
[Stage2/Head] ep 186/600 | loss 3.1123 | ce 2.7232 | logit 0.3891 | train_acc 13.43%
[Stage2/Head] ep 187/600 | loss 3.0243 | ce 2.6469 | logit 0.3774 | train_acc 13.43%
[Stage2/Head] ep 188/600 | loss 2.9389 | ce 2.5719 | logit 0.3670 | train_acc 13.43%
[Stage2/Head] ep 189/600 | loss 2.8561 | ce 2.4982 | logit 0.3579 | train_acc 13.43%
[Stage2/Head] ep 190/600 | loss 2.7759 | ce 2.4259 | logit 0.3501 | train_acc 13.43%
[Stage2/Head] ep 191/600 | loss 2.6984 | ce 2.3550 | logit 0.3434 | train_acc 13.43%
[Stage2/Head] ep 192/600 | loss 2.6234 | ce 2.2855 | logit 0.3380 | train_acc 13.43%
[Stage2/Head] ep 193/600 | loss 2.5512 | ce 2.2175 | logit 0.3336 | train_acc 13.43%
[Stage2/Head] ep 194/600 | loss 2.4815 | ce 2.1511 | logit 0.3304 | train_acc 13.43%
[Stage2/Head] ep 195/600 | loss 2.4146 | ce 2.0863 | logit 0.3283 | train_acc 13.43%
[Stage2/Head] ep 196/600 | loss 2.3503 | ce 2.0231 | logit 0.3272 | train_acc 13.43%
[Stage2/Head] ep 197/600 | loss 2.2886 | ce 1.9615 | logit 0.3271 | train_acc 13.43%
[Stage2/Head] ep 198/600 | loss 2.2296 | ce 1.9016 | logit 0.3280 | train_acc 13.43%
[Stage2/Head] ep 199/600 | loss 2.1732 | ce 1.8434 | logit 0.3299 | train_acc 13.43%
[Stage2/Head] ep 200/600 | loss 2.1195 | ce 1.7869 | logit 0.3326 | train_acc 13.43%
[Stage2/Head] ep 201/600 | loss 2.0683 | ce 1.7321 | logit 0.3361 | train_acc 13.43%
[Stage2/Head] ep 202/600 | loss 2.0196 | ce 1.6791 | logit 0.3405 | train_acc 13.43%
[Stage2/Head] ep 203/600 | loss 1.9735 | ce 1.6279 | logit 0.3457 | train_acc 13.43%
[Stage2/Head] ep 204/600 | loss 1.9299 | ce 1.5783 | logit 0.3516 | train_acc 13.43%
[Stage2/Head] ep 205/600 | loss 1.8887 | ce 1.5306 | logit 0.3581 | train_acc 13.43%
[Stage2/Head] ep 206/600 | loss 1.8499 | ce 1.4845 | logit 0.3654 | train_acc 13.43%
[Stage2/Head] ep 207/600 | loss 1.8134 | ce 1.4402 | logit 0.3732 | train_acc 33.78%
[Stage2/Head] ep 208/600 | loss 1.7792 | ce 1.3976 | logit 0.3816 | train_acc 40.29%
[Stage2/Head] ep 209/600 | loss 1.7472 | ce 1.3566 | logit 0.3906 | train_acc 40.29%
[Stage2/Head] ep 210/600 | loss 1.7174 | ce 1.3174 | logit 0.4000 | train_acc 40.29%
[Stage2/Head] ep 211/600 | loss 1.6896 | ce 1.2797 | logit 0.4098 | train_acc 40.29%
[Stage2/Head] ep 212/600 | loss 1.6638 | ce 1.2437 | logit 0.4201 | train_acc 40.29%
[Stage2/Head] ep 213/600 | loss 1.6399 | ce 1.2093 | logit 0.4306 | train_acc 40.29%
[Stage2/Head] ep 214/600 | loss 1.6178 | ce 1.1764 | logit 0.4415 | train_acc 40.29%
[Stage2/Head] ep 215/600 | loss 1.5975 | ce 1.1450 | logit 0.4526 | train_acc 40.29%
[Stage2/Head] ep 216/600 | loss 1.5789 | ce 1.1150 | logit 0.4638 | train_acc 40.29%
[Stage2/Head] ep 217/600 | loss 1.5618 | ce 1.0866 | logit 0.4753 | train_acc 40.29%
[Stage2/Head] ep 218/600 | loss 1.5463 | ce 1.0595 | logit 0.4868 | train_acc 40.29%
[Stage2/Head] ep 219/600 | loss 1.5321 | ce 1.0337 | logit 0.4984 | train_acc 40.29%
[Stage2/Head] ep 220/600 | loss 1.5193 | ce 1.0093 | logit 0.5099 | train_acc 40.29%
[Stage2/Head] ep 221/600 | loss 1.5077 | ce 0.9862 | logit 0.5215 | train_acc 40.29%
[Stage2/Head] ep 222/600 | loss 1.4972 | ce 0.9643 | logit 0.5330 | train_acc 40.29%
[Stage2/Head] ep 223/600 | loss 1.4879 | ce 0.9436 | logit 0.5443 | train_acc 40.29%
[Stage2/Head] ep 224/600 | loss 1.4795 | ce 0.9241 | logit 0.5555 | train_acc 40.29%
[Stage2/Head] ep 225/600 | loss 1.4721 | ce 0.9056 | logit 0.5664 | train_acc 40.29%
[Stage2/Head] ep 226/600 | loss 1.4655 | ce 0.8883 | logit 0.5772 | train_acc 40.29%
[Stage2/Head] ep 227/600 | loss 1.4596 | ce 0.8720 | logit 0.5877 | train_acc 40.29%
[Stage2/Head] ep 228/600 | loss 1.4545 | ce 0.8567 | logit 0.5979 | train_acc 40.29%
[Stage2/Head] ep 229/600 | loss 1.4500 | ce 0.8423 | logit 0.6077 | train_acc 40.29%
[Stage2/Head] ep 230/600 | loss 1.4461 | ce 0.8289 | logit 0.6172 | train_acc 40.29%
[Stage2/Head] ep 231/600 | loss 1.4427 | ce 0.8163 | logit 0.6264 | train_acc 40.29%
[Stage2/Head] ep 232/600 | loss 1.4398 | ce 0.8046 | logit 0.6352 | train_acc 40.29%
[Stage2/Head] ep 233/600 | loss 1.4373 | ce 0.7938 | logit 0.6435 | train_acc 40.29%
[Stage2/Head] ep 234/600 | loss 1.4352 | ce 0.7837 | logit 0.6515 | train_acc 40.29%
[Stage2/Head] ep 235/600 | loss 1.4333 | ce 0.7743 | logit 0.6591 | train_acc 40.29%
[Stage2/Head] ep 236/600 | loss 1.4318 | ce 0.7656 | logit 0.6662 | train_acc 40.29%
[Stage2/Head] ep 237/600 | loss 1.4305 | ce 0.7576 | logit 0.6729 | train_acc 40.29%
[Stage2/Head] ep 238/600 | loss 1.4294 | ce 0.7503 | logit 0.6792 | train_acc 40.29%
[Stage2/Head] ep 239/600 | loss 1.4285 | ce 0.7435 | logit 0.6850 | train_acc 40.29%
[Stage2/Head] ep 240/600 | loss 1.4278 | ce 0.7373 | logit 0.6905 | train_acc 40.29%
[Stage2/Head] ep 241/600 | loss 1.4272 | ce 0.7317 | logit 0.6955 | train_acc 40.29%
[Stage2/Head] ep 242/600 | loss 1.4267 | ce 0.7265 | logit 0.7002 | train_acc 40.29%
[Stage2/Head] ep 243/600 | loss 1.4263 | ce 0.7218 | logit 0.7045 | train_acc 40.29%
[Stage2/Head] ep 244/600 | loss 1.4260 | ce 0.7176 | logit 0.7084 | train_acc 40.29%
[Stage2/Head] ep 245/600 | loss 1.4257 | ce 0.7138 | logit 0.7119 | train_acc 40.29%
[Stage2/Head] ep 246/600 | loss 1.4255 | ce 0.7104 | logit 0.7152 | train_acc 40.29%
[Stage2/Head] ep 247/600 | loss 1.4254 | ce 0.7073 | logit 0.7181 | train_acc 40.29%
[Stage2/Head] ep 248/600 | loss 1.4252 | ce 0.7046 | logit 0.7207 | train_acc 40.29%
[Stage2/Head] ep 249/600 | loss 1.4251 | ce 0.7021 | logit 0.7230 | train_acc 40.29%
[Stage2/Head] ep 250/600 | loss 1.4251 | ce 0.7000 | logit 0.7251 | train_acc 40.29%
[Stage2/Head] ep 251/600 | loss 1.4250 | ce 0.6981 | logit 0.7269 | train_acc 40.29%
[Stage2/Head] ep 252/600 | loss 1.4250 | ce 0.6964 | logit 0.7285 | train_acc 40.29%
[Stage2/Head] ep 253/600 | loss 1.4250 | ce 0.6950 | logit 0.7300 | train_acc 40.29%
[Stage2/Head] ep 254/600 | loss 1.4249 | ce 0.6937 | logit 0.7312 | train_acc 40.29%
[Stage2/Head] ep 255/600 | loss 1.4249 | ce 0.6926 | logit 0.7323 | train_acc 40.29%
[Stage2/Head] ep 256/600 | loss 1.4249 | ce 0.6917 | logit 0.7332 | train_acc 40.29%
[Stage2/Head] ep 257/600 | loss 1.4249 | ce 0.6909 | logit 0.7340 | train_acc 40.29%
[Stage2/Head] ep 258/600 | loss 1.4249 | ce 0.6902 | logit 0.7347 | train_acc 40.29%
[Stage2/Head] ep 259/600 | loss 1.4249 | ce 0.6896 | logit 0.7352 | train_acc 40.29%
[Stage2/Head] ep 260/600 | loss 1.4249 | ce 0.6892 | logit 0.7357 | train_acc 40.29%
[Stage2/Head] ep 261/600 | loss 1.4249 | ce 0.6887 | logit 0.7361 | train_acc 40.29%
[Stage2/Head] ep 262/600 | loss 1.4249 | ce 0.6884 | logit 0.7365 | train_acc 40.29%
[Stage2/Head] ep 263/600 | loss 1.4249 | ce 0.6881 | logit 0.7367 | train_acc 40.29%
[Stage2/Head] ep 264/600 | loss 1.4249 | ce 0.6879 | logit 0.7370 | train_acc 40.29%
[Stage2/Head] ep 265/600 | loss 1.4249 | ce 0.6877 | logit 0.7372 | train_acc 40.29%
[Stage2/Head] ep 266/600 | loss 1.4249 | ce 0.6876 | logit 0.7373 | train_acc 40.29%
[Stage2/Head] ep 267/600 | loss 1.4249 | ce 0.6875 | logit 0.7374 | train_acc 40.29%
[Stage2/Head] ep 268/600 | loss 1.4249 | ce 0.6874 | logit 0.7375 | train_acc 40.29%
[Stage2/Head] ep 269/600 | loss 1.4249 | ce 0.6873 | logit 0.7376 | train_acc 40.29%
[Stage2/Head] ep 270/600 | loss 1.4249 | ce 0.6872 | logit 0.7377 | train_acc 40.29%
[Stage2/Head] ep 271/600 | loss 1.4249 | ce 0.6872 | logit 0.7377 | train_acc 40.29%
[Stage2/Head] ep 272/600 | loss 1.4249 | ce 0.6871 | logit 0.7377 | train_acc 40.29%
[Stage2/Head] ep 273/600 | loss 1.4249 | ce 0.6871 | logit 0.7378 | train_acc 40.29%
[Stage2/Head] ep 274/600 | loss 1.4249 | ce 0.6871 | logit 0.7378 | train_acc 40.29%
[Stage2/Head] ep 275/600 | loss 1.4249 | ce 0.6871 | logit 0.7378 | train_acc 40.29%
[Stage2/Head] ep 276/600 | loss 1.4249 | ce 0.6871 | logit 0.7378 | train_acc 40.29%
[Stage2/Head] ep 277/600 | loss 1.4249 | ce 0.6871 | logit 0.7378 | train_acc 40.29%
[Stage2/Head] ep 278/600 | loss 1.4249 | ce 0.6871 | logit 0.7378 | train_acc 40.29%
[Stage2/Head] ep 279/600 | loss 1.4249 | ce 0.6871 | logit 0.7378 | train_acc 40.29%
[Stage2/Head] ep 280/600 | loss 1.4249 | ce 0.6871 | logit 0.7378 | train_acc 40.29%
[Stage2/Head] ep 281/600 | loss 1.4249 | ce 0.6871 | logit 0.7378 | train_acc 40.29%
[Stage2/Head] ep 282/600 | loss 1.4249 | ce 0.6871 | logit 0.7378 | train_acc 40.29%
[Stage2/Head] ep 283/600 | loss 1.4249 | ce 0.6871 | logit 0.7378 | train_acc 40.29%
[Stage2/Head] ep 284/600 | loss 1.4249 | ce 0.6871 | logit 0.7378 | train_acc 40.29%
[Stage2/Head] ep 285/600 | loss 1.4249 | ce 0.6871 | logit 0.7378 | train_acc 40.29%
[Stage2/Head] ep 286/600 | loss 1.4249 | ce 0.6871 | logit 0.7378 | train_acc 40.29%
[Stage2/Head] ep 287/600 | loss 1.4249 | ce 0.6871 | logit 0.7378 | train_acc 40.29%
[Stage2/Head] ep 288/600 | loss 1.4249 | ce 0.6871 | logit 0.7378 | train_acc 40.29%
[Stage2/Head] ep 289/600 | loss 1.4249 | ce 0.6871 | logit 0.7378 | train_acc 40.29%
[Stage2/Head] ep 290/600 | loss 1.4249 | ce 0.6871 | logit 0.7378 | train_acc 40.29%
[Stage2/Head] ep 291/600 | loss 1.4249 | ce 0.6871 | logit 0.7378 | train_acc 40.29%
[Stage2/Head] ep 292/600 | loss 1.4249 | ce 0.6871 | logit 0.7378 | train_acc 40.29%
[Stage2/Head] ep 293/600 | loss 1.4249 | ce 0.6871 | logit 0.7378 | train_acc 40.29%
[Stage2/Head] ep 294/600 | loss 1.4249 | ce 0.6871 | logit 0.7378 | train_acc 40.29%
[Stage2/Head] ep 295/600 | loss 1.4249 | ce 0.6871 | logit 0.7378 | train_acc 40.29%
[Stage2/Head] ep 296/600 | loss 1.4249 | ce 0.6871 | logit 0.7378 | train_acc 40.29%
[Stage2/Head] ep 297/600 | loss 1.4249 | ce 0.6871 | logit 0.7378 | train_acc 40.29%
[Stage2/Head] ep 298/600 | loss 1.4249 | ce 0.6871 | logit 0.7378 | train_acc 40.29%
[Stage2/Head] ep 299/600 | loss 1.4249 | ce 0.6871 | logit 0.7378 | train_acc 40.29%
[Stage2/Head] ep 300/600 | loss 1.4249 | ce 0.6871 | logit 0.7378 | train_acc 40.29%
[Stage2/Head] ep 301/600 | loss 1.4249 | ce 0.6871 | logit 0.7378 | train_acc 40.29%
[Stage2/Head] ep 302/600 | loss 1.4249 | ce 0.6871 | logit 0.7378 | train_acc 40.29%
[Stage2/Head] ep 303/600 | loss 1.4249 | ce 0.6871 | logit 0.7378 | train_acc 40.29%
[Stage2/Head] ep 304/600 | loss 1.4249 | ce 0.6871 | logit 0.7378 | train_acc 40.29%
[Stage2/Head] ep 305/600 | loss 1.4249 | ce 0.6871 | logit 0.7378 | train_acc 40.29%
[Stage2/Head] ep 306/600 | loss 1.4249 | ce 0.6871 | logit 0.7378 | train_acc 40.29%
[Stage2/Head] ep 307/600 | loss 1.4249 | ce 0.6871 | logit 0.7378 | train_acc 40.29%
[Stage2/Head] ep 308/600 | loss 1.4249 | ce 0.6871 | logit 0.7378 | train_acc 40.29%
[Stage2/Head] ep 309/600 | loss 1.4249 | ce 0.6871 | logit 0.7378 | train_acc 40.29%
[Stage2/Head] ep 310/600 | loss 1.4249 | ce 0.6871 | logit 0.7378 | train_acc 40.29%
[Stage2/Head] ep 311/600 | loss 1.4249 | ce 0.6871 | logit 0.7378 | train_acc 40.29%
[Stage2/Head] ep 312/600 | loss 1.4249 | ce 0.6871 | logit 0.7378 | train_acc 40.29%
[Stage2/Head] ep 313/600 | loss 1.4249 | ce 0.6870 | logit 0.7378 | train_acc 40.29%
[Stage2/Head] ep 314/600 | loss 1.4249 | ce 0.6870 | logit 0.7378 | train_acc 40.29%
[Stage2/Head] ep 315/600 | loss 1.4249 | ce 0.6870 | logit 0.7378 | train_acc 40.29%
[Stage2/Head] ep 316/600 | loss 1.4249 | ce 0.6870 | logit 0.7378 | train_acc 40.29%
[Stage2/Head] ep 317/600 | loss 1.4249 | ce 0.6870 | logit 0.7378 | train_acc 40.29%
[Stage2/Head] ep 318/600 | loss 1.4249 | ce 0.6870 | logit 0.7378 | train_acc 40.29%
[Stage2/Head] ep 319/600 | loss 1.4249 | ce 0.6870 | logit 0.7378 | train_acc 40.29%
[Stage2/Head] ep 320/600 | loss 1.4249 | ce 0.6870 | logit 0.7378 | train_acc 40.29%
[Stage2/Head] ep 321/600 | loss 1.4249 | ce 0.6870 | logit 0.7378 | train_acc 40.29%
[Stage2/Head] ep 322/600 | loss 1.4249 | ce 0.6870 | logit 0.7378 | train_acc 40.29%
[Stage2/Head] ep 323/600 | loss 1.4249 | ce 0.6870 | logit 0.7378 | train_acc 40.29%
[Stage2/Head] ep 324/600 | loss 1.4249 | ce 0.6870 | logit 0.7378 | train_acc 40.29%
[Stage2/Head] ep 325/600 | loss 1.4249 | ce 0.6870 | logit 0.7378 | train_acc 40.29%
[Stage2/Head] ep 326/600 | loss 1.4249 | ce 0.6870 | logit 0.7378 | train_acc 40.29%
[Stage2/Head] ep 327/600 | loss 1.4249 | ce 0.6870 | logit 0.7378 | train_acc 40.29%
[Stage2/Head] ep 328/600 | loss 1.4249 | ce 0.6870 | logit 0.7378 | train_acc 40.29%
[Stage2/Head] ep 329/600 | loss 1.4249 | ce 0.6870 | logit 0.7378 | train_acc 40.29%
[Stage2/Head] ep 330/600 | loss 1.4249 | ce 0.6870 | logit 0.7378 | train_acc 40.29%
[Stage2/Head] ep 331/600 | loss 1.4249 | ce 0.6870 | logit 0.7378 | train_acc 40.29%
[Stage2/Head] ep 332/600 | loss 1.4249 | ce 0.6870 | logit 0.7378 | train_acc 40.29%
[Stage2/Head] ep 333/600 | loss 1.4249 | ce 0.6870 | logit 0.7378 | train_acc 40.29%
[Stage2/Head] ep 334/600 | loss 1.4249 | ce 0.6870 | logit 0.7378 | train_acc 40.29%
[Stage2/Head] ep 335/600 | loss 1.4249 | ce 0.6870 | logit 0.7378 | train_acc 40.29%
[Stage2/Head] ep 336/600 | loss 1.4249 | ce 0.6870 | logit 0.7378 | train_acc 40.29%
[Stage2/Head] ep 337/600 | loss 1.4249 | ce 0.6870 | logit 0.7378 | train_acc 40.29%
[Stage2/Head] ep 338/600 | loss 1.4249 | ce 0.6870 | logit 0.7378 | train_acc 40.29%
[Stage2/Head] ep 339/600 | loss 1.4249 | ce 0.6870 | logit 0.7378 | train_acc 40.29%
[Stage2/Head] ep 340/600 | loss 1.4249 | ce 0.6870 | logit 0.7378 | train_acc 40.29%
[Stage2/Head] ep 341/600 | loss 1.4249 | ce 0.6870 | logit 0.7378 | train_acc 40.29%
[Stage2/Head] ep 342/600 | loss 1.4249 | ce 0.6870 | logit 0.7378 | train_acc 40.29%
[Stage2/Head] ep 343/600 | loss 1.4249 | ce 0.6870 | logit 0.7378 | train_acc 40.29%
[Stage2/Head] ep 344/600 | loss 1.4249 | ce 0.6870 | logit 0.7378 | train_acc 40.29%
[Stage2/Head] ep 345/600 | loss 1.4249 | ce 0.6870 | logit 0.7378 | train_acc 40.29%
[Stage2/Head] ep 346/600 | loss 1.4249 | ce 0.6870 | logit 0.7378 | train_acc 40.29%
[Stage2/Head] ep 347/600 | loss 1.4249 | ce 0.6870 | logit 0.7378 | train_acc 40.29%
[Stage2/Head] ep 348/600 | loss 1.4249 | ce 0.6870 | logit 0.7378 | train_acc 40.29%
[Stage2/Head] ep 349/600 | loss 1.4249 | ce 0.6870 | logit 0.7378 | train_acc 40.29%
[Stage2/Head] ep 350/600 | loss 1.4249 | ce 0.6870 | logit 0.7378 | train_acc 40.29%
[Stage2/Head] ep 351/600 | loss 1.4249 | ce 0.6870 | logit 0.7378 | train_acc 40.29%
[Stage2/Head] ep 352/600 | loss 1.4249 | ce 0.6870 | logit 0.7378 | train_acc 40.29%
[Stage2/Head] ep 353/600 | loss 1.4249 | ce 0.6870 | logit 0.7378 | train_acc 40.29%
[Stage2/Head] ep 354/600 | loss 1.4249 | ce 0.6870 | logit 0.7378 | train_acc 40.29%
[Stage2/Head] ep 355/600 | loss 1.4249 | ce 0.6870 | logit 0.7378 | train_acc 40.29%
[Stage2/Head] ep 356/600 | loss 1.4249 | ce 0.6870 | logit 0.7378 | train_acc 40.29%
[Stage2/Head] ep 357/600 | loss 1.4249 | ce 0.6870 | logit 0.7378 | train_acc 40.29%
[Stage2/Head] ep 358/600 | loss 1.4249 | ce 0.6870 | logit 0.7378 | train_acc 40.29%
[Stage2/Head] ep 359/600 | loss 1.4249 | ce 0.6870 | logit 0.7378 | train_acc 40.29%
[Stage2/Head] ep 360/600 | loss 1.4249 | ce 0.6870 | logit 0.7378 | train_acc 40.29%
[Stage2/Head] ep 361/600 | loss 1.4249 | ce 0.6870 | logit 0.7378 | train_acc 40.29%
[Stage2/Head] ep 362/600 | loss 1.4249 | ce 0.6870 | logit 0.7378 | train_acc 40.29%
[Stage2/Head] ep 363/600 | loss 1.4249 | ce 0.6870 | logit 0.7378 | train_acc 40.29%
[Stage2/Head] ep 364/600 | loss 1.4249 | ce 0.6870 | logit 0.7378 | train_acc 40.29%
[Stage2/Head] ep 365/600 | loss 1.4249 | ce 0.6870 | logit 0.7378 | train_acc 40.29%
[Stage2/Head] ep 366/600 | loss 1.4249 | ce 0.6870 | logit 0.7378 | train_acc 40.29%
[Stage2/Head] ep 367/600 | loss 1.4249 | ce 0.6870 | logit 0.7378 | train_acc 40.29%
[Stage2/Head] ep 368/600 | loss 1.4249 | ce 0.6870 | logit 0.7378 | train_acc 40.29%
[Stage2/Head] ep 369/600 | loss 1.4249 | ce 0.6870 | logit 0.7378 | train_acc 40.29%
[Stage2/Head] ep 370/600 | loss 1.4249 | ce 0.6870 | logit 0.7378 | train_acc 40.29%
[Stage2/Head] ep 371/600 | loss 1.4249 | ce 0.6870 | logit 0.7378 | train_acc 40.29%
[Stage2/Head] ep 372/600 | loss 1.4249 | ce 0.6870 | logit 0.7378 | train_acc 40.29%
[Stage2/Head] ep 373/600 | loss 1.4249 | ce 0.6870 | logit 0.7378 | train_acc 40.29%
[Stage2/Head] ep 374/600 | loss 1.4249 | ce 0.6870 | logit 0.7378 | train_acc 40.29%
[Stage2/Head] ep 375/600 | loss 1.4249 | ce 0.6870 | logit 0.7378 | train_acc 40.29%
[Stage2/Head] ep 376/600 | loss 1.4249 | ce 0.6870 | logit 0.7378 | train_acc 40.29%
[Stage2/Head] ep 377/600 | loss 1.4249 | ce 0.6870 | logit 0.7378 | train_acc 40.29%
[Stage2/Head] ep 378/600 | loss 1.4249 | ce 0.6870 | logit 0.7378 | train_acc 40.29%
[Stage2/Head] ep 379/600 | loss 1.4249 | ce 0.6870 | logit 0.7378 | train_acc 40.29%
[Stage2/Head] ep 380/600 | loss 1.4249 | ce 0.6870 | logit 0.7378 | train_acc 40.29%
[Stage2/Head] ep 381/600 | loss 1.4249 | ce 0.6870 | logit 0.7378 | train_acc 40.29%
[Stage2/Head] ep 382/600 | loss 1.4249 | ce 0.6870 | logit 0.7378 | train_acc 40.29%
[Stage2/Head] ep 383/600 | loss 1.4249 | ce 0.6870 | logit 0.7378 | train_acc 40.29%
[Stage2/Head] ep 384/600 | loss 1.4249 | ce 0.6870 | logit 0.7378 | train_acc 40.29%
[Stage2/Head] ep 385/600 | loss 1.4249 | ce 0.6870 | logit 0.7378 | train_acc 40.29%
[Stage2/Head] ep 386/600 | loss 1.4249 | ce 0.6870 | logit 0.7378 | train_acc 40.29%
[Stage2/Head] ep 387/600 | loss 1.4249 | ce 0.6870 | logit 0.7378 | train_acc 40.29%
[Stage2/Head] ep 388/600 | loss 1.4249 | ce 0.6870 | logit 0.7378 | train_acc 40.29%
[Stage2/Head] ep 389/600 | loss 1.4249 | ce 0.6870 | logit 0.7378 | train_acc 40.29%
[Stage2/Head] ep 390/600 | loss 1.4249 | ce 0.6870 | logit 0.7378 | train_acc 40.29%
[Stage2/Head] ep 391/600 | loss 1.4249 | ce 0.6870 | logit 0.7378 | train_acc 40.29%
[Stage2/Head] ep 392/600 | loss 1.4249 | ce 0.6870 | logit 0.7378 | train_acc 40.29%
[Stage2/Head] ep 393/600 | loss 1.4249 | ce 0.6870 | logit 0.7378 | train_acc 40.29%
[Stage2/Head] ep 394/600 | loss 1.4249 | ce 0.6870 | logit 0.7378 | train_acc 40.29%
[Stage2/Head] ep 395/600 | loss 1.4249 | ce 0.6870 | logit 0.7378 | train_acc 40.29%
[Stage2/Head] ep 396/600 | loss 1.4249 | ce 0.6870 | logit 0.7378 | train_acc 40.29%
[Stage2/Head] ep 397/600 | loss 1.4249 | ce 0.6870 | logit 0.7378 | train_acc 40.29%
[Stage2/Head] ep 398/600 | loss 1.4249 | ce 0.6870 | logit 0.7378 | train_acc 40.29%
[Stage2/Head] ep 399/600 | loss 1.4249 | ce 0.6870 | logit 0.7378 | train_acc 40.29%
[Stage2/Head] ep 400/600 | loss 1.4249 | ce 0.6870 | logit 0.7378 | train_acc 40.29%
[Stage2/Head] ep 401/600 | loss 1.4249 | ce 0.6870 | logit 0.7378 | train_acc 40.29%
[Stage2/Head] ep 402/600 | loss 1.4249 | ce 0.6870 | logit 0.7378 | train_acc 40.29%
[Stage2/Head] ep 403/600 | loss 1.4249 | ce 0.6870 | logit 0.7378 | train_acc 40.29%
[Stage2/Head] ep 404/600 | loss 1.4249 | ce 0.6870 | logit 0.7378 | train_acc 40.29%
[Stage2/Head] ep 405/600 | loss 1.4249 | ce 0.6870 | logit 0.7378 | train_acc 40.29%
[Stage2/Head] ep 406/600 | loss 1.4249 | ce 0.6870 | logit 0.7378 | train_acc 40.29%
[Stage2/Head] ep 407/600 | loss 1.4249 | ce 0.6870 | logit 0.7378 | train_acc 40.29%
[Stage2/Head] ep 408/600 | loss 1.4249 | ce 0.6870 | logit 0.7378 | train_acc 40.29%
[Stage2/Head] ep 409/600 | loss 1.4249 | ce 0.6870 | logit 0.7378 | train_acc 40.29%
[Stage2/Head] ep 410/600 | loss 1.4249 | ce 0.6870 | logit 0.7378 | train_acc 40.29%
[Stage2/Head] ep 411/600 | loss 1.4249 | ce 0.6870 | logit 0.7378 | train_acc 40.29%
[Stage2/Head] ep 412/600 | loss 1.4249 | ce 0.6870 | logit 0.7378 | train_acc 40.29%
[Stage2/Head] ep 413/600 | loss 1.4249 | ce 0.6870 | logit 0.7378 | train_acc 40.29%
[Stage2/Head] ep 414/600 | loss 1.4249 | ce 0.6870 | logit 0.7378 | train_acc 40.29%
[Stage2/Head] ep 415/600 | loss 1.4249 | ce 0.6870 | logit 0.7378 | train_acc 40.29%
[Stage2/Head] ep 416/600 | loss 1.4249 | ce 0.6870 | logit 0.7378 | train_acc 40.29%
[Stage2/Head] ep 417/600 | loss 1.4249 | ce 0.6870 | logit 0.7378 | train_acc 40.29%
[Stage2/Head] ep 418/600 | loss 1.4249 | ce 0.6870 | logit 0.7378 | train_acc 40.29%
[Stage2/Head] ep 419/600 | loss 1.4249 | ce 0.6870 | logit 0.7378 | train_acc 40.29%
[Stage2/Head] ep 420/600 | loss 1.4249 | ce 0.6870 | logit 0.7378 | train_acc 40.29%
[Stage2/Head] ep 421/600 | loss 1.4249 | ce 0.6870 | logit 0.7378 | train_acc 40.29%
[Stage2/Head] ep 422/600 | loss 1.4249 | ce 0.6870 | logit 0.7378 | train_acc 40.29%
[Stage2/Head] ep 423/600 | loss 1.4249 | ce 0.6870 | logit 0.7378 | train_acc 40.29%
[Stage2/Head] ep 424/600 | loss 1.4249 | ce 0.6870 | logit 0.7378 | train_acc 40.29%
[Stage2/Head] ep 425/600 | loss 1.4249 | ce 0.6870 | logit 0.7378 | train_acc 40.29%
[Stage2/Head] ep 426/600 | loss 1.4249 | ce 0.6870 | logit 0.7378 | train_acc 40.29%
[Stage2/Head] ep 427/600 | loss 1.4249 | ce 0.6870 | logit 0.7378 | train_acc 40.29%
[Stage2/Head] ep 428/600 | loss 1.4249 | ce 0.6870 | logit 0.7378 | train_acc 40.29%
[Stage2/Head] ep 429/600 | loss 1.4249 | ce 0.6870 | logit 0.7378 | train_acc 40.29%
[Stage2/Head] ep 430/600 | loss 1.4249 | ce 0.6870 | logit 0.7378 | train_acc 40.29%
[Stage2/Head] ep 431/600 | loss 1.4249 | ce 0.6870 | logit 0.7378 | train_acc 40.29%
[Stage2/Head] ep 432/600 | loss 1.4249 | ce 0.6870 | logit 0.7378 | train_acc 40.29%
[Stage2/Head] ep 433/600 | loss 1.4249 | ce 0.6870 | logit 0.7378 | train_acc 40.29%
[Stage2/Head] ep 434/600 | loss 1.4249 | ce 0.6870 | logit 0.7378 | train_acc 40.29%
[Stage2/Head] ep 435/600 | loss 1.4249 | ce 0.6870 | logit 0.7378 | train_acc 40.29%
[Stage2/Head] ep 436/600 | loss 1.4249 | ce 0.6870 | logit 0.7378 | train_acc 40.29%
[Stage2/Head] ep 437/600 | loss 1.4249 | ce 0.6870 | logit 0.7378 | train_acc 40.29%
[Stage2/Head] ep 438/600 | loss 1.4249 | ce 0.6870 | logit 0.7378 | train_acc 40.29%
[Stage2/Head] ep 439/600 | loss 1.4249 | ce 0.6870 | logit 0.7378 | train_acc 40.29%
[Stage2/Head] ep 440/600 | loss 1.4249 | ce 0.6870 | logit 0.7378 | train_acc 40.29%
[Stage2/Head] ep 441/600 | loss 1.4249 | ce 0.6870 | logit 0.7378 | train_acc 40.29%
[Stage2/Head] ep 442/600 | loss 1.4249 | ce 0.6870 | logit 0.7378 | train_acc 40.29%
[Stage2/Head] ep 443/600 | loss 1.4249 | ce 0.6870 | logit 0.7378 | train_acc 40.29%
[Stage2/Head] ep 444/600 | loss 1.4249 | ce 0.6870 | logit 0.7378 | train_acc 40.29%
[Stage2/Head] ep 445/600 | loss 1.4249 | ce 0.6870 | logit 0.7378 | train_acc 40.29%
[Stage2/Head] ep 446/600 | loss 1.4249 | ce 0.6870 | logit 0.7378 | train_acc 40.29%
[Stage2/Head] ep 447/600 | loss 1.4249 | ce 0.6870 | logit 0.7378 | train_acc 40.29%
[Stage2/Head] ep 448/600 | loss 1.4249 | ce 0.6870 | logit 0.7378 | train_acc 40.29%
[Stage2/Head] ep 449/600 | loss 1.4249 | ce 0.6870 | logit 0.7378 | train_acc 40.29%
[Stage2/Head] ep 450/600 | loss 1.4249 | ce 0.6870 | logit 0.7378 | train_acc 40.29%
[Stage2/Head] ep 451/600 | loss 1.4249 | ce 0.6870 | logit 0.7378 | train_acc 40.29%
[Stage2/Head] ep 452/600 | loss 1.4249 | ce 0.6870 | logit 0.7378 | train_acc 40.29%
[Stage2/Head] ep 453/600 | loss 1.4249 | ce 0.6870 | logit 0.7378 | train_acc 40.29%
[Stage2/Head] ep 454/600 | loss 1.4249 | ce 0.6870 | logit 0.7378 | train_acc 40.29%
[Stage2/Head] ep 455/600 | loss 1.4249 | ce 0.6870 | logit 0.7378 | train_acc 40.29%
[Stage2/Head] ep 456/600 | loss 1.4249 | ce 0.6870 | logit 0.7378 | train_acc 40.29%
[Stage2/Head] ep 457/600 | loss 1.4249 | ce 0.6870 | logit 0.7378 | train_acc 40.29%
[Stage2/Head] ep 458/600 | loss 1.4249 | ce 0.6870 | logit 0.7378 | train_acc 40.29%
[Stage2/Head] ep 459/600 | loss 1.4249 | ce 0.6870 | logit 0.7378 | train_acc 40.29%
[Stage2/Head] ep 460/600 | loss 1.4249 | ce 0.6870 | logit 0.7378 | train_acc 40.29%
[Stage2/Head] ep 461/600 | loss 1.4249 | ce 0.6870 | logit 0.7378 | train_acc 40.29%
[Stage2/Head] ep 462/600 | loss 1.4249 | ce 0.6870 | logit 0.7378 | train_acc 40.29%
[Stage2/Head] ep 463/600 | loss 1.4249 | ce 0.6870 | logit 0.7378 | train_acc 40.29%
[Stage2/Head] ep 464/600 | loss 1.4249 | ce 0.6870 | logit 0.7378 | train_acc 40.29%
[Stage2/Head] ep 465/600 | loss 1.4249 | ce 0.6870 | logit 0.7378 | train_acc 40.29%
[Stage2/Head] ep 466/600 | loss 1.4249 | ce 0.6870 | logit 0.7378 | train_acc 40.29%
[Stage2/Head] ep 467/600 | loss 1.4249 | ce 0.6870 | logit 0.7378 | train_acc 40.29%
[Stage2/Head] ep 468/600 | loss 1.4249 | ce 0.6870 | logit 0.7378 | train_acc 40.29%
[Stage2/Head] ep 469/600 | loss 1.4249 | ce 0.6870 | logit 0.7378 | train_acc 40.29%
[Stage2/Head] ep 470/600 | loss 1.4249 | ce 0.6870 | logit 0.7378 | train_acc 40.29%
[Stage2/Head] ep 471/600 | loss 1.4249 | ce 0.6870 | logit 0.7378 | train_acc 40.29%
[Stage2/Head] ep 472/600 | loss 1.4249 | ce 0.6870 | logit 0.7378 | train_acc 40.29%
[Stage2/Head] ep 473/600 | loss 1.4249 | ce 0.6870 | logit 0.7378 | train_acc 40.29%
[Stage2/Head] ep 474/600 | loss 1.4249 | ce 0.6870 | logit 0.7378 | train_acc 40.29%
[Stage2/Head] ep 475/600 | loss 1.4249 | ce 0.6870 | logit 0.7378 | train_acc 40.29%
[Stage2/Head] ep 476/600 | loss 1.4249 | ce 0.6870 | logit 0.7378 | train_acc 40.29%
[Stage2/Head] ep 477/600 | loss 1.4249 | ce 0.6870 | logit 0.7378 | train_acc 40.29%
[Stage2/Head] ep 478/600 | loss 1.4249 | ce 0.6870 | logit 0.7378 | train_acc 40.29%
[Stage2/Head] ep 479/600 | loss 1.4249 | ce 0.6870 | logit 0.7378 | train_acc 40.29%
[Stage2/Head] ep 480/600 | loss 1.4249 | ce 0.6870 | logit 0.7378 | train_acc 40.29%
[Stage2/Head] ep 481/600 | loss 1.4249 | ce 0.6870 | logit 0.7378 | train_acc 40.29%
[Stage2/Head] ep 482/600 | loss 1.4249 | ce 0.6870 | logit 0.7378 | train_acc 40.29%
[Stage2/Head] ep 483/600 | loss 1.4249 | ce 0.6870 | logit 0.7378 | train_acc 40.29%
[Stage2/Head] ep 484/600 | loss 1.4249 | ce 0.6870 | logit 0.7378 | train_acc 40.29%
[Stage2/Head] ep 485/600 | loss 1.4249 | ce 0.6870 | logit 0.7378 | train_acc 40.29%
[Stage2/Head] ep 486/600 | loss 1.4249 | ce 0.6870 | logit 0.7378 | train_acc 40.29%
[Stage2/Head] ep 487/600 | loss 1.4249 | ce 0.6870 | logit 0.7378 | train_acc 40.29%
[Stage2/Head] ep 488/600 | loss 1.4249 | ce 0.6870 | logit 0.7378 | train_acc 40.29%
[Stage2/Head] ep 489/600 | loss 1.4249 | ce 0.6870 | logit 0.7378 | train_acc 40.29%
[Stage2/Head] ep 490/600 | loss 1.4249 | ce 0.6870 | logit 0.7378 | train_acc 40.29%
[Stage2/Head] ep 491/600 | loss 1.4249 | ce 0.6870 | logit 0.7378 | train_acc 40.29%
[Stage2/Head] ep 492/600 | loss 1.4249 | ce 0.6870 | logit 0.7378 | train_acc 40.29%
[Stage2/Head] ep 493/600 | loss 1.4249 | ce 0.6870 | logit 0.7378 | train_acc 40.29%
[Stage2/Head] ep 494/600 | loss 1.4249 | ce 0.6870 | logit 0.7378 | train_acc 40.29%
[Stage2/Head] ep 495/600 | loss 1.4249 | ce 0.6870 | logit 0.7378 | train_acc 40.29%
[Stage2/Head] ep 496/600 | loss 1.4249 | ce 0.6870 | logit 0.7378 | train_acc 40.29%
[Stage2/Head] ep 497/600 | loss 1.4249 | ce 0.6870 | logit 0.7378 | train_acc 40.29%
[Stage2/Head] ep 498/600 | loss 1.4249 | ce 0.6870 | logit 0.7378 | train_acc 40.29%
[Stage2/Head] ep 499/600 | loss 1.4249 | ce 0.6870 | logit 0.7378 | train_acc 40.29%
[Stage2/Head] ep 500/600 | loss 1.4249 | ce 0.6870 | logit 0.7378 | train_acc 40.29%
[Stage2/Head] ep 501/600 | loss 1.4249 | ce 0.6870 | logit 0.7378 | train_acc 40.29%
[Stage2/Head] ep 502/600 | loss 1.4249 | ce 0.6870 | logit 0.7378 | train_acc 40.29%
[Stage2/Head] ep 503/600 | loss 1.4249 | ce 0.6870 | logit 0.7378 | train_acc 40.29%
[Stage2/Head] ep 504/600 | loss 1.4249 | ce 0.6870 | logit 0.7378 | train_acc 40.29%
[Stage2/Head] ep 505/600 | loss 1.4249 | ce 0.6870 | logit 0.7378 | train_acc 40.29%
[Stage2/Head] ep 506/600 | loss 1.4249 | ce 0.6870 | logit 0.7378 | train_acc 40.29%
[Stage2/Head] ep 507/600 | loss 1.4249 | ce 0.6870 | logit 0.7378 | train_acc 40.29%
[Stage2/Head] ep 508/600 | loss 1.4249 | ce 0.6870 | logit 0.7378 | train_acc 40.29%
[Stage2/Head] ep 509/600 | loss 1.4249 | ce 0.6870 | logit 0.7378 | train_acc 40.29%
[Stage2/Head] ep 510/600 | loss 1.4249 | ce 0.6870 | logit 0.7378 | train_acc 40.29%
[Stage2/Head] ep 511/600 | loss 1.4249 | ce 0.6870 | logit 0.7378 | train_acc 40.29%
[Stage2/Head] ep 512/600 | loss 1.4249 | ce 0.6870 | logit 0.7378 | train_acc 40.29%
[Stage2/Head] ep 513/600 | loss 1.4249 | ce 0.6870 | logit 0.7378 | train_acc 40.29%
[Stage2/Head] ep 514/600 | loss 1.4249 | ce 0.6870 | logit 0.7378 | train_acc 40.29%
[Stage2/Head] ep 515/600 | loss 1.4249 | ce 0.6870 | logit 0.7378 | train_acc 40.29%
[Stage2/Head] ep 516/600 | loss 1.4249 | ce 0.6870 | logit 0.7378 | train_acc 40.29%
[Stage2/Head] ep 517/600 | loss 1.4249 | ce 0.6870 | logit 0.7378 | train_acc 40.29%
[Stage2/Head] ep 518/600 | loss 1.4249 | ce 0.6870 | logit 0.7378 | train_acc 40.29%
[Stage2/Head] ep 519/600 | loss 1.4249 | ce 0.6870 | logit 0.7378 | train_acc 40.29%
[Stage2/Head] ep 520/600 | loss 1.4249 | ce 0.6870 | logit 0.7378 | train_acc 40.29%
[Stage2/Head] ep 521/600 | loss 1.4249 | ce 0.6870 | logit 0.7378 | train_acc 40.29%
[Stage2/Head] ep 522/600 | loss 1.4249 | ce 0.6870 | logit 0.7378 | train_acc 40.29%
[Stage2/Head] ep 523/600 | loss 1.4249 | ce 0.6870 | logit 0.7378 | train_acc 40.29%
[Stage2/Head] ep 524/600 | loss 1.4249 | ce 0.6870 | logit 0.7378 | train_acc 40.29%
[Stage2/Head] ep 525/600 | loss 1.4249 | ce 0.6870 | logit 0.7378 | train_acc 40.29%
[Stage2/Head] ep 526/600 | loss 1.4249 | ce 0.6870 | logit 0.7378 | train_acc 40.29%
[Stage2/Head] ep 527/600 | loss 1.4249 | ce 0.6870 | logit 0.7378 | train_acc 40.29%
[Stage2/Head] ep 528/600 | loss 1.4249 | ce 0.6870 | logit 0.7378 | train_acc 40.29%
[Stage2/Head] ep 529/600 | loss 1.4249 | ce 0.6870 | logit 0.7378 | train_acc 40.29%
[Stage2/Head] ep 530/600 | loss 1.4249 | ce 0.6870 | logit 0.7378 | train_acc 40.29%
[Stage2/Head] ep 531/600 | loss 1.4249 | ce 0.6870 | logit 0.7378 | train_acc 40.29%
[Stage2/Head] ep 532/600 | loss 1.4249 | ce 0.6870 | logit 0.7378 | train_acc 40.29%
[Stage2/Head] ep 533/600 | loss 1.4249 | ce 0.6870 | logit 0.7378 | train_acc 40.29%
[Stage2/Head] ep 534/600 | loss 1.4249 | ce 0.6870 | logit 0.7378 | train_acc 40.29%
[Stage2/Head] ep 535/600 | loss 1.4249 | ce 0.6870 | logit 0.7378 | train_acc 40.29%
[Stage2/Head] ep 536/600 | loss 1.4249 | ce 0.6870 | logit 0.7378 | train_acc 40.29%
[Stage2/Head] ep 537/600 | loss 1.4249 | ce 0.6870 | logit 0.7378 | train_acc 40.29%
[Stage2/Head] ep 538/600 | loss 1.4249 | ce 0.6870 | logit 0.7378 | train_acc 40.29%
[Stage2/Head] ep 539/600 | loss 1.4249 | ce 0.6870 | logit 0.7378 | train_acc 40.29%
[Stage2/Head] ep 540/600 | loss 1.4249 | ce 0.6870 | logit 0.7378 | train_acc 40.29%
[Stage2/Head] ep 541/600 | loss 1.4249 | ce 0.6870 | logit 0.7378 | train_acc 40.29%
[Stage2/Head] ep 542/600 | loss 1.4249 | ce 0.6870 | logit 0.7378 | train_acc 40.29%
[Stage2/Head] ep 543/600 | loss 1.4249 | ce 0.6870 | logit 0.7378 | train_acc 40.29%
[Stage2/Head] ep 544/600 | loss 1.4249 | ce 0.6870 | logit 0.7378 | train_acc 40.29%
[Stage2/Head] ep 545/600 | loss 1.4249 | ce 0.6870 | logit 0.7378 | train_acc 40.29%
[Stage2/Head] ep 546/600 | loss 1.4249 | ce 0.6870 | logit 0.7378 | train_acc 40.29%
[Stage2/Head] ep 547/600 | loss 1.4249 | ce 0.6870 | logit 0.7378 | train_acc 40.29%
[Stage2/Head] ep 548/600 | loss 1.4249 | ce 0.6870 | logit 0.7378 | train_acc 40.29%
[Stage2/Head] ep 549/600 | loss 1.4249 | ce 0.6870 | logit 0.7378 | train_acc 40.29%
[Stage2/Head] ep 550/600 | loss 1.4249 | ce 0.6870 | logit 0.7378 | train_acc 40.29%
[Stage2/Head] ep 551/600 | loss 1.4249 | ce 0.6870 | logit 0.7378 | train_acc 40.29%
[Stage2/Head] ep 552/600 | loss 1.4249 | ce 0.6870 | logit 0.7378 | train_acc 40.29%
[Stage2/Head] ep 553/600 | loss 1.4249 | ce 0.6870 | logit 0.7378 | train_acc 40.29%
[Stage2/Head] ep 554/600 | loss 1.4249 | ce 0.6870 | logit 0.7378 | train_acc 40.29%
[Stage2/Head] ep 555/600 | loss 1.4249 | ce 0.6870 | logit 0.7378 | train_acc 40.29%
[Stage2/Head] ep 556/600 | loss 1.4249 | ce 0.6870 | logit 0.7378 | train_acc 40.29%
[Stage2/Head] ep 557/600 | loss 1.4249 | ce 0.6870 | logit 0.7378 | train_acc 40.29%
[Stage2/Head] ep 558/600 | loss 1.4249 | ce 0.6870 | logit 0.7378 | train_acc 40.29%
[Stage2/Head] ep 559/600 | loss 1.4249 | ce 0.6870 | logit 0.7378 | train_acc 40.29%
[Stage2/Head] ep 560/600 | loss 1.4249 | ce 0.6870 | logit 0.7378 | train_acc 40.29%
[Stage2/Head] ep 561/600 | loss 1.4249 | ce 0.6870 | logit 0.7378 | train_acc 40.29%
[Stage2/Head] ep 562/600 | loss 1.4249 | ce 0.6870 | logit 0.7378 | train_acc 40.29%
[Stage2/Head] ep 563/600 | loss 1.4249 | ce 0.6870 | logit 0.7378 | train_acc 40.29%
[Stage2/Head] ep 564/600 | loss 1.4249 | ce 0.6870 | logit 0.7378 | train_acc 40.29%
[Stage2/Head] ep 565/600 | loss 1.4249 | ce 0.6870 | logit 0.7378 | train_acc 40.29%
[Stage2/Head] ep 566/600 | loss 1.4249 | ce 0.6870 | logit 0.7378 | train_acc 40.29%
[Stage2/Head] ep 567/600 | loss 1.4249 | ce 0.6870 | logit 0.7378 | train_acc 40.29%
[Stage2/Head] ep 568/600 | loss 1.4249 | ce 0.6870 | logit 0.7378 | train_acc 40.29%
[Stage2/Head] ep 569/600 | loss 1.4249 | ce 0.6870 | logit 0.7378 | train_acc 40.29%
[Stage2/Head] ep 570/600 | loss 1.4249 | ce 0.6870 | logit 0.7378 | train_acc 40.29%
[Stage2/Head] ep 571/600 | loss 1.4249 | ce 0.6870 | logit 0.7378 | train_acc 40.29%
[Stage2/Head] ep 572/600 | loss 1.4249 | ce 0.6870 | logit 0.7378 | train_acc 40.29%
[Stage2/Head] ep 573/600 | loss 1.4249 | ce 0.6870 | logit 0.7378 | train_acc 40.29%
[Stage2/Head] ep 574/600 | loss 1.4249 | ce 0.6870 | logit 0.7378 | train_acc 40.29%
[Stage2/Head] ep 575/600 | loss 1.4249 | ce 0.6870 | logit 0.7378 | train_acc 40.29%
[Stage2/Head] ep 576/600 | loss 1.4249 | ce 0.6870 | logit 0.7378 | train_acc 40.29%
[Stage2/Head] ep 577/600 | loss 1.4249 | ce 0.6870 | logit 0.7378 | train_acc 40.29%
[Stage2/Head] ep 578/600 | loss 1.4249 | ce 0.6870 | logit 0.7378 | train_acc 40.29%
[Stage2/Head] ep 579/600 | loss 1.4249 | ce 0.6870 | logit 0.7378 | train_acc 40.29%
[Stage2/Head] ep 580/600 | loss 1.4249 | ce 0.6870 | logit 0.7378 | train_acc 40.29%
[Stage2/Head] ep 581/600 | loss 1.4249 | ce 0.6870 | logit 0.7378 | train_acc 40.29%
[Stage2/Head] ep 582/600 | loss 1.4249 | ce 0.6870 | logit 0.7378 | train_acc 40.29%
[Stage2/Head] ep 583/600 | loss 1.4249 | ce 0.6870 | logit 0.7378 | train_acc 40.29%
[Stage2/Head] ep 584/600 | loss 1.4249 | ce 0.6870 | logit 0.7378 | train_acc 40.29%
[Stage2/Head] ep 585/600 | loss 1.4249 | ce 0.6870 | logit 0.7378 | train_acc 40.29%
[Stage2/Head] ep 586/600 | loss 1.4249 | ce 0.6870 | logit 0.7378 | train_acc 40.29%
[Stage2/Head] ep 587/600 | loss 1.4249 | ce 0.6870 | logit 0.7378 | train_acc 40.29%
[Stage2/Head] ep 588/600 | loss 1.4249 | ce 0.6870 | logit 0.7378 | train_acc 40.29%
[Stage2/Head] ep 589/600 | loss 1.4249 | ce 0.6870 | logit 0.7378 | train_acc 40.29%
[Stage2/Head] ep 590/600 | loss 1.4249 | ce 0.6870 | logit 0.7378 | train_acc 40.29%
[Stage2/Head] ep 591/600 | loss 1.4249 | ce 0.6870 | logit 0.7378 | train_acc 40.29%
[Stage2/Head] ep 592/600 | loss 1.4249 | ce 0.6870 | logit 0.7378 | train_acc 40.29%
[Stage2/Head] ep 593/600 | loss 1.4249 | ce 0.6870 | logit 0.7378 | train_acc 40.29%
[Stage2/Head] ep 594/600 | loss 1.4249 | ce 0.6870 | logit 0.7378 | train_acc 40.29%
[Stage2/Head] ep 595/600 | loss 1.4249 | ce 0.6870 | logit 0.7378 | train_acc 40.29%
[Stage2/Head] ep 596/600 | loss 1.4249 | ce 0.6870 | logit 0.7378 | train_acc 40.29%
[Stage2/Head] ep 597/600 | loss 1.4249 | ce 0.6870 | logit 0.7378 | train_acc 40.29%
[Stage2/Head] ep 598/600 | loss 1.4249 | ce 0.6870 | logit 0.7378 | train_acc 40.29%
[Stage2/Head] ep 599/600 | loss 1.4249 | ce 0.6870 | logit 0.7378 | train_acc 40.29%
[Stage2/Head] ep 600/600 | loss 1.4249 | ce 0.6870 | logit 0.7378 | train_acc 40.29%
[Task 5] Training done in 34.29 min.
[Task 5] Test (on new class only) -> ce_loss: 0.6870, acc: 100.00%, rec_loss: 13.3902
  - Filtering train: keep top 95.0% per class based on returned scores.
[Task 5] Wrote CSVs to: ./runs_mnist_continual/run_20260219_122841/task5
Accuracies on seen tasks:
  Task 0 [0,1,2,3,4]: 0.00%
  Task 1 [5]: 0.00%
  Task 2 [6]: 0.00%
  Task 3 [7]: 0.00%
  Task 4 [8]: 0.00%
  Task 5 [9]: 100.00%
Mean over seen tasks (0..5): 16.67%
[Task 5] Running Rscript to produce: ./runs_mnist_continual/run_20260219_122841/task5/inducing_points.csv
Loading required package: Matrix

Attaching package: ‘dplyr’

The following objects are masked from ‘package:stats’:

    filter, lag

The following objects are masked from ‘package:base’:

    intersect, setdiff, setequal, union

This is gplite version 0.13.0
Directory already exists: ./runs_mnist_continual/run_20260219_122841/task5 
[1] "Using original Y values (no log-space transform)"
[1] "Using GP package: laGP"
[1] "======================================"
[1] "---- Start Training GPs for existing classes ----"
[1] "class 0 training sample size (indclude 50 samples from other classes): 304"
[1] "class 0 validation set sample size (indclude 50 samples from other classes): 114"
[1] "Selecting 254 inducing points"
[1] "validation MSE for class0: 0.000403616781544432"
[1] "Current inducing_points dim: 254 x 16"
[1] "class 1 training sample size (indclude 50 samples from other classes): 304"
[1] "class 1 validation set sample size (indclude 50 samples from other classes): 114"
[1] "Selecting 254 inducing points"
[1] "validation MSE for class1: 0.000654553541615645"
[1] "Current inducing_points dim: 508 x 16"
[1] "class 2 training sample size (indclude 50 samples from other classes): 304"
[1] "class 2 validation set sample size (indclude 50 samples from other classes): 114"
[1] "Selecting 254 inducing points"
[1] "validation MSE for class2: 0.00059228295507269"
[1] "Current inducing_points dim: 762 x 16"
[1] "class 3 training sample size (indclude 50 samples from other classes): 304"
[1] "class 3 validation set sample size (indclude 50 samples from other classes): 114"
[1] "Selecting 254 inducing points"
[1] "validation MSE for class3: 0.000195180579307276"
[1] "Current inducing_points dim: 1016 x 16"
[1] "class 4 training sample size (indclude 50 samples from other classes): 304"
[1] "class 4 validation set sample size (indclude 50 samples from other classes): 114"
[1] "Selecting 254 inducing points"
[1] "validation MSE for class4: 0.000373285813802345"
[1] "Current inducing_points dim: 1270 x 16"
[1] "class 5 training sample size (indclude 50 samples from other classes): 384"
[1] "class 5 validation set sample size (indclude 50 samples from other classes): 134"
[1] "Selecting 334 inducing points"
[1] "validation MSE for class5: 0.000268147545579199"
[1] "Current inducing_points dim: 1604 x 16"
[1] "class 6 training sample size (indclude 50 samples from other classes): 489"
[1] "class 6 validation set sample size (indclude 50 samples from other classes): 160"
[1] "Selecting 439 inducing points"
[1] "validation MSE for class6: 0.00013498156868536"
[1] "Current inducing_points dim: 2043 x 16"
[1] "class 7 training sample size (indclude 50 samples from other classes): 627"
[1] "class 7 validation set sample size (indclude 50 samples from other classes): 195"
[1] "Selecting 577 inducing points"
[1] "validation MSE for class7: 0.000443422545486105"
[1] "Current inducing_points dim: 2620 x 16"
[1] "class 8 training sample size (indclude 50 samples from other classes): 810"
[1] "class 8 validation set sample size (indclude 50 samples from other classes): 240"
[1] "Selecting 760 inducing points"
[1] "validation MSE for class8: 0.000319048029292266"
[1] "Current inducing_points dim: 3380 x 16"
[1] "class 9 training sample size (indclude 50 samples from other classes): 2050"
[1] "class 9 validation set sample size (indclude 50 samples from other classes): 620"
[1] "Selecting 1000 inducing points"
[1] "validation MSE for class9: 0.000502801835160615"
[1] "Current inducing_points dim: 4380 x 16"
[1] "Train Finished"
[1] "---------------------"
[1] "Inducing Points Saved"
[1] "---------------------"
[1] "Expected testing data total: 10000"
[1] "total test df size: 10000"
 num [1:10000] 2 1 0 4 1 4 0 0 1 3 ...

   0    1    2    3    4    5    6    7    8    9 
 980 1135 1032 1010  982  892  958 1028  974 1009 
[1] "class 0 test data size:980"
[1] "class 1 test data size:1135"
[1] "class 2 test data size:1032"
[1] "class 3 test data size:1010"
[1] "class 4 test data size:982"
[1] "class 5 test data size:892"
[1] "class 6 test data size:958"
[1] "class 7 test data size:1028"
[1] "class 8 test data size:974"
[1] "class 9 test data size:1009"
[1] "Testset GPs:"
[1] "Total accuracy: 0.1009"
[1] "Confusion Matrix for Class:0"
                   Actual_Positive Actual_Negative
Predicted_Positive               0               0
Predicted_Negative             980            9020
[1] "Accuracy: 0.902"
[1] "Precision: NA"
[1] "Recall for Class: 0"
[1] "F1 Score for Class: NA"
[1] "Confusion Matrix for Class:1"
                   Actual_Positive Actual_Negative
Predicted_Positive               0               0
Predicted_Negative            1135            8865
[1] "Accuracy: 0.8865"
[1] "Precision: NA"
[1] "Recall for Class: 0"
[1] "F1 Score for Class: NA"
[1] "Confusion Matrix for Class:2"
                   Actual_Positive Actual_Negative
Predicted_Positive               0               0
Predicted_Negative            1032            8968
[1] "Accuracy: 0.8968"
[1] "Precision: NA"
[1] "Recall for Class: 0"
[1] "F1 Score for Class: NA"
[1] "Confusion Matrix for Class:3"
                   Actual_Positive Actual_Negative
Predicted_Positive               0               0
Predicted_Negative            1010            8990
[1] "Accuracy: 0.899"
[1] "Precision: NA"
[1] "Recall for Class: 0"
[1] "F1 Score for Class: NA"
[1] "Confusion Matrix for Class:4"
                   Actual_Positive Actual_Negative
Predicted_Positive               0               0
Predicted_Negative             982            9018
[1] "Accuracy: 0.9018"
[1] "Precision: NA"
[1] "Recall for Class: 0"
[1] "F1 Score for Class: NA"
[1] "Confusion Matrix for Class:5"
                   Actual_Positive Actual_Negative
Predicted_Positive               0               0
Predicted_Negative             892            9108
[1] "Accuracy: 0.9108"
[1] "Precision: NA"
[1] "Recall for Class: 0"
[1] "F1 Score for Class: NA"
[1] "Confusion Matrix for Class:6"
                   Actual_Positive Actual_Negative
Predicted_Positive               0               0
Predicted_Negative             958            9042
[1] "Accuracy: 0.9042"
[1] "Precision: NA"
[1] "Recall for Class: 0"
[1] "F1 Score for Class: NA"
[1] "Confusion Matrix for Class:7"
                   Actual_Positive Actual_Negative
Predicted_Positive               0               0
Predicted_Negative            1028            8972
[1] "Accuracy: 0.8972"
[1] "Precision: NA"
[1] "Recall for Class: 0"
[1] "F1 Score for Class: NA"
[1] "Confusion Matrix for Class:8"
                   Actual_Positive Actual_Negative
Predicted_Positive               0               0
Predicted_Negative             974            9026
[1] "Accuracy: 0.9026"
[1] "Precision: NA"
[1] "Recall for Class: 0"
[1] "F1 Score for Class: NA"
[1] "Confusion Matrix for Class:9"
                   Actual_Positive Actual_Negative
Predicted_Positive            1009            8991
Predicted_Negative               0               0
[1] "Accuracy: 0.1009"
[1] "Precision: 0.1009"
[1] "Recall for Class: 1"
[1] "F1 Score for Class: 0.183304568989009"
[1] "GPc0 distribution statistics for0, 1, 2, 3, 4, 5, 6, 7, 8, 9:"
[1] "mean: 0.0171396358768257, 0.0170237059800925, 0.0170056478633704, 0.0170937022782617, 0.0171197925739643, 0.0171417906106781, 0.0171603982280997, 0.0171149822787101, 0.0171644773443171, 0.0171449278962229"
[1] "sd: 3.28401172767911e-05, 0.00011109950322502, 0.000144206375990953, 9.03529513741613e-05, 4.6606187738885e-05, 4.82515703861939e-05, 3.10466930757312e-05, 7.4015048638865e-05, 2.38030005902774e-05, 3.8284069023944e-05"
[1] "---------------------"
[1] "GPc1 distribution statistics for0, 1, 2, 3, 4, 5, 6, 7, 8, 9:"
[1] "mean: 0.0151174953876196, 0.0156720647440732, 0.0155790382885241, 0.0155370489020264, 0.0156752131611417, 0.0155907958262676, 0.0156079435410191, 0.0156628886002603, 0.0156974662881617, 0.0156984311910339"
[1] "sd: 0.000419237568680435, 2.57514829715312e-05, 0.000130008358213159, 0.000189193989372019, 6.02978281107983e-05, 0.000143404115385527, 0.000141833162273123, 7.13364786610767e-05, 5.07301097834509e-05, 5.46215716285466e-05"
[1] "---------------------"
[1] "GPc2 distribution statistics for0, 1, 2, 3, 4, 5, 6, 7, 8, 9:"
[1] "mean: 0.0303693578526125, 0.0306806145628415, 0.0308554723472354, 0.0306408231996583, 0.0308668576947763, 0.0307572063392118, 0.0307799502080911, 0.0308674773820308, 0.0308820166587566, 0.030884717813148"
[1] "sd: 0.000425733106857887, 0.000116261271822212, 6.34839554890419e-05, 0.00027225550269654, 4.33877278465074e-05, 0.000178586217164673, 0.000139935596837648, 6.45909479483009e-05, 5.53540711657932e-05, 5.36299374871892e-05"
[1] "---------------------"
[1] "GPc3 distribution statistics for0, 1, 2, 3, 4, 5, 6, 7, 8, 9:"
[1] "mean: 0.0319189348872073, 0.0318972305430713, 0.032043593738927, 0.03205490095257, 0.0320785103464065, 0.0320907995048688, 0.0320498196440406, 0.0320892583079414, 0.0321102105271523, 0.0320966939272883"
[1] "sd: 0.000178468520502816, 0.000147960949250065, 8.27769152881737e-05, 7.81230637851203e-05, 5.1342480945291e-05, 3.50596321224672e-05, 0.000100844187207781, 5.25344227373841e-05, 2.25392007825822e-05, 5.30972261043968e-05"
[1] "---------------------"
[1] "GPc4 distribution statistics for0, 1, 2, 3, 4, 5, 6, 7, 8, 9:"
[1] "mean: 0.0345545617054478, 0.0346074219610331, 0.0348129091769169, 0.0345058292036328, 0.034962352364019, 0.034886194644128, 0.0349352589971508, 0.0349237847827323, 0.0349525752938799, 0.0349631723056916"
[1] "sd: 0.000447663177862869, 0.000225652280502662, 0.000215024712599858, 0.00047154711971725, 3.25294327061004e-05, 0.000203253918287927, 0.000149342444565527, 7.89433551974048e-05, 9.16407145298103e-05, 5.42223467532012e-05"
[1] "---------------------"
[1] "GPc5 distribution statistics for0, 1, 2, 3, 4, 5, 6, 7, 8, 9:"
[1] "mean: 0.0579428160301416, 0.0579789678588825, 0.058140913705882, 0.0581592374596319, 0.0582995344750721, 0.058300975974294, 0.0582568560448249, 0.0582976922225881, 0.0583285714886529, 0.0583129358640107"
[1] "sd: 0.00038439214759161, 0.000230760660657005, 0.000213446174967803, 0.000182382721017623, 7.09405513567359e-05, 5.52867898454308e-05, 0.00015433682973703, 7.45162311354269e-05, 4.10109343445863e-05, 6.67129655524809e-05"
[1] "---------------------"
[1] "GPc6 distribution statistics for0, 1, 2, 3, 4, 5, 6, 7, 8, 9:"
[1] "mean: 0.0319559344173268, 0.0317597423071879, 0.0319481867486191, 0.0319638222348321, 0.0319966374730041, 0.031996392907887, 0.0319995474715123, 0.0319701998710603, 0.0320053209352344, 0.0319986285932002"
[1] "sd: 4.58434194297944e-05, 0.000149618641549089, 7.13219094795978e-05, 6.08977302245514e-05, 2.05730575303853e-05, 2.2829241455868e-05, 1.95256774187027e-05, 4.19379599113295e-05, 1.41834130747731e-05, 1.89991477252427e-05"
[1] "---------------------"
[1] "GPc7 distribution statistics for0, 1, 2, 3, 4, 5, 6, 7, 8, 9:"
[1] "mean: 0.105980740783864, 0.106117915447721, 0.106200880070534, 0.106018963524438, 0.106283535156302, 0.106225685443167, 0.106237100622926, 0.106270968174378, 0.106288352508312, 0.106287487709275"
[1] "sd: 0.000317023324919249, 0.000137246409900429, 0.000166199786577586, 0.000349207031473498, 4.50328994486684e-05, 0.000140662192167638, 0.000123429549064913, 4.6622408594201e-05, 4.17461048942297e-05, 5.37203855455237e-05"
[1] "---------------------"
[1] "GPc8 distribution statistics for0, 1, 2, 3, 4, 5, 6, 7, 8, 9:"
[1] "mean: 0.169066558013304, 0.169175704674641, 0.169249012786716, 0.169307200600087, 0.169374742944298, 0.169384260742088, 0.169379917780012, 0.169359935482688, 0.169422302415084, 0.169407520563731"
[1] "sd: 0.000384646229325358, 0.000169513114373114, 0.000285157293500529, 0.000170207587821512, 9.39679523008658e-05, 8.79554789731086e-05, 0.000169439072989102, 0.000102539151575902, 1.61198273477251e-05, 7.1954462914409e-05"
[1] "---------------------"
[1] "GPc9 distribution statistics for0, 1, 2, 3, 4, 5, 6, 7, 8, 9:"
[1] "mean: 0.502855314947378, 0.502885804237344, 0.502831653525872, 0.502802930929544, 0.503054021322137, 0.5030150905005, 0.503037346982332, 0.503024158877415, 0.503039870731616, 0.503058561971375"
[1] "sd: 0.00055051251757009, 0.000157134196014492, 0.000279687737521895, 0.000352661364292588, 2.37751696781827e-05, 0.000113704376753203, 6.84960798744122e-05, 9.71848597233612e-05, 5.39588164197164e-05, 3.55277504558711e-05"
[1] "---------------------"
Warning messages:
1: Removed 10 rows containing missing values or values outside the scale range
(`geom_bar()`). 
2: Removed 10 rows containing missing values or values outside the scale range
(`geom_bar()`). 
3: Removed 10 rows containing missing values or values outside the scale range
(`geom_bar()`). 
4: Removed 10 rows containing missing values or values outside the scale range
(`geom_bar()`). 
5: Removed 10 rows containing missing values or values outside the scale range
(`geom_bar()`). 
6: Removed 10 rows containing missing values or values outside the scale range
(`geom_bar()`). 
7: Removed 10 rows containing missing values or values outside the scale range
(`geom_bar()`). 
8: Removed 10 rows containing missing values or values outside the scale range
(`geom_bar()`). 
9: Removed 10 rows containing missing values or values outside the scale range
(`geom_bar()`). 
10: Removed 10 rows containing missing values or values outside the scale range
(`geom_bar()`). 
[1] "Save Results"
null device 
          1 

All tasks complete.
Run directory: ./runs_mnist_continual/run_20260219_122841
CSV metrics:   ./runs_mnist_continual/run_20260219_122841/metrics.csv
GP training files:    ./runs_mnist_continual/run_20260219_122841/gp_data
