=== Python ===
/home/lhalice/miniconda3/envs/NNGP/bin/python
Python 3.12.12
python: /home/lhalice/miniconda3/envs/NNGP/bin/python
torch: 2.9.1+cu126
cuda available: True
Thu Feb 26 14:28:42 2026       
+-----------------------------------------------------------------------------------------+
| NVIDIA-SMI 580.105.08             Driver Version: 580.105.08     CUDA Version: 13.0     |
+-----------------------------------------+------------------------+----------------------+
| GPU  Name                 Persistence-M | Bus-Id          Disp.A | Volatile Uncorr. ECC |
| Fan  Temp   Perf          Pwr:Usage/Cap |           Memory-Usage | GPU-Util  Compute M. |
|                                         |                        |               MIG M. |
|=========================================+========================+======================|
|   0  Tesla V100-PCIE-16GB           On  |   00000000:AF:00.0 Off |                    0 |
| N/A   28C    P0             23W /  250W |       0MiB /  16384MiB |      0%   E. Process |
|                                         |                        |                  N/A |
+-----------------------------------------+------------------------+----------------------+

+-----------------------------------------------------------------------------------------+
| Processes:                                                                              |
|  GPU   GI   CI              PID   Type   Process name                        GPU Memory |
|        ID   ID                                                               Usage      |
|=========================================================================================|
|  No running processes found                                                             |
+-----------------------------------------------------------------------------------------+
=== Conda Env ===

# conda environments:
#
base                   /home/lhalice/miniconda3
EIS                    /home/lhalice/miniconda3/envs/EIS
NNGP                 * /home/lhalice/miniconda3/envs/NNGP

=== GPU Info ===
Thu Feb 26 14:28:44 2026       
+-----------------------------------------------------------------------------------------+
| NVIDIA-SMI 580.105.08             Driver Version: 580.105.08     CUDA Version: 13.0     |
+-----------------------------------------+------------------------+----------------------+
| GPU  Name                 Persistence-M | Bus-Id          Disp.A | Volatile Uncorr. ECC |
| Fan  Temp   Perf          Pwr:Usage/Cap |           Memory-Usage | GPU-Util  Compute M. |
|                                         |                        |               MIG M. |
|=========================================+========================+======================|
|   0  Tesla V100-PCIE-16GB           On  |   00000000:AF:00.0 Off |                    0 |
| N/A   28C    P0             23W /  250W |       0MiB /  16384MiB |      0%   E. Process |
|                                         |                        |                  N/A |
+-----------------------------------------+------------------------+----------------------+

+-----------------------------------------------------------------------------------------+
| Processes:                                                                              |
|  GPU   GI   CI              PID   Type   Process name                        GPU Memory |
|        ID   ID                                                               Usage      |
|=========================================================================================|
|  No running processes found                                                             |
+-----------------------------------------------------------------------------------------+
=== R ===
/sw/pkgs/arc/stacks/gcc/13.2.0/R/4.5.1/bin/R
R version 4.5.1 (2025-06-13) -- "Great Square Root"
Copyright (C) 2025 The R Foundation for Statistical Computing
Platform: x86_64-pc-linux-gnu

R is free software and comes with ABSOLUTELY NO WARRANTY.
You are welcome to redistribute it under the terms of the
GNU General Public License versions 2 or 3.
For more information about these matters see
https://www.gnu.org/licenses/.

Device: cuda; f_size=16

================================================================================
Starting Task 0: digits [0, 1, 2, 3, 4]
Training samples size: 15000
================================================================================
[Stage1/AE] ep 1/60 | loss 0.1589 | rec 0.1589 | feat 0.0000 | train_acc 8.36%
[Stage1/AE] ep 2/60 | loss 0.0788 | rec 0.0788 | feat 0.0000 | train_acc 19.52%
[Stage1/AE] ep 3/60 | loss 0.0726 | rec 0.0726 | feat 0.0000 | train_acc 19.52%
[Stage1/AE] ep 4/60 | loss 0.0651 | rec 0.0651 | feat 0.0000 | train_acc 19.52%
[Stage1/AE] ep 5/60 | loss 0.0610 | rec 0.0610 | feat 0.0000 | train_acc 19.52%
[Stage1/AE] ep 6/60 | loss 0.0575 | rec 0.0575 | feat 0.0000 | train_acc 19.52%
[Stage1/AE] ep 7/60 | loss 0.0533 | rec 0.0533 | feat 0.0000 | train_acc 19.52%
[Stage1/AE] ep 8/60 | loss 0.0495 | rec 0.0495 | feat 0.0000 | train_acc 19.52%
[Stage1/AE] ep 9/60 | loss 0.0472 | rec 0.0472 | feat 0.0000 | train_acc 19.50%
[Stage1/AE] ep 10/60 | loss 0.0454 | rec 0.0454 | feat 0.0000 | train_acc 19.45%
[Stage1/AE] ep 11/60 | loss 0.0438 | rec 0.0438 | feat 0.0000 | train_acc 19.31%
[Stage1/AE] ep 12/60 | loss 0.0423 | rec 0.0423 | feat 0.0000 | train_acc 18.99%
[Stage1/AE] ep 13/60 | loss 0.0408 | rec 0.0408 | feat 0.0000 | train_acc 18.47%
[Stage1/AE] ep 14/60 | loss 0.0397 | rec 0.0397 | feat 0.0000 | train_acc 17.80%
[Stage1/AE] ep 15/60 | loss 0.0387 | rec 0.0387 | feat 0.0000 | train_acc 17.65%
[Stage1/AE] ep 16/60 | loss 0.0380 | rec 0.0380 | feat 0.0000 | train_acc 17.42%
[Stage1/AE] ep 17/60 | loss 0.0373 | rec 0.0373 | feat 0.0000 | train_acc 17.17%
[Stage1/AE] ep 18/60 | loss 0.0367 | rec 0.0367 | feat 0.0000 | train_acc 16.99%
[Stage1/AE] ep 19/60 | loss 0.0362 | rec 0.0362 | feat 0.0000 | train_acc 16.77%
[Stage1/AE] ep 20/60 | loss 0.0356 | rec 0.0356 | feat 0.0000 | train_acc 16.67%
[Stage1/AE] ep 21/60 | loss 0.0351 | rec 0.0351 | feat 0.0000 | train_acc 16.47%
[Stage1/AE] ep 22/60 | loss 0.0346 | rec 0.0346 | feat 0.0000 | train_acc 16.31%
[Stage1/AE] ep 23/60 | loss 0.0342 | rec 0.0342 | feat 0.0000 | train_acc 16.17%
[Stage1/AE] ep 24/60 | loss 0.0338 | rec 0.0338 | feat 0.0000 | train_acc 16.12%
[Stage1/AE] ep 25/60 | loss 0.0334 | rec 0.0334 | feat 0.0000 | train_acc 16.00%
[Stage1/AE] ep 26/60 | loss 0.0331 | rec 0.0331 | feat 0.0000 | train_acc 15.82%
[Stage1/AE] ep 27/60 | loss 0.0328 | rec 0.0328 | feat 0.0000 | train_acc 15.83%
[Stage1/AE] ep 28/60 | loss 0.0325 | rec 0.0325 | feat 0.0000 | train_acc 15.60%
[Stage1/AE] ep 29/60 | loss 0.0321 | rec 0.0321 | feat 0.0000 | train_acc 15.69%
[Stage1/AE] ep 30/60 | loss 0.0320 | rec 0.0320 | feat 0.0000 | train_acc 15.61%
[Stage1/AE] ep 31/60 | loss 0.0316 | rec 0.0316 | feat 0.0000 | train_acc 15.57%
[Stage1/AE] ep 32/60 | loss 0.0315 | rec 0.0315 | feat 0.0000 | train_acc 15.43%
[Stage1/AE] ep 33/60 | loss 0.0313 | rec 0.0313 | feat 0.0000 | train_acc 15.41%
[Stage1/AE] ep 34/60 | loss 0.0310 | rec 0.0310 | feat 0.0000 | train_acc 15.21%
[Stage1/AE] ep 35/60 | loss 0.0308 | rec 0.0308 | feat 0.0000 | train_acc 15.34%
[Stage1/AE] ep 36/60 | loss 0.0305 | rec 0.0305 | feat 0.0000 | train_acc 15.12%
[Stage1/AE] ep 37/60 | loss 0.0305 | rec 0.0305 | feat 0.0000 | train_acc 15.20%
[Stage1/AE] ep 38/60 | loss 0.0303 | rec 0.0303 | feat 0.0000 | train_acc 15.21%
[Stage1/AE] ep 39/60 | loss 0.0302 | rec 0.0302 | feat 0.0000 | train_acc 15.21%
[Stage1/AE] ep 40/60 | loss 0.0299 | rec 0.0299 | feat 0.0000 | train_acc 15.10%
[Stage1/AE] ep 41/60 | loss 0.0298 | rec 0.0298 | feat 0.0000 | train_acc 15.07%
[Stage1/AE] ep 42/60 | loss 0.0297 | rec 0.0297 | feat 0.0000 | train_acc 14.94%
[Stage1/AE] ep 43/60 | loss 0.0295 | rec 0.0295 | feat 0.0000 | train_acc 14.99%
[Stage1/AE] ep 44/60 | loss 0.0294 | rec 0.0294 | feat 0.0000 | train_acc 14.79%
[Stage1/AE] ep 45/60 | loss 0.0292 | rec 0.0292 | feat 0.0000 | train_acc 15.01%
[Stage1/AE] ep 46/60 | loss 0.0291 | rec 0.0291 | feat 0.0000 | train_acc 14.95%
[Stage1/AE] ep 47/60 | loss 0.0290 | rec 0.0290 | feat 0.0000 | train_acc 14.87%
[Stage1/AE] ep 48/60 | loss 0.0289 | rec 0.0289 | feat 0.0000 | train_acc 14.86%
[Stage1/AE] ep 49/60 | loss 0.0287 | rec 0.0287 | feat 0.0000 | train_acc 15.07%
[Stage1/AE] ep 50/60 | loss 0.0286 | rec 0.0286 | feat 0.0000 | train_acc 14.75%
[Stage1/AE] ep 51/60 | loss 0.0286 | rec 0.0286 | feat 0.0000 | train_acc 14.86%
[Stage1/AE] ep 52/60 | loss 0.0284 | rec 0.0284 | feat 0.0000 | train_acc 14.88%
[Stage1/AE] ep 53/60 | loss 0.0283 | rec 0.0283 | feat 0.0000 | train_acc 14.79%
[Stage1/AE] ep 54/60 | loss 0.0282 | rec 0.0282 | feat 0.0000 | train_acc 14.97%
[Stage1/AE] ep 55/60 | loss 0.0281 | rec 0.0281 | feat 0.0000 | train_acc 14.84%
[Stage1/AE] ep 56/60 | loss 0.0280 | rec 0.0280 | feat 0.0000 | train_acc 14.81%
[Stage1/AE] ep 57/60 | loss 0.0279 | rec 0.0279 | feat 0.0000 | train_acc 14.77%
[Stage1/AE] ep 58/60 | loss 0.0279 | rec 0.0279 | feat 0.0000 | train_acc 14.83%
[Stage1/AE] ep 59/60 | loss 0.0278 | rec 0.0278 | feat 0.0000 | train_acc 14.92%
[Stage1/AE] ep 60/60 | loss 0.0277 | rec 0.0277 | feat 0.0000 | train_acc 14.80%
[Stage2/Head] ep 1/60 | loss 2.0050 | ce 2.0050 | logit 0.0000 | train_acc 34.61%
[Stage2/Head] ep 2/60 | loss 1.5540 | ce 1.5540 | logit 0.0000 | train_acc 85.79%
[Stage2/Head] ep 3/60 | loss 1.2396 | ce 1.2396 | logit 0.0000 | train_acc 90.89%
[Stage2/Head] ep 4/60 | loss 1.0046 | ce 1.0046 | logit 0.0000 | train_acc 91.69%
[Stage2/Head] ep 5/60 | loss 0.8261 | ce 0.8261 | logit 0.0000 | train_acc 91.94%
[Stage2/Head] ep 6/60 | loss 0.6965 | ce 0.6965 | logit 0.0000 | train_acc 92.15%
[Stage2/Head] ep 7/60 | loss 0.5956 | ce 0.5956 | logit 0.0000 | train_acc 92.41%
[Stage2/Head] ep 8/60 | loss 0.5180 | ce 0.5180 | logit 0.0000 | train_acc 92.80%
[Stage2/Head] ep 9/60 | loss 0.4598 | ce 0.4598 | logit 0.0000 | train_acc 92.92%
[Stage2/Head] ep 10/60 | loss 0.4202 | ce 0.4202 | logit 0.0000 | train_acc 92.79%
[Stage2/Head] ep 11/60 | loss 0.3856 | ce 0.3856 | logit 0.0000 | train_acc 92.77%
[Stage2/Head] ep 12/60 | loss 0.3565 | ce 0.3565 | logit 0.0000 | train_acc 93.00%
[Stage2/Head] ep 13/60 | loss 0.3327 | ce 0.3327 | logit 0.0000 | train_acc 93.17%
[Stage2/Head] ep 14/60 | loss 0.3132 | ce 0.3132 | logit 0.0000 | train_acc 93.21%
[Stage2/Head] ep 15/60 | loss 0.2989 | ce 0.2989 | logit 0.0000 | train_acc 93.33%
[Stage2/Head] ep 16/60 | loss 0.2823 | ce 0.2823 | logit 0.0000 | train_acc 93.45%
[Stage2/Head] ep 17/60 | loss 0.2763 | ce 0.2763 | logit 0.0000 | train_acc 93.32%
[Stage2/Head] ep 18/60 | loss 0.2620 | ce 0.2620 | logit 0.0000 | train_acc 93.49%
[Stage2/Head] ep 19/60 | loss 0.2571 | ce 0.2571 | logit 0.0000 | train_acc 93.36%
[Stage2/Head] ep 20/60 | loss 0.2487 | ce 0.2487 | logit 0.0000 | train_acc 93.29%
[Stage2/Head] ep 21/60 | loss 0.2398 | ce 0.2398 | logit 0.0000 | train_acc 93.65%
[Stage2/Head] ep 22/60 | loss 0.2350 | ce 0.2350 | logit 0.0000 | train_acc 93.59%
[Stage2/Head] ep 23/60 | loss 0.2323 | ce 0.2323 | logit 0.0000 | train_acc 93.57%
[Stage2/Head] ep 24/60 | loss 0.2347 | ce 0.2347 | logit 0.0000 | train_acc 93.37%
[Stage2/Head] ep 25/60 | loss 0.2216 | ce 0.2216 | logit 0.0000 | train_acc 93.73%
[Stage2/Head] ep 26/60 | loss 0.2191 | ce 0.2191 | logit 0.0000 | train_acc 93.73%
[Stage2/Head] ep 27/60 | loss 0.2206 | ce 0.2206 | logit 0.0000 | train_acc 93.67%
[Stage2/Head] ep 28/60 | loss 0.2138 | ce 0.2138 | logit 0.0000 | train_acc 93.95%
[Stage2/Head] ep 29/60 | loss 0.2113 | ce 0.2113 | logit 0.0000 | train_acc 94.00%
[Stage2/Head] ep 30/60 | loss 0.2094 | ce 0.2094 | logit 0.0000 | train_acc 93.92%
[Stage2/Head] ep 31/60 | loss 0.2077 | ce 0.2077 | logit 0.0000 | train_acc 93.93%
[Stage2/Head] ep 32/60 | loss 0.2005 | ce 0.2005 | logit 0.0000 | train_acc 94.23%
[Stage2/Head] ep 33/60 | loss 0.1998 | ce 0.1998 | logit 0.0000 | train_acc 94.09%
[Stage2/Head] ep 34/60 | loss 0.1951 | ce 0.1951 | logit 0.0000 | train_acc 94.37%
[Stage2/Head] ep 35/60 | loss 0.1959 | ce 0.1959 | logit 0.0000 | train_acc 94.21%
[Stage2/Head] ep 36/60 | loss 0.1960 | ce 0.1960 | logit 0.0000 | train_acc 94.05%
[Stage2/Head] ep 37/60 | loss 0.1852 | ce 0.1852 | logit 0.0000 | train_acc 94.43%
[Stage2/Head] ep 38/60 | loss 0.1893 | ce 0.1893 | logit 0.0000 | train_acc 94.38%
[Stage2/Head] ep 39/60 | loss 0.1884 | ce 0.1884 | logit 0.0000 | train_acc 94.29%
[Stage2/Head] ep 40/60 | loss 0.1843 | ce 0.1843 | logit 0.0000 | train_acc 94.40%
[Stage2/Head] ep 41/60 | loss 0.1852 | ce 0.1852 | logit 0.0000 | train_acc 94.33%
[Stage2/Head] ep 42/60 | loss 0.1873 | ce 0.1873 | logit 0.0000 | train_acc 94.23%
[Stage2/Head] ep 43/60 | loss 0.1837 | ce 0.1837 | logit 0.0000 | train_acc 94.46%
[Stage2/Head] ep 44/60 | loss 0.1801 | ce 0.1801 | logit 0.0000 | train_acc 94.54%
[Stage2/Head] ep 45/60 | loss 0.1798 | ce 0.1798 | logit 0.0000 | train_acc 94.52%
[Stage2/Head] ep 46/60 | loss 0.1797 | ce 0.1797 | logit 0.0000 | train_acc 94.40%
[Stage2/Head] ep 47/60 | loss 0.1781 | ce 0.1781 | logit 0.0000 | train_acc 94.51%
[Stage2/Head] ep 48/60 | loss 0.1768 | ce 0.1768 | logit 0.0000 | train_acc 94.38%
[Stage2/Head] ep 49/60 | loss 0.1731 | ce 0.1731 | logit 0.0000 | train_acc 94.65%
[Stage2/Head] ep 50/60 | loss 0.1790 | ce 0.1790 | logit 0.0000 | train_acc 94.29%
[Stage2/Head] ep 51/60 | loss 0.1721 | ce 0.1721 | logit 0.0000 | train_acc 94.51%
[Stage2/Head] ep 52/60 | loss 0.1709 | ce 0.1709 | logit 0.0000 | train_acc 94.75%
[Stage2/Head] ep 53/60 | loss 0.1672 | ce 0.1672 | logit 0.0000 | train_acc 94.87%
[Stage2/Head] ep 54/60 | loss 0.1709 | ce 0.1709 | logit 0.0000 | train_acc 94.68%
[Stage2/Head] ep 55/60 | loss 0.1705 | ce 0.1705 | logit 0.0000 | train_acc 94.62%
[Stage2/Head] ep 56/60 | loss 0.1718 | ce 0.1718 | logit 0.0000 | train_acc 94.45%
[Stage2/Head] ep 57/60 | loss 0.1654 | ce 0.1654 | logit 0.0000 | train_acc 94.81%
[Stage2/Head] ep 58/60 | loss 0.1722 | ce 0.1722 | logit 0.0000 | train_acc 94.50%
[Stage2/Head] ep 59/60 | loss 0.1721 | ce 0.1721 | logit 0.0000 | train_acc 94.54%
[Stage2/Head] ep 60/60 | loss 0.1680 | ce 0.1680 | logit 0.0000 | train_acc 94.89%
[Task 0] Training done in 5.02 min.
[Task 0] Test (on new class only) -> ce_loss: 0.0831, acc: 97.86%, rec_loss: 16.5159
  - Filtering train: keep top 95.0% per class based on returned scores.
[Task 0] Wrote CSVs to: ./runs_mnist_continual/run_20260226_142850/task0
Accuracies on seen tasks:
  Task 0 [0,1,2,3,4]: 97.86%
Mean over seen tasks (0..0): 97.86%
[Task 0] Skipping GP training and Rscript execution as per --skip_GP flag.
[Task 0] Loaded from R CSV: 1000 rows, f_size=16
[Task 0] Decoded images: torch.Size([1000, 1, 28, 28]) -> recovered dataset size 1000
[Task 0] Augmenting Task 1 training set with 1000 recovered samples.
/home/lhalice/miniconda3/envs/NNGP/lib/python3.12/site-packages/torch/utils/data/dataloader.py:627: UserWarning: This DataLoader will create 2 worker processes in total. Our suggested max number of worker in current system is 1, which is smaller than what this DataLoader is going to create. Please be aware that excessive worker creation might get DataLoader running slow or even freeze, lower the worker number to avoid potential slowness/freeze if necessary.
  warnings.warn(

================================================================================
Starting Task 1: digits [5]
Training samples size: 4000
================================================================================
[Stage1/AE] ep 1/120 | loss 4.4390 | rec 0.0432 | feat 4.3957 | train_acc 24.38%
[Stage1/AE] ep 2/120 | loss 4.1637 | rec 0.0397 | feat 4.1240 | train_acc 24.52%
[Stage1/AE] ep 3/120 | loss 4.0795 | rec 0.0385 | feat 4.0410 | train_acc 24.43%
[Stage1/AE] ep 4/120 | loss 4.1161 | rec 0.0375 | feat 4.0785 | train_acc 24.45%
[Stage1/AE] ep 5/120 | loss 4.1732 | rec 0.0372 | feat 4.1359 | train_acc 24.55%
[Stage1/AE] ep 6/120 | loss 4.2819 | rec 0.0369 | feat 4.2450 | train_acc 24.27%
[Stage1/AE] ep 7/120 | loss 3.9679 | rec 0.0365 | feat 3.9314 | train_acc 24.27%
[Stage1/AE] ep 8/120 | loss 3.6699 | rec 0.0363 | feat 3.6335 | train_acc 24.38%
[Stage1/AE] ep 9/120 | loss 4.0816 | rec 0.0364 | feat 4.0452 | train_acc 24.15%
[Stage1/AE] ep 10/120 | loss 3.9889 | rec 0.0360 | feat 3.9528 | train_acc 24.48%
[Stage1/AE] ep 11/120 | loss 3.7332 | rec 0.0357 | feat 3.6976 | train_acc 24.30%
[Stage1/AE] ep 12/120 | loss 3.8805 | rec 0.0357 | feat 3.8447 | train_acc 24.35%
[Stage1/AE] ep 13/120 | loss 3.6755 | rec 0.0356 | feat 3.6399 | train_acc 24.27%
[Stage1/AE] ep 14/120 | loss 3.7737 | rec 0.0355 | feat 3.7382 | train_acc 24.38%
[Stage1/AE] ep 15/120 | loss 3.7732 | rec 0.0355 | feat 3.7378 | train_acc 24.38%
[Stage1/AE] ep 16/120 | loss 3.6898 | rec 0.0354 | feat 3.6544 | train_acc 24.38%
[Stage1/AE] ep 17/120 | loss 3.5108 | rec 0.0351 | feat 3.4757 | train_acc 24.35%
[Stage1/AE] ep 18/120 | loss 3.8668 | rec 0.0352 | feat 3.8317 | train_acc 24.52%
[Stage1/AE] ep 19/120 | loss 3.8818 | rec 0.0352 | feat 3.8466 | train_acc 24.43%
[Stage1/AE] ep 20/120 | loss 3.5578 | rec 0.0352 | feat 3.5226 | train_acc 24.55%
[Stage1/AE] ep 21/120 | loss 3.6982 | rec 0.0348 | feat 3.6634 | train_acc 24.35%
[Stage1/AE] ep 22/120 | loss 3.7007 | rec 0.0348 | feat 3.6659 | train_acc 24.30%
[Stage1/AE] ep 23/120 | loss 3.8424 | rec 0.0348 | feat 3.8076 | train_acc 24.40%
[Stage1/AE] ep 24/120 | loss 3.6028 | rec 0.0348 | feat 3.5680 | train_acc 24.50%
[Stage1/AE] ep 25/120 | loss 3.7230 | rec 0.0346 | feat 3.6884 | train_acc 24.43%
[Stage1/AE] ep 26/120 | loss 3.7986 | rec 0.0349 | feat 3.7637 | train_acc 24.27%
[Stage1/AE] ep 27/120 | loss 3.5786 | rec 0.0346 | feat 3.5440 | train_acc 24.15%
[Stage1/AE] ep 28/120 | loss 3.8110 | rec 0.0346 | feat 3.7764 | train_acc 24.35%
[Stage1/AE] ep 29/120 | loss 3.7410 | rec 0.0346 | feat 3.7064 | train_acc 24.38%
[Stage1/AE] ep 30/120 | loss 3.6796 | rec 0.0346 | feat 3.6450 | train_acc 24.52%
[Stage1/AE] ep 31/120 | loss 3.4121 | rec 0.0345 | feat 3.3777 | train_acc 24.43%
[Stage1/AE] ep 32/120 | loss 3.5676 | rec 0.0344 | feat 3.5333 | train_acc 24.43%
[Stage1/AE] ep 33/120 | loss 3.7684 | rec 0.0344 | feat 3.7340 | train_acc 24.32%
[Stage1/AE] ep 34/120 | loss 3.2767 | rec 0.0344 | feat 3.2423 | train_acc 24.50%
[Stage1/AE] ep 35/120 | loss 3.6100 | rec 0.0343 | feat 3.5757 | train_acc 24.45%
[Stage1/AE] ep 36/120 | loss 3.5087 | rec 0.0343 | feat 3.4744 | train_acc 24.32%
[Stage1/AE] ep 37/120 | loss 3.5644 | rec 0.0342 | feat 3.5301 | train_acc 24.40%
[Stage1/AE] ep 38/120 | loss 3.5380 | rec 0.0341 | feat 3.5038 | train_acc 24.27%
[Stage1/AE] ep 39/120 | loss 3.4380 | rec 0.0344 | feat 3.4036 | train_acc 24.35%
[Stage1/AE] ep 40/120 | loss 3.4683 | rec 0.0344 | feat 3.4338 | train_acc 24.43%
[Stage1/AE] ep 41/120 | loss 3.3673 | rec 0.0342 | feat 3.3332 | train_acc 24.25%
[Stage1/AE] ep 42/120 | loss 3.3544 | rec 0.0341 | feat 3.3202 | train_acc 24.18%
[Stage1/AE] ep 43/120 | loss 3.3141 | rec 0.0342 | feat 3.2799 | train_acc 24.35%
[Stage1/AE] ep 44/120 | loss 3.5675 | rec 0.0341 | feat 3.5335 | train_acc 24.27%
[Stage1/AE] ep 45/120 | loss 3.3868 | rec 0.0338 | feat 3.3529 | train_acc 24.35%
[Stage1/AE] ep 46/120 | loss 3.6584 | rec 0.0345 | feat 3.6239 | train_acc 24.38%
[Stage1/AE] ep 47/120 | loss 3.4996 | rec 0.0339 | feat 3.4657 | train_acc 24.25%
[Stage1/AE] ep 48/120 | loss 3.5090 | rec 0.0342 | feat 3.4748 | train_acc 24.40%
[Stage1/AE] ep 49/120 | loss 3.3501 | rec 0.0340 | feat 3.3161 | train_acc 24.52%
[Stage1/AE] ep 50/120 | loss 3.8320 | rec 0.0340 | feat 3.7980 | train_acc 24.27%
[Stage1/AE] ep 51/120 | loss 3.5945 | rec 0.0341 | feat 3.5604 | train_acc 24.32%
[Stage1/AE] ep 52/120 | loss 3.5333 | rec 0.0340 | feat 3.4993 | train_acc 24.38%
[Stage1/AE] ep 53/120 | loss 3.5321 | rec 0.0340 | feat 3.4981 | train_acc 24.23%
[Stage1/AE] ep 54/120 | loss 3.6388 | rec 0.0339 | feat 3.6049 | train_acc 24.35%
[Stage1/AE] ep 55/120 | loss 3.4743 | rec 0.0341 | feat 3.4401 | train_acc 24.25%
[Stage1/AE] ep 56/120 | loss 3.6780 | rec 0.0339 | feat 3.6441 | train_acc 24.32%
[Stage1/AE] ep 57/120 | loss 3.4983 | rec 0.0341 | feat 3.4642 | train_acc 24.52%
[Stage1/AE] ep 58/120 | loss 3.2156 | rec 0.0342 | feat 3.1814 | train_acc 24.40%
[Stage1/AE] ep 59/120 | loss 3.1843 | rec 0.0339 | feat 3.1505 | train_acc 24.25%
[Stage1/AE] ep 60/120 | loss 3.3576 | rec 0.0341 | feat 3.3236 | train_acc 24.35%
[Stage1/AE] ep 61/120 | loss 3.4988 | rec 0.0339 | feat 3.4650 | train_acc 24.50%
[Stage1/AE] ep 62/120 | loss 3.2934 | rec 0.0338 | feat 3.2596 | train_acc 24.18%
[Stage1/AE] ep 63/120 | loss 3.5075 | rec 0.0341 | feat 3.4734 | train_acc 24.20%
[Stage1/AE] ep 64/120 | loss 3.3175 | rec 0.0339 | feat 3.2836 | train_acc 24.35%
[Stage1/AE] ep 65/120 | loss 3.2625 | rec 0.0341 | feat 3.2284 | train_acc 24.35%
[Stage1/AE] ep 66/120 | loss 3.5091 | rec 0.0339 | feat 3.4751 | train_acc 24.07%
[Stage1/AE] ep 67/120 | loss 3.3217 | rec 0.0341 | feat 3.2877 | train_acc 24.40%
[Stage1/AE] ep 68/120 | loss 3.3060 | rec 0.0339 | feat 3.2721 | train_acc 24.30%
[Stage1/AE] ep 69/120 | loss 3.3142 | rec 0.0338 | feat 3.2803 | train_acc 24.25%
[Stage1/AE] ep 70/120 | loss 3.4113 | rec 0.0337 | feat 3.3776 | train_acc 24.32%
[Stage1/AE] ep 71/120 | loss 3.3364 | rec 0.0337 | feat 3.3028 | train_acc 24.27%
[Stage1/AE] ep 72/120 | loss 3.2942 | rec 0.0336 | feat 3.2607 | train_acc 24.43%
[Stage1/AE] ep 73/120 | loss 3.2412 | rec 0.0338 | feat 3.2074 | train_acc 24.30%
[Stage1/AE] ep 74/120 | loss 3.5275 | rec 0.0339 | feat 3.4936 | train_acc 24.40%
[Stage1/AE] ep 75/120 | loss 3.2626 | rec 0.0337 | feat 3.2289 | train_acc 24.30%
[Stage1/AE] ep 76/120 | loss 3.4044 | rec 0.0337 | feat 3.3707 | train_acc 24.40%
[Stage1/AE] ep 77/120 | loss 3.3670 | rec 0.0340 | feat 3.3330 | train_acc 24.18%
[Stage1/AE] ep 78/120 | loss 3.2648 | rec 0.0337 | feat 3.2311 | train_acc 24.12%
[Stage1/AE] ep 79/120 | loss 3.0416 | rec 0.0338 | feat 3.0078 | train_acc 24.27%
[Stage1/AE] ep 80/120 | loss 3.1610 | rec 0.0339 | feat 3.1271 | train_acc 24.18%
[Stage1/AE] ep 81/120 | loss 3.1941 | rec 0.0333 | feat 3.1607 | train_acc 24.38%
[Stage1/AE] ep 82/120 | loss 3.3306 | rec 0.0339 | feat 3.2967 | train_acc 24.38%
[Stage1/AE] ep 83/120 | loss 3.0902 | rec 0.0340 | feat 3.0562 | train_acc 24.12%
[Stage1/AE] ep 84/120 | loss 3.0636 | rec 0.0338 | feat 3.0298 | train_acc 24.32%
[Stage1/AE] ep 85/120 | loss 3.1187 | rec 0.0337 | feat 3.0850 | train_acc 24.32%
[Stage1/AE] ep 86/120 | loss 3.1420 | rec 0.0338 | feat 3.1081 | train_acc 24.12%
[Stage1/AE] ep 87/120 | loss 3.1470 | rec 0.0339 | feat 3.1131 | train_acc 24.20%
[Stage1/AE] ep 88/120 | loss 3.2128 | rec 0.0337 | feat 3.1791 | train_acc 24.27%
[Stage1/AE] ep 89/120 | loss 3.1006 | rec 0.0339 | feat 3.0666 | train_acc 24.18%
[Stage1/AE] ep 90/120 | loss 3.1558 | rec 0.0338 | feat 3.1220 | train_acc 24.15%
[Stage1/AE] ep 91/120 | loss 3.2440 | rec 0.0340 | feat 3.2100 | train_acc 24.38%
[Stage1/AE] ep 92/120 | loss 3.1674 | rec 0.0339 | feat 3.1335 | train_acc 24.02%
[Stage1/AE] ep 93/120 | loss 3.2477 | rec 0.0338 | feat 3.2139 | train_acc 24.38%
[Stage1/AE] ep 94/120 | loss 3.2816 | rec 0.0339 | feat 3.2477 | train_acc 24.20%
[Stage1/AE] ep 95/120 | loss 3.1552 | rec 0.0339 | feat 3.1214 | train_acc 24.10%
[Stage1/AE] ep 96/120 | loss 3.3387 | rec 0.0340 | feat 3.3046 | train_acc 24.23%
[Stage1/AE] ep 97/120 | loss 3.0958 | rec 0.0341 | feat 3.0617 | train_acc 24.40%
[Stage1/AE] ep 98/120 | loss 3.0586 | rec 0.0337 | feat 3.0248 | train_acc 24.30%
[Stage1/AE] ep 99/120 | loss 3.0381 | rec 0.0341 | feat 3.0040 | train_acc 24.35%
[Stage1/AE] ep 100/120 | loss 3.0459 | rec 0.0341 | feat 3.0118 | train_acc 24.25%
[Stage1/AE] ep 101/120 | loss 2.9840 | rec 0.0341 | feat 2.9499 | train_acc 24.10%
[Stage1/AE] ep 102/120 | loss 3.2214 | rec 0.0340 | feat 3.1875 | train_acc 24.20%
[Stage1/AE] ep 103/120 | loss 3.1284 | rec 0.0340 | feat 3.0945 | train_acc 24.20%
[Stage1/AE] ep 104/120 | loss 3.2089 | rec 0.0339 | feat 3.1749 | train_acc 24.05%
[Stage1/AE] ep 105/120 | loss 3.1183 | rec 0.0338 | feat 3.0844 | train_acc 24.35%
[Stage1/AE] ep 106/120 | loss 2.9784 | rec 0.0339 | feat 2.9445 | train_acc 24.20%
[Stage1/AE] ep 107/120 | loss 3.0422 | rec 0.0339 | feat 3.0083 | train_acc 24.35%
[Stage1/AE] ep 108/120 | loss 3.0280 | rec 0.0337 | feat 2.9943 | train_acc 24.12%
[Stage1/AE] ep 109/120 | loss 3.0258 | rec 0.0339 | feat 2.9919 | train_acc 24.20%
[Stage1/AE] ep 110/120 | loss 2.9713 | rec 0.0340 | feat 2.9373 | train_acc 24.23%
[Stage1/AE] ep 111/120 | loss 3.1212 | rec 0.0340 | feat 3.0871 | train_acc 24.18%
[Stage1/AE] ep 112/120 | loss 3.0514 | rec 0.0339 | feat 3.0175 | train_acc 24.32%
[Stage1/AE] ep 113/120 | loss 3.1692 | rec 0.0339 | feat 3.1353 | train_acc 24.40%
[Stage1/AE] ep 114/120 | loss 3.0978 | rec 0.0341 | feat 3.0637 | train_acc 24.18%
[Stage1/AE] ep 115/120 | loss 2.7657 | rec 0.0340 | feat 2.7317 | train_acc 24.23%
[Stage1/AE] ep 116/120 | loss 2.7734 | rec 0.0342 | feat 2.7392 | train_acc 24.18%
[Stage1/AE] ep 117/120 | loss 3.0083 | rec 0.0341 | feat 2.9742 | train_acc 23.95%
[Stage1/AE] ep 118/120 | loss 3.2793 | rec 0.0341 | feat 3.2452 | train_acc 24.10%
[Stage1/AE] ep 119/120 | loss 2.9313 | rec 0.0340 | feat 2.8973 | train_acc 24.27%
[Stage1/AE] ep 120/120 | loss 3.1434 | rec 0.0343 | feat 3.1091 | train_acc 24.02%
[Stage2/Head] ep 1/120 | loss 12.2311 | ce 7.2785 | logit 1.6509 | train_acc 23.88%
[Stage2/Head] ep 2/120 | loss 10.7219 | ce 6.1415 | logit 1.5268 | train_acc 23.95%
[Stage2/Head] ep 3/120 | loss 10.3669 | ce 5.9925 | logit 1.4581 | train_acc 23.82%
[Stage2/Head] ep 4/120 | loss 9.8693 | ce 5.7365 | logit 1.3776 | train_acc 23.93%
[Stage2/Head] ep 5/120 | loss 9.5384 | ce 5.6281 | logit 1.3034 | train_acc 24.15%
[Stage2/Head] ep 6/120 | loss 9.1026 | ce 5.4732 | logit 1.2098 | train_acc 24.12%
[Stage2/Head] ep 7/120 | loss 8.7942 | ce 5.3168 | logit 1.1591 | train_acc 24.07%
[Stage2/Head] ep 8/120 | loss 8.6506 | ce 5.2064 | logit 1.1481 | train_acc 24.18%
[Stage2/Head] ep 9/120 | loss 8.3271 | ce 5.0801 | logit 1.0823 | train_acc 24.12%
[Stage2/Head] ep 10/120 | loss 7.9735 | ce 4.9547 | logit 1.0063 | train_acc 24.18%
[Stage2/Head] ep 11/120 | loss 7.6877 | ce 4.8240 | logit 0.9545 | train_acc 24.10%
[Stage2/Head] ep 12/120 | loss 7.4817 | ce 4.7318 | logit 0.9166 | train_acc 24.20%
[Stage2/Head] ep 13/120 | loss 7.3420 | ce 4.6820 | logit 0.8867 | train_acc 24.00%
[Stage2/Head] ep 14/120 | loss 7.0921 | ce 4.5301 | logit 0.8540 | train_acc 24.12%
[Stage2/Head] ep 15/120 | loss 6.9395 | ce 4.4526 | logit 0.8290 | train_acc 24.38%
[Stage2/Head] ep 16/120 | loss 6.7374 | ce 4.3249 | logit 0.8042 | train_acc 24.15%
[Stage2/Head] ep 17/120 | loss 6.5208 | ce 4.2532 | logit 0.7558 | train_acc 24.32%
[Stage2/Head] ep 18/120 | loss 6.4078 | ce 4.1522 | logit 0.7519 | train_acc 24.07%
[Stage2/Head] ep 19/120 | loss 6.1998 | ce 4.0610 | logit 0.7129 | train_acc 24.35%
[Stage2/Head] ep 20/120 | loss 6.0742 | ce 3.9892 | logit 0.6950 | train_acc 23.98%
[Stage2/Head] ep 21/120 | loss 6.0034 | ce 3.8883 | logit 0.7050 | train_acc 23.95%
[Stage2/Head] ep 22/120 | loss 5.8225 | ce 3.8061 | logit 0.6722 | train_acc 24.05%
[Stage2/Head] ep 23/120 | loss 5.6935 | ce 3.7363 | logit 0.6524 | train_acc 24.27%
[Stage2/Head] ep 24/120 | loss 5.5367 | ce 3.6188 | logit 0.6393 | train_acc 23.98%
[Stage2/Head] ep 25/120 | loss 5.4803 | ce 3.5799 | logit 0.6335 | train_acc 24.25%
[Stage2/Head] ep 26/120 | loss 5.3389 | ce 3.5157 | logit 0.6077 | train_acc 24.18%
[Stage2/Head] ep 27/120 | loss 5.2682 | ce 3.4180 | logit 0.6167 | train_acc 24.07%
[Stage2/Head] ep 28/120 | loss 5.2882 | ce 3.4107 | logit 0.6258 | train_acc 24.12%
[Stage2/Head] ep 29/120 | loss 5.0105 | ce 3.3232 | logit 0.5624 | train_acc 24.32%
[Stage2/Head] ep 30/120 | loss 4.9040 | ce 3.2472 | logit 0.5523 | train_acc 24.18%
[Stage2/Head] ep 31/120 | loss 4.8729 | ce 3.2040 | logit 0.5563 | train_acc 24.27%
[Stage2/Head] ep 32/120 | loss 4.8559 | ce 3.1094 | logit 0.5822 | train_acc 24.15%
[Stage2/Head] ep 33/120 | loss 4.7711 | ce 3.0977 | logit 0.5578 | train_acc 24.23%
[Stage2/Head] ep 34/120 | loss 4.7964 | ce 3.0195 | logit 0.5923 | train_acc 24.10%
[Stage2/Head] ep 35/120 | loss 4.5881 | ce 2.9232 | logit 0.5550 | train_acc 24.12%
[Stage2/Head] ep 36/120 | loss 4.4753 | ce 2.8473 | logit 0.5427 | train_acc 24.05%
[Stage2/Head] ep 37/120 | loss 4.4564 | ce 2.8585 | logit 0.5326 | train_acc 24.15%
[Stage2/Head] ep 38/120 | loss 4.5496 | ce 2.7731 | logit 0.5922 | train_acc 24.12%
[Stage2/Head] ep 39/120 | loss 4.5068 | ce 2.7528 | logit 0.5847 | train_acc 24.12%
[Stage2/Head] ep 40/120 | loss 4.3889 | ce 2.7154 | logit 0.5578 | train_acc 24.00%
[Stage2/Head] ep 41/120 | loss 4.2131 | ce 2.6392 | logit 0.5246 | train_acc 24.18%
[Stage2/Head] ep 42/120 | loss 4.2349 | ce 2.6078 | logit 0.5424 | train_acc 24.25%
[Stage2/Head] ep 43/120 | loss 4.1770 | ce 2.5877 | logit 0.5297 | train_acc 24.43%
[Stage2/Head] ep 44/120 | loss 4.1583 | ce 2.5538 | logit 0.5348 | train_acc 24.32%
[Stage2/Head] ep 45/120 | loss 4.0399 | ce 2.4500 | logit 0.5300 | train_acc 24.70%
[Stage2/Head] ep 46/120 | loss 4.0831 | ce 2.4158 | logit 0.5558 | train_acc 24.95%
[Stage2/Head] ep 47/120 | loss 4.0122 | ce 2.3885 | logit 0.5412 | train_acc 25.05%
[Stage2/Head] ep 48/120 | loss 3.9504 | ce 2.3129 | logit 0.5458 | train_acc 25.55%
[Stage2/Head] ep 49/120 | loss 3.9748 | ce 2.3416 | logit 0.5444 | train_acc 25.55%
[Stage2/Head] ep 50/120 | loss 3.9592 | ce 2.2336 | logit 0.5752 | train_acc 26.50%
[Stage2/Head] ep 51/120 | loss 3.8444 | ce 2.2496 | logit 0.5316 | train_acc 26.12%
[Stage2/Head] ep 52/120 | loss 3.8851 | ce 2.1889 | logit 0.5654 | train_acc 26.25%
[Stage2/Head] ep 53/120 | loss 3.8007 | ce 2.1509 | logit 0.5499 | train_acc 27.10%
[Stage2/Head] ep 54/120 | loss 3.8123 | ce 2.1401 | logit 0.5574 | train_acc 27.68%
[Stage2/Head] ep 55/120 | loss 3.7400 | ce 2.0651 | logit 0.5583 | train_acc 27.93%
[Stage2/Head] ep 56/120 | loss 3.6850 | ce 2.1218 | logit 0.5211 | train_acc 29.15%
[Stage2/Head] ep 57/120 | loss 3.7393 | ce 2.0807 | logit 0.5529 | train_acc 30.32%
[Stage2/Head] ep 58/120 | loss 3.6443 | ce 1.9873 | logit 0.5523 | train_acc 32.75%
[Stage2/Head] ep 59/120 | loss 3.6373 | ce 1.9746 | logit 0.5542 | train_acc 33.27%
[Stage2/Head] ep 60/120 | loss 3.6966 | ce 1.9657 | logit 0.5770 | train_acc 35.38%
[Stage2/Head] ep 61/120 | loss 3.6802 | ce 1.8940 | logit 0.5954 | train_acc 36.45%
[Stage2/Head] ep 62/120 | loss 3.5609 | ce 1.8935 | logit 0.5558 | train_acc 38.90%
[Stage2/Head] ep 63/120 | loss 3.5714 | ce 1.8647 | logit 0.5689 | train_acc 40.42%
[Stage2/Head] ep 64/120 | loss 3.5542 | ce 1.8619 | logit 0.5641 | train_acc 42.62%
[Stage2/Head] ep 65/120 | loss 3.5678 | ce 1.8192 | logit 0.5829 | train_acc 42.85%
[Stage2/Head] ep 66/120 | loss 3.3412 | ce 1.7242 | logit 0.5390 | train_acc 46.70%
[Stage2/Head] ep 67/120 | loss 3.5459 | ce 1.7570 | logit 0.5963 | train_acc 47.33%
[Stage2/Head] ep 68/120 | loss 3.5059 | ce 1.7494 | logit 0.5855 | train_acc 48.20%
[Stage2/Head] ep 69/120 | loss 3.5013 | ce 1.7601 | logit 0.5804 | train_acc 49.23%
[Stage2/Head] ep 70/120 | loss 3.3959 | ce 1.7058 | logit 0.5634 | train_acc 50.67%
[Stage2/Head] ep 71/120 | loss 3.2929 | ce 1.6565 | logit 0.5455 | train_acc 52.00%
[Stage2/Head] ep 72/120 | loss 3.3861 | ce 1.6549 | logit 0.5771 | train_acc 52.83%
[Stage2/Head] ep 73/120 | loss 3.3340 | ce 1.6501 | logit 0.5613 | train_acc 53.90%
[Stage2/Head] ep 74/120 | loss 3.2927 | ce 1.5934 | logit 0.5664 | train_acc 56.40%
[Stage2/Head] ep 75/120 | loss 3.3839 | ce 1.6063 | logit 0.5925 | train_acc 57.77%
[Stage2/Head] ep 76/120 | loss 3.2805 | ce 1.5530 | logit 0.5758 | train_acc 58.08%
[Stage2/Head] ep 77/120 | loss 3.3172 | ce 1.5473 | logit 0.5900 | train_acc 59.83%
[Stage2/Head] ep 78/120 | loss 3.3197 | ce 1.5547 | logit 0.5883 | train_acc 58.98%
[Stage2/Head] ep 79/120 | loss 3.2070 | ce 1.5330 | logit 0.5580 | train_acc 60.85%
[Stage2/Head] ep 80/120 | loss 3.3581 | ce 1.5238 | logit 0.6114 | train_acc 60.27%
[Stage2/Head] ep 81/120 | loss 3.1609 | ce 1.5919 | logit 0.5230 | train_acc 58.58%
[Stage2/Head] ep 82/120 | loss 3.1614 | ce 1.4966 | logit 0.5549 | train_acc 62.92%
[Stage2/Head] ep 83/120 | loss 3.1274 | ce 1.4353 | logit 0.5640 | train_acc 63.02%
[Stage2/Head] ep 84/120 | loss 3.1986 | ce 1.4725 | logit 0.5753 | train_acc 62.55%
[Stage2/Head] ep 85/120 | loss 3.2085 | ce 1.4493 | logit 0.5864 | train_acc 63.73%
[Stage2/Head] ep 86/120 | loss 3.1023 | ce 1.4676 | logit 0.5449 | train_acc 63.65%
[Stage2/Head] ep 87/120 | loss 3.1558 | ce 1.4690 | logit 0.5623 | train_acc 62.95%
[Stage2/Head] ep 88/120 | loss 3.1807 | ce 1.4299 | logit 0.5836 | train_acc 64.45%
[Stage2/Head] ep 89/120 | loss 3.0858 | ce 1.4360 | logit 0.5499 | train_acc 63.52%
[Stage2/Head] ep 90/120 | loss 3.1158 | ce 1.3545 | logit 0.5871 | train_acc 66.33%
[Stage2/Head] ep 91/120 | loss 3.1763 | ce 1.4068 | logit 0.5898 | train_acc 64.70%
[Stage2/Head] ep 92/120 | loss 3.1238 | ce 1.3834 | logit 0.5801 | train_acc 65.08%
[Stage2/Head] ep 93/120 | loss 3.1246 | ce 1.4167 | logit 0.5693 | train_acc 64.40%
[Stage2/Head] ep 94/120 | loss 3.0289 | ce 1.3655 | logit 0.5545 | train_acc 67.65%
[Stage2/Head] ep 95/120 | loss 3.1999 | ce 1.3129 | logit 0.6290 | train_acc 67.97%
[Stage2/Head] ep 96/120 | loss 3.0375 | ce 1.3586 | logit 0.5596 | train_acc 66.08%
[Stage2/Head] ep 97/120 | loss 3.0175 | ce 1.3672 | logit 0.5501 | train_acc 68.28%
[Stage2/Head] ep 98/120 | loss 3.1265 | ce 1.2970 | logit 0.6098 | train_acc 69.05%
[Stage2/Head] ep 99/120 | loss 3.0458 | ce 1.2806 | logit 0.5884 | train_acc 68.10%
[Stage2/Head] ep 100/120 | loss 2.9759 | ce 1.2586 | logit 0.5724 | train_acc 69.42%
[Stage2/Head] ep 101/120 | loss 2.9955 | ce 1.2993 | logit 0.5654 | train_acc 67.88%
[Stage2/Head] ep 102/120 | loss 3.0447 | ce 1.2650 | logit 0.5932 | train_acc 69.25%
[Stage2/Head] ep 103/120 | loss 3.0493 | ce 1.2390 | logit 0.6034 | train_acc 69.65%
[Stage2/Head] ep 104/120 | loss 3.0273 | ce 1.2505 | logit 0.5923 | train_acc 70.08%
[Stage2/Head] ep 105/120 | loss 2.9047 | ce 1.2570 | logit 0.5492 | train_acc 68.97%
[Stage2/Head] ep 106/120 | loss 3.0307 | ce 1.2448 | logit 0.5953 | train_acc 69.88%
[Stage2/Head] ep 107/120 | loss 2.9565 | ce 1.2524 | logit 0.5680 | train_acc 69.45%
[Stage2/Head] ep 108/120 | loss 2.9502 | ce 1.2081 | logit 0.5807 | train_acc 71.88%
[Stage2/Head] ep 109/120 | loss 3.1254 | ce 1.2636 | logit 0.6206 | train_acc 69.40%
[Stage2/Head] ep 110/120 | loss 2.9938 | ce 1.2363 | logit 0.5858 | train_acc 69.95%
[Stage2/Head] ep 111/120 | loss 2.9124 | ce 1.2331 | logit 0.5598 | train_acc 69.70%
[Stage2/Head] ep 112/120 | loss 2.9235 | ce 1.2120 | logit 0.5705 | train_acc 70.47%
[Stage2/Head] ep 113/120 | loss 2.9200 | ce 1.1767 | logit 0.5811 | train_acc 71.40%
[Stage2/Head] ep 114/120 | loss 2.9224 | ce 1.1925 | logit 0.5766 | train_acc 71.58%
[Stage2/Head] ep 115/120 | loss 2.9053 | ce 1.2539 | logit 0.5505 | train_acc 69.90%
[Stage2/Head] ep 116/120 | loss 2.8841 | ce 1.2007 | logit 0.5611 | train_acc 71.00%
[Stage2/Head] ep 117/120 | loss 2.9283 | ce 1.1797 | logit 0.5828 | train_acc 70.58%
[Stage2/Head] ep 118/120 | loss 2.9602 | ce 1.1854 | logit 0.5916 | train_acc 71.80%
[Stage2/Head] ep 119/120 | loss 2.9047 | ce 1.2594 | logit 0.5484 | train_acc 69.10%
[Stage2/Head] ep 120/120 | loss 2.8188 | ce 1.1741 | logit 0.5482 | train_acc 72.00%
[Task 1] Training done in 5.52 min.
[Task 1] Test (on new class only) -> ce_loss: 1.0873, acc: 66.82%, rec_loss: 22.2574
  - Filtering train: keep top 95.0% per class based on returned scores.
[Task 1] Wrote CSVs to: ./runs_mnist_continual/run_20260226_142850/task1
Accuracies on seen tasks:
  Task 0 [0,1,2,3,4]: 95.54%
  Task 1 [5]: 66.82%
Mean over seen tasks (0..1): 81.18%
[Task 1] Skipping GP training and Rscript execution as per --skip_GP flag.
[Task 1] Loaded from R CSV: 2000 rows, f_size=16
[Task 1] Decoded images: torch.Size([2000, 1, 28, 28]) -> recovered dataset size 2000
[Task 1] Augmenting Task 2 training set with 2000 recovered samples.
/home/lhalice/miniconda3/envs/NNGP/lib/python3.12/site-packages/torch/utils/data/dataloader.py:627: UserWarning: This DataLoader will create 2 worker processes in total. Our suggested max number of worker in current system is 1, which is smaller than what this DataLoader is going to create. Please be aware that excessive worker creation might get DataLoader running slow or even freeze, lower the worker number to avoid potential slowness/freeze if necessary.
  warnings.warn(

================================================================================
Starting Task 2: digits [6]
Training samples size: 5000
================================================================================
[Stage1/AE] ep 1/240 | loss 1.3445 | rec 0.0420 | feat 1.3024 | train_acc 30.70%
[Stage1/AE] ep 2/240 | loss 1.2210 | rec 0.0378 | feat 1.1832 | train_acc 30.88%
[Stage1/AE] ep 3/240 | loss 1.1712 | rec 0.0367 | feat 1.1345 | train_acc 31.80%
[Stage1/AE] ep 4/240 | loss 1.1972 | rec 0.0362 | feat 1.1610 | train_acc 30.92%
[Stage1/AE] ep 5/240 | loss 1.1509 | rec 0.0357 | feat 1.1152 | train_acc 31.50%
[Stage1/AE] ep 6/240 | loss 1.1188 | rec 0.0353 | feat 1.0835 | train_acc 31.48%
[Stage1/AE] ep 7/240 | loss 1.1169 | rec 0.0351 | feat 1.0818 | train_acc 32.00%
[Stage1/AE] ep 8/240 | loss 1.0804 | rec 0.0347 | feat 1.0456 | train_acc 31.70%
[Stage1/AE] ep 9/240 | loss 1.0968 | rec 0.0348 | feat 1.0620 | train_acc 32.10%
[Stage1/AE] ep 10/240 | loss 1.0822 | rec 0.0349 | feat 1.0473 | train_acc 32.56%
[Stage1/AE] ep 11/240 | loss 1.0881 | rec 0.0346 | feat 1.0535 | train_acc 32.46%
[Stage1/AE] ep 12/240 | loss 1.0358 | rec 0.0342 | feat 1.0016 | train_acc 32.18%
[Stage1/AE] ep 13/240 | loss 1.0312 | rec 0.0341 | feat 0.9971 | train_acc 32.80%
[Stage1/AE] ep 14/240 | loss 1.0236 | rec 0.0341 | feat 0.9895 | train_acc 32.30%
[Stage1/AE] ep 15/240 | loss 1.0775 | rec 0.0343 | feat 1.0431 | train_acc 31.92%
[Stage1/AE] ep 16/240 | loss 1.0499 | rec 0.0340 | feat 1.0159 | train_acc 33.02%
[Stage1/AE] ep 17/240 | loss 1.0112 | rec 0.0341 | feat 0.9771 | train_acc 32.30%
[Stage1/AE] ep 18/240 | loss 1.0299 | rec 0.0343 | feat 0.9957 | train_acc 32.20%
[Stage1/AE] ep 19/240 | loss 1.0342 | rec 0.0338 | feat 1.0005 | train_acc 33.26%
[Stage1/AE] ep 20/240 | loss 0.9566 | rec 0.0336 | feat 0.9230 | train_acc 32.80%
[Stage1/AE] ep 21/240 | loss 1.0193 | rec 0.0339 | feat 0.9855 | train_acc 32.34%
[Stage1/AE] ep 22/240 | loss 0.9424 | rec 0.0339 | feat 0.9086 | train_acc 32.88%
[Stage1/AE] ep 23/240 | loss 0.9925 | rec 0.0337 | feat 0.9588 | train_acc 32.50%
[Stage1/AE] ep 24/240 | loss 0.9688 | rec 0.0335 | feat 0.9353 | train_acc 32.34%
[Stage1/AE] ep 25/240 | loss 0.9342 | rec 0.0335 | feat 0.9007 | train_acc 32.32%
[Stage1/AE] ep 26/240 | loss 0.9762 | rec 0.0337 | feat 0.9425 | train_acc 32.90%
[Stage1/AE] ep 27/240 | loss 0.9434 | rec 0.0336 | feat 0.9098 | train_acc 31.86%
[Stage1/AE] ep 28/240 | loss 0.9728 | rec 0.0337 | feat 0.9391 | train_acc 32.54%
[Stage1/AE] ep 29/240 | loss 1.0036 | rec 0.0332 | feat 0.9703 | train_acc 32.70%
[Stage1/AE] ep 30/240 | loss 0.9419 | rec 0.0334 | feat 0.9085 | train_acc 33.38%
[Stage1/AE] ep 31/240 | loss 0.9474 | rec 0.0334 | feat 0.9139 | train_acc 32.10%
[Stage1/AE] ep 32/240 | loss 0.9687 | rec 0.0331 | feat 0.9356 | train_acc 33.14%
[Stage1/AE] ep 33/240 | loss 0.9321 | rec 0.0332 | feat 0.8988 | train_acc 33.32%
[Stage1/AE] ep 34/240 | loss 0.9099 | rec 0.0332 | feat 0.8767 | train_acc 32.66%
[Stage1/AE] ep 35/240 | loss 0.9433 | rec 0.0332 | feat 0.9101 | train_acc 33.06%
[Stage1/AE] ep 36/240 | loss 0.9406 | rec 0.0332 | feat 0.9075 | train_acc 32.32%
[Stage1/AE] ep 37/240 | loss 0.9380 | rec 0.0330 | feat 0.9050 | train_acc 32.44%
[Stage1/AE] ep 38/240 | loss 0.9381 | rec 0.0329 | feat 0.9053 | train_acc 33.42%
[Stage1/AE] ep 39/240 | loss 0.9116 | rec 0.0331 | feat 0.8785 | train_acc 33.10%
[Stage1/AE] ep 40/240 | loss 0.9370 | rec 0.0331 | feat 0.9039 | train_acc 33.22%
[Stage1/AE] ep 41/240 | loss 0.9376 | rec 0.0329 | feat 0.9047 | train_acc 32.52%
[Stage1/AE] ep 42/240 | loss 0.9085 | rec 0.0326 | feat 0.8758 | train_acc 32.74%
[Stage1/AE] ep 43/240 | loss 0.9280 | rec 0.0331 | feat 0.8949 | train_acc 32.88%
[Stage1/AE] ep 44/240 | loss 0.9231 | rec 0.0332 | feat 0.8899 | train_acc 33.04%
[Stage1/AE] ep 45/240 | loss 0.8966 | rec 0.0330 | feat 0.8636 | train_acc 32.88%
[Stage1/AE] ep 46/240 | loss 0.9395 | rec 0.0331 | feat 0.9064 | train_acc 33.08%
[Stage1/AE] ep 47/240 | loss 0.9183 | rec 0.0332 | feat 0.8851 | train_acc 32.88%
[Stage1/AE] ep 48/240 | loss 0.9012 | rec 0.0326 | feat 0.8686 | train_acc 32.80%
[Stage1/AE] ep 49/240 | loss 0.9318 | rec 0.0325 | feat 0.8993 | train_acc 33.28%
[Stage1/AE] ep 50/240 | loss 0.8825 | rec 0.0327 | feat 0.8498 | train_acc 33.08%
[Stage1/AE] ep 51/240 | loss 0.8983 | rec 0.0327 | feat 0.8657 | train_acc 32.66%
[Stage1/AE] ep 52/240 | loss 0.8872 | rec 0.0324 | feat 0.8548 | train_acc 33.32%
[Stage1/AE] ep 53/240 | loss 0.8729 | rec 0.0325 | feat 0.8404 | train_acc 32.74%
[Stage1/AE] ep 54/240 | loss 0.9052 | rec 0.0324 | feat 0.8728 | train_acc 33.26%
[Stage1/AE] ep 55/240 | loss 0.8904 | rec 0.0331 | feat 0.8574 | train_acc 32.42%
[Stage1/AE] ep 56/240 | loss 0.8644 | rec 0.0328 | feat 0.8316 | train_acc 33.88%
[Stage1/AE] ep 57/240 | loss 0.9091 | rec 0.0330 | feat 0.8761 | train_acc 32.60%
[Stage1/AE] ep 58/240 | loss 0.9159 | rec 0.0326 | feat 0.8833 | train_acc 33.20%
[Stage1/AE] ep 59/240 | loss 0.9310 | rec 0.0325 | feat 0.8985 | train_acc 33.04%
[Stage1/AE] ep 60/240 | loss 0.9431 | rec 0.0327 | feat 0.9104 | train_acc 32.90%
[Stage1/AE] ep 61/240 | loss 0.8613 | rec 0.0325 | feat 0.8288 | train_acc 33.00%
[Stage1/AE] ep 62/240 | loss 0.9333 | rec 0.0326 | feat 0.9007 | train_acc 32.66%
[Stage1/AE] ep 63/240 | loss 0.8939 | rec 0.0328 | feat 0.8611 | train_acc 33.38%
[Stage1/AE] ep 64/240 | loss 0.8675 | rec 0.0324 | feat 0.8352 | train_acc 33.30%
[Stage1/AE] ep 65/240 | loss 0.8382 | rec 0.0332 | feat 0.8051 | train_acc 33.60%
[Stage1/AE] ep 66/240 | loss 0.9022 | rec 0.0327 | feat 0.8695 | train_acc 33.64%
[Stage1/AE] ep 67/240 | loss 0.8580 | rec 0.0324 | feat 0.8257 | train_acc 33.10%
[Stage1/AE] ep 68/240 | loss 0.8778 | rec 0.0322 | feat 0.8456 | train_acc 32.94%
[Stage1/AE] ep 69/240 | loss 0.8473 | rec 0.0323 | feat 0.8150 | train_acc 33.20%
[Stage1/AE] ep 70/240 | loss 0.8602 | rec 0.0322 | feat 0.8280 | train_acc 33.28%
[Stage1/AE] ep 71/240 | loss 0.8484 | rec 0.0320 | feat 0.8163 | train_acc 33.50%
[Stage1/AE] ep 72/240 | loss 0.8419 | rec 0.0322 | feat 0.8097 | train_acc 33.20%
[Stage1/AE] ep 73/240 | loss 0.8889 | rec 0.0324 | feat 0.8565 | train_acc 32.70%
[Stage1/AE] ep 74/240 | loss 0.8925 | rec 0.0323 | feat 0.8603 | train_acc 33.36%
[Stage1/AE] ep 75/240 | loss 0.8597 | rec 0.0320 | feat 0.8277 | train_acc 32.98%
[Stage1/AE] ep 76/240 | loss 0.8171 | rec 0.0322 | feat 0.7849 | train_acc 33.92%
[Stage1/AE] ep 77/240 | loss 0.8387 | rec 0.0319 | feat 0.8068 | train_acc 33.16%
[Stage1/AE] ep 78/240 | loss 0.8281 | rec 0.0324 | feat 0.7958 | train_acc 33.16%
[Stage1/AE] ep 79/240 | loss 0.8889 | rec 0.0319 | feat 0.8570 | train_acc 33.10%
[Stage1/AE] ep 80/240 | loss 0.8790 | rec 0.0319 | feat 0.8471 | train_acc 33.36%
[Stage1/AE] ep 81/240 | loss 0.8743 | rec 0.0319 | feat 0.8425 | train_acc 33.08%
[Stage1/AE] ep 82/240 | loss 0.8805 | rec 0.0317 | feat 0.8489 | train_acc 33.00%
[Stage1/AE] ep 83/240 | loss 0.8487 | rec 0.0321 | feat 0.8166 | train_acc 33.30%
[Stage1/AE] ep 84/240 | loss 0.8311 | rec 0.0319 | feat 0.7991 | train_acc 33.14%
[Stage1/AE] ep 85/240 | loss 0.8224 | rec 0.0319 | feat 0.7905 | train_acc 33.36%
[Stage1/AE] ep 86/240 | loss 0.8406 | rec 0.0318 | feat 0.8088 | train_acc 33.60%
[Stage1/AE] ep 87/240 | loss 0.8366 | rec 0.0318 | feat 0.8048 | train_acc 32.86%
[Stage1/AE] ep 88/240 | loss 0.8320 | rec 0.0317 | feat 0.8004 | train_acc 33.22%
[Stage1/AE] ep 89/240 | loss 0.8690 | rec 0.0320 | feat 0.8370 | train_acc 32.72%
[Stage1/AE] ep 90/240 | loss 0.8560 | rec 0.0321 | feat 0.8239 | train_acc 32.98%
[Stage1/AE] ep 91/240 | loss 0.8585 | rec 0.0320 | feat 0.8265 | train_acc 34.00%
[Stage1/AE] ep 92/240 | loss 0.7965 | rec 0.0320 | feat 0.7644 | train_acc 33.28%
[Stage1/AE] ep 93/240 | loss 0.8249 | rec 0.0317 | feat 0.7931 | train_acc 33.52%
[Stage1/AE] ep 94/240 | loss 0.8845 | rec 0.0318 | feat 0.8526 | train_acc 33.30%
[Stage1/AE] ep 95/240 | loss 0.8770 | rec 0.0318 | feat 0.8452 | train_acc 33.52%
[Stage1/AE] ep 96/240 | loss 0.8324 | rec 0.0314 | feat 0.8010 | train_acc 33.32%
[Stage1/AE] ep 97/240 | loss 0.8561 | rec 0.0320 | feat 0.8241 | train_acc 33.06%
[Stage1/AE] ep 98/240 | loss 0.8174 | rec 0.0317 | feat 0.7857 | train_acc 33.26%
[Stage1/AE] ep 99/240 | loss 0.8386 | rec 0.0315 | feat 0.8071 | train_acc 33.26%
[Stage1/AE] ep 100/240 | loss 0.8245 | rec 0.0314 | feat 0.7930 | train_acc 33.44%
[Stage1/AE] ep 101/240 | loss 0.8264 | rec 0.0315 | feat 0.7949 | train_acc 32.80%
[Stage1/AE] ep 102/240 | loss 0.8355 | rec 0.0318 | feat 0.8038 | train_acc 33.38%
[Stage1/AE] ep 103/240 | loss 0.8276 | rec 0.0315 | feat 0.7961 | train_acc 33.34%
[Stage1/AE] ep 104/240 | loss 0.8480 | rec 0.0316 | feat 0.8164 | train_acc 32.70%
[Stage1/AE] ep 105/240 | loss 0.8187 | rec 0.0320 | feat 0.7867 | train_acc 33.52%
[Stage1/AE] ep 106/240 | loss 0.8442 | rec 0.0317 | feat 0.8125 | train_acc 33.24%
[Stage1/AE] ep 107/240 | loss 0.8219 | rec 0.0315 | feat 0.7904 | train_acc 33.36%
[Stage1/AE] ep 108/240 | loss 0.8379 | rec 0.0312 | feat 0.8067 | train_acc 32.72%
[Stage1/AE] ep 109/240 | loss 0.8196 | rec 0.0317 | feat 0.7879 | train_acc 33.14%
[Stage1/AE] ep 110/240 | loss 0.8086 | rec 0.0316 | feat 0.7770 | train_acc 33.54%
[Stage1/AE] ep 111/240 | loss 0.7980 | rec 0.0315 | feat 0.7665 | train_acc 32.88%
[Stage1/AE] ep 112/240 | loss 0.8136 | rec 0.0315 | feat 0.7821 | train_acc 33.32%
[Stage1/AE] ep 113/240 | loss 0.8125 | rec 0.0317 | feat 0.7808 | train_acc 33.38%
[Stage1/AE] ep 114/240 | loss 0.8153 | rec 0.0313 | feat 0.7840 | train_acc 33.86%
[Stage1/AE] ep 115/240 | loss 0.8389 | rec 0.0313 | feat 0.8075 | train_acc 33.50%
[Stage1/AE] ep 116/240 | loss 0.7996 | rec 0.0314 | feat 0.7682 | train_acc 33.18%
[Stage1/AE] ep 117/240 | loss 0.8043 | rec 0.0313 | feat 0.7729 | train_acc 33.42%
[Stage1/AE] ep 118/240 | loss 0.8273 | rec 0.0315 | feat 0.7959 | train_acc 34.40%
[Stage1/AE] ep 119/240 | loss 0.8157 | rec 0.0312 | feat 0.7845 | train_acc 33.58%
[Stage1/AE] ep 120/240 | loss 0.7597 | rec 0.0312 | feat 0.7286 | train_acc 33.40%
[Stage1/AE] ep 121/240 | loss 0.7877 | rec 0.0312 | feat 0.7564 | train_acc 33.10%
[Stage1/AE] ep 122/240 | loss 0.8205 | rec 0.0313 | feat 0.7892 | train_acc 32.54%
[Stage1/AE] ep 123/240 | loss 0.8155 | rec 0.0314 | feat 0.7840 | train_acc 33.36%
[Stage1/AE] ep 124/240 | loss 0.7745 | rec 0.0314 | feat 0.7431 | train_acc 33.74%
[Stage1/AE] ep 125/240 | loss 0.8216 | rec 0.0315 | feat 0.7901 | train_acc 33.22%
[Stage1/AE] ep 126/240 | loss 0.7856 | rec 0.0313 | feat 0.7543 | train_acc 33.32%
[Stage1/AE] ep 127/240 | loss 0.7902 | rec 0.0313 | feat 0.7590 | train_acc 33.62%
[Stage1/AE] ep 128/240 | loss 0.8003 | rec 0.0312 | feat 0.7690 | train_acc 33.72%
[Stage1/AE] ep 129/240 | loss 0.7975 | rec 0.0311 | feat 0.7664 | train_acc 32.82%
[Stage1/AE] ep 130/240 | loss 0.7392 | rec 0.0315 | feat 0.7077 | train_acc 33.34%
[Stage1/AE] ep 131/240 | loss 0.7777 | rec 0.0313 | feat 0.7465 | train_acc 33.06%
[Stage1/AE] ep 132/240 | loss 0.7986 | rec 0.0316 | feat 0.7670 | train_acc 32.98%
[Stage1/AE] ep 133/240 | loss 0.7534 | rec 0.0313 | feat 0.7221 | train_acc 33.60%
[Stage1/AE] ep 134/240 | loss 0.7493 | rec 0.0310 | feat 0.7183 | train_acc 33.14%
[Stage1/AE] ep 135/240 | loss 0.7640 | rec 0.0310 | feat 0.7330 | train_acc 33.58%
[Stage1/AE] ep 136/240 | loss 0.8122 | rec 0.0312 | feat 0.7810 | train_acc 32.76%
[Stage1/AE] ep 137/240 | loss 0.7897 | rec 0.0313 | feat 0.7584 | train_acc 33.32%
[Stage1/AE] ep 138/240 | loss 0.7483 | rec 0.0314 | feat 0.7168 | train_acc 33.88%
[Stage1/AE] ep 139/240 | loss 0.7746 | rec 0.0312 | feat 0.7434 | train_acc 33.32%
[Stage1/AE] ep 140/240 | loss 0.7701 | rec 0.0308 | feat 0.7393 | train_acc 33.32%
[Stage1/AE] ep 141/240 | loss 0.7737 | rec 0.0308 | feat 0.7429 | train_acc 33.58%
[Stage1/AE] ep 142/240 | loss 0.7898 | rec 0.0311 | feat 0.7587 | train_acc 33.76%
[Stage1/AE] ep 143/240 | loss 0.7500 | rec 0.0309 | feat 0.7190 | train_acc 33.42%
[Stage1/AE] ep 144/240 | loss 0.8272 | rec 0.0309 | feat 0.7963 | train_acc 33.68%
[Stage1/AE] ep 145/240 | loss 0.7842 | rec 0.0312 | feat 0.7530 | train_acc 33.70%
[Stage1/AE] ep 146/240 | loss 0.8119 | rec 0.0313 | feat 0.7806 | train_acc 33.14%
[Stage1/AE] ep 147/240 | loss 0.7876 | rec 0.0312 | feat 0.7564 | train_acc 32.56%
[Stage1/AE] ep 148/240 | loss 0.7789 | rec 0.0312 | feat 0.7477 | train_acc 33.06%
[Stage1/AE] ep 149/240 | loss 0.7265 | rec 0.0310 | feat 0.6955 | train_acc 33.84%
[Stage1/AE] ep 150/240 | loss 0.7421 | rec 0.0310 | feat 0.7111 | train_acc 33.10%
[Stage1/AE] ep 151/240 | loss 0.7657 | rec 0.0308 | feat 0.7349 | train_acc 33.66%
[Stage1/AE] ep 152/240 | loss 0.7624 | rec 0.0309 | feat 0.7315 | train_acc 33.48%
[Stage1/AE] ep 153/240 | loss 0.7549 | rec 0.0309 | feat 0.7240 | train_acc 33.56%
[Stage1/AE] ep 154/240 | loss 0.7663 | rec 0.0309 | feat 0.7354 | train_acc 33.60%
[Stage1/AE] ep 155/240 | loss 0.7231 | rec 0.0306 | feat 0.6925 | train_acc 33.00%
[Stage1/AE] ep 156/240 | loss 0.7589 | rec 0.0311 | feat 0.7279 | train_acc 33.32%
[Stage1/AE] ep 157/240 | loss 0.7517 | rec 0.0305 | feat 0.7212 | train_acc 33.42%
[Stage1/AE] ep 158/240 | loss 0.7293 | rec 0.0307 | feat 0.6986 | train_acc 33.48%
[Stage1/AE] ep 159/240 | loss 0.7486 | rec 0.0306 | feat 0.7180 | train_acc 33.56%
[Stage1/AE] ep 160/240 | loss 0.7598 | rec 0.0310 | feat 0.7288 | train_acc 34.12%
[Stage1/AE] ep 161/240 | loss 0.7590 | rec 0.0310 | feat 0.7280 | train_acc 33.58%
[Stage1/AE] ep 162/240 | loss 0.7468 | rec 0.0309 | feat 0.7159 | train_acc 33.22%
[Stage1/AE] ep 163/240 | loss 0.7320 | rec 0.0307 | feat 0.7013 | train_acc 33.38%
[Stage1/AE] ep 164/240 | loss 0.7925 | rec 0.0308 | feat 0.7618 | train_acc 33.64%
[Stage1/AE] ep 165/240 | loss 0.7532 | rec 0.0306 | feat 0.7226 | train_acc 33.56%
[Stage1/AE] ep 166/240 | loss 0.7438 | rec 0.0305 | feat 0.7133 | train_acc 33.72%
[Stage1/AE] ep 167/240 | loss 0.7504 | rec 0.0306 | feat 0.7198 | train_acc 33.36%
[Stage1/AE] ep 168/240 | loss 0.7527 | rec 0.0304 | feat 0.7223 | train_acc 33.72%
[Stage1/AE] ep 169/240 | loss 0.7214 | rec 0.0304 | feat 0.6910 | train_acc 33.64%
[Stage1/AE] ep 170/240 | loss 0.7387 | rec 0.0309 | feat 0.7079 | train_acc 33.28%
[Stage1/AE] ep 171/240 | loss 0.7296 | rec 0.0304 | feat 0.6992 | train_acc 33.18%
[Stage1/AE] ep 172/240 | loss 0.7372 | rec 0.0308 | feat 0.7064 | train_acc 34.08%
[Stage1/AE] ep 173/240 | loss 0.7411 | rec 0.0304 | feat 0.7107 | train_acc 33.42%
[Stage1/AE] ep 174/240 | loss 0.7731 | rec 0.0306 | feat 0.7425 | train_acc 33.16%
[Stage1/AE] ep 175/240 | loss 0.7389 | rec 0.0303 | feat 0.7086 | train_acc 34.08%
[Stage1/AE] ep 176/240 | loss 0.7227 | rec 0.0306 | feat 0.6921 | train_acc 33.34%
[Stage1/AE] ep 177/240 | loss 0.7388 | rec 0.0303 | feat 0.7085 | train_acc 33.80%
[Stage1/AE] ep 178/240 | loss 0.6952 | rec 0.0304 | feat 0.6647 | train_acc 32.98%
[Stage1/AE] ep 179/240 | loss 0.7587 | rec 0.0307 | feat 0.7279 | train_acc 32.82%
[Stage1/AE] ep 180/240 | loss 0.7136 | rec 0.0303 | feat 0.6833 | train_acc 32.98%
[Stage1/AE] ep 181/240 | loss 0.7363 | rec 0.0302 | feat 0.7061 | train_acc 33.24%
[Stage1/AE] ep 182/240 | loss 0.7373 | rec 0.0304 | feat 0.7069 | train_acc 33.30%
[Stage1/AE] ep 183/240 | loss 0.7162 | rec 0.0305 | feat 0.6857 | train_acc 33.68%
[Stage1/AE] ep 184/240 | loss 0.7307 | rec 0.0305 | feat 0.7002 | train_acc 33.62%
[Stage1/AE] ep 185/240 | loss 0.7353 | rec 0.0304 | feat 0.7050 | train_acc 33.64%
[Stage1/AE] ep 186/240 | loss 0.7653 | rec 0.0304 | feat 0.7349 | train_acc 33.46%
[Stage1/AE] ep 187/240 | loss 0.7421 | rec 0.0302 | feat 0.7119 | train_acc 33.72%
[Stage1/AE] ep 188/240 | loss 0.7239 | rec 0.0303 | feat 0.6936 | train_acc 33.12%
[Stage1/AE] ep 189/240 | loss 0.7367 | rec 0.0302 | feat 0.7064 | train_acc 33.78%
[Stage1/AE] ep 190/240 | loss 0.7356 | rec 0.0301 | feat 0.7056 | train_acc 33.56%
[Stage1/AE] ep 191/240 | loss 0.7615 | rec 0.0305 | feat 0.7311 | train_acc 33.30%
[Stage1/AE] ep 192/240 | loss 0.7020 | rec 0.0303 | feat 0.6717 | train_acc 33.62%
[Stage1/AE] ep 193/240 | loss 0.7316 | rec 0.0299 | feat 0.7017 | train_acc 33.18%
[Stage1/AE] ep 194/240 | loss 0.7281 | rec 0.0300 | feat 0.6980 | train_acc 33.40%
[Stage1/AE] ep 195/240 | loss 0.7340 | rec 0.0305 | feat 0.7035 | train_acc 33.60%
[Stage1/AE] ep 196/240 | loss 0.7118 | rec 0.0302 | feat 0.6816 | train_acc 33.96%
[Stage1/AE] ep 197/240 | loss 0.7247 | rec 0.0302 | feat 0.6945 | train_acc 33.70%
[Stage1/AE] ep 198/240 | loss 0.6973 | rec 0.0308 | feat 0.6665 | train_acc 33.48%
[Stage1/AE] ep 199/240 | loss 0.7320 | rec 0.0299 | feat 0.7020 | train_acc 33.76%
[Stage1/AE] ep 200/240 | loss 0.7280 | rec 0.0302 | feat 0.6978 | train_acc 33.32%
[Stage1/AE] ep 201/240 | loss 0.7255 | rec 0.0302 | feat 0.6953 | train_acc 33.24%
[Stage1/AE] ep 202/240 | loss 0.7659 | rec 0.0299 | feat 0.7360 | train_acc 32.84%
[Stage1/AE] ep 203/240 | loss 0.7130 | rec 0.0301 | feat 0.6829 | train_acc 33.40%
[Stage1/AE] ep 204/240 | loss 0.6707 | rec 0.0300 | feat 0.6408 | train_acc 33.64%
[Stage1/AE] ep 205/240 | loss 0.7001 | rec 0.0298 | feat 0.6704 | train_acc 33.58%
[Stage1/AE] ep 206/240 | loss 0.7112 | rec 0.0299 | feat 0.6813 | train_acc 33.62%
[Stage1/AE] ep 207/240 | loss 0.7213 | rec 0.0302 | feat 0.6911 | train_acc 33.96%
[Stage1/AE] ep 208/240 | loss 0.7074 | rec 0.0299 | feat 0.6776 | train_acc 33.70%
[Stage1/AE] ep 209/240 | loss 0.7084 | rec 0.0301 | feat 0.6784 | train_acc 33.40%
[Stage1/AE] ep 210/240 | loss 0.6913 | rec 0.0300 | feat 0.6612 | train_acc 33.40%
[Stage1/AE] ep 211/240 | loss 0.7061 | rec 0.0301 | feat 0.6760 | train_acc 33.14%
[Stage1/AE] ep 212/240 | loss 0.7145 | rec 0.0300 | feat 0.6845 | train_acc 33.58%
[Stage1/AE] ep 213/240 | loss 0.7013 | rec 0.0299 | feat 0.6714 | train_acc 33.64%
[Stage1/AE] ep 214/240 | loss 0.6917 | rec 0.0302 | feat 0.6615 | train_acc 33.70%
[Stage1/AE] ep 215/240 | loss 0.7093 | rec 0.0300 | feat 0.6792 | train_acc 33.90%
[Stage1/AE] ep 216/240 | loss 0.7086 | rec 0.0301 | feat 0.6785 | train_acc 33.38%
[Stage1/AE] ep 217/240 | loss 0.7074 | rec 0.0299 | feat 0.6775 | train_acc 33.64%
[Stage1/AE] ep 218/240 | loss 0.7553 | rec 0.0302 | feat 0.7251 | train_acc 32.80%
[Stage1/AE] ep 219/240 | loss 0.7134 | rec 0.0299 | feat 0.6835 | train_acc 33.18%
[Stage1/AE] ep 220/240 | loss 0.6736 | rec 0.0300 | feat 0.6436 | train_acc 33.94%
[Stage1/AE] ep 221/240 | loss 0.6807 | rec 0.0301 | feat 0.6506 | train_acc 32.86%
[Stage1/AE] ep 222/240 | loss 0.6785 | rec 0.0298 | feat 0.6488 | train_acc 33.70%
[Stage1/AE] ep 223/240 | loss 0.6976 | rec 0.0302 | feat 0.6674 | train_acc 34.00%
[Stage1/AE] ep 224/240 | loss 0.6753 | rec 0.0306 | feat 0.6447 | train_acc 33.88%
[Stage1/AE] ep 225/240 | loss 0.6769 | rec 0.0298 | feat 0.6471 | train_acc 33.86%
[Stage1/AE] ep 226/240 | loss 0.6856 | rec 0.0299 | feat 0.6556 | train_acc 33.94%
[Stage1/AE] ep 227/240 | loss 0.6984 | rec 0.0299 | feat 0.6684 | train_acc 33.64%
[Stage1/AE] ep 228/240 | loss 0.7063 | rec 0.0298 | feat 0.6765 | train_acc 33.50%
[Stage1/AE] ep 229/240 | loss 0.6902 | rec 0.0298 | feat 0.6605 | train_acc 32.96%
[Stage1/AE] ep 230/240 | loss 0.6921 | rec 0.0298 | feat 0.6623 | train_acc 33.68%
[Stage1/AE] ep 231/240 | loss 0.6985 | rec 0.0297 | feat 0.6688 | train_acc 33.32%
[Stage1/AE] ep 232/240 | loss 0.6987 | rec 0.0303 | feat 0.6684 | train_acc 32.70%
[Stage1/AE] ep 233/240 | loss 0.6879 | rec 0.0295 | feat 0.6584 | train_acc 33.06%
[Stage1/AE] ep 234/240 | loss 0.6972 | rec 0.0296 | feat 0.6676 | train_acc 33.42%
[Stage1/AE] ep 235/240 | loss 0.7438 | rec 0.0297 | feat 0.7141 | train_acc 32.94%
[Stage1/AE] ep 236/240 | loss 0.6926 | rec 0.0299 | feat 0.6627 | train_acc 33.58%
[Stage1/AE] ep 237/240 | loss 0.6899 | rec 0.0299 | feat 0.6600 | train_acc 33.02%
[Stage1/AE] ep 238/240 | loss 0.6794 | rec 0.0295 | feat 0.6499 | train_acc 33.40%
[Stage1/AE] ep 239/240 | loss 0.6757 | rec 0.0295 | feat 0.6462 | train_acc 33.88%
[Stage1/AE] ep 240/240 | loss 0.6773 | rec 0.0297 | feat 0.6477 | train_acc 33.60%
[Stage2/Head] ep 1/240 | loss 29.1963 | ce 9.7147 | logit 6.4939 | train_acc 31.60%
[Stage2/Head] ep 2/240 | loss 23.0438 | ce 8.0870 | logit 4.9856 | train_acc 12.18%
[Stage2/Head] ep 3/240 | loss 20.4969 | ce 7.7365 | logit 4.2535 | train_acc 8.38%
[Stage2/Head] ep 4/240 | loss 19.6905 | ce 7.4354 | logit 4.0851 | train_acc 7.24%
[Stage2/Head] ep 5/240 | loss 18.7573 | ce 7.1137 | logit 3.8812 | train_acc 6.92%
[Stage2/Head] ep 6/240 | loss 17.8762 | ce 6.9965 | logit 3.6266 | train_acc 7.22%
[Stage2/Head] ep 7/240 | loss 17.1045 | ce 6.7057 | logit 3.4663 | train_acc 7.34%
[Stage2/Head] ep 8/240 | loss 16.4749 | ce 6.5270 | logit 3.3160 | train_acc 7.02%
[Stage2/Head] ep 9/240 | loss 15.9103 | ce 6.2944 | logit 3.2053 | train_acc 6.78%
[Stage2/Head] ep 10/240 | loss 15.4462 | ce 6.1670 | logit 3.0931 | train_acc 7.04%
[Stage2/Head] ep 11/240 | loss 15.0971 | ce 6.1734 | logit 2.9746 | train_acc 6.90%
[Stage2/Head] ep 12/240 | loss 14.5011 | ce 5.8831 | logit 2.8727 | train_acc 6.50%
[Stage2/Head] ep 13/240 | loss 13.9190 | ce 5.6470 | logit 2.7573 | train_acc 6.48%
[Stage2/Head] ep 14/240 | loss 13.5003 | ce 5.5254 | logit 2.6583 | train_acc 6.46%
[Stage2/Head] ep 15/240 | loss 13.2009 | ce 5.3959 | logit 2.6017 | train_acc 7.94%
[Stage2/Head] ep 16/240 | loss 12.7202 | ce 5.2735 | logit 2.4822 | train_acc 8.20%
[Stage2/Head] ep 17/240 | loss 12.4462 | ce 5.1797 | logit 2.4221 | train_acc 8.32%
[Stage2/Head] ep 18/240 | loss 12.3422 | ce 5.1071 | logit 2.4117 | train_acc 18.62%
[Stage2/Head] ep 19/240 | loss 11.8217 | ce 5.0018 | logit 2.2733 | train_acc 33.66%
[Stage2/Head] ep 20/240 | loss 11.7758 | ce 4.9462 | logit 2.2765 | train_acc 33.26%
[Stage2/Head] ep 21/240 | loss 11.5297 | ce 4.8549 | logit 2.2249 | train_acc 32.78%
[Stage2/Head] ep 22/240 | loss 11.1886 | ce 4.7830 | logit 2.1352 | train_acc 32.92%
[Stage2/Head] ep 23/240 | loss 10.9821 | ce 4.7150 | logit 2.0890 | train_acc 33.00%
[Stage2/Head] ep 24/240 | loss 10.7473 | ce 4.6622 | logit 2.0284 | train_acc 33.28%
[Stage2/Head] ep 25/240 | loss 10.6481 | ce 4.6153 | logit 2.0109 | train_acc 33.06%
[Stage2/Head] ep 26/240 | loss 10.3210 | ce 4.5783 | logit 1.9142 | train_acc 33.32%
[Stage2/Head] ep 27/240 | loss 10.1346 | ce 4.5437 | logit 1.8636 | train_acc 33.24%
[Stage2/Head] ep 28/240 | loss 10.0568 | ce 4.5008 | logit 1.8520 | train_acc 33.24%
[Stage2/Head] ep 29/240 | loss 9.9599 | ce 4.4456 | logit 1.8381 | train_acc 33.32%
[Stage2/Head] ep 30/240 | loss 9.8194 | ce 4.3868 | logit 1.8109 | train_acc 33.42%
[Stage2/Head] ep 31/240 | loss 9.4987 | ce 4.3444 | logit 1.7181 | train_acc 33.52%
[Stage2/Head] ep 32/240 | loss 9.4794 | ce 4.3060 | logit 1.7245 | train_acc 33.52%
[Stage2/Head] ep 33/240 | loss 9.4391 | ce 4.3269 | logit 1.7041 | train_acc 33.26%
[Stage2/Head] ep 34/240 | loss 9.4285 | ce 4.2952 | logit 1.7111 | train_acc 32.62%
[Stage2/Head] ep 35/240 | loss 9.1185 | ce 4.2821 | logit 1.6121 | train_acc 33.02%
[Stage2/Head] ep 36/240 | loss 8.9763 | ce 4.2796 | logit 1.5656 | train_acc 33.10%
[Stage2/Head] ep 37/240 | loss 8.8893 | ce 4.2319 | logit 1.5525 | train_acc 33.36%
[Stage2/Head] ep 38/240 | loss 8.5388 | ce 4.1500 | logit 1.4629 | train_acc 34.20%
[Stage2/Head] ep 39/240 | loss 8.5653 | ce 4.0994 | logit 1.4886 | train_acc 33.96%
[Stage2/Head] ep 40/240 | loss 8.4192 | ce 4.1834 | logit 1.4119 | train_acc 34.32%
[Stage2/Head] ep 41/240 | loss 8.4633 | ce 4.2024 | logit 1.4203 | train_acc 34.12%
[Stage2/Head] ep 42/240 | loss 8.3295 | ce 4.2997 | logit 1.3433 | train_acc 34.74%
[Stage2/Head] ep 43/240 | loss 8.4824 | ce 4.5849 | logit 1.2991 | train_acc 34.60%
[Stage2/Head] ep 44/240 | loss 9.4975 | ce 4.9696 | logit 1.5093 | train_acc 30.94%
[Stage2/Head] ep 45/240 | loss 10.9696 | ce 4.9330 | logit 2.0122 | train_acc 20.52%
[Stage2/Head] ep 46/240 | loss 10.9940 | ce 4.4404 | logit 2.1845 | train_acc 7.92%
[Stage2/Head] ep 47/240 | loss 9.2620 | ce 4.0553 | logit 1.7356 | train_acc 8.86%
[Stage2/Head] ep 48/240 | loss 8.2700 | ce 3.7839 | logit 1.4954 | train_acc 9.94%
[Stage2/Head] ep 49/240 | loss 7.4536 | ce 3.5443 | logit 1.3031 | train_acc 15.72%
[Stage2/Head] ep 50/240 | loss 6.9506 | ce 3.3589 | logit 1.1972 | train_acc 20.42%
[Stage2/Head] ep 51/240 | loss 6.4604 | ce 3.2089 | logit 1.0838 | train_acc 23.20%
[Stage2/Head] ep 52/240 | loss 6.1205 | ce 3.0670 | logit 1.0178 | train_acc 26.06%
[Stage2/Head] ep 53/240 | loss 5.7542 | ce 2.9368 | logit 0.9391 | train_acc 26.88%
[Stage2/Head] ep 54/240 | loss 5.5195 | ce 2.8100 | logit 0.9032 | train_acc 27.94%
[Stage2/Head] ep 55/240 | loss 5.3596 | ce 2.6809 | logit 0.8929 | train_acc 28.56%
[Stage2/Head] ep 56/240 | loss 5.0374 | ce 2.5934 | logit 0.8147 | train_acc 27.30%
[Stage2/Head] ep 57/240 | loss 4.8855 | ce 2.4727 | logit 0.8043 | train_acc 27.64%
[Stage2/Head] ep 58/240 | loss 4.7539 | ce 2.3664 | logit 0.7959 | train_acc 28.42%
[Stage2/Head] ep 59/240 | loss 4.4851 | ce 2.2757 | logit 0.7365 | train_acc 28.06%
[Stage2/Head] ep 60/240 | loss 4.4142 | ce 2.2111 | logit 0.7344 | train_acc 27.62%
[Stage2/Head] ep 61/240 | loss 4.2973 | ce 2.1376 | logit 0.7199 | train_acc 27.44%
[Stage2/Head] ep 62/240 | loss 4.1776 | ce 2.0592 | logit 0.7061 | train_acc 28.36%
[Stage2/Head] ep 63/240 | loss 4.0752 | ce 1.9801 | logit 0.6984 | train_acc 27.90%
[Stage2/Head] ep 64/240 | loss 3.9295 | ce 1.9009 | logit 0.6762 | train_acc 27.92%
[Stage2/Head] ep 65/240 | loss 3.8118 | ce 1.8310 | logit 0.6603 | train_acc 27.64%
[Stage2/Head] ep 66/240 | loss 3.8010 | ce 1.7756 | logit 0.6751 | train_acc 28.86%
[Stage2/Head] ep 67/240 | loss 3.6222 | ce 1.7045 | logit 0.6393 | train_acc 31.76%
[Stage2/Head] ep 68/240 | loss 3.5196 | ce 1.6375 | logit 0.6274 | train_acc 36.26%
[Stage2/Head] ep 69/240 | loss 3.5637 | ce 1.5957 | logit 0.6560 | train_acc 38.66%
[Stage2/Head] ep 70/240 | loss 3.5188 | ce 1.5562 | logit 0.6542 | train_acc 42.82%
[Stage2/Head] ep 71/240 | loss 3.3512 | ce 1.4802 | logit 0.6237 | train_acc 46.64%
[Stage2/Head] ep 72/240 | loss 3.4084 | ce 1.4405 | logit 0.6560 | train_acc 50.68%
[Stage2/Head] ep 73/240 | loss 3.2052 | ce 1.4143 | logit 0.5970 | train_acc 53.74%
[Stage2/Head] ep 74/240 | loss 3.2029 | ce 1.3690 | logit 0.6113 | train_acc 57.18%
[Stage2/Head] ep 75/240 | loss 3.1914 | ce 1.3204 | logit 0.6237 | train_acc 58.98%
[Stage2/Head] ep 76/240 | loss 3.1134 | ce 1.2834 | logit 0.6100 | train_acc 62.42%
[Stage2/Head] ep 77/240 | loss 3.0522 | ce 1.2458 | logit 0.6021 | train_acc 64.30%
[Stage2/Head] ep 78/240 | loss 3.1098 | ce 1.2350 | logit 0.6249 | train_acc 65.16%
[Stage2/Head] ep 79/240 | loss 3.0613 | ce 1.1812 | logit 0.6267 | train_acc 69.04%
[Stage2/Head] ep 80/240 | loss 2.9158 | ce 1.1432 | logit 0.5908 | train_acc 69.18%
[Stage2/Head] ep 81/240 | loss 2.8916 | ce 1.1281 | logit 0.5878 | train_acc 71.34%
[Stage2/Head] ep 82/240 | loss 2.8820 | ce 1.1160 | logit 0.5887 | train_acc 69.84%
[Stage2/Head] ep 83/240 | loss 2.8246 | ce 1.0719 | logit 0.5842 | train_acc 72.62%
[Stage2/Head] ep 84/240 | loss 2.8059 | ce 1.0395 | logit 0.5888 | train_acc 74.14%
[Stage2/Head] ep 85/240 | loss 2.7782 | ce 1.0371 | logit 0.5804 | train_acc 74.98%
[Stage2/Head] ep 86/240 | loss 2.7464 | ce 1.0108 | logit 0.5785 | train_acc 75.56%
[Stage2/Head] ep 87/240 | loss 2.6531 | ce 0.9730 | logit 0.5600 | train_acc 76.04%
[Stage2/Head] ep 88/240 | loss 2.6858 | ce 0.9559 | logit 0.5766 | train_acc 76.92%
[Stage2/Head] ep 89/240 | loss 2.7763 | ce 0.9416 | logit 0.6116 | train_acc 77.22%
[Stage2/Head] ep 90/240 | loss 2.6623 | ce 0.9309 | logit 0.5771 | train_acc 77.24%
[Stage2/Head] ep 91/240 | loss 2.6107 | ce 0.8946 | logit 0.5720 | train_acc 78.90%
[Stage2/Head] ep 92/240 | loss 2.6055 | ce 0.8757 | logit 0.5766 | train_acc 78.02%
[Stage2/Head] ep 93/240 | loss 2.5670 | ce 0.8692 | logit 0.5659 | train_acc 79.04%
[Stage2/Head] ep 94/240 | loss 2.6205 | ce 0.8501 | logit 0.5901 | train_acc 78.76%
[Stage2/Head] ep 95/240 | loss 2.5329 | ce 0.8641 | logit 0.5563 | train_acc 79.90%
[Stage2/Head] ep 96/240 | loss 2.5236 | ce 0.8331 | logit 0.5635 | train_acc 79.74%
[Stage2/Head] ep 97/240 | loss 2.5637 | ce 0.8161 | logit 0.5825 | train_acc 79.96%
[Stage2/Head] ep 98/240 | loss 2.4636 | ce 0.8227 | logit 0.5470 | train_acc 80.72%
[Stage2/Head] ep 99/240 | loss 2.5615 | ce 0.8204 | logit 0.5804 | train_acc 79.96%
[Stage2/Head] ep 100/240 | loss 2.4540 | ce 0.7669 | logit 0.5624 | train_acc 80.76%
[Stage2/Head] ep 101/240 | loss 2.4016 | ce 0.7855 | logit 0.5387 | train_acc 80.24%
[Stage2/Head] ep 102/240 | loss 2.4064 | ce 0.7319 | logit 0.5582 | train_acc 82.50%
[Stage2/Head] ep 103/240 | loss 2.3673 | ce 0.7393 | logit 0.5427 | train_acc 81.52%
[Stage2/Head] ep 104/240 | loss 2.3546 | ce 0.7431 | logit 0.5372 | train_acc 80.98%
[Stage2/Head] ep 105/240 | loss 2.4029 | ce 0.6990 | logit 0.5680 | train_acc 82.58%
[Stage2/Head] ep 106/240 | loss 2.3713 | ce 0.7227 | logit 0.5496 | train_acc 81.62%
[Stage2/Head] ep 107/240 | loss 2.2664 | ce 0.6830 | logit 0.5278 | train_acc 82.76%
[Stage2/Head] ep 108/240 | loss 2.3704 | ce 0.6954 | logit 0.5583 | train_acc 81.92%
[Stage2/Head] ep 109/240 | loss 2.3060 | ce 0.6665 | logit 0.5465 | train_acc 82.46%
[Stage2/Head] ep 110/240 | loss 2.3040 | ce 0.6728 | logit 0.5437 | train_acc 82.72%
[Stage2/Head] ep 111/240 | loss 2.2535 | ce 0.6353 | logit 0.5394 | train_acc 82.60%
[Stage2/Head] ep 112/240 | loss 2.2129 | ce 0.6443 | logit 0.5229 | train_acc 83.52%
[Stage2/Head] ep 113/240 | loss 2.2647 | ce 0.6926 | logit 0.5240 | train_acc 82.26%
[Stage2/Head] ep 114/240 | loss 2.2174 | ce 0.6130 | logit 0.5348 | train_acc 83.22%
[Stage2/Head] ep 115/240 | loss 2.1492 | ce 0.6046 | logit 0.5149 | train_acc 83.60%
[Stage2/Head] ep 116/240 | loss 2.1507 | ce 0.6108 | logit 0.5133 | train_acc 83.94%
[Stage2/Head] ep 117/240 | loss 2.2290 | ce 0.6034 | logit 0.5419 | train_acc 83.84%
[Stage2/Head] ep 118/240 | loss 2.1994 | ce 0.5956 | logit 0.5346 | train_acc 84.04%
[Stage2/Head] ep 119/240 | loss 2.1766 | ce 0.6091 | logit 0.5225 | train_acc 82.16%
[Stage2/Head] ep 120/240 | loss 2.1283 | ce 0.5962 | logit 0.5107 | train_acc 84.18%
[Stage2/Head] ep 121/240 | loss 2.3309 | ce 0.5905 | logit 0.5801 | train_acc 83.40%
[Stage2/Head] ep 122/240 | loss 2.1644 | ce 0.5675 | logit 0.5323 | train_acc 83.42%
[Stage2/Head] ep 123/240 | loss 2.1001 | ce 0.5739 | logit 0.5087 | train_acc 84.18%
[Stage2/Head] ep 124/240 | loss 2.1081 | ce 0.5629 | logit 0.5151 | train_acc 84.18%
[Stage2/Head] ep 125/240 | loss 2.1115 | ce 0.5709 | logit 0.5136 | train_acc 83.64%
[Stage2/Head] ep 126/240 | loss 2.0504 | ce 0.5494 | logit 0.5003 | train_acc 83.96%
[Stage2/Head] ep 127/240 | loss 2.0698 | ce 0.5401 | logit 0.5099 | train_acc 84.46%
[Stage2/Head] ep 128/240 | loss 2.1144 | ce 0.5461 | logit 0.5228 | train_acc 83.72%
[Stage2/Head] ep 129/240 | loss 2.0733 | ce 0.5548 | logit 0.5061 | train_acc 82.76%
[Stage2/Head] ep 130/240 | loss 2.2814 | ce 0.5230 | logit 0.5861 | train_acc 83.80%
[Stage2/Head] ep 131/240 | loss 2.0494 | ce 0.5331 | logit 0.5054 | train_acc 83.42%
[Stage2/Head] ep 132/240 | loss 2.0850 | ce 0.5249 | logit 0.5200 | train_acc 84.46%
[Stage2/Head] ep 133/240 | loss 2.0732 | ce 0.5100 | logit 0.5211 | train_acc 83.80%
[Stage2/Head] ep 134/240 | loss 1.9979 | ce 0.5137 | logit 0.4947 | train_acc 83.72%
[Stage2/Head] ep 135/240 | loss 2.0180 | ce 0.4995 | logit 0.5062 | train_acc 84.30%
[Stage2/Head] ep 136/240 | loss 2.0307 | ce 0.5021 | logit 0.5095 | train_acc 83.44%
[Stage2/Head] ep 137/240 | loss 1.9809 | ce 0.5035 | logit 0.4925 | train_acc 83.84%
[Stage2/Head] ep 138/240 | loss 2.0066 | ce 0.4862 | logit 0.5068 | train_acc 83.88%
[Stage2/Head] ep 139/240 | loss 1.9797 | ce 0.4994 | logit 0.4934 | train_acc 83.60%
[Stage2/Head] ep 140/240 | loss 1.9320 | ce 0.4984 | logit 0.4779 | train_acc 82.96%
[Stage2/Head] ep 141/240 | loss 1.9443 | ce 0.4731 | logit 0.4904 | train_acc 84.26%
[Stage2/Head] ep 142/240 | loss 1.9340 | ce 0.4832 | logit 0.4836 | train_acc 84.20%
[Stage2/Head] ep 143/240 | loss 1.9335 | ce 0.4911 | logit 0.4808 | train_acc 83.08%
[Stage2/Head] ep 144/240 | loss 1.9360 | ce 0.4790 | logit 0.4856 | train_acc 84.70%
[Stage2/Head] ep 145/240 | loss 1.9183 | ce 0.4463 | logit 0.4907 | train_acc 84.18%
[Stage2/Head] ep 146/240 | loss 1.9407 | ce 0.4731 | logit 0.4892 | train_acc 83.14%
[Stage2/Head] ep 147/240 | loss 2.0261 | ce 0.4697 | logit 0.5188 | train_acc 83.86%
[Stage2/Head] ep 148/240 | loss 1.8909 | ce 0.4691 | logit 0.4739 | train_acc 83.78%
[Stage2/Head] ep 149/240 | loss 1.9815 | ce 0.4649 | logit 0.5055 | train_acc 83.24%
[Stage2/Head] ep 150/240 | loss 1.9158 | ce 0.4486 | logit 0.4891 | train_acc 84.36%
[Stage2/Head] ep 151/240 | loss 1.9308 | ce 0.4528 | logit 0.4927 | train_acc 83.50%
[Stage2/Head] ep 152/240 | loss 1.9267 | ce 0.4472 | logit 0.4932 | train_acc 84.20%
[Stage2/Head] ep 153/240 | loss 1.9278 | ce 0.4327 | logit 0.4984 | train_acc 84.58%
[Stage2/Head] ep 154/240 | loss 1.9326 | ce 0.4514 | logit 0.4937 | train_acc 84.52%
[Stage2/Head] ep 155/240 | loss 1.8151 | ce 0.4696 | logit 0.4485 | train_acc 83.74%
[Stage2/Head] ep 156/240 | loss 1.8299 | ce 0.4077 | logit 0.4740 | train_acc 84.60%
[Stage2/Head] ep 157/240 | loss 1.8641 | ce 0.4282 | logit 0.4786 | train_acc 84.28%
[Stage2/Head] ep 158/240 | loss 1.8095 | ce 0.4383 | logit 0.4570 | train_acc 83.60%
[Stage2/Head] ep 159/240 | loss 1.9388 | ce 0.4171 | logit 0.5072 | train_acc 84.06%
[Stage2/Head] ep 160/240 | loss 1.9285 | ce 0.4364 | logit 0.4974 | train_acc 83.50%
[Stage2/Head] ep 161/240 | loss 1.8617 | ce 0.4165 | logit 0.4817 | train_acc 84.38%
[Stage2/Head] ep 162/240 | loss 1.9049 | ce 0.4420 | logit 0.4876 | train_acc 84.14%
[Stage2/Head] ep 163/240 | loss 1.8681 | ce 0.4131 | logit 0.4850 | train_acc 83.26%
[Stage2/Head] ep 164/240 | loss 1.8628 | ce 0.4390 | logit 0.4746 | train_acc 84.42%
[Stage2/Head] ep 165/240 | loss 1.8457 | ce 0.4224 | logit 0.4744 | train_acc 84.02%
[Stage2/Head] ep 166/240 | loss 1.8288 | ce 0.4255 | logit 0.4678 | train_acc 84.08%
[Stage2/Head] ep 167/240 | loss 1.8309 | ce 0.4265 | logit 0.4681 | train_acc 83.64%
[Stage2/Head] ep 168/240 | loss 1.8044 | ce 0.4323 | logit 0.4574 | train_acc 83.44%
[Stage2/Head] ep 169/240 | loss 1.8210 | ce 0.4034 | logit 0.4725 | train_acc 84.10%
[Stage2/Head] ep 170/240 | loss 1.8947 | ce 0.4314 | logit 0.4878 | train_acc 83.54%
[Stage2/Head] ep 171/240 | loss 1.8165 | ce 0.3888 | logit 0.4759 | train_acc 84.24%
[Stage2/Head] ep 172/240 | loss 1.8222 | ce 0.4260 | logit 0.4654 | train_acc 84.00%
[Stage2/Head] ep 173/240 | loss 1.7996 | ce 0.4012 | logit 0.4661 | train_acc 83.46%
[Stage2/Head] ep 174/240 | loss 1.8147 | ce 0.3994 | logit 0.4717 | train_acc 84.52%
[Stage2/Head] ep 175/240 | loss 1.8236 | ce 0.3929 | logit 0.4769 | train_acc 84.36%
[Stage2/Head] ep 176/240 | loss 1.7753 | ce 0.4339 | logit 0.4471 | train_acc 83.42%
[Stage2/Head] ep 177/240 | loss 1.8598 | ce 0.3847 | logit 0.4917 | train_acc 84.22%
[Stage2/Head] ep 178/240 | loss 1.7898 | ce 0.4213 | logit 0.4562 | train_acc 83.08%
[Stage2/Head] ep 179/240 | loss 1.7686 | ce 0.4130 | logit 0.4519 | train_acc 84.48%
[Stage2/Head] ep 180/240 | loss 1.7935 | ce 0.3793 | logit 0.4714 | train_acc 83.96%
[Stage2/Head] ep 181/240 | loss 1.8089 | ce 0.3979 | logit 0.4703 | train_acc 83.80%
[Stage2/Head] ep 182/240 | loss 1.8149 | ce 0.4240 | logit 0.4636 | train_acc 83.62%
[Stage2/Head] ep 183/240 | loss 1.7814 | ce 0.3874 | logit 0.4647 | train_acc 84.52%
[Stage2/Head] ep 184/240 | loss 1.7966 | ce 0.4032 | logit 0.4645 | train_acc 83.82%
[Stage2/Head] ep 185/240 | loss 1.7900 | ce 0.4172 | logit 0.4576 | train_acc 84.06%
[Stage2/Head] ep 186/240 | loss 1.7789 | ce 0.3848 | logit 0.4647 | train_acc 84.12%
[Stage2/Head] ep 187/240 | loss 1.7487 | ce 0.4065 | logit 0.4474 | train_acc 83.88%
[Stage2/Head] ep 188/240 | loss 1.9683 | ce 0.4217 | logit 0.5155 | train_acc 83.06%
[Stage2/Head] ep 189/240 | loss 1.8549 | ce 0.3957 | logit 0.4864 | train_acc 83.34%
[Stage2/Head] ep 190/240 | loss 1.7640 | ce 0.3923 | logit 0.4572 | train_acc 83.84%
[Stage2/Head] ep 191/240 | loss 1.7772 | ce 0.3975 | logit 0.4599 | train_acc 83.68%
[Stage2/Head] ep 192/240 | loss 1.7466 | ce 0.4036 | logit 0.4477 | train_acc 83.68%
[Stage2/Head] ep 193/240 | loss 1.7973 | ce 0.4189 | logit 0.4595 | train_acc 83.32%
[Stage2/Head] ep 194/240 | loss 1.7067 | ce 0.3823 | logit 0.4415 | train_acc 84.00%
[Stage2/Head] ep 195/240 | loss 1.7583 | ce 0.3864 | logit 0.4573 | train_acc 83.54%
[Stage2/Head] ep 196/240 | loss 1.7913 | ce 0.3760 | logit 0.4718 | train_acc 84.16%
[Stage2/Head] ep 197/240 | loss 1.7289 | ce 0.4118 | logit 0.4391 | train_acc 83.98%
[Stage2/Head] ep 198/240 | loss 1.7653 | ce 0.3867 | logit 0.4595 | train_acc 83.60%
[Stage2/Head] ep 199/240 | loss 1.7970 | ce 0.4068 | logit 0.4634 | train_acc 82.76%
[Stage2/Head] ep 200/240 | loss 1.7998 | ce 0.3887 | logit 0.4703 | train_acc 84.48%
[Stage2/Head] ep 201/240 | loss 1.8854 | ce 0.3984 | logit 0.4957 | train_acc 83.42%
[Stage2/Head] ep 202/240 | loss 1.8305 | ce 0.4470 | logit 0.4612 | train_acc 82.48%
[Stage2/Head] ep 203/240 | loss 1.7812 | ce 0.3712 | logit 0.4700 | train_acc 84.70%
[Stage2/Head] ep 204/240 | loss 1.7588 | ce 0.4242 | logit 0.4449 | train_acc 82.56%
[Stage2/Head] ep 205/240 | loss 1.7079 | ce 0.3785 | logit 0.4431 | train_acc 84.62%
[Stage2/Head] ep 206/240 | loss 1.7299 | ce 0.3959 | logit 0.4447 | train_acc 84.12%
[Stage2/Head] ep 207/240 | loss 1.7917 | ce 0.3773 | logit 0.4715 | train_acc 84.06%
[Stage2/Head] ep 208/240 | loss 1.7485 | ce 0.4113 | logit 0.4457 | train_acc 82.78%
[Stage2/Head] ep 209/240 | loss 1.7590 | ce 0.3737 | logit 0.4618 | train_acc 84.48%
[Stage2/Head] ep 210/240 | loss 1.7728 | ce 0.3813 | logit 0.4638 | train_acc 83.36%
[Stage2/Head] ep 211/240 | loss 1.7108 | ce 0.3644 | logit 0.4488 | train_acc 84.50%
[Stage2/Head] ep 212/240 | loss 1.7899 | ce 0.3879 | logit 0.4673 | train_acc 83.68%
[Stage2/Head] ep 213/240 | loss 1.7712 | ce 0.3929 | logit 0.4594 | train_acc 83.74%
[Stage2/Head] ep 214/240 | loss 1.7539 | ce 0.3921 | logit 0.4539 | train_acc 83.60%
[Stage2/Head] ep 215/240 | loss 1.7714 | ce 0.3921 | logit 0.4597 | train_acc 84.20%
[Stage2/Head] ep 216/240 | loss 1.8023 | ce 0.3889 | logit 0.4711 | train_acc 84.02%
[Stage2/Head] ep 217/240 | loss 1.7388 | ce 0.3913 | logit 0.4492 | train_acc 84.26%
[Stage2/Head] ep 218/240 | loss 1.7007 | ce 0.3830 | logit 0.4392 | train_acc 83.90%
[Stage2/Head] ep 219/240 | loss 1.7115 | ce 0.3876 | logit 0.4413 | train_acc 84.28%
[Stage2/Head] ep 220/240 | loss 1.7141 | ce 0.3679 | logit 0.4487 | train_acc 84.30%
[Stage2/Head] ep 221/240 | loss 1.7494 | ce 0.3990 | logit 0.4501 | train_acc 83.80%
[Stage2/Head] ep 222/240 | loss 1.7494 | ce 0.3806 | logit 0.4562 | train_acc 83.60%
[Stage2/Head] ep 223/240 | loss 1.7377 | ce 0.3854 | logit 0.4508 | train_acc 83.82%
[Stage2/Head] ep 224/240 | loss 1.6585 | ce 0.3800 | logit 0.4262 | train_acc 84.10%
[Stage2/Head] ep 225/240 | loss 1.7589 | ce 0.3647 | logit 0.4648 | train_acc 82.94%
[Stage2/Head] ep 226/240 | loss 1.6752 | ce 0.3769 | logit 0.4328 | train_acc 84.16%
[Stage2/Head] ep 227/240 | loss 1.8267 | ce 0.3716 | logit 0.4850 | train_acc 83.90%
[Stage2/Head] ep 228/240 | loss 1.8126 | ce 0.4028 | logit 0.4699 | train_acc 83.24%
[Stage2/Head] ep 229/240 | loss 1.7798 | ce 0.4145 | logit 0.4551 | train_acc 83.08%
[Stage2/Head] ep 230/240 | loss 1.7271 | ce 0.3909 | logit 0.4454 | train_acc 84.10%
[Stage2/Head] ep 231/240 | loss 1.7456 | ce 0.3622 | logit 0.4611 | train_acc 84.32%
[Stage2/Head] ep 232/240 | loss 1.7244 | ce 0.3901 | logit 0.4448 | train_acc 83.72%
[Stage2/Head] ep 233/240 | loss 1.7869 | ce 0.3851 | logit 0.4673 | train_acc 83.60%
[Stage2/Head] ep 234/240 | loss 1.7085 | ce 0.4150 | logit 0.4312 | train_acc 83.32%
[Stage2/Head] ep 235/240 | loss 1.7154 | ce 0.3757 | logit 0.4466 | train_acc 84.04%
[Stage2/Head] ep 236/240 | loss 1.7127 | ce 0.3821 | logit 0.4435 | train_acc 83.98%
[Stage2/Head] ep 237/240 | loss 1.7446 | ce 0.3776 | logit 0.4557 | train_acc 84.08%
[Stage2/Head] ep 238/240 | loss 1.6539 | ce 0.3605 | logit 0.4311 | train_acc 84.06%
[Stage2/Head] ep 239/240 | loss 1.7516 | ce 0.3630 | logit 0.4629 | train_acc 84.12%
[Stage2/Head] ep 240/240 | loss 1.7762 | ce 0.3879 | logit 0.4627 | train_acc 83.66%
[Task 2] Training done in 12.57 min.
[Task 2] Test (on new class only) -> ce_loss: 0.2424, acc: 93.22%, rec_loss: 21.3397
  - Filtering train: keep top 95.0% per class based on returned scores.
[Task 2] Wrote CSVs to: ./runs_mnist_continual/run_20260226_142850/task2
Accuracies on seen tasks:
  Task 0 [0,1,2,3,4]: 84.34%
  Task 1 [5]: 54.37%
  Task 2 [6]: 93.22%
Mean over seen tasks (0..2): 77.31%
[Task 2] Skipping GP training and Rscript execution as per --skip_GP flag.
[Task 2] Loaded from R CSV: 3000 rows, f_size=16
[Task 2] Decoded images: torch.Size([3000, 1, 28, 28]) -> recovered dataset size 3000
[Task 2] Augmenting Task 3 training set with 3000 recovered samples.
/home/lhalice/miniconda3/envs/NNGP/lib/python3.12/site-packages/torch/utils/data/dataloader.py:627: UserWarning: This DataLoader will create 2 worker processes in total. Our suggested max number of worker in current system is 1, which is smaller than what this DataLoader is going to create. Please be aware that excessive worker creation might get DataLoader running slow or even freeze, lower the worker number to avoid potential slowness/freeze if necessary.
  warnings.warn(

================================================================================
Starting Task 3: digits [7]
Training samples size: 6000
================================================================================
[Stage1/AE] ep 1/360 | loss 0.5336 | rec 0.0449 | feat 0.4887 | train_acc 40.95%
[Stage1/AE] ep 2/360 | loss 0.4512 | rec 0.0353 | feat 0.4159 | train_acc 41.70%
[Stage1/AE] ep 3/360 | loss 0.4396 | rec 0.0329 | feat 0.4066 | train_acc 41.50%
[Stage1/AE] ep 4/360 | loss 0.4138 | rec 0.0315 | feat 0.3823 | train_acc 41.75%
[Stage1/AE] ep 5/360 | loss 0.4181 | rec 0.0307 | feat 0.3874 | train_acc 41.45%
[Stage1/AE] ep 6/360 | loss 0.3933 | rec 0.0302 | feat 0.3631 | train_acc 41.95%
[Stage1/AE] ep 7/360 | loss 0.3847 | rec 0.0299 | feat 0.3549 | train_acc 41.68%
[Stage1/AE] ep 8/360 | loss 0.3730 | rec 0.0296 | feat 0.3434 | train_acc 41.77%
[Stage1/AE] ep 9/360 | loss 0.3728 | rec 0.0293 | feat 0.3435 | train_acc 41.83%
[Stage1/AE] ep 10/360 | loss 0.3663 | rec 0.0292 | feat 0.3371 | train_acc 41.88%
[Stage1/AE] ep 11/360 | loss 0.3600 | rec 0.0288 | feat 0.3311 | train_acc 41.55%
[Stage1/AE] ep 12/360 | loss 0.3573 | rec 0.0287 | feat 0.3286 | train_acc 41.07%
[Stage1/AE] ep 13/360 | loss 0.3444 | rec 0.0287 | feat 0.3157 | train_acc 41.63%
[Stage1/AE] ep 14/360 | loss 0.3354 | rec 0.0284 | feat 0.3070 | train_acc 41.67%
[Stage1/AE] ep 15/360 | loss 0.3391 | rec 0.0283 | feat 0.3108 | train_acc 41.58%
[Stage1/AE] ep 16/360 | loss 0.3440 | rec 0.0283 | feat 0.3157 | train_acc 41.35%
[Stage1/AE] ep 17/360 | loss 0.3375 | rec 0.0282 | feat 0.3093 | train_acc 41.68%
[Stage1/AE] ep 18/360 | loss 0.3324 | rec 0.0281 | feat 0.3043 | train_acc 41.38%
[Stage1/AE] ep 19/360 | loss 0.3268 | rec 0.0279 | feat 0.2989 | train_acc 41.73%
[Stage1/AE] ep 20/360 | loss 0.3193 | rec 0.0279 | feat 0.2914 | train_acc 41.40%
[Stage1/AE] ep 21/360 | loss 0.3150 | rec 0.0278 | feat 0.2873 | train_acc 41.03%
[Stage1/AE] ep 22/360 | loss 0.3239 | rec 0.0277 | feat 0.2962 | train_acc 41.32%
[Stage1/AE] ep 23/360 | loss 0.3306 | rec 0.0278 | feat 0.3029 | train_acc 41.32%
[Stage1/AE] ep 24/360 | loss 0.3218 | rec 0.0277 | feat 0.2941 | train_acc 40.98%
[Stage1/AE] ep 25/360 | loss 0.3234 | rec 0.0275 | feat 0.2959 | train_acc 41.68%
[Stage1/AE] ep 26/360 | loss 0.3173 | rec 0.0275 | feat 0.2897 | train_acc 41.40%
[Stage1/AE] ep 27/360 | loss 0.3173 | rec 0.0274 | feat 0.2899 | train_acc 41.27%
[Stage1/AE] ep 28/360 | loss 0.3037 | rec 0.0274 | feat 0.2762 | train_acc 41.52%
[Stage1/AE] ep 29/360 | loss 0.3134 | rec 0.0275 | feat 0.2860 | train_acc 41.47%
[Stage1/AE] ep 30/360 | loss 0.3158 | rec 0.0271 | feat 0.2887 | train_acc 40.95%
[Stage1/AE] ep 31/360 | loss 0.3118 | rec 0.0271 | feat 0.2847 | train_acc 40.87%
[Stage1/AE] ep 32/360 | loss 0.3106 | rec 0.0273 | feat 0.2833 | train_acc 41.13%
[Stage1/AE] ep 33/360 | loss 0.3112 | rec 0.0271 | feat 0.2841 | train_acc 41.03%
[Stage1/AE] ep 34/360 | loss 0.3063 | rec 0.0270 | feat 0.2793 | train_acc 41.93%
[Stage1/AE] ep 35/360 | loss 0.3054 | rec 0.0270 | feat 0.2784 | train_acc 40.88%
[Stage1/AE] ep 36/360 | loss 0.3084 | rec 0.0270 | feat 0.2814 | train_acc 41.40%
[Stage1/AE] ep 37/360 | loss 0.3100 | rec 0.0269 | feat 0.2831 | train_acc 41.18%
[Stage1/AE] ep 38/360 | loss 0.3056 | rec 0.0270 | feat 0.2786 | train_acc 41.35%
[Stage1/AE] ep 39/360 | loss 0.3034 | rec 0.0269 | feat 0.2765 | train_acc 41.43%
[Stage1/AE] ep 40/360 | loss 0.3069 | rec 0.0267 | feat 0.2803 | train_acc 41.05%
[Stage1/AE] ep 41/360 | loss 0.3031 | rec 0.0269 | feat 0.2762 | train_acc 41.10%
[Stage1/AE] ep 42/360 | loss 0.2985 | rec 0.0268 | feat 0.2717 | train_acc 41.27%
[Stage1/AE] ep 43/360 | loss 0.2986 | rec 0.0267 | feat 0.2719 | train_acc 41.12%
[Stage1/AE] ep 44/360 | loss 0.3044 | rec 0.0266 | feat 0.2778 | train_acc 40.72%
[Stage1/AE] ep 45/360 | loss 0.3018 | rec 0.0265 | feat 0.2753 | train_acc 40.97%
[Stage1/AE] ep 46/360 | loss 0.3027 | rec 0.0266 | feat 0.2761 | train_acc 41.20%
[Stage1/AE] ep 47/360 | loss 0.3033 | rec 0.0267 | feat 0.2766 | train_acc 41.47%
[Stage1/AE] ep 48/360 | loss 0.3045 | rec 0.0264 | feat 0.2781 | train_acc 41.03%
[Stage1/AE] ep 49/360 | loss 0.2962 | rec 0.0262 | feat 0.2700 | train_acc 41.53%
[Stage1/AE] ep 50/360 | loss 0.2891 | rec 0.0266 | feat 0.2625 | train_acc 41.33%
[Stage1/AE] ep 51/360 | loss 0.2945 | rec 0.0266 | feat 0.2680 | train_acc 41.80%
[Stage1/AE] ep 52/360 | loss 0.2909 | rec 0.0265 | feat 0.2644 | train_acc 41.27%
[Stage1/AE] ep 53/360 | loss 0.3009 | rec 0.0263 | feat 0.2747 | train_acc 41.35%
[Stage1/AE] ep 54/360 | loss 0.2903 | rec 0.0263 | feat 0.2640 | train_acc 41.40%
[Stage1/AE] ep 55/360 | loss 0.2946 | rec 0.0263 | feat 0.2684 | train_acc 41.28%
[Stage1/AE] ep 56/360 | loss 0.2880 | rec 0.0263 | feat 0.2617 | train_acc 41.07%
[Stage1/AE] ep 57/360 | loss 0.2941 | rec 0.0263 | feat 0.2678 | train_acc 41.37%
[Stage1/AE] ep 58/360 | loss 0.2791 | rec 0.0261 | feat 0.2530 | train_acc 41.47%
[Stage1/AE] ep 59/360 | loss 0.2922 | rec 0.0260 | feat 0.2662 | train_acc 41.57%
[Stage1/AE] ep 60/360 | loss 0.2897 | rec 0.0261 | feat 0.2636 | train_acc 41.40%
[Stage1/AE] ep 61/360 | loss 0.2892 | rec 0.0261 | feat 0.2631 | train_acc 41.60%
[Stage1/AE] ep 62/360 | loss 0.2917 | rec 0.0258 | feat 0.2658 | train_acc 41.10%
[Stage1/AE] ep 63/360 | loss 0.2852 | rec 0.0260 | feat 0.2593 | train_acc 41.38%
[Stage1/AE] ep 64/360 | loss 0.2940 | rec 0.0258 | feat 0.2682 | train_acc 40.70%
[Stage1/AE] ep 65/360 | loss 0.2884 | rec 0.0259 | feat 0.2624 | train_acc 41.33%
[Stage1/AE] ep 66/360 | loss 0.2862 | rec 0.0259 | feat 0.2602 | train_acc 41.45%
[Stage1/AE] ep 67/360 | loss 0.2879 | rec 0.0259 | feat 0.2621 | train_acc 41.20%
[Stage1/AE] ep 68/360 | loss 0.2859 | rec 0.0260 | feat 0.2599 | train_acc 41.08%
[Stage1/AE] ep 69/360 | loss 0.2836 | rec 0.0256 | feat 0.2580 | train_acc 41.17%
[Stage1/AE] ep 70/360 | loss 0.2796 | rec 0.0256 | feat 0.2539 | train_acc 41.25%
[Stage1/AE] ep 71/360 | loss 0.2803 | rec 0.0257 | feat 0.2546 | train_acc 40.93%
[Stage1/AE] ep 72/360 | loss 0.2896 | rec 0.0258 | feat 0.2638 | train_acc 40.75%
[Stage1/AE] ep 73/360 | loss 0.2870 | rec 0.0257 | feat 0.2613 | train_acc 41.00%
[Stage1/AE] ep 74/360 | loss 0.2846 | rec 0.0256 | feat 0.2590 | train_acc 41.58%
[Stage1/AE] ep 75/360 | loss 0.2838 | rec 0.0258 | feat 0.2580 | train_acc 41.55%
[Stage1/AE] ep 76/360 | loss 0.2819 | rec 0.0255 | feat 0.2564 | train_acc 41.05%
[Stage1/AE] ep 77/360 | loss 0.2804 | rec 0.0255 | feat 0.2549 | train_acc 41.63%
[Stage1/AE] ep 78/360 | loss 0.2908 | rec 0.0254 | feat 0.2654 | train_acc 41.55%
[Stage1/AE] ep 79/360 | loss 0.2870 | rec 0.0254 | feat 0.2616 | train_acc 41.30%
[Stage1/AE] ep 80/360 | loss 0.2848 | rec 0.0255 | feat 0.2592 | train_acc 41.15%
[Stage1/AE] ep 81/360 | loss 0.2828 | rec 0.0254 | feat 0.2574 | train_acc 41.25%
[Stage1/AE] ep 82/360 | loss 0.2808 | rec 0.0256 | feat 0.2552 | train_acc 41.63%
[Stage1/AE] ep 83/360 | loss 0.2825 | rec 0.0254 | feat 0.2571 | train_acc 41.27%
[Stage1/AE] ep 84/360 | loss 0.2768 | rec 0.0253 | feat 0.2515 | train_acc 42.07%
[Stage1/AE] ep 85/360 | loss 0.2852 | rec 0.0253 | feat 0.2599 | train_acc 41.20%
[Stage1/AE] ep 86/360 | loss 0.2851 | rec 0.0253 | feat 0.2598 | train_acc 41.30%
[Stage1/AE] ep 87/360 | loss 0.2809 | rec 0.0255 | feat 0.2554 | train_acc 41.32%
[Stage1/AE] ep 88/360 | loss 0.2849 | rec 0.0254 | feat 0.2595 | train_acc 41.28%
[Stage1/AE] ep 89/360 | loss 0.2764 | rec 0.0252 | feat 0.2512 | train_acc 41.22%
[Stage1/AE] ep 90/360 | loss 0.2749 | rec 0.0252 | feat 0.2497 | train_acc 41.50%
[Stage1/AE] ep 91/360 | loss 0.2875 | rec 0.0252 | feat 0.2623 | train_acc 41.68%
[Stage1/AE] ep 92/360 | loss 0.2758 | rec 0.0251 | feat 0.2507 | train_acc 41.60%
[Stage1/AE] ep 93/360 | loss 0.2834 | rec 0.0251 | feat 0.2583 | train_acc 41.40%
[Stage1/AE] ep 94/360 | loss 0.2825 | rec 0.0252 | feat 0.2573 | train_acc 41.47%
[Stage1/AE] ep 95/360 | loss 0.2833 | rec 0.0251 | feat 0.2582 | train_acc 40.93%
[Stage1/AE] ep 96/360 | loss 0.2813 | rec 0.0250 | feat 0.2562 | train_acc 41.08%
[Stage1/AE] ep 97/360 | loss 0.2713 | rec 0.0251 | feat 0.2462 | train_acc 41.32%
[Stage1/AE] ep 98/360 | loss 0.2708 | rec 0.0250 | feat 0.2458 | train_acc 41.65%
[Stage1/AE] ep 99/360 | loss 0.2737 | rec 0.0251 | feat 0.2487 | train_acc 42.08%
[Stage1/AE] ep 100/360 | loss 0.2715 | rec 0.0251 | feat 0.2464 | train_acc 41.50%
[Stage1/AE] ep 101/360 | loss 0.2710 | rec 0.0251 | feat 0.2460 | train_acc 41.65%
[Stage1/AE] ep 102/360 | loss 0.2726 | rec 0.0250 | feat 0.2476 | train_acc 41.42%
[Stage1/AE] ep 103/360 | loss 0.2812 | rec 0.0250 | feat 0.2562 | train_acc 41.23%
[Stage1/AE] ep 104/360 | loss 0.2664 | rec 0.0248 | feat 0.2416 | train_acc 41.68%
[Stage1/AE] ep 105/360 | loss 0.2705 | rec 0.0248 | feat 0.2457 | train_acc 41.65%
[Stage1/AE] ep 106/360 | loss 0.2746 | rec 0.0250 | feat 0.2495 | train_acc 41.37%
[Stage1/AE] ep 107/360 | loss 0.2625 | rec 0.0250 | feat 0.2375 | train_acc 41.78%
[Stage1/AE] ep 108/360 | loss 0.2745 | rec 0.0250 | feat 0.2495 | train_acc 41.43%
[Stage1/AE] ep 109/360 | loss 0.2720 | rec 0.0247 | feat 0.2472 | train_acc 41.58%
[Stage1/AE] ep 110/360 | loss 0.2732 | rec 0.0248 | feat 0.2484 | train_acc 41.30%
[Stage1/AE] ep 111/360 | loss 0.2713 | rec 0.0246 | feat 0.2466 | train_acc 41.40%
[Stage1/AE] ep 112/360 | loss 0.2641 | rec 0.0247 | feat 0.2394 | train_acc 41.35%
[Stage1/AE] ep 113/360 | loss 0.2666 | rec 0.0249 | feat 0.2418 | train_acc 41.77%
[Stage1/AE] ep 114/360 | loss 0.2703 | rec 0.0248 | feat 0.2456 | train_acc 41.60%
[Stage1/AE] ep 115/360 | loss 0.2645 | rec 0.0247 | feat 0.2398 | train_acc 41.37%
[Stage1/AE] ep 116/360 | loss 0.2679 | rec 0.0248 | feat 0.2431 | train_acc 41.30%
[Stage1/AE] ep 117/360 | loss 0.2727 | rec 0.0248 | feat 0.2479 | train_acc 41.57%
[Stage1/AE] ep 118/360 | loss 0.2751 | rec 0.0247 | feat 0.2505 | train_acc 41.73%
[Stage1/AE] ep 119/360 | loss 0.2705 | rec 0.0246 | feat 0.2459 | train_acc 41.10%
[Stage1/AE] ep 120/360 | loss 0.2731 | rec 0.0245 | feat 0.2486 | train_acc 41.62%
[Stage1/AE] ep 121/360 | loss 0.2690 | rec 0.0247 | feat 0.2443 | train_acc 41.93%
[Stage1/AE] ep 122/360 | loss 0.2642 | rec 0.0247 | feat 0.2395 | train_acc 41.52%
[Stage1/AE] ep 123/360 | loss 0.2743 | rec 0.0245 | feat 0.2497 | train_acc 41.48%
[Stage1/AE] ep 124/360 | loss 0.2703 | rec 0.0246 | feat 0.2457 | train_acc 41.47%
[Stage1/AE] ep 125/360 | loss 0.2715 | rec 0.0247 | feat 0.2468 | train_acc 41.12%
[Stage1/AE] ep 126/360 | loss 0.2632 | rec 0.0244 | feat 0.2388 | train_acc 41.22%
[Stage1/AE] ep 127/360 | loss 0.2599 | rec 0.0246 | feat 0.2353 | train_acc 41.43%
[Stage1/AE] ep 128/360 | loss 0.2672 | rec 0.0246 | feat 0.2426 | train_acc 41.07%
[Stage1/AE] ep 129/360 | loss 0.2563 | rec 0.0245 | feat 0.2318 | train_acc 42.08%
[Stage1/AE] ep 130/360 | loss 0.2654 | rec 0.0246 | feat 0.2407 | train_acc 41.60%
[Stage1/AE] ep 131/360 | loss 0.2617 | rec 0.0248 | feat 0.2370 | train_acc 41.70%
[Stage1/AE] ep 132/360 | loss 0.2648 | rec 0.0245 | feat 0.2403 | train_acc 41.43%
[Stage1/AE] ep 133/360 | loss 0.2665 | rec 0.0245 | feat 0.2420 | train_acc 41.02%
[Stage1/AE] ep 134/360 | loss 0.2630 | rec 0.0246 | feat 0.2384 | train_acc 41.17%
[Stage1/AE] ep 135/360 | loss 0.2603 | rec 0.0243 | feat 0.2360 | train_acc 41.68%
[Stage1/AE] ep 136/360 | loss 0.2595 | rec 0.0244 | feat 0.2351 | train_acc 41.62%
[Stage1/AE] ep 137/360 | loss 0.2533 | rec 0.0244 | feat 0.2289 | train_acc 41.03%
[Stage1/AE] ep 138/360 | loss 0.2627 | rec 0.0242 | feat 0.2385 | train_acc 41.55%
[Stage1/AE] ep 139/360 | loss 0.2633 | rec 0.0245 | feat 0.2389 | train_acc 41.60%
[Stage1/AE] ep 140/360 | loss 0.2655 | rec 0.0244 | feat 0.2411 | train_acc 41.68%
[Stage1/AE] ep 141/360 | loss 0.2628 | rec 0.0242 | feat 0.2386 | train_acc 41.48%
[Stage1/AE] ep 142/360 | loss 0.2650 | rec 0.0242 | feat 0.2407 | train_acc 41.48%
[Stage1/AE] ep 143/360 | loss 0.2610 | rec 0.0242 | feat 0.2368 | train_acc 41.43%
[Stage1/AE] ep 144/360 | loss 0.2593 | rec 0.0243 | feat 0.2350 | train_acc 41.42%
[Stage1/AE] ep 145/360 | loss 0.2592 | rec 0.0244 | feat 0.2348 | train_acc 41.60%
[Stage1/AE] ep 146/360 | loss 0.2673 | rec 0.0241 | feat 0.2432 | train_acc 41.50%
[Stage1/AE] ep 147/360 | loss 0.2625 | rec 0.0242 | feat 0.2383 | train_acc 41.08%
[Stage1/AE] ep 148/360 | loss 0.2624 | rec 0.0243 | feat 0.2381 | train_acc 41.98%
[Stage1/AE] ep 149/360 | loss 0.2569 | rec 0.0244 | feat 0.2325 | train_acc 41.47%
[Stage1/AE] ep 150/360 | loss 0.2605 | rec 0.0242 | feat 0.2363 | train_acc 41.20%
[Stage1/AE] ep 151/360 | loss 0.2635 | rec 0.0243 | feat 0.2392 | train_acc 41.57%
[Stage1/AE] ep 152/360 | loss 0.2616 | rec 0.0240 | feat 0.2376 | train_acc 41.02%
[Stage1/AE] ep 153/360 | loss 0.2576 | rec 0.0241 | feat 0.2336 | train_acc 41.67%
[Stage1/AE] ep 154/360 | loss 0.2614 | rec 0.0241 | feat 0.2372 | train_acc 41.70%
[Stage1/AE] ep 155/360 | loss 0.2587 | rec 0.0241 | feat 0.2346 | train_acc 41.90%
[Stage1/AE] ep 156/360 | loss 0.2541 | rec 0.0242 | feat 0.2300 | train_acc 41.38%
[Stage1/AE] ep 157/360 | loss 0.2555 | rec 0.0240 | feat 0.2315 | train_acc 41.77%
[Stage1/AE] ep 158/360 | loss 0.2608 | rec 0.0241 | feat 0.2367 | train_acc 41.33%
[Stage1/AE] ep 159/360 | loss 0.2575 | rec 0.0239 | feat 0.2335 | train_acc 41.83%
[Stage1/AE] ep 160/360 | loss 0.2593 | rec 0.0240 | feat 0.2353 | train_acc 41.57%
[Stage1/AE] ep 161/360 | loss 0.2578 | rec 0.0241 | feat 0.2337 | train_acc 41.82%
[Stage1/AE] ep 162/360 | loss 0.2554 | rec 0.0242 | feat 0.2312 | train_acc 42.00%
[Stage1/AE] ep 163/360 | loss 0.2535 | rec 0.0239 | feat 0.2296 | train_acc 41.80%
[Stage1/AE] ep 164/360 | loss 0.2537 | rec 0.0240 | feat 0.2297 | train_acc 41.72%
[Stage1/AE] ep 165/360 | loss 0.2545 | rec 0.0239 | feat 0.2306 | train_acc 41.77%
[Stage1/AE] ep 166/360 | loss 0.2523 | rec 0.0241 | feat 0.2282 | train_acc 41.60%
[Stage1/AE] ep 167/360 | loss 0.2556 | rec 0.0239 | feat 0.2317 | train_acc 41.93%
[Stage1/AE] ep 168/360 | loss 0.2573 | rec 0.0238 | feat 0.2335 | train_acc 41.52%
[Stage1/AE] ep 169/360 | loss 0.2478 | rec 0.0237 | feat 0.2240 | train_acc 42.12%
[Stage1/AE] ep 170/360 | loss 0.2501 | rec 0.0238 | feat 0.2263 | train_acc 41.37%
[Stage1/AE] ep 171/360 | loss 0.2503 | rec 0.0238 | feat 0.2265 | train_acc 41.58%
[Stage1/AE] ep 172/360 | loss 0.2422 | rec 0.0240 | feat 0.2181 | train_acc 41.60%
[Stage1/AE] ep 173/360 | loss 0.2490 | rec 0.0239 | feat 0.2251 | train_acc 41.90%
[Stage1/AE] ep 174/360 | loss 0.2575 | rec 0.0238 | feat 0.2336 | train_acc 41.45%
[Stage1/AE] ep 175/360 | loss 0.2550 | rec 0.0237 | feat 0.2313 | train_acc 41.60%
[Stage1/AE] ep 176/360 | loss 0.2452 | rec 0.0239 | feat 0.2213 | train_acc 41.83%
[Stage1/AE] ep 177/360 | loss 0.2489 | rec 0.0238 | feat 0.2251 | train_acc 41.57%
[Stage1/AE] ep 178/360 | loss 0.2512 | rec 0.0238 | feat 0.2274 | train_acc 41.50%
[Stage1/AE] ep 179/360 | loss 0.2566 | rec 0.0238 | feat 0.2329 | train_acc 41.10%
[Stage1/AE] ep 180/360 | loss 0.2597 | rec 0.0238 | feat 0.2358 | train_acc 41.78%
[Stage1/AE] ep 181/360 | loss 0.2529 | rec 0.0238 | feat 0.2292 | train_acc 41.28%
[Stage1/AE] ep 182/360 | loss 0.2500 | rec 0.0238 | feat 0.2262 | train_acc 41.43%
[Stage1/AE] ep 183/360 | loss 0.2514 | rec 0.0237 | feat 0.2277 | train_acc 41.75%
[Stage1/AE] ep 184/360 | loss 0.2524 | rec 0.0235 | feat 0.2289 | train_acc 41.57%
[Stage1/AE] ep 185/360 | loss 0.2527 | rec 0.0236 | feat 0.2291 | train_acc 41.20%
[Stage1/AE] ep 186/360 | loss 0.2560 | rec 0.0236 | feat 0.2324 | train_acc 41.75%
[Stage1/AE] ep 187/360 | loss 0.2526 | rec 0.0235 | feat 0.2290 | train_acc 41.38%
[Stage1/AE] ep 188/360 | loss 0.2480 | rec 0.0235 | feat 0.2244 | train_acc 41.70%
[Stage1/AE] ep 189/360 | loss 0.2496 | rec 0.0235 | feat 0.2261 | train_acc 41.98%
[Stage1/AE] ep 190/360 | loss 0.2583 | rec 0.0237 | feat 0.2346 | train_acc 41.57%
[Stage1/AE] ep 191/360 | loss 0.2515 | rec 0.0237 | feat 0.2277 | train_acc 41.50%
[Stage1/AE] ep 192/360 | loss 0.2464 | rec 0.0237 | feat 0.2227 | train_acc 41.45%
[Stage1/AE] ep 193/360 | loss 0.2513 | rec 0.0236 | feat 0.2277 | train_acc 41.17%
[Stage1/AE] ep 194/360 | loss 0.2514 | rec 0.0237 | feat 0.2278 | train_acc 41.52%
[Stage1/AE] ep 195/360 | loss 0.2591 | rec 0.0235 | feat 0.2356 | train_acc 41.40%
[Stage1/AE] ep 196/360 | loss 0.2487 | rec 0.0235 | feat 0.2253 | train_acc 42.02%
[Stage1/AE] ep 197/360 | loss 0.2469 | rec 0.0236 | feat 0.2234 | train_acc 41.97%
[Stage1/AE] ep 198/360 | loss 0.2528 | rec 0.0235 | feat 0.2293 | train_acc 41.92%
[Stage1/AE] ep 199/360 | loss 0.2509 | rec 0.0236 | feat 0.2272 | train_acc 41.63%
[Stage1/AE] ep 200/360 | loss 0.2484 | rec 0.0234 | feat 0.2249 | train_acc 42.20%
[Stage1/AE] ep 201/360 | loss 0.2553 | rec 0.0233 | feat 0.2320 | train_acc 41.52%
[Stage1/AE] ep 202/360 | loss 0.2373 | rec 0.0234 | feat 0.2139 | train_acc 41.95%
[Stage1/AE] ep 203/360 | loss 0.2442 | rec 0.0235 | feat 0.2207 | train_acc 41.90%
[Stage1/AE] ep 204/360 | loss 0.2454 | rec 0.0235 | feat 0.2219 | train_acc 41.62%
[Stage1/AE] ep 205/360 | loss 0.2499 | rec 0.0236 | feat 0.2263 | train_acc 41.30%
[Stage1/AE] ep 206/360 | loss 0.2515 | rec 0.0234 | feat 0.2280 | train_acc 41.63%
[Stage1/AE] ep 207/360 | loss 0.2445 | rec 0.0235 | feat 0.2209 | train_acc 41.73%
[Stage1/AE] ep 208/360 | loss 0.2514 | rec 0.0234 | feat 0.2280 | train_acc 41.57%
[Stage1/AE] ep 209/360 | loss 0.2522 | rec 0.0234 | feat 0.2288 | train_acc 41.73%
[Stage1/AE] ep 210/360 | loss 0.2420 | rec 0.0235 | feat 0.2185 | train_acc 41.88%
[Stage1/AE] ep 211/360 | loss 0.2443 | rec 0.0234 | feat 0.2209 | train_acc 41.67%
[Stage1/AE] ep 212/360 | loss 0.2482 | rec 0.0234 | feat 0.2248 | train_acc 41.23%
[Stage1/AE] ep 213/360 | loss 0.2461 | rec 0.0235 | feat 0.2227 | train_acc 41.38%
[Stage1/AE] ep 214/360 | loss 0.2413 | rec 0.0233 | feat 0.2181 | train_acc 41.83%
[Stage1/AE] ep 215/360 | loss 0.2477 | rec 0.0233 | feat 0.2244 | train_acc 41.48%
[Stage1/AE] ep 216/360 | loss 0.2473 | rec 0.0234 | feat 0.2240 | train_acc 41.52%
[Stage1/AE] ep 217/360 | loss 0.2413 | rec 0.0234 | feat 0.2179 | train_acc 41.70%
[Stage1/AE] ep 218/360 | loss 0.2481 | rec 0.0232 | feat 0.2249 | train_acc 41.55%
[Stage1/AE] ep 219/360 | loss 0.2458 | rec 0.0234 | feat 0.2224 | train_acc 41.83%
[Stage1/AE] ep 220/360 | loss 0.2515 | rec 0.0234 | feat 0.2281 | train_acc 41.42%
[Stage1/AE] ep 221/360 | loss 0.2475 | rec 0.0234 | feat 0.2241 | train_acc 41.83%
[Stage1/AE] ep 222/360 | loss 0.2437 | rec 0.0233 | feat 0.2204 | train_acc 41.98%
[Stage1/AE] ep 223/360 | loss 0.2481 | rec 0.0233 | feat 0.2248 | train_acc 41.75%
[Stage1/AE] ep 224/360 | loss 0.2492 | rec 0.0232 | feat 0.2260 | train_acc 41.52%
[Stage1/AE] ep 225/360 | loss 0.2522 | rec 0.0236 | feat 0.2287 | train_acc 41.77%
[Stage1/AE] ep 226/360 | loss 0.2400 | rec 0.0232 | feat 0.2168 | train_acc 41.47%
[Stage1/AE] ep 227/360 | loss 0.2451 | rec 0.0233 | feat 0.2218 | train_acc 41.18%
[Stage1/AE] ep 228/360 | loss 0.2505 | rec 0.0233 | feat 0.2273 | train_acc 41.68%
[Stage1/AE] ep 229/360 | loss 0.2452 | rec 0.0232 | feat 0.2220 | train_acc 41.60%
[Stage1/AE] ep 230/360 | loss 0.2458 | rec 0.0232 | feat 0.2226 | train_acc 41.60%
[Stage1/AE] ep 231/360 | loss 0.2453 | rec 0.0230 | feat 0.2223 | train_acc 42.05%
[Stage1/AE] ep 232/360 | loss 0.2477 | rec 0.0231 | feat 0.2245 | train_acc 41.83%
[Stage1/AE] ep 233/360 | loss 0.2436 | rec 0.0233 | feat 0.2204 | train_acc 41.53%
[Stage1/AE] ep 234/360 | loss 0.2423 | rec 0.0231 | feat 0.2193 | train_acc 41.60%
[Stage1/AE] ep 235/360 | loss 0.2445 | rec 0.0232 | feat 0.2212 | train_acc 41.75%
[Stage1/AE] ep 236/360 | loss 0.2410 | rec 0.0233 | feat 0.2177 | train_acc 41.68%
[Stage1/AE] ep 237/360 | loss 0.2317 | rec 0.0232 | feat 0.2086 | train_acc 42.07%
[Stage1/AE] ep 238/360 | loss 0.2354 | rec 0.0232 | feat 0.2122 | train_acc 42.20%
[Stage1/AE] ep 239/360 | loss 0.2432 | rec 0.0233 | feat 0.2199 | train_acc 41.20%
[Stage1/AE] ep 240/360 | loss 0.2345 | rec 0.0231 | feat 0.2114 | train_acc 41.93%
[Stage1/AE] ep 241/360 | loss 0.2426 | rec 0.0230 | feat 0.2196 | train_acc 41.30%
[Stage1/AE] ep 242/360 | loss 0.2373 | rec 0.0233 | feat 0.2140 | train_acc 41.80%
[Stage1/AE] ep 243/360 | loss 0.2397 | rec 0.0232 | feat 0.2165 | train_acc 41.55%
[Stage1/AE] ep 244/360 | loss 0.2361 | rec 0.0231 | feat 0.2131 | train_acc 41.43%
[Stage1/AE] ep 245/360 | loss 0.2444 | rec 0.0231 | feat 0.2213 | train_acc 41.63%
[Stage1/AE] ep 246/360 | loss 0.2415 | rec 0.0230 | feat 0.2184 | train_acc 41.45%
[Stage1/AE] ep 247/360 | loss 0.2395 | rec 0.0230 | feat 0.2165 | train_acc 41.58%
[Stage1/AE] ep 248/360 | loss 0.2377 | rec 0.0229 | feat 0.2149 | train_acc 41.53%
[Stage1/AE] ep 249/360 | loss 0.2420 | rec 0.0230 | feat 0.2191 | train_acc 41.58%
[Stage1/AE] ep 250/360 | loss 0.2399 | rec 0.0232 | feat 0.2167 | train_acc 41.87%
[Stage1/AE] ep 251/360 | loss 0.2471 | rec 0.0230 | feat 0.2241 | train_acc 41.95%
[Stage1/AE] ep 252/360 | loss 0.2374 | rec 0.0229 | feat 0.2144 | train_acc 41.82%
[Stage1/AE] ep 253/360 | loss 0.2427 | rec 0.0229 | feat 0.2198 | train_acc 41.72%
[Stage1/AE] ep 254/360 | loss 0.2410 | rec 0.0231 | feat 0.2179 | train_acc 41.82%
[Stage1/AE] ep 255/360 | loss 0.2393 | rec 0.0232 | feat 0.2161 | train_acc 41.60%
[Stage1/AE] ep 256/360 | loss 0.2396 | rec 0.0231 | feat 0.2165 | train_acc 41.73%
[Stage1/AE] ep 257/360 | loss 0.2373 | rec 0.0230 | feat 0.2143 | train_acc 41.60%
[Stage1/AE] ep 258/360 | loss 0.2358 | rec 0.0230 | feat 0.2128 | train_acc 42.15%
[Stage1/AE] ep 259/360 | loss 0.2363 | rec 0.0229 | feat 0.2133 | train_acc 41.87%
[Stage1/AE] ep 260/360 | loss 0.2393 | rec 0.0228 | feat 0.2166 | train_acc 41.55%
[Stage1/AE] ep 261/360 | loss 0.2407 | rec 0.0228 | feat 0.2179 | train_acc 42.10%
[Stage1/AE] ep 262/360 | loss 0.2378 | rec 0.0229 | feat 0.2149 | train_acc 41.60%
[Stage1/AE] ep 263/360 | loss 0.2390 | rec 0.0230 | feat 0.2161 | train_acc 41.98%
[Stage1/AE] ep 264/360 | loss 0.2412 | rec 0.0230 | feat 0.2182 | train_acc 41.85%
[Stage1/AE] ep 265/360 | loss 0.2411 | rec 0.0228 | feat 0.2183 | train_acc 41.15%
[Stage1/AE] ep 266/360 | loss 0.2396 | rec 0.0228 | feat 0.2168 | train_acc 41.73%
[Stage1/AE] ep 267/360 | loss 0.2377 | rec 0.0229 | feat 0.2148 | train_acc 42.20%
[Stage1/AE] ep 268/360 | loss 0.2407 | rec 0.0229 | feat 0.2178 | train_acc 41.42%
[Stage1/AE] ep 269/360 | loss 0.2404 | rec 0.0230 | feat 0.2174 | train_acc 41.83%
[Stage1/AE] ep 270/360 | loss 0.2372 | rec 0.0229 | feat 0.2144 | train_acc 41.70%
[Stage1/AE] ep 271/360 | loss 0.2377 | rec 0.0228 | feat 0.2149 | train_acc 41.80%
[Stage1/AE] ep 272/360 | loss 0.2379 | rec 0.0227 | feat 0.2151 | train_acc 42.03%
[Stage1/AE] ep 273/360 | loss 0.2390 | rec 0.0228 | feat 0.2162 | train_acc 41.25%
[Stage1/AE] ep 274/360 | loss 0.2417 | rec 0.0230 | feat 0.2187 | train_acc 41.47%
[Stage1/AE] ep 275/360 | loss 0.2336 | rec 0.0228 | feat 0.2108 | train_acc 41.60%
[Stage1/AE] ep 276/360 | loss 0.2333 | rec 0.0228 | feat 0.2105 | train_acc 41.73%
[Stage1/AE] ep 277/360 | loss 0.2343 | rec 0.0228 | feat 0.2115 | train_acc 42.00%
[Stage1/AE] ep 278/360 | loss 0.2329 | rec 0.0228 | feat 0.2101 | train_acc 41.95%
[Stage1/AE] ep 279/360 | loss 0.2332 | rec 0.0229 | feat 0.2103 | train_acc 41.87%
[Stage1/AE] ep 280/360 | loss 0.2347 | rec 0.0227 | feat 0.2120 | train_acc 41.92%
[Stage1/AE] ep 281/360 | loss 0.2361 | rec 0.0227 | feat 0.2134 | train_acc 41.67%
[Stage1/AE] ep 282/360 | loss 0.2347 | rec 0.0227 | feat 0.2120 | train_acc 41.50%
[Stage1/AE] ep 283/360 | loss 0.2294 | rec 0.0227 | feat 0.2067 | train_acc 42.23%
[Stage1/AE] ep 284/360 | loss 0.2412 | rec 0.0229 | feat 0.2183 | train_acc 41.85%
[Stage1/AE] ep 285/360 | loss 0.2413 | rec 0.0226 | feat 0.2187 | train_acc 41.63%
[Stage1/AE] ep 286/360 | loss 0.2310 | rec 0.0228 | feat 0.2082 | train_acc 41.78%
[Stage1/AE] ep 287/360 | loss 0.2368 | rec 0.0228 | feat 0.2140 | train_acc 41.88%
[Stage1/AE] ep 288/360 | loss 0.2308 | rec 0.0228 | feat 0.2080 | train_acc 41.82%
[Stage1/AE] ep 289/360 | loss 0.2373 | rec 0.0226 | feat 0.2146 | train_acc 41.98%
[Stage1/AE] ep 290/360 | loss 0.2390 | rec 0.0227 | feat 0.2162 | train_acc 41.87%
[Stage1/AE] ep 291/360 | loss 0.2349 | rec 0.0226 | feat 0.2123 | train_acc 41.75%
[Stage1/AE] ep 292/360 | loss 0.2360 | rec 0.0227 | feat 0.2133 | train_acc 41.98%
[Stage1/AE] ep 293/360 | loss 0.2430 | rec 0.0227 | feat 0.2203 | train_acc 41.95%
[Stage1/AE] ep 294/360 | loss 0.2356 | rec 0.0229 | feat 0.2128 | train_acc 41.73%
[Stage1/AE] ep 295/360 | loss 0.2365 | rec 0.0226 | feat 0.2139 | train_acc 41.48%
[Stage1/AE] ep 296/360 | loss 0.2335 | rec 0.0227 | feat 0.2108 | train_acc 41.42%
[Stage1/AE] ep 297/360 | loss 0.2279 | rec 0.0226 | feat 0.2053 | train_acc 41.68%
[Stage1/AE] ep 298/360 | loss 0.2258 | rec 0.0226 | feat 0.2033 | train_acc 41.43%
[Stage1/AE] ep 299/360 | loss 0.2301 | rec 0.0225 | feat 0.2076 | train_acc 41.50%
[Stage1/AE] ep 300/360 | loss 0.2345 | rec 0.0225 | feat 0.2120 | train_acc 41.92%
[Stage1/AE] ep 301/360 | loss 0.2345 | rec 0.0225 | feat 0.2120 | train_acc 41.27%
[Stage1/AE] ep 302/360 | loss 0.2347 | rec 0.0226 | feat 0.2120 | train_acc 41.67%
[Stage1/AE] ep 303/360 | loss 0.2312 | rec 0.0224 | feat 0.2088 | train_acc 41.93%
[Stage1/AE] ep 304/360 | loss 0.2288 | rec 0.0225 | feat 0.2062 | train_acc 42.20%
[Stage1/AE] ep 305/360 | loss 0.2313 | rec 0.0226 | feat 0.2087 | train_acc 41.77%
[Stage1/AE] ep 306/360 | loss 0.2275 | rec 0.0226 | feat 0.2048 | train_acc 41.83%
[Stage1/AE] ep 307/360 | loss 0.2372 | rec 0.0227 | feat 0.2145 | train_acc 41.88%
[Stage1/AE] ep 308/360 | loss 0.2324 | rec 0.0226 | feat 0.2098 | train_acc 41.40%
[Stage1/AE] ep 309/360 | loss 0.2287 | rec 0.0225 | feat 0.2062 | train_acc 41.88%
[Stage1/AE] ep 310/360 | loss 0.2272 | rec 0.0225 | feat 0.2047 | train_acc 42.03%
[Stage1/AE] ep 311/360 | loss 0.2327 | rec 0.0225 | feat 0.2102 | train_acc 41.97%
[Stage1/AE] ep 312/360 | loss 0.2281 | rec 0.0225 | feat 0.2056 | train_acc 42.07%
[Stage1/AE] ep 313/360 | loss 0.2305 | rec 0.0225 | feat 0.2080 | train_acc 41.60%
[Stage1/AE] ep 314/360 | loss 0.2367 | rec 0.0225 | feat 0.2143 | train_acc 41.67%
[Stage1/AE] ep 315/360 | loss 0.2290 | rec 0.0226 | feat 0.2065 | train_acc 42.03%
[Stage1/AE] ep 316/360 | loss 0.2268 | rec 0.0225 | feat 0.2043 | train_acc 41.95%
[Stage1/AE] ep 317/360 | loss 0.2346 | rec 0.0225 | feat 0.2120 | train_acc 41.87%
[Stage1/AE] ep 318/360 | loss 0.2285 | rec 0.0225 | feat 0.2060 | train_acc 41.65%
[Stage1/AE] ep 319/360 | loss 0.2255 | rec 0.0224 | feat 0.2031 | train_acc 41.83%
[Stage1/AE] ep 320/360 | loss 0.2266 | rec 0.0226 | feat 0.2041 | train_acc 41.83%
[Stage1/AE] ep 321/360 | loss 0.2385 | rec 0.0225 | feat 0.2160 | train_acc 42.00%
[Stage1/AE] ep 322/360 | loss 0.2304 | rec 0.0224 | feat 0.2080 | train_acc 42.23%
[Stage1/AE] ep 323/360 | loss 0.2296 | rec 0.0224 | feat 0.2072 | train_acc 41.95%
[Stage1/AE] ep 324/360 | loss 0.2237 | rec 0.0225 | feat 0.2012 | train_acc 41.82%
[Stage1/AE] ep 325/360 | loss 0.2256 | rec 0.0222 | feat 0.2034 | train_acc 42.25%
[Stage1/AE] ep 326/360 | loss 0.2245 | rec 0.0224 | feat 0.2021 | train_acc 41.93%
[Stage1/AE] ep 327/360 | loss 0.2256 | rec 0.0222 | feat 0.2035 | train_acc 42.03%
[Stage1/AE] ep 328/360 | loss 0.2202 | rec 0.0226 | feat 0.1977 | train_acc 41.95%
[Stage1/AE] ep 329/360 | loss 0.2268 | rec 0.0223 | feat 0.2045 | train_acc 41.60%
[Stage1/AE] ep 330/360 | loss 0.2275 | rec 0.0224 | feat 0.2050 | train_acc 41.48%
[Stage1/AE] ep 331/360 | loss 0.2269 | rec 0.0225 | feat 0.2044 | train_acc 41.73%
[Stage1/AE] ep 332/360 | loss 0.2222 | rec 0.0223 | feat 0.2000 | train_acc 41.95%
[Stage1/AE] ep 333/360 | loss 0.2221 | rec 0.0224 | feat 0.1997 | train_acc 42.20%
[Stage1/AE] ep 334/360 | loss 0.2305 | rec 0.0225 | feat 0.2081 | train_acc 41.38%
[Stage1/AE] ep 335/360 | loss 0.2252 | rec 0.0223 | feat 0.2029 | train_acc 41.62%
[Stage1/AE] ep 336/360 | loss 0.2322 | rec 0.0224 | feat 0.2098 | train_acc 42.02%
[Stage1/AE] ep 337/360 | loss 0.2331 | rec 0.0222 | feat 0.2109 | train_acc 41.40%
[Stage1/AE] ep 338/360 | loss 0.2276 | rec 0.0224 | feat 0.2052 | train_acc 41.67%
[Stage1/AE] ep 339/360 | loss 0.2282 | rec 0.0222 | feat 0.2060 | train_acc 41.85%
[Stage1/AE] ep 340/360 | loss 0.2277 | rec 0.0224 | feat 0.2053 | train_acc 42.08%
[Stage1/AE] ep 341/360 | loss 0.2252 | rec 0.0223 | feat 0.2030 | train_acc 42.05%
[Stage1/AE] ep 342/360 | loss 0.2208 | rec 0.0222 | feat 0.1986 | train_acc 41.75%
[Stage1/AE] ep 343/360 | loss 0.2238 | rec 0.0224 | feat 0.2014 | train_acc 42.10%
[Stage1/AE] ep 344/360 | loss 0.2254 | rec 0.0223 | feat 0.2030 | train_acc 41.40%
[Stage1/AE] ep 345/360 | loss 0.2252 | rec 0.0223 | feat 0.2028 | train_acc 41.65%
[Stage1/AE] ep 346/360 | loss 0.2170 | rec 0.0223 | feat 0.1946 | train_acc 41.53%
[Stage1/AE] ep 347/360 | loss 0.2328 | rec 0.0222 | feat 0.2106 | train_acc 41.87%
[Stage1/AE] ep 348/360 | loss 0.2238 | rec 0.0222 | feat 0.2016 | train_acc 41.73%
[Stage1/AE] ep 349/360 | loss 0.2279 | rec 0.0224 | feat 0.2054 | train_acc 42.12%
[Stage1/AE] ep 350/360 | loss 0.2281 | rec 0.0222 | feat 0.2059 | train_acc 41.75%
[Stage1/AE] ep 351/360 | loss 0.2306 | rec 0.0222 | feat 0.2084 | train_acc 41.90%
[Stage1/AE] ep 352/360 | loss 0.2286 | rec 0.0221 | feat 0.2065 | train_acc 41.68%
[Stage1/AE] ep 353/360 | loss 0.2221 | rec 0.0222 | feat 0.1999 | train_acc 42.00%
[Stage1/AE] ep 354/360 | loss 0.2263 | rec 0.0222 | feat 0.2041 | train_acc 42.27%
[Stage1/AE] ep 355/360 | loss 0.2240 | rec 0.0222 | feat 0.2018 | train_acc 42.10%
[Stage1/AE] ep 356/360 | loss 0.2256 | rec 0.0222 | feat 0.2035 | train_acc 42.03%
[Stage1/AE] ep 357/360 | loss 0.2211 | rec 0.0222 | feat 0.1989 | train_acc 42.13%
[Stage1/AE] ep 358/360 | loss 0.2258 | rec 0.0221 | feat 0.2037 | train_acc 42.03%
[Stage1/AE] ep 359/360 | loss 0.2260 | rec 0.0221 | feat 0.2039 | train_acc 42.28%
[Stage1/AE] ep 360/360 | loss 0.2197 | rec 0.0221 | feat 0.1976 | train_acc 41.70%
[Stage2/Head] ep 1/360 | loss 68.7995 | ce 15.9584 | logit 17.6137 | train_acc 39.63%
[Stage2/Head] ep 2/360 | loss 38.9444 | ce 10.9488 | logit 9.3319 | train_acc 40.27%
[Stage2/Head] ep 3/360 | loss 31.9282 | ce 9.8312 | logit 7.3657 | train_acc 32.72%
[Stage2/Head] ep 4/360 | loss 28.5397 | ce 9.6044 | logit 6.3118 | train_acc 25.13%
[Stage2/Head] ep 5/360 | loss 26.7584 | ce 9.7078 | logit 5.6835 | train_acc 17.78%
[Stage2/Head] ep 6/360 | loss 25.9599 | ce 9.7437 | logit 5.4054 | train_acc 15.05%
[Stage2/Head] ep 7/360 | loss 26.1014 | ce 9.7791 | logit 5.4407 | train_acc 12.18%
[Stage2/Head] ep 8/360 | loss 25.8818 | ce 9.7191 | logit 5.3876 | train_acc 10.98%
[Stage2/Head] ep 9/360 | loss 25.5503 | ce 9.5555 | logit 5.3316 | train_acc 9.62%
[Stage2/Head] ep 10/360 | loss 24.7612 | ce 9.3349 | logit 5.1421 | train_acc 9.58%
[Stage2/Head] ep 11/360 | loss 25.2827 | ce 9.3354 | logit 5.3158 | train_acc 7.63%
[Stage2/Head] ep 12/360 | loss 24.8022 | ce 9.2057 | logit 5.1988 | train_acc 7.30%
[Stage2/Head] ep 13/360 | loss 24.3323 | ce 9.0117 | logit 5.1069 | train_acc 6.87%
[Stage2/Head] ep 14/360 | loss 24.7231 | ce 8.9472 | logit 5.2586 | train_acc 5.37%
[Stage2/Head] ep 15/360 | loss 24.5160 | ce 8.7885 | logit 5.2425 | train_acc 4.32%
[Stage2/Head] ep 16/360 | loss 23.8805 | ce 8.6487 | logit 5.0773 | train_acc 4.03%
[Stage2/Head] ep 17/360 | loss 23.1270 | ce 8.5031 | logit 4.8746 | train_acc 4.12%
[Stage2/Head] ep 18/360 | loss 22.5721 | ce 8.3651 | logit 4.7357 | train_acc 3.83%
[Stage2/Head] ep 19/360 | loss 22.0127 | ce 8.2122 | logit 4.6002 | train_acc 3.38%
[Stage2/Head] ep 20/360 | loss 21.4833 | ce 8.0733 | logit 4.4700 | train_acc 3.13%
[Stage2/Head] ep 21/360 | loss 21.0284 | ce 7.9424 | logit 4.3620 | train_acc 6.67%
[Stage2/Head] ep 22/360 | loss 20.4490 | ce 7.8231 | logit 4.2086 | train_acc 29.35%
[Stage2/Head] ep 23/360 | loss 19.9019 | ce 7.6836 | logit 4.0728 | train_acc 29.62%
[Stage2/Head] ep 24/360 | loss 19.3300 | ce 7.5564 | logit 3.9246 | train_acc 30.35%
[Stage2/Head] ep 25/360 | loss 18.7971 | ce 7.4431 | logit 3.7847 | train_acc 30.50%
[Stage2/Head] ep 26/360 | loss 18.2552 | ce 7.3288 | logit 3.6421 | train_acc 30.62%
[Stage2/Head] ep 27/360 | loss 17.7545 | ce 7.2115 | logit 3.5143 | train_acc 30.72%
[Stage2/Head] ep 28/360 | loss 17.2398 | ce 7.0902 | logit 3.3832 | train_acc 30.72%
[Stage2/Head] ep 29/360 | loss 16.7526 | ce 6.9801 | logit 3.2575 | train_acc 30.80%
[Stage2/Head] ep 30/360 | loss 16.3153 | ce 6.8684 | logit 3.1490 | train_acc 30.65%
[Stage2/Head] ep 31/360 | loss 15.8665 | ce 6.7659 | logit 3.0335 | train_acc 30.83%
[Stage2/Head] ep 32/360 | loss 15.4362 | ce 6.6473 | logit 2.9296 | train_acc 30.77%
[Stage2/Head] ep 33/360 | loss 15.0440 | ce 6.5477 | logit 2.8321 | train_acc 30.82%
[Stage2/Head] ep 34/360 | loss 14.6708 | ce 6.4577 | logit 2.7377 | train_acc 30.88%
[Stage2/Head] ep 35/360 | loss 14.3180 | ce 6.3606 | logit 2.6525 | train_acc 30.75%
[Stage2/Head] ep 36/360 | loss 13.9581 | ce 6.2661 | logit 2.5640 | train_acc 30.97%
[Stage2/Head] ep 37/360 | loss 13.6229 | ce 6.1611 | logit 2.4873 | train_acc 30.67%
[Stage2/Head] ep 38/360 | loss 13.2801 | ce 6.0659 | logit 2.4047 | train_acc 30.90%
[Stage2/Head] ep 39/360 | loss 12.9616 | ce 5.9710 | logit 2.3302 | train_acc 30.85%
[Stage2/Head] ep 40/360 | loss 12.6781 | ce 5.8905 | logit 2.2625 | train_acc 30.93%
[Stage2/Head] ep 41/360 | loss 12.4002 | ce 5.7897 | logit 2.2035 | train_acc 30.73%
[Stage2/Head] ep 42/360 | loss 12.1189 | ce 5.7005 | logit 2.1394 | train_acc 30.92%
[Stage2/Head] ep 43/360 | loss 11.8429 | ce 5.6192 | logit 2.0746 | train_acc 30.92%
[Stage2/Head] ep 44/360 | loss 11.5972 | ce 5.5369 | logit 2.0201 | train_acc 30.92%
[Stage2/Head] ep 45/360 | loss 11.3542 | ce 5.4611 | logit 1.9644 | train_acc 31.03%
[Stage2/Head] ep 46/360 | loss 11.1130 | ce 5.3727 | logit 1.9134 | train_acc 31.05%
[Stage2/Head] ep 47/360 | loss 10.8967 | ce 5.2992 | logit 1.8658 | train_acc 30.93%
[Stage2/Head] ep 48/360 | loss 10.6705 | ce 5.2166 | logit 1.8180 | train_acc 30.95%
[Stage2/Head] ep 49/360 | loss 10.4596 | ce 5.1456 | logit 1.7713 | train_acc 30.90%
[Stage2/Head] ep 50/360 | loss 10.2402 | ce 5.0755 | logit 1.7216 | train_acc 30.98%
[Stage2/Head] ep 51/360 | loss 10.0388 | ce 4.9964 | logit 1.6808 | train_acc 30.97%
[Stage2/Head] ep 52/360 | loss 9.8294 | ce 4.9261 | logit 1.6344 | train_acc 31.02%
[Stage2/Head] ep 53/360 | loss 9.6456 | ce 4.8515 | logit 1.5980 | train_acc 31.25%
[Stage2/Head] ep 54/360 | loss 9.4644 | ce 4.7806 | logit 1.5613 | train_acc 31.13%
[Stage2/Head] ep 55/360 | loss 9.3257 | ce 4.7195 | logit 1.5354 | train_acc 30.88%
[Stage2/Head] ep 56/360 | loss 9.1247 | ce 4.6495 | logit 1.4917 | train_acc 31.12%
[Stage2/Head] ep 57/360 | loss 8.9613 | ce 4.5812 | logit 1.4601 | train_acc 31.12%
[Stage2/Head] ep 58/360 | loss 8.8106 | ce 4.5127 | logit 1.4326 | train_acc 30.88%
[Stage2/Head] ep 59/360 | loss 8.6432 | ce 4.4417 | logit 1.4005 | train_acc 31.12%
[Stage2/Head] ep 60/360 | loss 8.4937 | ce 4.3812 | logit 1.3709 | train_acc 31.15%
[Stage2/Head] ep 61/360 | loss 8.3468 | ce 4.3307 | logit 1.3387 | train_acc 31.03%
[Stage2/Head] ep 62/360 | loss 8.1992 | ce 4.2765 | logit 1.3076 | train_acc 31.03%
[Stage2/Head] ep 63/360 | loss 8.0601 | ce 4.2220 | logit 1.2794 | train_acc 31.30%
[Stage2/Head] ep 64/360 | loss 7.9314 | ce 4.1620 | logit 1.2564 | train_acc 31.10%
[Stage2/Head] ep 65/360 | loss 7.7717 | ce 4.1083 | logit 1.2211 | train_acc 31.30%
[Stage2/Head] ep 66/360 | loss 7.6279 | ce 4.0457 | logit 1.1940 | train_acc 31.32%
[Stage2/Head] ep 67/360 | loss 7.5021 | ce 3.9934 | logit 1.1696 | train_acc 31.43%
[Stage2/Head] ep 68/360 | loss 7.3562 | ce 3.9432 | logit 1.1377 | train_acc 31.50%
[Stage2/Head] ep 69/360 | loss 7.2328 | ce 3.8928 | logit 1.1133 | train_acc 31.70%
[Stage2/Head] ep 70/360 | loss 7.1069 | ce 3.8478 | logit 1.0864 | train_acc 31.85%
[Stage2/Head] ep 71/360 | loss 7.0014 | ce 3.7913 | logit 1.0701 | train_acc 31.73%
[Stage2/Head] ep 72/360 | loss 6.8371 | ce 3.7507 | logit 1.0288 | train_acc 31.82%
[Stage2/Head] ep 73/360 | loss 6.7208 | ce 3.6980 | logit 1.0076 | train_acc 31.92%
[Stage2/Head] ep 74/360 | loss 6.5738 | ce 3.6464 | logit 0.9758 | train_acc 31.97%
[Stage2/Head] ep 75/360 | loss 6.4327 | ce 3.5920 | logit 0.9469 | train_acc 32.12%
[Stage2/Head] ep 76/360 | loss 6.2967 | ce 3.5364 | logit 0.9201 | train_acc 32.37%
[Stage2/Head] ep 77/360 | loss 6.1305 | ce 3.4589 | logit 0.8905 | train_acc 32.30%
[Stage2/Head] ep 78/360 | loss 6.0084 | ce 3.3692 | logit 0.8797 | train_acc 32.40%
[Stage2/Head] ep 79/360 | loss 5.8387 | ce 3.3010 | logit 0.8459 | train_acc 32.40%
[Stage2/Head] ep 80/360 | loss 5.6736 | ce 3.2218 | logit 0.8173 | train_acc 32.50%
[Stage2/Head] ep 81/360 | loss 5.5114 | ce 3.1386 | logit 0.7909 | train_acc 32.70%
[Stage2/Head] ep 82/360 | loss 5.3734 | ce 3.0561 | logit 0.7724 | train_acc 32.70%
[Stage2/Head] ep 83/360 | loss 5.2098 | ce 2.9721 | logit 0.7459 | train_acc 32.58%
[Stage2/Head] ep 84/360 | loss 5.0560 | ce 2.8784 | logit 0.7259 | train_acc 32.87%
[Stage2/Head] ep 85/360 | loss 4.9186 | ce 2.7947 | logit 0.7080 | train_acc 32.82%
[Stage2/Head] ep 86/360 | loss 4.7795 | ce 2.7110 | logit 0.6895 | train_acc 33.03%
[Stage2/Head] ep 87/360 | loss 4.6488 | ce 2.6175 | logit 0.6771 | train_acc 33.37%
[Stage2/Head] ep 88/360 | loss 4.5109 | ce 2.5290 | logit 0.6606 | train_acc 33.18%
[Stage2/Head] ep 89/360 | loss 4.3698 | ce 2.4492 | logit 0.6402 | train_acc 33.77%
[Stage2/Head] ep 90/360 | loss 4.2515 | ce 2.3580 | logit 0.6312 | train_acc 34.00%
[Stage2/Head] ep 91/360 | loss 4.1440 | ce 2.2781 | logit 0.6220 | train_acc 33.92%
[Stage2/Head] ep 92/360 | loss 4.0180 | ce 2.1904 | logit 0.6092 | train_acc 34.07%
[Stage2/Head] ep 93/360 | loss 3.9388 | ce 2.1090 | logit 0.6099 | train_acc 34.65%
[Stage2/Head] ep 94/360 | loss 3.8497 | ce 2.0365 | logit 0.6044 | train_acc 34.87%
[Stage2/Head] ep 95/360 | loss 3.7396 | ce 1.9751 | logit 0.5881 | train_acc 37.02%
[Stage2/Head] ep 96/360 | loss 3.6514 | ce 1.8993 | logit 0.5840 | train_acc 39.43%
[Stage2/Head] ep 97/360 | loss 3.5779 | ce 1.8111 | logit 0.5889 | train_acc 42.78%
[Stage2/Head] ep 98/360 | loss 3.4753 | ce 1.7536 | logit 0.5739 | train_acc 45.72%
[Stage2/Head] ep 99/360 | loss 3.4034 | ce 1.6945 | logit 0.5696 | train_acc 49.37%
[Stage2/Head] ep 100/360 | loss 3.3503 | ce 1.6276 | logit 0.5742 | train_acc 53.63%
[Stage2/Head] ep 101/360 | loss 3.3093 | ce 1.5766 | logit 0.5776 | train_acc 56.10%
[Stage2/Head] ep 102/360 | loss 3.2528 | ce 1.5331 | logit 0.5732 | train_acc 58.98%
[Stage2/Head] ep 103/360 | loss 3.1615 | ce 1.4762 | logit 0.5617 | train_acc 62.70%
[Stage2/Head] ep 104/360 | loss 3.1223 | ce 1.4158 | logit 0.5688 | train_acc 64.70%
[Stage2/Head] ep 105/360 | loss 3.0689 | ce 1.3730 | logit 0.5653 | train_acc 67.52%
[Stage2/Head] ep 106/360 | loss 3.0121 | ce 1.3231 | logit 0.5630 | train_acc 69.63%
[Stage2/Head] ep 107/360 | loss 3.0077 | ce 1.2811 | logit 0.5756 | train_acc 70.37%
[Stage2/Head] ep 108/360 | loss 2.9356 | ce 1.2444 | logit 0.5637 | train_acc 72.52%
[Stage2/Head] ep 109/360 | loss 2.9149 | ce 1.2083 | logit 0.5688 | train_acc 73.65%
[Stage2/Head] ep 110/360 | loss 2.8617 | ce 1.1705 | logit 0.5637 | train_acc 74.53%
[Stage2/Head] ep 111/360 | loss 2.8380 | ce 1.1382 | logit 0.5666 | train_acc 75.62%
[Stage2/Head] ep 112/360 | loss 2.8097 | ce 1.1087 | logit 0.5670 | train_acc 76.20%
[Stage2/Head] ep 113/360 | loss 2.7517 | ce 1.0674 | logit 0.5614 | train_acc 76.87%
[Stage2/Head] ep 114/360 | loss 2.7375 | ce 1.0422 | logit 0.5651 | train_acc 77.67%
[Stage2/Head] ep 115/360 | loss 2.7335 | ce 1.0264 | logit 0.5690 | train_acc 77.75%
[Stage2/Head] ep 116/360 | loss 2.6742 | ce 0.9958 | logit 0.5595 | train_acc 78.70%
[Stage2/Head] ep 117/360 | loss 2.6723 | ce 0.9772 | logit 0.5650 | train_acc 78.67%
[Stage2/Head] ep 118/360 | loss 2.6507 | ce 0.9505 | logit 0.5667 | train_acc 79.35%
[Stage2/Head] ep 119/360 | loss 2.5995 | ce 0.9192 | logit 0.5601 | train_acc 80.17%
[Stage2/Head] ep 120/360 | loss 2.5886 | ce 0.8973 | logit 0.5638 | train_acc 80.20%
[Stage2/Head] ep 121/360 | loss 2.5617 | ce 0.8772 | logit 0.5615 | train_acc 80.78%
[Stage2/Head] ep 122/360 | loss 2.5414 | ce 0.8610 | logit 0.5602 | train_acc 81.03%
[Stage2/Head] ep 123/360 | loss 2.5057 | ce 0.8361 | logit 0.5565 | train_acc 81.03%
[Stage2/Head] ep 124/360 | loss 2.4807 | ce 0.8167 | logit 0.5547 | train_acc 81.77%
[Stage2/Head] ep 125/360 | loss 2.4764 | ce 0.8031 | logit 0.5578 | train_acc 82.17%
[Stage2/Head] ep 126/360 | loss 2.4343 | ce 0.7733 | logit 0.5537 | train_acc 81.92%
[Stage2/Head] ep 127/360 | loss 2.4386 | ce 0.7743 | logit 0.5548 | train_acc 82.30%
[Stage2/Head] ep 128/360 | loss 2.4010 | ce 0.7586 | logit 0.5474 | train_acc 82.92%
[Stage2/Head] ep 129/360 | loss 2.3940 | ce 0.7407 | logit 0.5511 | train_acc 82.85%
[Stage2/Head] ep 130/360 | loss 2.3573 | ce 0.7158 | logit 0.5472 | train_acc 82.93%
[Stage2/Head] ep 131/360 | loss 2.3189 | ce 0.7038 | logit 0.5384 | train_acc 83.18%
[Stage2/Head] ep 132/360 | loss 2.3215 | ce 0.6916 | logit 0.5433 | train_acc 83.68%
[Stage2/Head] ep 133/360 | loss 2.2844 | ce 0.6793 | logit 0.5350 | train_acc 83.62%
[Stage2/Head] ep 134/360 | loss 2.2776 | ce 0.6603 | logit 0.5391 | train_acc 83.50%
[Stage2/Head] ep 135/360 | loss 2.2421 | ce 0.6411 | logit 0.5337 | train_acc 84.37%
[Stage2/Head] ep 136/360 | loss 2.2749 | ce 0.6450 | logit 0.5433 | train_acc 83.58%
[Stage2/Head] ep 137/360 | loss 2.2497 | ce 0.6369 | logit 0.5376 | train_acc 84.22%
[Stage2/Head] ep 138/360 | loss 2.2238 | ce 0.6146 | logit 0.5364 | train_acc 84.38%
[Stage2/Head] ep 139/360 | loss 2.2058 | ce 0.6009 | logit 0.5350 | train_acc 84.13%
[Stage2/Head] ep 140/360 | loss 2.2205 | ce 0.6050 | logit 0.5385 | train_acc 84.03%
[Stage2/Head] ep 141/360 | loss 2.2055 | ce 0.6041 | logit 0.5338 | train_acc 83.88%
[Stage2/Head] ep 142/360 | loss 2.1714 | ce 0.5849 | logit 0.5288 | train_acc 84.38%
[Stage2/Head] ep 143/360 | loss 2.1369 | ce 0.5753 | logit 0.5205 | train_acc 84.98%
[Stage2/Head] ep 144/360 | loss 2.1346 | ce 0.5596 | logit 0.5250 | train_acc 84.90%
[Stage2/Head] ep 145/360 | loss 2.1190 | ce 0.5681 | logit 0.5170 | train_acc 84.63%
[Stage2/Head] ep 146/360 | loss 2.0969 | ce 0.5448 | logit 0.5174 | train_acc 84.85%
[Stage2/Head] ep 147/360 | loss 2.1039 | ce 0.5424 | logit 0.5205 | train_acc 84.90%
[Stage2/Head] ep 148/360 | loss 2.0806 | ce 0.5374 | logit 0.5144 | train_acc 84.77%
[Stage2/Head] ep 149/360 | loss 2.0580 | ce 0.5157 | logit 0.5141 | train_acc 85.08%
[Stage2/Head] ep 150/360 | loss 2.0660 | ce 0.5148 | logit 0.5171 | train_acc 85.25%
[Stage2/Head] ep 151/360 | loss 2.0259 | ce 0.5169 | logit 0.5030 | train_acc 85.22%
[Stage2/Head] ep 152/360 | loss 2.0285 | ce 0.5192 | logit 0.5031 | train_acc 85.12%
[Stage2/Head] ep 153/360 | loss 2.0501 | ce 0.5066 | logit 0.5145 | train_acc 85.05%
[Stage2/Head] ep 154/360 | loss 1.9961 | ce 0.4914 | logit 0.5016 | train_acc 85.40%
[Stage2/Head] ep 155/360 | loss 1.9953 | ce 0.4780 | logit 0.5058 | train_acc 85.87%
[Stage2/Head] ep 156/360 | loss 1.9923 | ce 0.4821 | logit 0.5034 | train_acc 85.38%
[Stage2/Head] ep 157/360 | loss 1.9939 | ce 0.4748 | logit 0.5064 | train_acc 85.48%
[Stage2/Head] ep 158/360 | loss 1.9647 | ce 0.4674 | logit 0.4991 | train_acc 84.90%
[Stage2/Head] ep 159/360 | loss 1.9475 | ce 0.4687 | logit 0.4929 | train_acc 85.27%
[Stage2/Head] ep 160/360 | loss 1.9530 | ce 0.4620 | logit 0.4970 | train_acc 85.32%
[Stage2/Head] ep 161/360 | loss 1.9522 | ce 0.4493 | logit 0.5010 | train_acc 85.32%
[Stage2/Head] ep 162/360 | loss 1.9319 | ce 0.4391 | logit 0.4976 | train_acc 85.70%
[Stage2/Head] ep 163/360 | loss 1.9167 | ce 0.4476 | logit 0.4897 | train_acc 85.45%
[Stage2/Head] ep 164/360 | loss 1.9012 | ce 0.4405 | logit 0.4869 | train_acc 85.73%
[Stage2/Head] ep 165/360 | loss 1.8964 | ce 0.4417 | logit 0.4849 | train_acc 85.63%
[Stage2/Head] ep 166/360 | loss 1.8663 | ce 0.4194 | logit 0.4823 | train_acc 85.95%
[Stage2/Head] ep 167/360 | loss 1.8794 | ce 0.4163 | logit 0.4877 | train_acc 85.57%
[Stage2/Head] ep 168/360 | loss 1.8910 | ce 0.4210 | logit 0.4900 | train_acc 85.10%
[Stage2/Head] ep 169/360 | loss 1.8939 | ce 0.4247 | logit 0.4897 | train_acc 85.05%
[Stage2/Head] ep 170/360 | loss 1.8582 | ce 0.4192 | logit 0.4797 | train_acc 85.35%
[Stage2/Head] ep 171/360 | loss 1.8621 | ce 0.4164 | logit 0.4819 | train_acc 85.38%
[Stage2/Head] ep 172/360 | loss 1.8986 | ce 0.4324 | logit 0.4888 | train_acc 84.80%
[Stage2/Head] ep 173/360 | loss 1.8716 | ce 0.4071 | logit 0.4882 | train_acc 85.53%
[Stage2/Head] ep 174/360 | loss 1.8357 | ce 0.4000 | logit 0.4786 | train_acc 85.53%
[Stage2/Head] ep 175/360 | loss 1.8382 | ce 0.4113 | logit 0.4756 | train_acc 85.43%
[Stage2/Head] ep 176/360 | loss 1.8379 | ce 0.4077 | logit 0.4767 | train_acc 84.93%
[Stage2/Head] ep 177/360 | loss 1.8240 | ce 0.3925 | logit 0.4772 | train_acc 85.42%
[Stage2/Head] ep 178/360 | loss 1.8197 | ce 0.3915 | logit 0.4761 | train_acc 85.50%
[Stage2/Head] ep 179/360 | loss 1.8103 | ce 0.3942 | logit 0.4720 | train_acc 85.55%
[Stage2/Head] ep 180/360 | loss 1.7990 | ce 0.3776 | logit 0.4738 | train_acc 85.72%
[Stage2/Head] ep 181/360 | loss 1.8097 | ce 0.3804 | logit 0.4764 | train_acc 85.32%
[Stage2/Head] ep 182/360 | loss 1.7969 | ce 0.3709 | logit 0.4753 | train_acc 85.52%
[Stage2/Head] ep 183/360 | loss 1.8052 | ce 0.3884 | logit 0.4723 | train_acc 85.08%
[Stage2/Head] ep 184/360 | loss 1.8169 | ce 0.3914 | logit 0.4752 | train_acc 84.98%
[Stage2/Head] ep 185/360 | loss 1.7779 | ce 0.3723 | logit 0.4686 | train_acc 85.42%
[Stage2/Head] ep 186/360 | loss 1.7800 | ce 0.3775 | logit 0.4675 | train_acc 85.37%
[Stage2/Head] ep 187/360 | loss 1.7825 | ce 0.3588 | logit 0.4746 | train_acc 85.47%
[Stage2/Head] ep 188/360 | loss 1.7831 | ce 0.3656 | logit 0.4725 | train_acc 85.73%
[Stage2/Head] ep 189/360 | loss 1.7827 | ce 0.3816 | logit 0.4670 | train_acc 84.68%
[Stage2/Head] ep 190/360 | loss 1.7891 | ce 0.3684 | logit 0.4736 | train_acc 85.55%
[Stage2/Head] ep 191/360 | loss 1.7711 | ce 0.3530 | logit 0.4727 | train_acc 85.40%
[Stage2/Head] ep 192/360 | loss 1.7370 | ce 0.3543 | logit 0.4609 | train_acc 85.73%
[Stage2/Head] ep 193/360 | loss 1.7421 | ce 0.3518 | logit 0.4634 | train_acc 85.92%
[Stage2/Head] ep 194/360 | loss 1.7674 | ce 0.3529 | logit 0.4715 | train_acc 85.52%
[Stage2/Head] ep 195/360 | loss 1.7409 | ce 0.3586 | logit 0.4608 | train_acc 85.68%
[Stage2/Head] ep 196/360 | loss 1.7293 | ce 0.3284 | logit 0.4670 | train_acc 85.62%
[Stage2/Head] ep 197/360 | loss 1.7294 | ce 0.3562 | logit 0.4577 | train_acc 85.30%
[Stage2/Head] ep 198/360 | loss 1.7370 | ce 0.3424 | logit 0.4649 | train_acc 85.75%
[Stage2/Head] ep 199/360 | loss 1.7204 | ce 0.3477 | logit 0.4576 | train_acc 85.35%
[Stage2/Head] ep 200/360 | loss 1.7236 | ce 0.3362 | logit 0.4625 | train_acc 85.67%
[Stage2/Head] ep 201/360 | loss 1.7318 | ce 0.3560 | logit 0.4586 | train_acc 85.15%
[Stage2/Head] ep 202/360 | loss 1.7265 | ce 0.3551 | logit 0.4572 | train_acc 85.28%
[Stage2/Head] ep 203/360 | loss 1.7200 | ce 0.3475 | logit 0.4575 | train_acc 85.50%
[Stage2/Head] ep 204/360 | loss 1.7073 | ce 0.3197 | logit 0.4625 | train_acc 85.63%
[Stage2/Head] ep 205/360 | loss 1.7405 | ce 0.3505 | logit 0.4633 | train_acc 85.03%
[Stage2/Head] ep 206/360 | loss 1.7185 | ce 0.3417 | logit 0.4589 | train_acc 85.53%
[Stage2/Head] ep 207/360 | loss 1.7008 | ce 0.3326 | logit 0.4561 | train_acc 85.43%
[Stage2/Head] ep 208/360 | loss 1.7159 | ce 0.3186 | logit 0.4658 | train_acc 85.62%
[Stage2/Head] ep 209/360 | loss 1.7376 | ce 0.3367 | logit 0.4670 | train_acc 85.25%
[Stage2/Head] ep 210/360 | loss 1.7162 | ce 0.3347 | logit 0.4605 | train_acc 85.03%
[Stage2/Head] ep 211/360 | loss 1.7014 | ce 0.3340 | logit 0.4558 | train_acc 85.10%
[Stage2/Head] ep 212/360 | loss 1.6858 | ce 0.3195 | logit 0.4554 | train_acc 85.68%
[Stage2/Head] ep 213/360 | loss 1.6696 | ce 0.3353 | logit 0.4448 | train_acc 85.48%
[Stage2/Head] ep 214/360 | loss 1.6945 | ce 0.3238 | logit 0.4569 | train_acc 85.23%
[Stage2/Head] ep 215/360 | loss 1.6976 | ce 0.3386 | logit 0.4530 | train_acc 85.17%
[Stage2/Head] ep 216/360 | loss 1.6868 | ce 0.3167 | logit 0.4567 | train_acc 85.20%
[Stage2/Head] ep 217/360 | loss 1.6612 | ce 0.3202 | logit 0.4470 | train_acc 85.88%
[Stage2/Head] ep 218/360 | loss 1.6732 | ce 0.3203 | logit 0.4509 | train_acc 85.38%
[Stage2/Head] ep 219/360 | loss 1.6768 | ce 0.3116 | logit 0.4551 | train_acc 85.43%
[Stage2/Head] ep 220/360 | loss 1.6753 | ce 0.3263 | logit 0.4497 | train_acc 85.33%
[Stage2/Head] ep 221/360 | loss 1.6863 | ce 0.3374 | logit 0.4496 | train_acc 85.45%
[Stage2/Head] ep 222/360 | loss 1.6632 | ce 0.3103 | logit 0.4510 | train_acc 85.63%
[Stage2/Head] ep 223/360 | loss 1.6722 | ce 0.3205 | logit 0.4506 | train_acc 85.38%
[Stage2/Head] ep 224/360 | loss 1.6590 | ce 0.3152 | logit 0.4479 | train_acc 85.60%
[Stage2/Head] ep 225/360 | loss 1.6565 | ce 0.3030 | logit 0.4512 | train_acc 85.33%
[Stage2/Head] ep 226/360 | loss 1.6646 | ce 0.3139 | logit 0.4502 | train_acc 84.95%
[Stage2/Head] ep 227/360 | loss 1.6505 | ce 0.3104 | logit 0.4467 | train_acc 85.38%
[Stage2/Head] ep 228/360 | loss 1.6596 | ce 0.3204 | logit 0.4464 | train_acc 85.18%
[Stage2/Head] ep 229/360 | loss 1.6699 | ce 0.3271 | logit 0.4476 | train_acc 85.28%
[Stage2/Head] ep 230/360 | loss 1.6367 | ce 0.3041 | logit 0.4442 | train_acc 85.53%
[Stage2/Head] ep 231/360 | loss 1.6489 | ce 0.3160 | logit 0.4443 | train_acc 85.48%
[Stage2/Head] ep 232/360 | loss 1.6307 | ce 0.3123 | logit 0.4395 | train_acc 85.67%
[Stage2/Head] ep 233/360 | loss 1.6467 | ce 0.3099 | logit 0.4456 | train_acc 85.18%
[Stage2/Head] ep 234/360 | loss 1.6583 | ce 0.3156 | logit 0.4476 | train_acc 85.63%
[Stage2/Head] ep 235/360 | loss 1.6370 | ce 0.2946 | logit 0.4475 | train_acc 86.13%
[Stage2/Head] ep 236/360 | loss 1.6235 | ce 0.2950 | logit 0.4429 | train_acc 85.40%
[Stage2/Head] ep 237/360 | loss 1.6517 | ce 0.3143 | logit 0.4458 | train_acc 85.37%
[Stage2/Head] ep 238/360 | loss 1.6704 | ce 0.3119 | logit 0.4528 | train_acc 85.53%
[Stage2/Head] ep 239/360 | loss 1.6530 | ce 0.3139 | logit 0.4464 | train_acc 85.43%
[Stage2/Head] ep 240/360 | loss 1.6567 | ce 0.3033 | logit 0.4511 | train_acc 85.13%
[Stage2/Head] ep 241/360 | loss 1.6240 | ce 0.2927 | logit 0.4438 | train_acc 85.73%
[Stage2/Head] ep 242/360 | loss 1.6384 | ce 0.3125 | logit 0.4420 | train_acc 85.53%
[Stage2/Head] ep 243/360 | loss 1.6260 | ce 0.3034 | logit 0.4409 | train_acc 85.07%
[Stage2/Head] ep 244/360 | loss 1.6237 | ce 0.3006 | logit 0.4410 | train_acc 85.48%
[Stage2/Head] ep 245/360 | loss 1.6178 | ce 0.2948 | logit 0.4410 | train_acc 85.47%
[Stage2/Head] ep 246/360 | loss 1.6224 | ce 0.2985 | logit 0.4413 | train_acc 85.70%
[Stage2/Head] ep 247/360 | loss 1.6218 | ce 0.3051 | logit 0.4389 | train_acc 85.17%
[Stage2/Head] ep 248/360 | loss 1.6142 | ce 0.2938 | logit 0.4401 | train_acc 85.57%
[Stage2/Head] ep 249/360 | loss 1.6395 | ce 0.3061 | logit 0.4445 | train_acc 85.37%
[Stage2/Head] ep 250/360 | loss 1.6062 | ce 0.2892 | logit 0.4390 | train_acc 85.55%
[Stage2/Head] ep 251/360 | loss 1.6329 | ce 0.2912 | logit 0.4472 | train_acc 85.42%
[Stage2/Head] ep 252/360 | loss 1.5741 | ce 0.2943 | logit 0.4266 | train_acc 85.68%
[Stage2/Head] ep 253/360 | loss 1.6239 | ce 0.3108 | logit 0.4377 | train_acc 85.07%
[Stage2/Head] ep 254/360 | loss 1.5845 | ce 0.2781 | logit 0.4355 | train_acc 85.70%
[Stage2/Head] ep 255/360 | loss 1.6121 | ce 0.2903 | logit 0.4406 | train_acc 85.50%
[Stage2/Head] ep 256/360 | loss 1.6212 | ce 0.2896 | logit 0.4439 | train_acc 85.42%
[Stage2/Head] ep 257/360 | loss 1.6214 | ce 0.2980 | logit 0.4411 | train_acc 84.85%
[Stage2/Head] ep 258/360 | loss 1.6092 | ce 0.2981 | logit 0.4371 | train_acc 85.22%
[Stage2/Head] ep 259/360 | loss 1.6181 | ce 0.3040 | logit 0.4380 | train_acc 84.97%
[Stage2/Head] ep 260/360 | loss 1.5980 | ce 0.2888 | logit 0.4364 | train_acc 85.45%
[Stage2/Head] ep 261/360 | loss 1.6024 | ce 0.3179 | logit 0.4282 | train_acc 85.17%
[Stage2/Head] ep 262/360 | loss 1.5866 | ce 0.2848 | logit 0.4340 | train_acc 85.50%
[Stage2/Head] ep 263/360 | loss 1.6125 | ce 0.3060 | logit 0.4355 | train_acc 85.42%
[Stage2/Head] ep 264/360 | loss 1.5929 | ce 0.2954 | logit 0.4325 | train_acc 85.50%
[Stage2/Head] ep 265/360 | loss 1.5760 | ce 0.2936 | logit 0.4275 | train_acc 85.45%
[Stage2/Head] ep 266/360 | loss 1.6214 | ce 0.2985 | logit 0.4410 | train_acc 85.43%
[Stage2/Head] ep 267/360 | loss 1.6282 | ce 0.3007 | logit 0.4425 | train_acc 85.05%
[Stage2/Head] ep 268/360 | loss 1.6240 | ce 0.2989 | logit 0.4417 | train_acc 85.47%
[Stage2/Head] ep 269/360 | loss 1.5977 | ce 0.2974 | logit 0.4334 | train_acc 85.30%
[Stage2/Head] ep 270/360 | loss 1.6123 | ce 0.2912 | logit 0.4404 | train_acc 84.97%
[Stage2/Head] ep 271/360 | loss 1.5812 | ce 0.2922 | logit 0.4297 | train_acc 85.52%
[Stage2/Head] ep 272/360 | loss 1.5750 | ce 0.2992 | logit 0.4253 | train_acc 84.80%
[Stage2/Head] ep 273/360 | loss 1.6153 | ce 0.3023 | logit 0.4377 | train_acc 85.10%
[Stage2/Head] ep 274/360 | loss 1.5940 | ce 0.2868 | logit 0.4358 | train_acc 85.28%
[Stage2/Head] ep 275/360 | loss 1.5890 | ce 0.2965 | logit 0.4309 | train_acc 85.02%
[Stage2/Head] ep 276/360 | loss 1.5339 | ce 0.2762 | logit 0.4192 | train_acc 86.33%
[Stage2/Head] ep 277/360 | loss 1.5706 | ce 0.2737 | logit 0.4323 | train_acc 85.48%
[Stage2/Head] ep 278/360 | loss 1.5399 | ce 0.2788 | logit 0.4204 | train_acc 85.60%
[Stage2/Head] ep 279/360 | loss 1.5960 | ce 0.2889 | logit 0.4357 | train_acc 85.23%
[Stage2/Head] ep 280/360 | loss 1.5772 | ce 0.3096 | logit 0.4226 | train_acc 84.73%
[Stage2/Head] ep 281/360 | loss 1.6045 | ce 0.2912 | logit 0.4378 | train_acc 84.92%
[Stage2/Head] ep 282/360 | loss 1.5670 | ce 0.2901 | logit 0.4256 | train_acc 85.55%
[Stage2/Head] ep 283/360 | loss 1.5679 | ce 0.2708 | logit 0.4324 | train_acc 85.08%
[Stage2/Head] ep 284/360 | loss 1.5892 | ce 0.2893 | logit 0.4333 | train_acc 85.08%
[Stage2/Head] ep 285/360 | loss 1.5717 | ce 0.2941 | logit 0.4259 | train_acc 85.32%
[Stage2/Head] ep 286/360 | loss 1.5634 | ce 0.3054 | logit 0.4193 | train_acc 85.12%
[Stage2/Head] ep 287/360 | loss 1.5834 | ce 0.2901 | logit 0.4311 | train_acc 85.23%
[Stage2/Head] ep 288/360 | loss 1.5813 | ce 0.2841 | logit 0.4324 | train_acc 85.02%
[Stage2/Head] ep 289/360 | loss 1.5535 | ce 0.2907 | logit 0.4209 | train_acc 85.85%
[Stage2/Head] ep 290/360 | loss 1.5669 | ce 0.2999 | logit 0.4223 | train_acc 84.83%
[Stage2/Head] ep 291/360 | loss 1.5745 | ce 0.2750 | logit 0.4332 | train_acc 85.27%
[Stage2/Head] ep 292/360 | loss 1.5670 | ce 0.2878 | logit 0.4264 | train_acc 85.27%
[Stage2/Head] ep 293/360 | loss 1.5362 | ce 0.2844 | logit 0.4173 | train_acc 85.28%
[Stage2/Head] ep 294/360 | loss 1.5644 | ce 0.2835 | logit 0.4269 | train_acc 85.18%
[Stage2/Head] ep 295/360 | loss 1.5424 | ce 0.2818 | logit 0.4202 | train_acc 85.42%
[Stage2/Head] ep 296/360 | loss 1.5649 | ce 0.2849 | logit 0.4267 | train_acc 84.88%
[Stage2/Head] ep 297/360 | loss 1.5872 | ce 0.2987 | logit 0.4295 | train_acc 84.62%
[Stage2/Head] ep 298/360 | loss 1.5563 | ce 0.2897 | logit 0.4222 | train_acc 84.48%
[Stage2/Head] ep 299/360 | loss 1.5414 | ce 0.2786 | logit 0.4209 | train_acc 85.38%
[Stage2/Head] ep 300/360 | loss 1.5477 | ce 0.2842 | logit 0.4212 | train_acc 85.25%
[Stage2/Head] ep 301/360 | loss 1.5388 | ce 0.2709 | logit 0.4227 | train_acc 85.17%
[Stage2/Head] ep 302/360 | loss 1.5586 | ce 0.2829 | logit 0.4252 | train_acc 85.07%
[Stage2/Head] ep 303/360 | loss 1.5615 | ce 0.2864 | logit 0.4250 | train_acc 85.38%
[Stage2/Head] ep 304/360 | loss 1.5514 | ce 0.2864 | logit 0.4217 | train_acc 84.88%
[Stage2/Head] ep 305/360 | loss 1.5542 | ce 0.2930 | logit 0.4204 | train_acc 85.25%
[Stage2/Head] ep 306/360 | loss 1.5521 | ce 0.2865 | logit 0.4219 | train_acc 85.32%
[Stage2/Head] ep 307/360 | loss 1.5393 | ce 0.2833 | logit 0.4187 | train_acc 85.25%
[Stage2/Head] ep 308/360 | loss 1.5404 | ce 0.2941 | logit 0.4154 | train_acc 85.03%
[Stage2/Head] ep 309/360 | loss 1.5498 | ce 0.2815 | logit 0.4228 | train_acc 85.40%
[Stage2/Head] ep 310/360 | loss 1.5486 | ce 0.2863 | logit 0.4208 | train_acc 84.95%
[Stage2/Head] ep 311/360 | loss 1.5304 | ce 0.2847 | logit 0.4152 | train_acc 85.28%
[Stage2/Head] ep 312/360 | loss 1.5294 | ce 0.3062 | logit 0.4077 | train_acc 85.12%
[Stage2/Head] ep 313/360 | loss 1.5378 | ce 0.2895 | logit 0.4161 | train_acc 84.93%
[Stage2/Head] ep 314/360 | loss 1.5414 | ce 0.2830 | logit 0.4195 | train_acc 85.13%
[Stage2/Head] ep 315/360 | loss 1.5510 | ce 0.2896 | logit 0.4204 | train_acc 85.18%
[Stage2/Head] ep 316/360 | loss 1.5220 | ce 0.2931 | logit 0.4097 | train_acc 85.40%
[Stage2/Head] ep 317/360 | loss 1.5482 | ce 0.3017 | logit 0.4155 | train_acc 84.98%
[Stage2/Head] ep 318/360 | loss 1.5318 | ce 0.2792 | logit 0.4175 | train_acc 85.65%
[Stage2/Head] ep 319/360 | loss 1.5224 | ce 0.2663 | logit 0.4187 | train_acc 85.52%
[Stage2/Head] ep 320/360 | loss 1.5274 | ce 0.2954 | logit 0.4107 | train_acc 84.75%
[Stage2/Head] ep 321/360 | loss 1.5040 | ce 0.2759 | logit 0.4094 | train_acc 85.30%
[Stage2/Head] ep 322/360 | loss 1.5123 | ce 0.2873 | logit 0.4084 | train_acc 85.35%
[Stage2/Head] ep 323/360 | loss 1.5058 | ce 0.2864 | logit 0.4065 | train_acc 85.37%
[Stage2/Head] ep 324/360 | loss 1.5045 | ce 0.2760 | logit 0.4095 | train_acc 85.65%
[Stage2/Head] ep 325/360 | loss 1.5438 | ce 0.2968 | logit 0.4157 | train_acc 84.85%
[Stage2/Head] ep 326/360 | loss 1.4946 | ce 0.2909 | logit 0.4012 | train_acc 84.97%
[Stage2/Head] ep 327/360 | loss 1.5310 | ce 0.2903 | logit 0.4136 | train_acc 84.98%
[Stage2/Head] ep 328/360 | loss 1.5270 | ce 0.2993 | logit 0.4092 | train_acc 84.73%
[Stage2/Head] ep 329/360 | loss 1.4940 | ce 0.2826 | logit 0.4038 | train_acc 85.27%
[Stage2/Head] ep 330/360 | loss 1.4980 | ce 0.2743 | logit 0.4079 | train_acc 85.12%
[Stage2/Head] ep 331/360 | loss 1.4942 | ce 0.2758 | logit 0.4061 | train_acc 85.13%
[Stage2/Head] ep 332/360 | loss 1.4988 | ce 0.2638 | logit 0.4117 | train_acc 85.40%
[Stage2/Head] ep 333/360 | loss 1.4914 | ce 0.2868 | logit 0.4015 | train_acc 85.05%
[Stage2/Head] ep 334/360 | loss 1.5360 | ce 0.3019 | logit 0.4114 | train_acc 84.43%
[Stage2/Head] ep 335/360 | loss 1.5086 | ce 0.2750 | logit 0.4112 | train_acc 85.02%
[Stage2/Head] ep 336/360 | loss 1.5006 | ce 0.2950 | logit 0.4019 | train_acc 84.57%
[Stage2/Head] ep 337/360 | loss 1.4962 | ce 0.2865 | logit 0.4032 | train_acc 85.13%
[Stage2/Head] ep 338/360 | loss 1.4817 | ce 0.2808 | logit 0.4003 | train_acc 84.87%
[Stage2/Head] ep 339/360 | loss 1.5031 | ce 0.2860 | logit 0.4057 | train_acc 84.43%
[Stage2/Head] ep 340/360 | loss 1.5120 | ce 0.2792 | logit 0.4109 | train_acc 84.97%
[Stage2/Head] ep 341/360 | loss 1.4971 | ce 0.2929 | logit 0.4014 | train_acc 84.75%
[Stage2/Head] ep 342/360 | loss 1.5375 | ce 0.2890 | logit 0.4162 | train_acc 84.85%
[Stage2/Head] ep 343/360 | loss 1.4869 | ce 0.2988 | logit 0.3960 | train_acc 84.78%
[Stage2/Head] ep 344/360 | loss 1.4661 | ce 0.2960 | logit 0.3900 | train_acc 85.60%
[Stage2/Head] ep 345/360 | loss 1.4809 | ce 0.2825 | logit 0.3995 | train_acc 85.03%
[Stage2/Head] ep 346/360 | loss 1.4523 | ce 0.2689 | logit 0.3945 | train_acc 85.52%
[Stage2/Head] ep 347/360 | loss 1.4953 | ce 0.3049 | logit 0.3968 | train_acc 85.00%
[Stage2/Head] ep 348/360 | loss 1.4648 | ce 0.2832 | logit 0.3939 | train_acc 85.32%
[Stage2/Head] ep 349/360 | loss 1.5103 | ce 0.2936 | logit 0.4056 | train_acc 85.12%
[Stage2/Head] ep 350/360 | loss 1.4723 | ce 0.2807 | logit 0.3972 | train_acc 85.20%
[Stage2/Head] ep 351/360 | loss 1.4926 | ce 0.2908 | logit 0.4006 | train_acc 84.82%
[Stage2/Head] ep 352/360 | loss 1.4636 | ce 0.2800 | logit 0.3945 | train_acc 84.78%
[Stage2/Head] ep 353/360 | loss 1.4571 | ce 0.2936 | logit 0.3878 | train_acc 85.57%
[Stage2/Head] ep 354/360 | loss 1.4905 | ce 0.2867 | logit 0.4013 | train_acc 84.97%
[Stage2/Head] ep 355/360 | loss 1.4555 | ce 0.2844 | logit 0.3904 | train_acc 85.12%
[Stage2/Head] ep 356/360 | loss 1.4492 | ce 0.2680 | logit 0.3937 | train_acc 85.23%
[Stage2/Head] ep 357/360 | loss 1.4590 | ce 0.2726 | logit 0.3954 | train_acc 85.13%
[Stage2/Head] ep 358/360 | loss 1.4549 | ce 0.2856 | logit 0.3898 | train_acc 85.38%
[Stage2/Head] ep 359/360 | loss 1.4778 | ce 0.2917 | logit 0.3954 | train_acc 84.87%
[Stage2/Head] ep 360/360 | loss 1.5235 | ce 0.3099 | logit 0.4045 | train_acc 84.75%
[Task 3] Training done in 21.27 min.
[Task 3] Test (on new class only) -> ce_loss: 0.1611, acc: 96.21%, rec_loss: 13.2905
  - Filtering train: keep top 95.0% per class based on returned scores.
[Task 3] Wrote CSVs to: ./runs_mnist_continual/run_20260226_142850/task3
Accuracies on seen tasks:
  Task 0 [0,1,2,3,4]: 7.55%
  Task 1 [5]: 57.40%
  Task 2 [6]: 96.66%
  Task 3 [7]: 96.21%
Mean over seen tasks (0..3): 64.45%
[Task 3] Skipping GP training and Rscript execution as per --skip_GP flag.
[Task 3] Loaded from R CSV: 4000 rows, f_size=16
[Task 3] Decoded images: torch.Size([4000, 1, 28, 28]) -> recovered dataset size 4000
[Task 3] Augmenting Task 4 training set with 4000 recovered samples.
/home/lhalice/miniconda3/envs/NNGP/lib/python3.12/site-packages/torch/utils/data/dataloader.py:627: UserWarning: This DataLoader will create 2 worker processes in total. Our suggested max number of worker in current system is 1, which is smaller than what this DataLoader is going to create. Please be aware that excessive worker creation might get DataLoader running slow or even freeze, lower the worker number to avoid potential slowness/freeze if necessary.
  warnings.warn(

================================================================================
Starting Task 4: digits [8]
Training samples size: 7000
================================================================================
[Stage1/AE] ep 1/480 | loss 0.3930 | rec 0.0511 | feat 0.3419 | train_acc 45.03%
[Stage1/AE] ep 2/480 | loss 0.3376 | rec 0.0428 | feat 0.2949 | train_acc 45.00%
[Stage1/AE] ep 3/480 | loss 0.3211 | rec 0.0412 | feat 0.2799 | train_acc 44.19%
[Stage1/AE] ep 4/480 | loss 0.3113 | rec 0.0405 | feat 0.2709 | train_acc 44.46%
[Stage1/AE] ep 5/480 | loss 0.2951 | rec 0.0398 | feat 0.2553 | train_acc 44.29%
[Stage1/AE] ep 6/480 | loss 0.2878 | rec 0.0393 | feat 0.2485 | train_acc 44.41%
[Stage1/AE] ep 7/480 | loss 0.2924 | rec 0.0391 | feat 0.2533 | train_acc 44.69%
[Stage1/AE] ep 8/480 | loss 0.2759 | rec 0.0389 | feat 0.2370 | train_acc 44.11%
[Stage1/AE] ep 9/480 | loss 0.2793 | rec 0.0386 | feat 0.2407 | train_acc 44.16%
[Stage1/AE] ep 10/480 | loss 0.2715 | rec 0.0383 | feat 0.2332 | train_acc 43.87%
[Stage1/AE] ep 11/480 | loss 0.2696 | rec 0.0382 | feat 0.2315 | train_acc 44.27%
[Stage1/AE] ep 12/480 | loss 0.2640 | rec 0.0379 | feat 0.2261 | train_acc 44.40%
[Stage1/AE] ep 13/480 | loss 0.2607 | rec 0.0379 | feat 0.2228 | train_acc 43.89%
[Stage1/AE] ep 14/480 | loss 0.2609 | rec 0.0378 | feat 0.2231 | train_acc 43.80%
[Stage1/AE] ep 15/480 | loss 0.2572 | rec 0.0376 | feat 0.2196 | train_acc 44.53%
[Stage1/AE] ep 16/480 | loss 0.2555 | rec 0.0375 | feat 0.2180 | train_acc 43.70%
[Stage1/AE] ep 17/480 | loss 0.2525 | rec 0.0377 | feat 0.2148 | train_acc 44.03%
[Stage1/AE] ep 18/480 | loss 0.2527 | rec 0.0373 | feat 0.2154 | train_acc 44.00%
[Stage1/AE] ep 19/480 | loss 0.2499 | rec 0.0372 | feat 0.2127 | train_acc 43.81%
[Stage1/AE] ep 20/480 | loss 0.2532 | rec 0.0371 | feat 0.2160 | train_acc 44.09%
[Stage1/AE] ep 21/480 | loss 0.2492 | rec 0.0371 | feat 0.2120 | train_acc 44.43%
[Stage1/AE] ep 22/480 | loss 0.2476 | rec 0.0372 | feat 0.2103 | train_acc 43.99%
[Stage1/AE] ep 23/480 | loss 0.2431 | rec 0.0370 | feat 0.2061 | train_acc 44.27%
[Stage1/AE] ep 24/480 | loss 0.2465 | rec 0.0368 | feat 0.2097 | train_acc 43.96%
[Stage1/AE] ep 25/480 | loss 0.2446 | rec 0.0368 | feat 0.2078 | train_acc 43.81%
[Stage1/AE] ep 26/480 | loss 0.2403 | rec 0.0367 | feat 0.2036 | train_acc 44.03%
[Stage1/AE] ep 27/480 | loss 0.2424 | rec 0.0366 | feat 0.2058 | train_acc 44.19%
[Stage1/AE] ep 28/480 | loss 0.2405 | rec 0.0366 | feat 0.2039 | train_acc 44.24%
[Stage1/AE] ep 29/480 | loss 0.2428 | rec 0.0366 | feat 0.2062 | train_acc 44.16%
[Stage1/AE] ep 30/480 | loss 0.2433 | rec 0.0367 | feat 0.2066 | train_acc 43.81%
[Stage1/AE] ep 31/480 | loss 0.2397 | rec 0.0367 | feat 0.2031 | train_acc 44.06%
[Stage1/AE] ep 32/480 | loss 0.2352 | rec 0.0365 | feat 0.1987 | train_acc 44.31%
[Stage1/AE] ep 33/480 | loss 0.2352 | rec 0.0366 | feat 0.1986 | train_acc 44.21%
[Stage1/AE] ep 34/480 | loss 0.2336 | rec 0.0363 | feat 0.1972 | train_acc 44.24%
[Stage1/AE] ep 35/480 | loss 0.2331 | rec 0.0363 | feat 0.1968 | train_acc 44.11%
[Stage1/AE] ep 36/480 | loss 0.2345 | rec 0.0362 | feat 0.1983 | train_acc 44.31%
[Stage1/AE] ep 37/480 | loss 0.2352 | rec 0.0361 | feat 0.1990 | train_acc 44.01%
[Stage1/AE] ep 38/480 | loss 0.2297 | rec 0.0363 | feat 0.1934 | train_acc 44.49%
[Stage1/AE] ep 39/480 | loss 0.2406 | rec 0.0362 | feat 0.2043 | train_acc 44.16%
[Stage1/AE] ep 40/480 | loss 0.2344 | rec 0.0361 | feat 0.1983 | train_acc 44.21%
[Stage1/AE] ep 41/480 | loss 0.2325 | rec 0.0361 | feat 0.1965 | train_acc 44.20%
[Stage1/AE] ep 42/480 | loss 0.2327 | rec 0.0359 | feat 0.1968 | train_acc 44.44%
[Stage1/AE] ep 43/480 | loss 0.2314 | rec 0.0360 | feat 0.1954 | train_acc 44.30%
[Stage1/AE] ep 44/480 | loss 0.2309 | rec 0.0359 | feat 0.1950 | train_acc 44.26%
[Stage1/AE] ep 45/480 | loss 0.2296 | rec 0.0360 | feat 0.1936 | train_acc 44.11%
[Stage1/AE] ep 46/480 | loss 0.2294 | rec 0.0359 | feat 0.1935 | train_acc 44.64%
[Stage1/AE] ep 47/480 | loss 0.2335 | rec 0.0359 | feat 0.1976 | train_acc 44.04%
[Stage1/AE] ep 48/480 | loss 0.2304 | rec 0.0357 | feat 0.1947 | train_acc 43.77%
[Stage1/AE] ep 49/480 | loss 0.2292 | rec 0.0357 | feat 0.1935 | train_acc 44.39%
[Stage1/AE] ep 50/480 | loss 0.2281 | rec 0.0357 | feat 0.1924 | train_acc 44.09%
[Stage1/AE] ep 51/480 | loss 0.2250 | rec 0.0355 | feat 0.1894 | train_acc 44.59%
[Stage1/AE] ep 52/480 | loss 0.2244 | rec 0.0358 | feat 0.1886 | train_acc 44.30%
[Stage1/AE] ep 53/480 | loss 0.2250 | rec 0.0358 | feat 0.1892 | train_acc 44.37%
[Stage1/AE] ep 54/480 | loss 0.2231 | rec 0.0356 | feat 0.1875 | train_acc 44.64%
[Stage1/AE] ep 55/480 | loss 0.2284 | rec 0.0353 | feat 0.1930 | train_acc 44.53%
[Stage1/AE] ep 56/480 | loss 0.2249 | rec 0.0356 | feat 0.1893 | train_acc 44.29%
[Stage1/AE] ep 57/480 | loss 0.2256 | rec 0.0357 | feat 0.1899 | train_acc 44.50%
[Stage1/AE] ep 58/480 | loss 0.2311 | rec 0.0355 | feat 0.1956 | train_acc 44.50%
[Stage1/AE] ep 59/480 | loss 0.2248 | rec 0.0354 | feat 0.1894 | train_acc 44.19%
[Stage1/AE] ep 60/480 | loss 0.2212 | rec 0.0354 | feat 0.1857 | train_acc 44.54%
[Stage1/AE] ep 61/480 | loss 0.2219 | rec 0.0354 | feat 0.1865 | train_acc 44.44%
[Stage1/AE] ep 62/480 | loss 0.2172 | rec 0.0353 | feat 0.1819 | train_acc 44.26%
[Stage1/AE] ep 63/480 | loss 0.2249 | rec 0.0353 | feat 0.1895 | train_acc 44.19%
[Stage1/AE] ep 64/480 | loss 0.2256 | rec 0.0353 | feat 0.1903 | train_acc 44.31%
[Stage1/AE] ep 65/480 | loss 0.2253 | rec 0.0354 | feat 0.1900 | train_acc 44.24%
[Stage1/AE] ep 66/480 | loss 0.2230 | rec 0.0351 | feat 0.1880 | train_acc 44.07%
[Stage1/AE] ep 67/480 | loss 0.2155 | rec 0.0352 | feat 0.1802 | train_acc 44.84%
[Stage1/AE] ep 68/480 | loss 0.2163 | rec 0.0352 | feat 0.1812 | train_acc 44.66%
[Stage1/AE] ep 69/480 | loss 0.2148 | rec 0.0351 | feat 0.1797 | train_acc 44.34%
[Stage1/AE] ep 70/480 | loss 0.2208 | rec 0.0352 | feat 0.1856 | train_acc 44.17%
[Stage1/AE] ep 71/480 | loss 0.2227 | rec 0.0353 | feat 0.1874 | train_acc 44.04%
[Stage1/AE] ep 72/480 | loss 0.2212 | rec 0.0350 | feat 0.1862 | train_acc 44.17%
[Stage1/AE] ep 73/480 | loss 0.2184 | rec 0.0350 | feat 0.1834 | train_acc 44.39%
[Stage1/AE] ep 74/480 | loss 0.2180 | rec 0.0351 | feat 0.1829 | train_acc 44.70%
[Stage1/AE] ep 75/480 | loss 0.2220 | rec 0.0351 | feat 0.1870 | train_acc 44.26%
[Stage1/AE] ep 76/480 | loss 0.2166 | rec 0.0350 | feat 0.1816 | train_acc 44.63%
[Stage1/AE] ep 77/480 | loss 0.2194 | rec 0.0350 | feat 0.1844 | train_acc 44.67%
[Stage1/AE] ep 78/480 | loss 0.2180 | rec 0.0350 | feat 0.1831 | train_acc 44.77%
[Stage1/AE] ep 79/480 | loss 0.2194 | rec 0.0349 | feat 0.1845 | train_acc 44.31%
[Stage1/AE] ep 80/480 | loss 0.2168 | rec 0.0348 | feat 0.1820 | train_acc 44.19%
[Stage1/AE] ep 81/480 | loss 0.2143 | rec 0.0347 | feat 0.1796 | train_acc 44.37%
[Stage1/AE] ep 82/480 | loss 0.2193 | rec 0.0347 | feat 0.1846 | train_acc 43.93%
[Stage1/AE] ep 83/480 | loss 0.2148 | rec 0.0349 | feat 0.1798 | train_acc 44.69%
[Stage1/AE] ep 84/480 | loss 0.2173 | rec 0.0349 | feat 0.1824 | train_acc 44.14%
[Stage1/AE] ep 85/480 | loss 0.2160 | rec 0.0349 | feat 0.1811 | train_acc 44.34%
[Stage1/AE] ep 86/480 | loss 0.2168 | rec 0.0347 | feat 0.1821 | train_acc 44.56%
[Stage1/AE] ep 87/480 | loss 0.2169 | rec 0.0348 | feat 0.1821 | train_acc 44.87%
[Stage1/AE] ep 88/480 | loss 0.2160 | rec 0.0347 | feat 0.1812 | train_acc 44.96%
[Stage1/AE] ep 89/480 | loss 0.2157 | rec 0.0348 | feat 0.1810 | train_acc 44.13%
[Stage1/AE] ep 90/480 | loss 0.2161 | rec 0.0346 | feat 0.1814 | train_acc 44.76%
[Stage1/AE] ep 91/480 | loss 0.2186 | rec 0.0347 | feat 0.1839 | train_acc 44.90%
[Stage1/AE] ep 92/480 | loss 0.2133 | rec 0.0347 | feat 0.1787 | train_acc 44.51%
[Stage1/AE] ep 93/480 | loss 0.2154 | rec 0.0346 | feat 0.1808 | train_acc 44.59%
[Stage1/AE] ep 94/480 | loss 0.2170 | rec 0.0348 | feat 0.1823 | train_acc 44.30%
[Stage1/AE] ep 95/480 | loss 0.2141 | rec 0.0347 | feat 0.1794 | train_acc 44.67%
[Stage1/AE] ep 96/480 | loss 0.2104 | rec 0.0345 | feat 0.1759 | train_acc 45.06%
[Stage1/AE] ep 97/480 | loss 0.2174 | rec 0.0346 | feat 0.1829 | train_acc 44.60%
[Stage1/AE] ep 98/480 | loss 0.2110 | rec 0.0345 | feat 0.1765 | train_acc 44.23%
[Stage1/AE] ep 99/480 | loss 0.2100 | rec 0.0345 | feat 0.1755 | train_acc 44.54%
[Stage1/AE] ep 100/480 | loss 0.2105 | rec 0.0343 | feat 0.1761 | train_acc 44.23%
[Stage1/AE] ep 101/480 | loss 0.2128 | rec 0.0344 | feat 0.1785 | train_acc 44.46%
[Stage1/AE] ep 102/480 | loss 0.2122 | rec 0.0343 | feat 0.1779 | train_acc 44.34%
[Stage1/AE] ep 103/480 | loss 0.2108 | rec 0.0344 | feat 0.1763 | train_acc 44.50%
[Stage1/AE] ep 104/480 | loss 0.2127 | rec 0.0344 | feat 0.1782 | train_acc 44.57%
[Stage1/AE] ep 105/480 | loss 0.2103 | rec 0.0343 | feat 0.1760 | train_acc 44.34%
[Stage1/AE] ep 106/480 | loss 0.2113 | rec 0.0343 | feat 0.1770 | train_acc 44.86%
[Stage1/AE] ep 107/480 | loss 0.2107 | rec 0.0343 | feat 0.1765 | train_acc 44.34%
[Stage1/AE] ep 108/480 | loss 0.2068 | rec 0.0344 | feat 0.1724 | train_acc 44.29%
[Stage1/AE] ep 109/480 | loss 0.2125 | rec 0.0342 | feat 0.1783 | train_acc 44.26%
[Stage1/AE] ep 110/480 | loss 0.2122 | rec 0.0344 | feat 0.1778 | train_acc 44.19%
[Stage1/AE] ep 111/480 | loss 0.2113 | rec 0.0344 | feat 0.1769 | train_acc 44.60%
[Stage1/AE] ep 112/480 | loss 0.2128 | rec 0.0343 | feat 0.1785 | train_acc 44.87%
[Stage1/AE] ep 113/480 | loss 0.2129 | rec 0.0343 | feat 0.1786 | train_acc 44.44%
[Stage1/AE] ep 114/480 | loss 0.2084 | rec 0.0344 | feat 0.1741 | train_acc 44.71%
[Stage1/AE] ep 115/480 | loss 0.2082 | rec 0.0344 | feat 0.1738 | train_acc 44.57%
[Stage1/AE] ep 116/480 | loss 0.2103 | rec 0.0342 | feat 0.1761 | train_acc 44.39%
[Stage1/AE] ep 117/480 | loss 0.2102 | rec 0.0342 | feat 0.1760 | train_acc 44.91%
[Stage1/AE] ep 118/480 | loss 0.2097 | rec 0.0342 | feat 0.1755 | train_acc 44.93%
[Stage1/AE] ep 119/480 | loss 0.2037 | rec 0.0340 | feat 0.1697 | train_acc 44.76%
[Stage1/AE] ep 120/480 | loss 0.2040 | rec 0.0341 | feat 0.1699 | train_acc 44.50%
[Stage1/AE] ep 121/480 | loss 0.2115 | rec 0.0342 | feat 0.1773 | train_acc 44.41%
[Stage1/AE] ep 122/480 | loss 0.2082 | rec 0.0342 | feat 0.1740 | train_acc 44.41%
[Stage1/AE] ep 123/480 | loss 0.2109 | rec 0.0340 | feat 0.1768 | train_acc 43.96%
[Stage1/AE] ep 124/480 | loss 0.2128 | rec 0.0340 | feat 0.1788 | train_acc 44.61%
[Stage1/AE] ep 125/480 | loss 0.2102 | rec 0.0341 | feat 0.1761 | train_acc 44.60%
[Stage1/AE] ep 126/480 | loss 0.2133 | rec 0.0339 | feat 0.1793 | train_acc 44.27%
[Stage1/AE] ep 127/480 | loss 0.2079 | rec 0.0339 | feat 0.1741 | train_acc 44.47%
[Stage1/AE] ep 128/480 | loss 0.2074 | rec 0.0339 | feat 0.1735 | train_acc 45.00%
[Stage1/AE] ep 129/480 | loss 0.2039 | rec 0.0339 | feat 0.1700 | train_acc 44.56%
[Stage1/AE] ep 130/480 | loss 0.2023 | rec 0.0340 | feat 0.1683 | train_acc 44.57%
[Stage1/AE] ep 131/480 | loss 0.2109 | rec 0.0338 | feat 0.1770 | train_acc 44.40%
[Stage1/AE] ep 132/480 | loss 0.2040 | rec 0.0339 | feat 0.1701 | train_acc 45.10%
[Stage1/AE] ep 133/480 | loss 0.2030 | rec 0.0338 | feat 0.1692 | train_acc 44.47%
[Stage1/AE] ep 134/480 | loss 0.2054 | rec 0.0337 | feat 0.1717 | train_acc 44.46%
[Stage1/AE] ep 135/480 | loss 0.2036 | rec 0.0340 | feat 0.1696 | train_acc 44.34%
[Stage1/AE] ep 136/480 | loss 0.2008 | rec 0.0338 | feat 0.1670 | train_acc 44.79%
[Stage1/AE] ep 137/480 | loss 0.2080 | rec 0.0336 | feat 0.1743 | train_acc 44.71%
[Stage1/AE] ep 138/480 | loss 0.2071 | rec 0.0339 | feat 0.1732 | train_acc 44.37%
[Stage1/AE] ep 139/480 | loss 0.2064 | rec 0.0338 | feat 0.1726 | train_acc 44.51%
[Stage1/AE] ep 140/480 | loss 0.2085 | rec 0.0339 | feat 0.1746 | train_acc 44.61%
[Stage1/AE] ep 141/480 | loss 0.1999 | rec 0.0338 | feat 0.1661 | train_acc 44.54%
[Stage1/AE] ep 142/480 | loss 0.2012 | rec 0.0338 | feat 0.1674 | train_acc 44.66%
[Stage1/AE] ep 143/480 | loss 0.2030 | rec 0.0337 | feat 0.1692 | train_acc 45.17%
[Stage1/AE] ep 144/480 | loss 0.2032 | rec 0.0339 | feat 0.1693 | train_acc 44.84%
[Stage1/AE] ep 145/480 | loss 0.2036 | rec 0.0337 | feat 0.1699 | train_acc 44.57%
[Stage1/AE] ep 146/480 | loss 0.2057 | rec 0.0338 | feat 0.1719 | train_acc 44.99%
[Stage1/AE] ep 147/480 | loss 0.2049 | rec 0.0337 | feat 0.1712 | train_acc 44.83%
[Stage1/AE] ep 148/480 | loss 0.2049 | rec 0.0337 | feat 0.1712 | train_acc 44.93%
[Stage1/AE] ep 149/480 | loss 0.2008 | rec 0.0338 | feat 0.1670 | train_acc 44.81%
[Stage1/AE] ep 150/480 | loss 0.2019 | rec 0.0336 | feat 0.1684 | train_acc 44.49%
[Stage1/AE] ep 151/480 | loss 0.2001 | rec 0.0336 | feat 0.1665 | train_acc 44.93%
[Stage1/AE] ep 152/480 | loss 0.2049 | rec 0.0336 | feat 0.1713 | train_acc 45.17%
[Stage1/AE] ep 153/480 | loss 0.2046 | rec 0.0336 | feat 0.1710 | train_acc 44.73%
[Stage1/AE] ep 154/480 | loss 0.2005 | rec 0.0336 | feat 0.1669 | train_acc 44.93%
[Stage1/AE] ep 155/480 | loss 0.1966 | rec 0.0335 | feat 0.1630 | train_acc 44.50%
[Stage1/AE] ep 156/480 | loss 0.2004 | rec 0.0336 | feat 0.1668 | train_acc 44.86%
[Stage1/AE] ep 157/480 | loss 0.2016 | rec 0.0335 | feat 0.1681 | train_acc 44.74%
[Stage1/AE] ep 158/480 | loss 0.2038 | rec 0.0335 | feat 0.1702 | train_acc 44.86%
[Stage1/AE] ep 159/480 | loss 0.1981 | rec 0.0333 | feat 0.1648 | train_acc 44.94%
[Stage1/AE] ep 160/480 | loss 0.2016 | rec 0.0334 | feat 0.1681 | train_acc 45.43%
[Stage1/AE] ep 161/480 | loss 0.2060 | rec 0.0334 | feat 0.1726 | train_acc 44.61%
[Stage1/AE] ep 162/480 | loss 0.2056 | rec 0.0334 | feat 0.1723 | train_acc 44.47%
[Stage1/AE] ep 163/480 | loss 0.2003 | rec 0.0334 | feat 0.1669 | train_acc 44.40%
[Stage1/AE] ep 164/480 | loss 0.2012 | rec 0.0333 | feat 0.1679 | train_acc 44.91%
[Stage1/AE] ep 165/480 | loss 0.1988 | rec 0.0334 | feat 0.1654 | train_acc 44.66%
[Stage1/AE] ep 166/480 | loss 0.2000 | rec 0.0335 | feat 0.1665 | train_acc 44.49%
[Stage1/AE] ep 167/480 | loss 0.2016 | rec 0.0332 | feat 0.1684 | train_acc 44.77%
[Stage1/AE] ep 168/480 | loss 0.1960 | rec 0.0333 | feat 0.1627 | train_acc 45.03%
[Stage1/AE] ep 169/480 | loss 0.1982 | rec 0.0332 | feat 0.1650 | train_acc 44.61%
[Stage1/AE] ep 170/480 | loss 0.2013 | rec 0.0333 | feat 0.1679 | train_acc 44.70%
[Stage1/AE] ep 171/480 | loss 0.1943 | rec 0.0335 | feat 0.1608 | train_acc 44.19%
[Stage1/AE] ep 172/480 | loss 0.1989 | rec 0.0334 | feat 0.1656 | train_acc 44.83%
[Stage1/AE] ep 173/480 | loss 0.1981 | rec 0.0333 | feat 0.1648 | train_acc 44.59%
[Stage1/AE] ep 174/480 | loss 0.1992 | rec 0.0334 | feat 0.1658 | train_acc 45.11%
[Stage1/AE] ep 175/480 | loss 0.1996 | rec 0.0333 | feat 0.1664 | train_acc 44.66%
[Stage1/AE] ep 176/480 | loss 0.2016 | rec 0.0334 | feat 0.1682 | train_acc 44.04%
[Stage1/AE] ep 177/480 | loss 0.1964 | rec 0.0333 | feat 0.1631 | train_acc 44.97%
[Stage1/AE] ep 178/480 | loss 0.1975 | rec 0.0333 | feat 0.1642 | train_acc 44.34%
[Stage1/AE] ep 179/480 | loss 0.1944 | rec 0.0332 | feat 0.1612 | train_acc 44.71%
[Stage1/AE] ep 180/480 | loss 0.1963 | rec 0.0332 | feat 0.1632 | train_acc 44.13%
[Stage1/AE] ep 181/480 | loss 0.1991 | rec 0.0332 | feat 0.1658 | train_acc 44.74%
[Stage1/AE] ep 182/480 | loss 0.1956 | rec 0.0333 | feat 0.1623 | train_acc 44.90%
[Stage1/AE] ep 183/480 | loss 0.2018 | rec 0.0333 | feat 0.1686 | train_acc 44.77%
[Stage1/AE] ep 184/480 | loss 0.1947 | rec 0.0332 | feat 0.1615 | train_acc 44.69%
[Stage1/AE] ep 185/480 | loss 0.1948 | rec 0.0331 | feat 0.1617 | train_acc 44.87%
[Stage1/AE] ep 186/480 | loss 0.1983 | rec 0.0332 | feat 0.1650 | train_acc 44.83%
[Stage1/AE] ep 187/480 | loss 0.1981 | rec 0.0331 | feat 0.1650 | train_acc 44.20%
[Stage1/AE] ep 188/480 | loss 0.1934 | rec 0.0331 | feat 0.1603 | train_acc 45.27%
[Stage1/AE] ep 189/480 | loss 0.1962 | rec 0.0330 | feat 0.1632 | train_acc 44.59%
[Stage1/AE] ep 190/480 | loss 0.1947 | rec 0.0333 | feat 0.1614 | train_acc 44.34%
[Stage1/AE] ep 191/480 | loss 0.1916 | rec 0.0333 | feat 0.1583 | train_acc 45.01%
[Stage1/AE] ep 192/480 | loss 0.1969 | rec 0.0329 | feat 0.1639 | train_acc 44.94%
[Stage1/AE] ep 193/480 | loss 0.1957 | rec 0.0330 | feat 0.1627 | train_acc 44.87%
[Stage1/AE] ep 194/480 | loss 0.1925 | rec 0.0330 | feat 0.1595 | train_acc 44.56%
[Stage1/AE] ep 195/480 | loss 0.1948 | rec 0.0330 | feat 0.1618 | train_acc 45.11%
[Stage1/AE] ep 196/480 | loss 0.1983 | rec 0.0330 | feat 0.1653 | train_acc 44.11%
[Stage1/AE] ep 197/480 | loss 0.1919 | rec 0.0331 | feat 0.1588 | train_acc 44.87%
[Stage1/AE] ep 198/480 | loss 0.1949 | rec 0.0331 | feat 0.1618 | train_acc 44.69%
[Stage1/AE] ep 199/480 | loss 0.1940 | rec 0.0331 | feat 0.1609 | train_acc 44.77%
[Stage1/AE] ep 200/480 | loss 0.1936 | rec 0.0329 | feat 0.1606 | train_acc 44.99%
[Stage1/AE] ep 201/480 | loss 0.1944 | rec 0.0329 | feat 0.1615 | train_acc 44.61%
[Stage1/AE] ep 202/480 | loss 0.1975 | rec 0.0330 | feat 0.1645 | train_acc 44.66%
[Stage1/AE] ep 203/480 | loss 0.1927 | rec 0.0329 | feat 0.1598 | train_acc 44.91%
[Stage1/AE] ep 204/480 | loss 0.1938 | rec 0.0330 | feat 0.1607 | train_acc 44.41%
[Stage1/AE] ep 205/480 | loss 0.1949 | rec 0.0329 | feat 0.1621 | train_acc 44.21%
[Stage1/AE] ep 206/480 | loss 0.1957 | rec 0.0330 | feat 0.1627 | train_acc 44.89%
[Stage1/AE] ep 207/480 | loss 0.1937 | rec 0.0330 | feat 0.1607 | train_acc 44.46%
[Stage1/AE] ep 208/480 | loss 0.1934 | rec 0.0330 | feat 0.1604 | train_acc 44.49%
[Stage1/AE] ep 209/480 | loss 0.1957 | rec 0.0330 | feat 0.1628 | train_acc 44.79%
[Stage1/AE] ep 210/480 | loss 0.1949 | rec 0.0330 | feat 0.1619 | train_acc 44.73%
[Stage1/AE] ep 211/480 | loss 0.1920 | rec 0.0328 | feat 0.1592 | train_acc 44.84%
[Stage1/AE] ep 212/480 | loss 0.1895 | rec 0.0328 | feat 0.1567 | train_acc 45.39%
[Stage1/AE] ep 213/480 | loss 0.1917 | rec 0.0328 | feat 0.1589 | train_acc 44.26%
[Stage1/AE] ep 214/480 | loss 0.1919 | rec 0.0328 | feat 0.1591 | train_acc 45.04%
[Stage1/AE] ep 215/480 | loss 0.1953 | rec 0.0329 | feat 0.1624 | train_acc 44.57%
[Stage1/AE] ep 216/480 | loss 0.1897 | rec 0.0329 | feat 0.1568 | train_acc 44.54%
[Stage1/AE] ep 217/480 | loss 0.1915 | rec 0.0330 | feat 0.1585 | train_acc 45.01%
[Stage1/AE] ep 218/480 | loss 0.1928 | rec 0.0328 | feat 0.1601 | train_acc 44.99%
[Stage1/AE] ep 219/480 | loss 0.1908 | rec 0.0328 | feat 0.1580 | train_acc 45.10%
[Stage1/AE] ep 220/480 | loss 0.1917 | rec 0.0328 | feat 0.1589 | train_acc 44.07%
[Stage1/AE] ep 221/480 | loss 0.1884 | rec 0.0328 | feat 0.1556 | train_acc 44.79%
[Stage1/AE] ep 222/480 | loss 0.1896 | rec 0.0328 | feat 0.1568 | train_acc 45.67%
[Stage1/AE] ep 223/480 | loss 0.1934 | rec 0.0328 | feat 0.1606 | train_acc 44.69%
[Stage1/AE] ep 224/480 | loss 0.1920 | rec 0.0329 | feat 0.1591 | train_acc 44.84%
[Stage1/AE] ep 225/480 | loss 0.1934 | rec 0.0328 | feat 0.1607 | train_acc 45.23%
[Stage1/AE] ep 226/480 | loss 0.1869 | rec 0.0327 | feat 0.1542 | train_acc 44.63%
[Stage1/AE] ep 227/480 | loss 0.1921 | rec 0.0326 | feat 0.1595 | train_acc 44.94%
[Stage1/AE] ep 228/480 | loss 0.1910 | rec 0.0328 | feat 0.1583 | train_acc 44.93%
[Stage1/AE] ep 229/480 | loss 0.1947 | rec 0.0328 | feat 0.1619 | train_acc 44.73%
[Stage1/AE] ep 230/480 | loss 0.1893 | rec 0.0327 | feat 0.1566 | train_acc 44.46%
[Stage1/AE] ep 231/480 | loss 0.1923 | rec 0.0326 | feat 0.1598 | train_acc 45.14%
[Stage1/AE] ep 232/480 | loss 0.1943 | rec 0.0326 | feat 0.1618 | train_acc 44.86%
[Stage1/AE] ep 233/480 | loss 0.1872 | rec 0.0325 | feat 0.1548 | train_acc 44.44%
[Stage1/AE] ep 234/480 | loss 0.1961 | rec 0.0327 | feat 0.1635 | train_acc 45.34%
[Stage1/AE] ep 235/480 | loss 0.1890 | rec 0.0326 | feat 0.1563 | train_acc 44.83%
[Stage1/AE] ep 236/480 | loss 0.1854 | rec 0.0326 | feat 0.1528 | train_acc 45.00%
[Stage1/AE] ep 237/480 | loss 0.1888 | rec 0.0329 | feat 0.1558 | train_acc 44.51%
[Stage1/AE] ep 238/480 | loss 0.1914 | rec 0.0325 | feat 0.1588 | train_acc 44.26%
[Stage1/AE] ep 239/480 | loss 0.1869 | rec 0.0326 | feat 0.1543 | train_acc 44.87%
[Stage1/AE] ep 240/480 | loss 0.1928 | rec 0.0326 | feat 0.1602 | train_acc 44.84%
[Stage1/AE] ep 241/480 | loss 0.1864 | rec 0.0326 | feat 0.1539 | train_acc 44.84%
[Stage1/AE] ep 242/480 | loss 0.1911 | rec 0.0326 | feat 0.1585 | train_acc 44.74%
[Stage1/AE] ep 243/480 | loss 0.1893 | rec 0.0325 | feat 0.1568 | train_acc 44.71%
[Stage1/AE] ep 244/480 | loss 0.1833 | rec 0.0325 | feat 0.1508 | train_acc 45.13%
[Stage1/AE] ep 245/480 | loss 0.1878 | rec 0.0325 | feat 0.1553 | train_acc 45.03%
[Stage1/AE] ep 246/480 | loss 0.1851 | rec 0.0324 | feat 0.1527 | train_acc 44.79%
[Stage1/AE] ep 247/480 | loss 0.1920 | rec 0.0325 | feat 0.1595 | train_acc 44.70%
[Stage1/AE] ep 248/480 | loss 0.1865 | rec 0.0325 | feat 0.1541 | train_acc 44.90%
[Stage1/AE] ep 249/480 | loss 0.1890 | rec 0.0325 | feat 0.1565 | train_acc 45.43%
[Stage1/AE] ep 250/480 | loss 0.1864 | rec 0.0325 | feat 0.1539 | train_acc 44.56%
[Stage1/AE] ep 251/480 | loss 0.1854 | rec 0.0324 | feat 0.1530 | train_acc 44.57%
[Stage1/AE] ep 252/480 | loss 0.1844 | rec 0.0326 | feat 0.1518 | train_acc 44.54%
[Stage1/AE] ep 253/480 | loss 0.1861 | rec 0.0325 | feat 0.1536 | train_acc 44.74%
[Stage1/AE] ep 254/480 | loss 0.1850 | rec 0.0326 | feat 0.1524 | train_acc 45.21%
[Stage1/AE] ep 255/480 | loss 0.1885 | rec 0.0325 | feat 0.1559 | train_acc 44.77%
[Stage1/AE] ep 256/480 | loss 0.1875 | rec 0.0323 | feat 0.1552 | train_acc 45.03%
[Stage1/AE] ep 257/480 | loss 0.1891 | rec 0.0324 | feat 0.1566 | train_acc 44.89%
[Stage1/AE] ep 258/480 | loss 0.1862 | rec 0.0322 | feat 0.1540 | train_acc 45.10%
[Stage1/AE] ep 259/480 | loss 0.1868 | rec 0.0324 | feat 0.1544 | train_acc 44.69%
[Stage1/AE] ep 260/480 | loss 0.1884 | rec 0.0324 | feat 0.1560 | train_acc 45.20%
[Stage1/AE] ep 261/480 | loss 0.1901 | rec 0.0323 | feat 0.1578 | train_acc 44.79%
[Stage1/AE] ep 262/480 | loss 0.1883 | rec 0.0324 | feat 0.1558 | train_acc 44.34%
[Stage1/AE] ep 263/480 | loss 0.1838 | rec 0.0324 | feat 0.1513 | train_acc 44.97%
[Stage1/AE] ep 264/480 | loss 0.1873 | rec 0.0321 | feat 0.1552 | train_acc 44.76%
[Stage1/AE] ep 265/480 | loss 0.1877 | rec 0.0324 | feat 0.1553 | train_acc 45.11%
[Stage1/AE] ep 266/480 | loss 0.1851 | rec 0.0324 | feat 0.1527 | train_acc 44.94%
[Stage1/AE] ep 267/480 | loss 0.1836 | rec 0.0324 | feat 0.1511 | train_acc 44.76%
[Stage1/AE] ep 268/480 | loss 0.1863 | rec 0.0322 | feat 0.1541 | train_acc 45.34%
[Stage1/AE] ep 269/480 | loss 0.1841 | rec 0.0324 | feat 0.1517 | train_acc 44.91%
[Stage1/AE] ep 270/480 | loss 0.1842 | rec 0.0324 | feat 0.1517 | train_acc 44.87%
[Stage1/AE] ep 271/480 | loss 0.1842 | rec 0.0322 | feat 0.1520 | train_acc 45.20%
[Stage1/AE] ep 272/480 | loss 0.1832 | rec 0.0322 | feat 0.1509 | train_acc 45.07%
[Stage1/AE] ep 273/480 | loss 0.1867 | rec 0.0323 | feat 0.1545 | train_acc 45.03%
[Stage1/AE] ep 274/480 | loss 0.1861 | rec 0.0322 | feat 0.1539 | train_acc 45.09%
[Stage1/AE] ep 275/480 | loss 0.1860 | rec 0.0323 | feat 0.1537 | train_acc 45.17%
[Stage1/AE] ep 276/480 | loss 0.1876 | rec 0.0321 | feat 0.1555 | train_acc 44.87%
[Stage1/AE] ep 277/480 | loss 0.1842 | rec 0.0321 | feat 0.1521 | train_acc 44.77%
[Stage1/AE] ep 278/480 | loss 0.1799 | rec 0.0322 | feat 0.1477 | train_acc 45.29%
[Stage1/AE] ep 279/480 | loss 0.1841 | rec 0.0321 | feat 0.1520 | train_acc 45.07%
[Stage1/AE] ep 280/480 | loss 0.1856 | rec 0.0321 | feat 0.1535 | train_acc 44.73%
[Stage1/AE] ep 281/480 | loss 0.1864 | rec 0.0322 | feat 0.1543 | train_acc 45.11%
[Stage1/AE] ep 282/480 | loss 0.1857 | rec 0.0321 | feat 0.1536 | train_acc 45.09%
[Stage1/AE] ep 283/480 | loss 0.1854 | rec 0.0322 | feat 0.1532 | train_acc 45.26%
[Stage1/AE] ep 284/480 | loss 0.1846 | rec 0.0321 | feat 0.1525 | train_acc 45.23%
[Stage1/AE] ep 285/480 | loss 0.1854 | rec 0.0321 | feat 0.1533 | train_acc 45.39%
[Stage1/AE] ep 286/480 | loss 0.1842 | rec 0.0322 | feat 0.1519 | train_acc 44.66%
[Stage1/AE] ep 287/480 | loss 0.1820 | rec 0.0323 | feat 0.1497 | train_acc 44.99%
[Stage1/AE] ep 288/480 | loss 0.1823 | rec 0.0323 | feat 0.1500 | train_acc 44.73%
[Stage1/AE] ep 289/480 | loss 0.1802 | rec 0.0321 | feat 0.1481 | train_acc 44.96%
[Stage1/AE] ep 290/480 | loss 0.1821 | rec 0.0322 | feat 0.1500 | train_acc 45.00%
[Stage1/AE] ep 291/480 | loss 0.1847 | rec 0.0321 | feat 0.1526 | train_acc 45.07%
[Stage1/AE] ep 292/480 | loss 0.1837 | rec 0.0321 | feat 0.1516 | train_acc 45.21%
[Stage1/AE] ep 293/480 | loss 0.1779 | rec 0.0320 | feat 0.1459 | train_acc 45.00%
[Stage1/AE] ep 294/480 | loss 0.1810 | rec 0.0321 | feat 0.1489 | train_acc 44.84%
[Stage1/AE] ep 295/480 | loss 0.1823 | rec 0.0320 | feat 0.1503 | train_acc 44.83%
[Stage1/AE] ep 296/480 | loss 0.1802 | rec 0.0319 | feat 0.1483 | train_acc 45.01%
[Stage1/AE] ep 297/480 | loss 0.1813 | rec 0.0319 | feat 0.1494 | train_acc 45.00%
[Stage1/AE] ep 298/480 | loss 0.1839 | rec 0.0320 | feat 0.1519 | train_acc 45.04%
[Stage1/AE] ep 299/480 | loss 0.1820 | rec 0.0319 | feat 0.1502 | train_acc 45.53%
[Stage1/AE] ep 300/480 | loss 0.1812 | rec 0.0321 | feat 0.1491 | train_acc 45.34%
[Stage1/AE] ep 301/480 | loss 0.1837 | rec 0.0320 | feat 0.1517 | train_acc 45.00%
[Stage1/AE] ep 302/480 | loss 0.1746 | rec 0.0319 | feat 0.1427 | train_acc 44.79%
[Stage1/AE] ep 303/480 | loss 0.1858 | rec 0.0321 | feat 0.1537 | train_acc 45.13%
[Stage1/AE] ep 304/480 | loss 0.1790 | rec 0.0320 | feat 0.1470 | train_acc 44.54%
[Stage1/AE] ep 305/480 | loss 0.1809 | rec 0.0320 | feat 0.1489 | train_acc 45.14%
[Stage1/AE] ep 306/480 | loss 0.1842 | rec 0.0320 | feat 0.1522 | train_acc 44.73%
[Stage1/AE] ep 307/480 | loss 0.1826 | rec 0.0320 | feat 0.1506 | train_acc 45.19%
[Stage1/AE] ep 308/480 | loss 0.1819 | rec 0.0321 | feat 0.1498 | train_acc 45.27%
[Stage1/AE] ep 309/480 | loss 0.1818 | rec 0.0320 | feat 0.1499 | train_acc 44.80%
[Stage1/AE] ep 310/480 | loss 0.1821 | rec 0.0319 | feat 0.1502 | train_acc 45.13%
[Stage1/AE] ep 311/480 | loss 0.1833 | rec 0.0319 | feat 0.1514 | train_acc 45.21%
[Stage1/AE] ep 312/480 | loss 0.1769 | rec 0.0319 | feat 0.1450 | train_acc 45.07%
[Stage1/AE] ep 313/480 | loss 0.1792 | rec 0.0319 | feat 0.1473 | train_acc 45.04%
[Stage1/AE] ep 314/480 | loss 0.1804 | rec 0.0318 | feat 0.1486 | train_acc 44.87%
[Stage1/AE] ep 315/480 | loss 0.1773 | rec 0.0319 | feat 0.1454 | train_acc 44.90%
[Stage1/AE] ep 316/480 | loss 0.1811 | rec 0.0317 | feat 0.1494 | train_acc 45.30%
[Stage1/AE] ep 317/480 | loss 0.1825 | rec 0.0320 | feat 0.1506 | train_acc 44.81%
[Stage1/AE] ep 318/480 | loss 0.1774 | rec 0.0319 | feat 0.1455 | train_acc 44.97%
[Stage1/AE] ep 319/480 | loss 0.1775 | rec 0.0318 | feat 0.1456 | train_acc 45.21%
[Stage1/AE] ep 320/480 | loss 0.1788 | rec 0.0317 | feat 0.1470 | train_acc 45.04%
[Stage1/AE] ep 321/480 | loss 0.1773 | rec 0.0318 | feat 0.1454 | train_acc 45.10%
[Stage1/AE] ep 322/480 | loss 0.1805 | rec 0.0319 | feat 0.1485 | train_acc 44.43%
[Stage1/AE] ep 323/480 | loss 0.1790 | rec 0.0318 | feat 0.1472 | train_acc 45.03%
[Stage1/AE] ep 324/480 | loss 0.1795 | rec 0.0316 | feat 0.1479 | train_acc 45.19%
[Stage1/AE] ep 325/480 | loss 0.1802 | rec 0.0318 | feat 0.1484 | train_acc 44.89%
[Stage1/AE] ep 326/480 | loss 0.1802 | rec 0.0318 | feat 0.1484 | train_acc 45.24%
[Stage1/AE] ep 327/480 | loss 0.1774 | rec 0.0317 | feat 0.1457 | train_acc 45.03%
[Stage1/AE] ep 328/480 | loss 0.1791 | rec 0.0319 | feat 0.1473 | train_acc 44.80%
[Stage1/AE] ep 329/480 | loss 0.1766 | rec 0.0320 | feat 0.1446 | train_acc 45.21%
[Stage1/AE] ep 330/480 | loss 0.1773 | rec 0.0319 | feat 0.1454 | train_acc 45.04%
[Stage1/AE] ep 331/480 | loss 0.1758 | rec 0.0318 | feat 0.1440 | train_acc 45.06%
[Stage1/AE] ep 332/480 | loss 0.1810 | rec 0.0319 | feat 0.1490 | train_acc 44.53%
[Stage1/AE] ep 333/480 | loss 0.1783 | rec 0.0315 | feat 0.1467 | train_acc 45.13%
[Stage1/AE] ep 334/480 | loss 0.1797 | rec 0.0319 | feat 0.1478 | train_acc 45.10%
[Stage1/AE] ep 335/480 | loss 0.1819 | rec 0.0317 | feat 0.1501 | train_acc 44.77%
[Stage1/AE] ep 336/480 | loss 0.1769 | rec 0.0317 | feat 0.1452 | train_acc 44.40%
[Stage1/AE] ep 337/480 | loss 0.1788 | rec 0.0316 | feat 0.1471 | train_acc 44.77%
[Stage1/AE] ep 338/480 | loss 0.1762 | rec 0.0317 | feat 0.1445 | train_acc 45.01%
[Stage1/AE] ep 339/480 | loss 0.1826 | rec 0.0317 | feat 0.1509 | train_acc 44.80%
[Stage1/AE] ep 340/480 | loss 0.1773 | rec 0.0317 | feat 0.1456 | train_acc 45.03%
[Stage1/AE] ep 341/480 | loss 0.1814 | rec 0.0317 | feat 0.1497 | train_acc 44.93%
[Stage1/AE] ep 342/480 | loss 0.1785 | rec 0.0316 | feat 0.1469 | train_acc 44.77%
[Stage1/AE] ep 343/480 | loss 0.1800 | rec 0.0317 | feat 0.1483 | train_acc 45.21%
[Stage1/AE] ep 344/480 | loss 0.1784 | rec 0.0318 | feat 0.1466 | train_acc 44.97%
[Stage1/AE] ep 345/480 | loss 0.1795 | rec 0.0316 | feat 0.1479 | train_acc 45.06%
[Stage1/AE] ep 346/480 | loss 0.1815 | rec 0.0315 | feat 0.1501 | train_acc 45.17%
[Stage1/AE] ep 347/480 | loss 0.1786 | rec 0.0315 | feat 0.1471 | train_acc 44.71%
[Stage1/AE] ep 348/480 | loss 0.1729 | rec 0.0316 | feat 0.1412 | train_acc 45.37%
[Stage1/AE] ep 349/480 | loss 0.1783 | rec 0.0316 | feat 0.1467 | train_acc 44.94%
[Stage1/AE] ep 350/480 | loss 0.1801 | rec 0.0315 | feat 0.1486 | train_acc 44.87%
[Stage1/AE] ep 351/480 | loss 0.1771 | rec 0.0317 | feat 0.1454 | train_acc 45.19%
[Stage1/AE] ep 352/480 | loss 0.1752 | rec 0.0316 | feat 0.1436 | train_acc 45.54%
[Stage1/AE] ep 353/480 | loss 0.1769 | rec 0.0316 | feat 0.1452 | train_acc 45.31%
[Stage1/AE] ep 354/480 | loss 0.1735 | rec 0.0317 | feat 0.1418 | train_acc 45.46%
[Stage1/AE] ep 355/480 | loss 0.1764 | rec 0.0316 | feat 0.1448 | train_acc 45.14%
[Stage1/AE] ep 356/480 | loss 0.1723 | rec 0.0315 | feat 0.1408 | train_acc 45.41%
[Stage1/AE] ep 357/480 | loss 0.1785 | rec 0.0315 | feat 0.1470 | train_acc 44.94%
[Stage1/AE] ep 358/480 | loss 0.1732 | rec 0.0316 | feat 0.1416 | train_acc 44.69%
[Stage1/AE] ep 359/480 | loss 0.1789 | rec 0.0316 | feat 0.1473 | train_acc 45.16%
[Stage1/AE] ep 360/480 | loss 0.1756 | rec 0.0316 | feat 0.1439 | train_acc 44.99%
[Stage1/AE] ep 361/480 | loss 0.1746 | rec 0.0316 | feat 0.1430 | train_acc 45.16%
[Stage1/AE] ep 362/480 | loss 0.1784 | rec 0.0314 | feat 0.1469 | train_acc 45.06%
[Stage1/AE] ep 363/480 | loss 0.1776 | rec 0.0314 | feat 0.1462 | train_acc 45.04%
[Stage1/AE] ep 364/480 | loss 0.1760 | rec 0.0314 | feat 0.1446 | train_acc 45.30%
[Stage1/AE] ep 365/480 | loss 0.1749 | rec 0.0314 | feat 0.1434 | train_acc 45.21%
[Stage1/AE] ep 366/480 | loss 0.1745 | rec 0.0316 | feat 0.1429 | train_acc 44.97%
[Stage1/AE] ep 367/480 | loss 0.1753 | rec 0.0315 | feat 0.1439 | train_acc 45.16%
[Stage1/AE] ep 368/480 | loss 0.1750 | rec 0.0313 | feat 0.1437 | train_acc 45.43%
[Stage1/AE] ep 369/480 | loss 0.1773 | rec 0.0315 | feat 0.1457 | train_acc 44.84%
[Stage1/AE] ep 370/480 | loss 0.1734 | rec 0.0315 | feat 0.1419 | train_acc 45.49%
[Stage1/AE] ep 371/480 | loss 0.1745 | rec 0.0315 | feat 0.1431 | train_acc 45.10%
[Stage1/AE] ep 372/480 | loss 0.1736 | rec 0.0315 | feat 0.1420 | train_acc 45.39%
[Stage1/AE] ep 373/480 | loss 0.1766 | rec 0.0316 | feat 0.1451 | train_acc 45.34%
[Stage1/AE] ep 374/480 | loss 0.1725 | rec 0.0314 | feat 0.1412 | train_acc 45.09%
[Stage1/AE] ep 375/480 | loss 0.1736 | rec 0.0315 | feat 0.1421 | train_acc 45.16%
[Stage1/AE] ep 376/480 | loss 0.1750 | rec 0.0314 | feat 0.1436 | train_acc 45.03%
[Stage1/AE] ep 377/480 | loss 0.1755 | rec 0.0313 | feat 0.1441 | train_acc 44.87%
[Stage1/AE] ep 378/480 | loss 0.1738 | rec 0.0315 | feat 0.1423 | train_acc 45.71%
[Stage1/AE] ep 379/480 | loss 0.1733 | rec 0.0315 | feat 0.1418 | train_acc 45.23%
[Stage1/AE] ep 380/480 | loss 0.1745 | rec 0.0314 | feat 0.1432 | train_acc 44.99%
[Stage1/AE] ep 381/480 | loss 0.1728 | rec 0.0315 | feat 0.1413 | train_acc 45.11%
[Stage1/AE] ep 382/480 | loss 0.1759 | rec 0.0314 | feat 0.1444 | train_acc 45.43%
[Stage1/AE] ep 383/480 | loss 0.1696 | rec 0.0316 | feat 0.1381 | train_acc 45.14%
[Stage1/AE] ep 384/480 | loss 0.1730 | rec 0.0313 | feat 0.1417 | train_acc 45.20%
[Stage1/AE] ep 385/480 | loss 0.1730 | rec 0.0313 | feat 0.1416 | train_acc 45.26%
[Stage1/AE] ep 386/480 | loss 0.1733 | rec 0.0312 | feat 0.1420 | train_acc 45.07%
[Stage1/AE] ep 387/480 | loss 0.1704 | rec 0.0313 | feat 0.1390 | train_acc 45.27%
[Stage1/AE] ep 388/480 | loss 0.1738 | rec 0.0315 | feat 0.1424 | train_acc 45.13%
[Stage1/AE] ep 389/480 | loss 0.1737 | rec 0.0314 | feat 0.1422 | train_acc 45.53%
[Stage1/AE] ep 390/480 | loss 0.1732 | rec 0.0313 | feat 0.1419 | train_acc 45.09%
[Stage1/AE] ep 391/480 | loss 0.1735 | rec 0.0313 | feat 0.1422 | train_acc 45.33%
[Stage1/AE] ep 392/480 | loss 0.1733 | rec 0.0312 | feat 0.1420 | train_acc 45.44%
[Stage1/AE] ep 393/480 | loss 0.1745 | rec 0.0314 | feat 0.1431 | train_acc 45.11%
[Stage1/AE] ep 394/480 | loss 0.1701 | rec 0.0313 | feat 0.1388 | train_acc 45.37%
[Stage1/AE] ep 395/480 | loss 0.1741 | rec 0.0313 | feat 0.1428 | train_acc 45.17%
[Stage1/AE] ep 396/480 | loss 0.1723 | rec 0.0313 | feat 0.1410 | train_acc 45.06%
[Stage1/AE] ep 397/480 | loss 0.1702 | rec 0.0314 | feat 0.1388 | train_acc 45.26%
[Stage1/AE] ep 398/480 | loss 0.1755 | rec 0.0312 | feat 0.1442 | train_acc 45.39%
[Stage1/AE] ep 399/480 | loss 0.1763 | rec 0.0312 | feat 0.1451 | train_acc 45.17%
[Stage1/AE] ep 400/480 | loss 0.1712 | rec 0.0312 | feat 0.1400 | train_acc 45.40%
[Stage1/AE] ep 401/480 | loss 0.1746 | rec 0.0312 | feat 0.1434 | train_acc 45.10%
[Stage1/AE] ep 402/480 | loss 0.1701 | rec 0.0312 | feat 0.1389 | train_acc 45.16%
[Stage1/AE] ep 403/480 | loss 0.1730 | rec 0.0311 | feat 0.1419 | train_acc 45.37%
[Stage1/AE] ep 404/480 | loss 0.1735 | rec 0.0311 | feat 0.1424 | train_acc 45.60%
[Stage1/AE] ep 405/480 | loss 0.1722 | rec 0.0312 | feat 0.1410 | train_acc 45.06%
[Stage1/AE] ep 406/480 | loss 0.1690 | rec 0.0313 | feat 0.1377 | train_acc 45.26%
[Stage1/AE] ep 407/480 | loss 0.1730 | rec 0.0310 | feat 0.1420 | train_acc 44.70%
[Stage1/AE] ep 408/480 | loss 0.1710 | rec 0.0312 | feat 0.1398 | train_acc 45.30%
[Stage1/AE] ep 409/480 | loss 0.1686 | rec 0.0314 | feat 0.1372 | train_acc 45.31%
[Stage1/AE] ep 410/480 | loss 0.1680 | rec 0.0313 | feat 0.1368 | train_acc 45.56%
[Stage1/AE] ep 411/480 | loss 0.1683 | rec 0.0312 | feat 0.1371 | train_acc 45.19%
[Stage1/AE] ep 412/480 | loss 0.1737 | rec 0.0312 | feat 0.1425 | train_acc 45.36%
[Stage1/AE] ep 413/480 | loss 0.1732 | rec 0.0312 | feat 0.1419 | train_acc 45.06%
[Stage1/AE] ep 414/480 | loss 0.1686 | rec 0.0312 | feat 0.1374 | train_acc 45.30%
[Stage1/AE] ep 415/480 | loss 0.1702 | rec 0.0312 | feat 0.1390 | train_acc 45.51%
[Stage1/AE] ep 416/480 | loss 0.1718 | rec 0.0312 | feat 0.1406 | train_acc 45.20%
[Stage1/AE] ep 417/480 | loss 0.1733 | rec 0.0309 | feat 0.1424 | train_acc 45.30%
[Stage1/AE] ep 418/480 | loss 0.1710 | rec 0.0312 | feat 0.1398 | train_acc 45.90%
[Stage1/AE] ep 419/480 | loss 0.1697 | rec 0.0312 | feat 0.1386 | train_acc 45.11%
[Stage1/AE] ep 420/480 | loss 0.1693 | rec 0.0310 | feat 0.1383 | train_acc 44.87%
[Stage1/AE] ep 421/480 | loss 0.1703 | rec 0.0312 | feat 0.1391 | train_acc 45.26%
[Stage1/AE] ep 422/480 | loss 0.1708 | rec 0.0310 | feat 0.1397 | train_acc 45.53%
[Stage1/AE] ep 423/480 | loss 0.1679 | rec 0.0312 | feat 0.1367 | train_acc 44.74%
[Stage1/AE] ep 424/480 | loss 0.1706 | rec 0.0311 | feat 0.1395 | train_acc 45.46%
[Stage1/AE] ep 425/480 | loss 0.1743 | rec 0.0311 | feat 0.1432 | train_acc 45.11%
[Stage1/AE] ep 426/480 | loss 0.1704 | rec 0.0311 | feat 0.1393 | train_acc 45.53%
[Stage1/AE] ep 427/480 | loss 0.1711 | rec 0.0313 | feat 0.1398 | train_acc 44.74%
[Stage1/AE] ep 428/480 | loss 0.1695 | rec 0.0310 | feat 0.1385 | train_acc 45.23%
[Stage1/AE] ep 429/480 | loss 0.1717 | rec 0.0309 | feat 0.1408 | train_acc 45.24%
[Stage1/AE] ep 430/480 | loss 0.1690 | rec 0.0311 | feat 0.1379 | train_acc 45.24%
[Stage1/AE] ep 431/480 | loss 0.1719 | rec 0.0310 | feat 0.1409 | train_acc 45.27%
[Stage1/AE] ep 432/480 | loss 0.1673 | rec 0.0310 | feat 0.1364 | train_acc 45.33%
[Stage1/AE] ep 433/480 | loss 0.1700 | rec 0.0308 | feat 0.1392 | train_acc 45.23%
[Stage1/AE] ep 434/480 | loss 0.1701 | rec 0.0312 | feat 0.1389 | train_acc 45.36%
[Stage1/AE] ep 435/480 | loss 0.1659 | rec 0.0308 | feat 0.1351 | train_acc 45.23%
[Stage1/AE] ep 436/480 | loss 0.1686 | rec 0.0310 | feat 0.1376 | train_acc 45.36%
[Stage1/AE] ep 437/480 | loss 0.1693 | rec 0.0309 | feat 0.1384 | train_acc 45.14%
[Stage1/AE] ep 438/480 | loss 0.1696 | rec 0.0308 | feat 0.1388 | train_acc 45.64%
[Stage1/AE] ep 439/480 | loss 0.1713 | rec 0.0310 | feat 0.1403 | train_acc 45.16%
[Stage1/AE] ep 440/480 | loss 0.1654 | rec 0.0311 | feat 0.1343 | train_acc 45.44%
[Stage1/AE] ep 441/480 | loss 0.1692 | rec 0.0308 | feat 0.1383 | train_acc 45.23%
[Stage1/AE] ep 442/480 | loss 0.1707 | rec 0.0310 | feat 0.1397 | train_acc 45.51%
[Stage1/AE] ep 443/480 | loss 0.1688 | rec 0.0310 | feat 0.1378 | train_acc 45.54%
[Stage1/AE] ep 444/480 | loss 0.1675 | rec 0.0309 | feat 0.1366 | train_acc 45.04%
[Stage1/AE] ep 445/480 | loss 0.1672 | rec 0.0310 | feat 0.1363 | train_acc 45.01%
[Stage1/AE] ep 446/480 | loss 0.1699 | rec 0.0308 | feat 0.1390 | train_acc 45.37%
[Stage1/AE] ep 447/480 | loss 0.1670 | rec 0.0308 | feat 0.1362 | train_acc 44.91%
[Stage1/AE] ep 448/480 | loss 0.1682 | rec 0.0309 | feat 0.1373 | train_acc 45.19%
[Stage1/AE] ep 449/480 | loss 0.1694 | rec 0.0307 | feat 0.1387 | train_acc 45.30%
[Stage1/AE] ep 450/480 | loss 0.1682 | rec 0.0308 | feat 0.1373 | train_acc 45.37%
[Stage1/AE] ep 451/480 | loss 0.1699 | rec 0.0307 | feat 0.1392 | train_acc 45.20%
[Stage1/AE] ep 452/480 | loss 0.1659 | rec 0.0308 | feat 0.1351 | train_acc 45.36%
[Stage1/AE] ep 453/480 | loss 0.1657 | rec 0.0308 | feat 0.1349 | train_acc 44.83%
[Stage1/AE] ep 454/480 | loss 0.1674 | rec 0.0309 | feat 0.1365 | train_acc 45.57%
[Stage1/AE] ep 455/480 | loss 0.1659 | rec 0.0309 | feat 0.1350 | train_acc 45.16%
[Stage1/AE] ep 456/480 | loss 0.1698 | rec 0.0310 | feat 0.1389 | train_acc 45.40%
[Stage1/AE] ep 457/480 | loss 0.1720 | rec 0.0308 | feat 0.1412 | train_acc 45.70%
[Stage1/AE] ep 458/480 | loss 0.1654 | rec 0.0308 | feat 0.1345 | train_acc 45.84%
[Stage1/AE] ep 459/480 | loss 0.1691 | rec 0.0308 | feat 0.1384 | train_acc 45.41%
[Stage1/AE] ep 460/480 | loss 0.1690 | rec 0.0310 | feat 0.1380 | train_acc 45.46%
[Stage1/AE] ep 461/480 | loss 0.1647 | rec 0.0308 | feat 0.1339 | train_acc 45.36%
[Stage1/AE] ep 462/480 | loss 0.1685 | rec 0.0308 | feat 0.1377 | train_acc 45.74%
[Stage1/AE] ep 463/480 | loss 0.1659 | rec 0.0310 | feat 0.1349 | train_acc 44.91%
[Stage1/AE] ep 464/480 | loss 0.1690 | rec 0.0308 | feat 0.1382 | train_acc 45.27%
[Stage1/AE] ep 465/480 | loss 0.1631 | rec 0.0309 | feat 0.1322 | train_acc 45.27%
[Stage1/AE] ep 466/480 | loss 0.1670 | rec 0.0308 | feat 0.1362 | train_acc 45.00%
[Stage1/AE] ep 467/480 | loss 0.1672 | rec 0.0308 | feat 0.1364 | train_acc 45.46%
[Stage1/AE] ep 468/480 | loss 0.1677 | rec 0.0309 | feat 0.1368 | train_acc 45.40%
[Stage1/AE] ep 469/480 | loss 0.1646 | rec 0.0307 | feat 0.1339 | train_acc 45.40%
[Stage1/AE] ep 470/480 | loss 0.1654 | rec 0.0309 | feat 0.1345 | train_acc 45.06%
[Stage1/AE] ep 471/480 | loss 0.1698 | rec 0.0308 | feat 0.1391 | train_acc 45.16%
[Stage1/AE] ep 472/480 | loss 0.1704 | rec 0.0307 | feat 0.1397 | train_acc 45.51%
[Stage1/AE] ep 473/480 | loss 0.1664 | rec 0.0308 | feat 0.1355 | train_acc 45.06%
[Stage1/AE] ep 474/480 | loss 0.1668 | rec 0.0307 | feat 0.1362 | train_acc 45.56%
[Stage1/AE] ep 475/480 | loss 0.1648 | rec 0.0308 | feat 0.1339 | train_acc 44.97%
[Stage1/AE] ep 476/480 | loss 0.1663 | rec 0.0306 | feat 0.1358 | train_acc 45.31%
[Stage1/AE] ep 477/480 | loss 0.1663 | rec 0.0305 | feat 0.1357 | train_acc 45.20%
[Stage1/AE] ep 478/480 | loss 0.1643 | rec 0.0308 | feat 0.1335 | train_acc 45.01%
[Stage1/AE] ep 479/480 | loss 0.1678 | rec 0.0307 | feat 0.1371 | train_acc 45.00%
[Stage1/AE] ep 480/480 | loss 0.1638 | rec 0.0307 | feat 0.1331 | train_acc 44.89%
[Stage2/Head] ep 1/480 | loss 86.2067 | ce 17.4482 | logit 22.9195 | train_acc 29.27%
[Stage2/Head] ep 2/480 | loss 69.4220 | ce 15.7488 | logit 17.8911 | train_acc 17.26%
[Stage2/Head] ep 3/480 | loss 67.2183 | ce 15.5024 | logit 17.2386 | train_acc 17.26%
[Stage2/Head] ep 4/480 | loss 65.3538 | ce 15.2799 | logit 16.6913 | train_acc 17.24%
[Stage2/Head] ep 5/480 | loss 63.6528 | ce 15.0678 | logit 16.1950 | train_acc 17.24%
[Stage2/Head] ep 6/480 | loss 62.0289 | ce 14.8602 | logit 15.7229 | train_acc 17.24%
[Stage2/Head] ep 7/480 | loss 60.5015 | ce 14.6572 | logit 15.2814 | train_acc 17.24%
[Stage2/Head] ep 8/480 | loss 59.0497 | ce 14.4568 | logit 14.8643 | train_acc 17.24%
[Stage2/Head] ep 9/480 | loss 57.6664 | ce 14.2594 | logit 14.4690 | train_acc 17.26%
[Stage2/Head] ep 10/480 | loss 56.3139 | ce 14.0647 | logit 14.0831 | train_acc 17.24%
[Stage2/Head] ep 11/480 | loss 55.0005 | ce 13.8738 | logit 13.7089 | train_acc 17.24%
[Stage2/Head] ep 12/480 | loss 53.7586 | ce 13.6880 | logit 13.3569 | train_acc 17.24%
[Stage2/Head] ep 13/480 | loss 52.5521 | ce 13.5049 | logit 13.0157 | train_acc 17.24%
[Stage2/Head] ep 14/480 | loss 51.3700 | ce 13.3256 | logit 12.6815 | train_acc 17.24%
[Stage2/Head] ep 15/480 | loss 50.2278 | ce 13.1526 | logit 12.3584 | train_acc 17.24%
[Stage2/Head] ep 16/480 | loss 49.1325 | ce 12.9794 | logit 12.0510 | train_acc 17.24%
[Stage2/Head] ep 17/480 | loss 48.0673 | ce 12.8125 | logit 11.7516 | train_acc 17.24%
[Stage2/Head] ep 18/480 | loss 47.0278 | ce 12.6494 | logit 11.4595 | train_acc 17.26%
[Stage2/Head] ep 19/480 | loss 46.0220 | ce 12.4916 | logit 11.1768 | train_acc 17.24%
[Stage2/Head] ep 20/480 | loss 45.0464 | ce 12.3371 | logit 10.9031 | train_acc 17.24%
[Stage2/Head] ep 21/480 | loss 44.0951 | ce 12.1860 | logit 10.6363 | train_acc 17.24%
[Stage2/Head] ep 22/480 | loss 43.1687 | ce 12.0412 | logit 10.3758 | train_acc 17.24%
[Stage2/Head] ep 23/480 | loss 42.2746 | ce 11.8980 | logit 10.1255 | train_acc 17.24%
[Stage2/Head] ep 24/480 | loss 41.3998 | ce 11.7596 | logit 9.8801 | train_acc 17.24%
[Stage2/Head] ep 25/480 | loss 40.5531 | ce 11.6249 | logit 9.6427 | train_acc 17.24%
[Stage2/Head] ep 26/480 | loss 39.7295 | ce 11.4935 | logit 9.4120 | train_acc 17.24%
[Stage2/Head] ep 27/480 | loss 38.9272 | ce 11.3669 | logit 9.1868 | train_acc 17.24%
[Stage2/Head] ep 28/480 | loss 38.1461 | ce 11.2402 | logit 8.9686 | train_acc 17.24%
[Stage2/Head] ep 29/480 | loss 37.3861 | ce 11.1171 | logit 8.7563 | train_acc 17.24%
[Stage2/Head] ep 30/480 | loss 36.6457 | ce 10.9989 | logit 8.5489 | train_acc 17.24%
[Stage2/Head] ep 31/480 | loss 35.9284 | ce 10.8800 | logit 8.3495 | train_acc 17.26%
[Stage2/Head] ep 32/480 | loss 35.2115 | ce 10.7627 | logit 8.1496 | train_acc 17.26%
[Stage2/Head] ep 33/480 | loss 34.5265 | ce 10.6480 | logit 7.9595 | train_acc 22.20%
[Stage2/Head] ep 34/480 | loss 33.8491 | ce 10.5344 | logit 7.7715 | train_acc 28.24%
[Stage2/Head] ep 35/480 | loss 33.1953 | ce 10.4224 | logit 7.5910 | train_acc 28.24%
[Stage2/Head] ep 36/480 | loss 32.5501 | ce 10.3121 | logit 7.4127 | train_acc 28.24%
[Stage2/Head] ep 37/480 | loss 31.9169 | ce 10.2011 | logit 7.2386 | train_acc 28.24%
[Stage2/Head] ep 38/480 | loss 31.3026 | ce 10.0931 | logit 7.0698 | train_acc 28.24%
[Stage2/Head] ep 39/480 | loss 30.7019 | ce 9.9832 | logit 6.9062 | train_acc 28.24%
[Stage2/Head] ep 40/480 | loss 30.1083 | ce 9.8751 | logit 6.7444 | train_acc 28.24%
[Stage2/Head] ep 41/480 | loss 29.5328 | ce 9.7690 | logit 6.5879 | train_acc 28.24%
[Stage2/Head] ep 42/480 | loss 28.9616 | ce 9.6613 | logit 6.4334 | train_acc 28.24%
[Stage2/Head] ep 43/480 | loss 28.4088 | ce 9.5556 | logit 6.2844 | train_acc 28.24%
[Stage2/Head] ep 44/480 | loss 27.8650 | ce 9.4491 | logit 6.1386 | train_acc 28.24%
[Stage2/Head] ep 45/480 | loss 27.3331 | ce 9.3440 | logit 5.9964 | train_acc 28.24%
[Stage2/Head] ep 46/480 | loss 26.8149 | ce 9.2411 | logit 5.8579 | train_acc 28.24%
[Stage2/Head] ep 47/480 | loss 26.3001 | ce 9.1368 | logit 5.7211 | train_acc 28.24%
[Stage2/Head] ep 48/480 | loss 25.7969 | ce 9.0326 | logit 5.5881 | train_acc 28.24%
[Stage2/Head] ep 49/480 | loss 25.3089 | ce 8.9299 | logit 5.4597 | train_acc 28.24%
[Stage2/Head] ep 50/480 | loss 24.8235 | ce 8.8284 | logit 5.3317 | train_acc 28.24%
[Stage2/Head] ep 51/480 | loss 24.3498 | ce 8.7272 | logit 5.2075 | train_acc 28.24%
[Stage2/Head] ep 52/480 | loss 23.8895 | ce 8.6257 | logit 5.0879 | train_acc 28.24%
[Stage2/Head] ep 53/480 | loss 23.4348 | ce 8.5255 | logit 4.9698 | train_acc 28.24%
[Stage2/Head] ep 54/480 | loss 22.9901 | ce 8.4253 | logit 4.8550 | train_acc 28.24%
[Stage2/Head] ep 55/480 | loss 22.5539 | ce 8.3290 | logit 4.7417 | train_acc 28.24%
[Stage2/Head] ep 56/480 | loss 22.1235 | ce 8.2285 | logit 4.6317 | train_acc 28.24%
[Stage2/Head] ep 57/480 | loss 21.7080 | ce 8.1320 | logit 4.5253 | train_acc 28.24%
[Stage2/Head] ep 58/480 | loss 21.2911 | ce 8.0344 | logit 4.4189 | train_acc 28.24%
[Stage2/Head] ep 59/480 | loss 20.8926 | ce 7.9393 | logit 4.3178 | train_acc 28.24%
[Stage2/Head] ep 60/480 | loss 20.4967 | ce 7.8442 | logit 4.2175 | train_acc 28.24%
[Stage2/Head] ep 61/480 | loss 20.1116 | ce 7.7481 | logit 4.1212 | train_acc 28.24%
[Stage2/Head] ep 62/480 | loss 19.7347 | ce 7.6553 | logit 4.0265 | train_acc 28.24%
[Stage2/Head] ep 63/480 | loss 19.3612 | ce 7.5616 | logit 3.9332 | train_acc 28.24%
[Stage2/Head] ep 64/480 | loss 18.9937 | ce 7.4700 | logit 3.8412 | train_acc 28.24%
[Stage2/Head] ep 65/480 | loss 18.6395 | ce 7.3773 | logit 3.7541 | train_acc 28.24%
[Stage2/Head] ep 66/480 | loss 18.2910 | ce 7.2868 | logit 3.6681 | train_acc 28.24%
[Stage2/Head] ep 67/480 | loss 17.9457 | ce 7.1952 | logit 3.5835 | train_acc 28.24%
[Stage2/Head] ep 68/480 | loss 17.6119 | ce 7.1057 | logit 3.5021 | train_acc 28.24%
[Stage2/Head] ep 69/480 | loss 17.2799 | ce 7.0163 | logit 3.4212 | train_acc 28.24%
[Stage2/Head] ep 70/480 | loss 16.9573 | ce 6.9268 | logit 3.3435 | train_acc 28.24%
[Stage2/Head] ep 71/480 | loss 16.6457 | ce 6.8388 | logit 3.2689 | train_acc 28.24%
[Stage2/Head] ep 72/480 | loss 16.3371 | ce 6.7508 | logit 3.1954 | train_acc 28.24%
[Stage2/Head] ep 73/480 | loss 16.0323 | ce 6.6639 | logit 3.1228 | train_acc 28.24%
[Stage2/Head] ep 74/480 | loss 15.7342 | ce 6.5792 | logit 3.0516 | train_acc 28.24%
[Stage2/Head] ep 75/480 | loss 15.4421 | ce 6.4921 | logit 2.9833 | train_acc 28.24%
[Stage2/Head] ep 76/480 | loss 15.1613 | ce 6.4067 | logit 2.9182 | train_acc 28.24%
[Stage2/Head] ep 77/480 | loss 14.8800 | ce 6.3232 | logit 2.8523 | train_acc 28.24%
[Stage2/Head] ep 78/480 | loss 14.6125 | ce 6.2384 | logit 2.7913 | train_acc 28.24%
[Stage2/Head] ep 79/480 | loss 14.3467 | ce 6.1522 | logit 2.7315 | train_acc 28.24%
[Stage2/Head] ep 80/480 | loss 14.0863 | ce 6.0706 | logit 2.6719 | train_acc 28.24%
[Stage2/Head] ep 81/480 | loss 13.8340 | ce 5.9907 | logit 2.6144 | train_acc 28.24%
[Stage2/Head] ep 82/480 | loss 13.5834 | ce 5.9061 | logit 2.5591 | train_acc 28.24%
[Stage2/Head] ep 83/480 | loss 13.3410 | ce 5.8260 | logit 2.5050 | train_acc 28.24%
[Stage2/Head] ep 84/480 | loss 13.0981 | ce 5.7440 | logit 2.4513 | train_acc 28.24%
[Stage2/Head] ep 85/480 | loss 12.8671 | ce 5.6642 | logit 2.4009 | train_acc 28.24%
[Stage2/Head] ep 86/480 | loss 12.6426 | ce 5.5842 | logit 2.3528 | train_acc 28.24%
[Stage2/Head] ep 87/480 | loss 12.4233 | ce 5.5031 | logit 2.3067 | train_acc 28.24%
[Stage2/Head] ep 88/480 | loss 12.2074 | ce 5.4261 | logit 2.2604 | train_acc 28.24%
[Stage2/Head] ep 89/480 | loss 11.9945 | ce 5.3498 | logit 2.2149 | train_acc 28.24%
[Stage2/Head] ep 90/480 | loss 11.7912 | ce 5.2705 | logit 2.1736 | train_acc 28.24%
[Stage2/Head] ep 91/480 | loss 11.5925 | ce 5.1917 | logit 2.1336 | train_acc 28.24%
[Stage2/Head] ep 92/480 | loss 11.3969 | ce 5.1128 | logit 2.0947 | train_acc 28.24%
[Stage2/Head] ep 93/480 | loss 11.2066 | ce 5.0387 | logit 2.0560 | train_acc 28.24%
[Stage2/Head] ep 94/480 | loss 11.0184 | ce 4.9649 | logit 2.0178 | train_acc 28.24%
[Stage2/Head] ep 95/480 | loss 10.8468 | ce 4.8890 | logit 1.9860 | train_acc 28.24%
[Stage2/Head] ep 96/480 | loss 10.6650 | ce 4.8149 | logit 1.9500 | train_acc 28.24%
[Stage2/Head] ep 97/480 | loss 10.5020 | ce 4.7429 | logit 1.9197 | train_acc 28.24%
[Stage2/Head] ep 98/480 | loss 10.3361 | ce 4.6691 | logit 1.8890 | train_acc 28.24%
[Stage2/Head] ep 99/480 | loss 10.1784 | ce 4.5951 | logit 1.8611 | train_acc 28.24%
[Stage2/Head] ep 100/480 | loss 10.0228 | ce 4.5239 | logit 1.8330 | train_acc 28.24%
[Stage2/Head] ep 101/480 | loss 9.8736 | ce 4.4543 | logit 1.8064 | train_acc 28.24%
[Stage2/Head] ep 102/480 | loss 9.7221 | ce 4.3808 | logit 1.7804 | train_acc 28.24%
[Stage2/Head] ep 103/480 | loss 9.5824 | ce 4.3125 | logit 1.7566 | train_acc 28.24%
[Stage2/Head] ep 104/480 | loss 9.4474 | ce 4.2424 | logit 1.7350 | train_acc 28.24%
[Stage2/Head] ep 105/480 | loss 9.3109 | ce 4.1742 | logit 1.7122 | train_acc 28.24%
[Stage2/Head] ep 106/480 | loss 9.1898 | ce 4.1080 | logit 1.6939 | train_acc 28.24%
[Stage2/Head] ep 107/480 | loss 9.0603 | ce 4.0361 | logit 1.6747 | train_acc 28.24%
[Stage2/Head] ep 108/480 | loss 8.9437 | ce 3.9703 | logit 1.6578 | train_acc 28.24%
[Stage2/Head] ep 109/480 | loss 8.8274 | ce 3.9075 | logit 1.6399 | train_acc 28.24%
[Stage2/Head] ep 110/480 | loss 8.7146 | ce 3.8423 | logit 1.6241 | train_acc 28.24%
[Stage2/Head] ep 111/480 | loss 8.6113 | ce 3.7807 | logit 1.6102 | train_acc 28.24%
[Stage2/Head] ep 112/480 | loss 8.5070 | ce 3.7157 | logit 1.5971 | train_acc 28.24%
[Stage2/Head] ep 113/480 | loss 8.4128 | ce 3.6546 | logit 1.5861 | train_acc 28.24%
[Stage2/Head] ep 114/480 | loss 8.3157 | ce 3.5889 | logit 1.5756 | train_acc 28.24%
[Stage2/Head] ep 115/480 | loss 8.2317 | ce 3.5305 | logit 1.5671 | train_acc 28.24%
[Stage2/Head] ep 116/480 | loss 8.1387 | ce 3.4700 | logit 1.5562 | train_acc 28.24%
[Stage2/Head] ep 117/480 | loss 8.0593 | ce 3.4109 | logit 1.5495 | train_acc 28.24%
[Stage2/Head] ep 118/480 | loss 7.9796 | ce 3.3524 | logit 1.5424 | train_acc 28.24%
[Stage2/Head] ep 119/480 | loss 7.9014 | ce 3.2977 | logit 1.5345 | train_acc 28.24%
[Stage2/Head] ep 120/480 | loss 7.8360 | ce 3.2382 | logit 1.5326 | train_acc 28.24%
[Stage2/Head] ep 121/480 | loss 7.7566 | ce 3.1847 | logit 1.5240 | train_acc 28.24%
[Stage2/Head] ep 122/480 | loss 7.7035 | ce 3.1295 | logit 1.5247 | train_acc 28.24%
[Stage2/Head] ep 123/480 | loss 7.6356 | ce 3.0745 | logit 1.5204 | train_acc 28.24%
[Stage2/Head] ep 124/480 | loss 7.5738 | ce 3.0275 | logit 1.5154 | train_acc 28.24%
[Stage2/Head] ep 125/480 | loss 7.5228 | ce 2.9771 | logit 1.5152 | train_acc 28.24%
[Stage2/Head] ep 126/480 | loss 7.4712 | ce 2.9232 | logit 1.5160 | train_acc 28.24%
[Stage2/Head] ep 127/480 | loss 7.4247 | ce 2.8758 | logit 1.5163 | train_acc 28.24%
[Stage2/Head] ep 128/480 | loss 7.3779 | ce 2.8275 | logit 1.5168 | train_acc 28.24%
[Stage2/Head] ep 129/480 | loss 7.3270 | ce 2.7834 | logit 1.5145 | train_acc 28.24%
[Stage2/Head] ep 130/480 | loss 7.2933 | ce 2.7350 | logit 1.5194 | train_acc 28.24%
[Stage2/Head] ep 131/480 | loss 7.2444 | ce 2.6934 | logit 1.5170 | train_acc 28.24%
[Stage2/Head] ep 132/480 | loss 7.2125 | ce 2.6500 | logit 1.5208 | train_acc 28.24%
[Stage2/Head] ep 133/480 | loss 7.1776 | ce 2.6098 | logit 1.5226 | train_acc 28.24%
[Stage2/Head] ep 134/480 | loss 7.1527 | ce 2.5660 | logit 1.5289 | train_acc 28.24%
[Stage2/Head] ep 135/480 | loss 7.1206 | ce 2.5269 | logit 1.5312 | train_acc 28.24%
[Stage2/Head] ep 136/480 | loss 7.0932 | ce 2.4887 | logit 1.5348 | train_acc 28.24%
[Stage2/Head] ep 137/480 | loss 7.0712 | ce 2.4522 | logit 1.5397 | train_acc 28.24%
[Stage2/Head] ep 138/480 | loss 7.0463 | ce 2.4163 | logit 1.5433 | train_acc 28.24%
[Stage2/Head] ep 139/480 | loss 7.0204 | ce 2.3824 | logit 1.5460 | train_acc 28.24%
[Stage2/Head] ep 140/480 | loss 6.9995 | ce 2.3492 | logit 1.5501 | train_acc 28.24%
[Stage2/Head] ep 141/480 | loss 6.8582 | ce 2.3806 | logit 1.4925 | train_acc 28.24%
[Stage2/Head] ep 142/480 | loss 6.6845 | ce 2.3617 | logit 1.4409 | train_acc 28.24%
[Stage2/Head] ep 143/480 | loss 6.5276 | ce 2.3434 | logit 1.3948 | train_acc 28.24%
[Stage2/Head] ep 144/480 | loss 6.4023 | ce 2.3037 | logit 1.3662 | train_acc 28.24%
[Stage2/Head] ep 145/480 | loss 6.2618 | ce 2.2570 | logit 1.3349 | train_acc 28.24%
[Stage2/Head] ep 146/480 | loss 6.1704 | ce 2.2115 | logit 1.3196 | train_acc 28.24%
[Stage2/Head] ep 147/480 | loss 6.0522 | ce 2.1593 | logit 1.2977 | train_acc 28.24%
[Stage2/Head] ep 148/480 | loss 5.9458 | ce 2.1081 | logit 1.2793 | train_acc 28.24%
[Stage2/Head] ep 149/480 | loss 5.8320 | ce 2.0712 | logit 1.2536 | train_acc 28.24%
[Stage2/Head] ep 150/480 | loss 5.7211 | ce 2.0142 | logit 1.2357 | train_acc 28.24%
[Stage2/Head] ep 151/480 | loss 5.5976 | ce 1.9605 | logit 1.2124 | train_acc 28.26%
[Stage2/Head] ep 152/480 | loss 5.5079 | ce 1.9322 | logit 1.1919 | train_acc 28.24%
[Stage2/Head] ep 153/480 | loss 5.4068 | ce 1.8955 | logit 1.1705 | train_acc 28.33%
[Stage2/Head] ep 154/480 | loss 5.3045 | ce 1.8511 | logit 1.1511 | train_acc 28.43%
[Stage2/Head] ep 155/480 | loss 5.2080 | ce 1.8148 | logit 1.1311 | train_acc 28.56%
[Stage2/Head] ep 156/480 | loss 5.1207 | ce 1.7888 | logit 1.1106 | train_acc 28.79%
[Stage2/Head] ep 157/480 | loss 5.0213 | ce 1.7405 | logit 1.0936 | train_acc 29.14%
[Stage2/Head] ep 158/480 | loss 4.9072 | ce 1.6897 | logit 1.0725 | train_acc 29.50%
[Stage2/Head] ep 159/480 | loss 4.8375 | ce 1.6829 | logit 1.0515 | train_acc 29.80%
[Stage2/Head] ep 160/480 | loss 4.7635 | ce 1.6606 | logit 1.0343 | train_acc 30.70%
[Stage2/Head] ep 161/480 | loss 4.6638 | ce 1.6162 | logit 1.0159 | train_acc 32.11%
[Stage2/Head] ep 162/480 | loss 4.6074 | ce 1.5905 | logit 1.0056 | train_acc 33.07%
[Stage2/Head] ep 163/480 | loss 4.5037 | ce 1.5682 | logit 0.9785 | train_acc 43.99%
[Stage2/Head] ep 164/480 | loss 4.4406 | ce 1.5540 | logit 0.9622 | train_acc 60.33%
[Stage2/Head] ep 165/480 | loss 4.3532 | ce 1.5065 | logit 0.9489 | train_acc 62.89%
[Stage2/Head] ep 166/480 | loss 4.2894 | ce 1.4776 | logit 0.9373 | train_acc 63.19%
[Stage2/Head] ep 167/480 | loss 4.2094 | ce 1.4542 | logit 0.9184 | train_acc 64.36%
[Stage2/Head] ep 168/480 | loss 4.1413 | ce 1.4264 | logit 0.9050 | train_acc 64.59%
[Stage2/Head] ep 169/480 | loss 4.1048 | ce 1.4147 | logit 0.8967 | train_acc 64.11%
[Stage2/Head] ep 170/480 | loss 4.0326 | ce 1.3896 | logit 0.8810 | train_acc 64.61%
[Stage2/Head] ep 171/480 | loss 3.9813 | ce 1.3836 | logit 0.8659 | train_acc 65.17%
[Stage2/Head] ep 172/480 | loss 3.9316 | ce 1.3506 | logit 0.8603 | train_acc 65.24%
[Stage2/Head] ep 173/480 | loss 3.8702 | ce 1.3266 | logit 0.8479 | train_acc 66.46%
[Stage2/Head] ep 174/480 | loss 3.8240 | ce 1.3139 | logit 0.8367 | train_acc 65.99%
[Stage2/Head] ep 175/480 | loss 3.7722 | ce 1.2929 | logit 0.8264 | train_acc 66.23%
[Stage2/Head] ep 176/480 | loss 3.7422 | ce 1.2876 | logit 0.8182 | train_acc 66.33%
[Stage2/Head] ep 177/480 | loss 3.6844 | ce 1.2753 | logit 0.8030 | train_acc 66.56%
[Stage2/Head] ep 178/480 | loss 3.6369 | ce 1.2280 | logit 0.8029 | train_acc 66.83%
[Stage2/Head] ep 179/480 | loss 3.6169 | ce 1.2325 | logit 0.7948 | train_acc 67.84%
[Stage2/Head] ep 180/480 | loss 3.5912 | ce 1.2208 | logit 0.7901 | train_acc 66.64%
[Stage2/Head] ep 181/480 | loss 3.5163 | ce 1.1883 | logit 0.7760 | train_acc 67.36%
[Stage2/Head] ep 182/480 | loss 3.4676 | ce 1.1920 | logit 0.7585 | train_acc 67.51%
[Stage2/Head] ep 183/480 | loss 3.4668 | ce 1.1555 | logit 0.7704 | train_acc 67.47%
[Stage2/Head] ep 184/480 | loss 3.4338 | ce 1.1732 | logit 0.7535 | train_acc 67.79%
[Stage2/Head] ep 185/480 | loss 3.4236 | ce 1.1490 | logit 0.7582 | train_acc 67.89%
[Stage2/Head] ep 186/480 | loss 3.3640 | ce 1.1476 | logit 0.7388 | train_acc 67.76%
[Stage2/Head] ep 187/480 | loss 3.3384 | ce 1.1270 | logit 0.7371 | train_acc 67.97%
[Stage2/Head] ep 188/480 | loss 3.3005 | ce 1.0977 | logit 0.7343 | train_acc 69.36%
[Stage2/Head] ep 189/480 | loss 3.2531 | ce 1.0925 | logit 0.7202 | train_acc 69.00%
[Stage2/Head] ep 190/480 | loss 3.2521 | ce 1.0966 | logit 0.7185 | train_acc 67.90%
[Stage2/Head] ep 191/480 | loss 3.2771 | ce 1.0904 | logit 0.7289 | train_acc 68.66%
[Stage2/Head] ep 192/480 | loss 3.2106 | ce 1.0566 | logit 0.7180 | train_acc 68.80%
[Stage2/Head] ep 193/480 | loss 3.2016 | ce 1.0529 | logit 0.7162 | train_acc 69.57%
[Stage2/Head] ep 194/480 | loss 3.1826 | ce 1.0594 | logit 0.7077 | train_acc 69.26%
[Stage2/Head] ep 195/480 | loss 3.1392 | ce 1.0178 | logit 0.7071 | train_acc 69.36%
[Stage2/Head] ep 196/480 | loss 3.1432 | ce 1.0313 | logit 0.7040 | train_acc 69.39%
[Stage2/Head] ep 197/480 | loss 3.0851 | ce 1.0010 | logit 0.6947 | train_acc 69.84%
[Stage2/Head] ep 198/480 | loss 3.1169 | ce 0.9963 | logit 0.7068 | train_acc 69.34%
[Stage2/Head] ep 199/480 | loss 3.1449 | ce 1.0397 | logit 0.7017 | train_acc 69.37%
[Stage2/Head] ep 200/480 | loss 3.0978 | ce 1.0009 | logit 0.6990 | train_acc 69.31%
[Stage2/Head] ep 201/480 | loss 3.0653 | ce 0.9858 | logit 0.6932 | train_acc 69.99%
[Stage2/Head] ep 202/480 | loss 3.0521 | ce 0.9740 | logit 0.6927 | train_acc 69.79%
[Stage2/Head] ep 203/480 | loss 3.0348 | ce 0.9765 | logit 0.6861 | train_acc 69.84%
[Stage2/Head] ep 204/480 | loss 3.0192 | ce 0.9451 | logit 0.6914 | train_acc 70.06%
[Stage2/Head] ep 205/480 | loss 3.0175 | ce 0.9704 | logit 0.6824 | train_acc 69.41%
[Stage2/Head] ep 206/480 | loss 2.9709 | ce 0.9589 | logit 0.6707 | train_acc 70.40%
[Stage2/Head] ep 207/480 | loss 2.9956 | ce 0.9480 | logit 0.6825 | train_acc 69.91%
[Stage2/Head] ep 208/480 | loss 2.9606 | ce 0.9249 | logit 0.6786 | train_acc 69.74%
[Stage2/Head] ep 209/480 | loss 2.9383 | ce 0.9111 | logit 0.6757 | train_acc 70.34%
[Stage2/Head] ep 210/480 | loss 3.0054 | ce 0.9432 | logit 0.6874 | train_acc 70.01%
[Stage2/Head] ep 211/480 | loss 2.9728 | ce 0.9302 | logit 0.6809 | train_acc 70.10%
[Stage2/Head] ep 212/480 | loss 2.9647 | ce 0.9434 | logit 0.6738 | train_acc 69.71%
[Stage2/Head] ep 213/480 | loss 2.9293 | ce 0.9035 | logit 0.6753 | train_acc 70.19%
[Stage2/Head] ep 214/480 | loss 2.9509 | ce 0.9040 | logit 0.6823 | train_acc 70.19%
[Stage2/Head] ep 215/480 | loss 2.9363 | ce 0.9008 | logit 0.6785 | train_acc 70.03%
[Stage2/Head] ep 216/480 | loss 2.9116 | ce 0.8730 | logit 0.6795 | train_acc 70.11%
[Stage2/Head] ep 217/480 | loss 2.9229 | ce 0.8845 | logit 0.6795 | train_acc 69.80%
[Stage2/Head] ep 218/480 | loss 2.9018 | ce 0.8851 | logit 0.6722 | train_acc 70.13%
[Stage2/Head] ep 219/480 | loss 2.9126 | ce 0.8788 | logit 0.6779 | train_acc 70.24%
[Stage2/Head] ep 220/480 | loss 2.8972 | ce 0.8798 | logit 0.6725 | train_acc 70.20%
[Stage2/Head] ep 221/480 | loss 2.9333 | ce 0.8791 | logit 0.6847 | train_acc 70.01%
[Stage2/Head] ep 222/480 | loss 2.8931 | ce 0.8617 | logit 0.6771 | train_acc 69.99%
[Stage2/Head] ep 223/480 | loss 2.9352 | ce 0.9047 | logit 0.6768 | train_acc 69.56%
[Stage2/Head] ep 224/480 | loss 2.8963 | ce 0.8747 | logit 0.6739 | train_acc 69.93%
[Stage2/Head] ep 225/480 | loss 2.8755 | ce 0.8637 | logit 0.6706 | train_acc 69.93%
[Stage2/Head] ep 226/480 | loss 2.9074 | ce 0.8724 | logit 0.6783 | train_acc 69.73%
[Stage2/Head] ep 227/480 | loss 2.8634 | ce 0.8514 | logit 0.6707 | train_acc 70.83%
[Stage2/Head] ep 228/480 | loss 2.8922 | ce 0.8639 | logit 0.6761 | train_acc 70.14%
[Stage2/Head] ep 229/480 | loss 2.9153 | ce 0.8535 | logit 0.6873 | train_acc 70.33%
[Stage2/Head] ep 230/480 | loss 2.9064 | ce 0.8620 | logit 0.6814 | train_acc 69.86%
[Stage2/Head] ep 231/480 | loss 2.8543 | ce 0.8447 | logit 0.6699 | train_acc 70.26%
[Stage2/Head] ep 232/480 | loss 2.8686 | ce 0.8412 | logit 0.6758 | train_acc 69.91%
[Stage2/Head] ep 233/480 | loss 2.8769 | ce 0.8615 | logit 0.6718 | train_acc 70.21%
[Stage2/Head] ep 234/480 | loss 2.8744 | ce 0.8557 | logit 0.6729 | train_acc 69.30%
[Stage2/Head] ep 235/480 | loss 2.8315 | ce 0.8188 | logit 0.6709 | train_acc 69.97%
[Stage2/Head] ep 236/480 | loss 2.9085 | ce 0.8469 | logit 0.6872 | train_acc 69.93%
[Stage2/Head] ep 237/480 | loss 2.9041 | ce 0.8439 | logit 0.6867 | train_acc 70.13%
[Stage2/Head] ep 238/480 | loss 2.8625 | ce 0.8376 | logit 0.6750 | train_acc 69.67%
[Stage2/Head] ep 239/480 | loss 2.8380 | ce 0.8509 | logit 0.6624 | train_acc 70.10%
[Stage2/Head] ep 240/480 | loss 2.8610 | ce 0.8185 | logit 0.6808 | train_acc 70.34%
[Stage2/Head] ep 241/480 | loss 2.8336 | ce 0.8330 | logit 0.6669 | train_acc 70.04%
[Stage2/Head] ep 242/480 | loss 2.8158 | ce 0.8136 | logit 0.6674 | train_acc 70.09%
[Stage2/Head] ep 243/480 | loss 2.8624 | ce 0.8394 | logit 0.6744 | train_acc 70.23%
[Stage2/Head] ep 244/480 | loss 2.8615 | ce 0.8405 | logit 0.6737 | train_acc 69.80%
[Stage2/Head] ep 245/480 | loss 2.8393 | ce 0.8124 | logit 0.6757 | train_acc 70.53%
[Stage2/Head] ep 246/480 | loss 2.8274 | ce 0.8094 | logit 0.6727 | train_acc 70.79%
[Stage2/Head] ep 247/480 | loss 2.8012 | ce 0.7891 | logit 0.6707 | train_acc 70.26%
[Stage2/Head] ep 248/480 | loss 2.8453 | ce 0.8258 | logit 0.6732 | train_acc 69.89%
[Stage2/Head] ep 249/480 | loss 2.7981 | ce 0.8041 | logit 0.6647 | train_acc 70.54%
[Stage2/Head] ep 250/480 | loss 2.8274 | ce 0.7944 | logit 0.6777 | train_acc 70.09%
[Stage2/Head] ep 251/480 | loss 2.8420 | ce 0.8232 | logit 0.6729 | train_acc 69.90%
[Stage2/Head] ep 252/480 | loss 2.8781 | ce 0.8134 | logit 0.6882 | train_acc 70.44%
[Stage2/Head] ep 253/480 | loss 2.8677 | ce 0.8074 | logit 0.6868 | train_acc 69.79%
[Stage2/Head] ep 254/480 | loss 2.8036 | ce 0.7969 | logit 0.6689 | train_acc 70.41%
[Stage2/Head] ep 255/480 | loss 2.8432 | ce 0.8054 | logit 0.6793 | train_acc 69.93%
[Stage2/Head] ep 256/480 | loss 2.8149 | ce 0.8126 | logit 0.6674 | train_acc 69.89%
[Stage2/Head] ep 257/480 | loss 2.7999 | ce 0.8192 | logit 0.6602 | train_acc 70.06%
[Stage2/Head] ep 258/480 | loss 2.7801 | ce 0.7864 | logit 0.6646 | train_acc 70.96%
[Stage2/Head] ep 259/480 | loss 2.8244 | ce 0.8011 | logit 0.6744 | train_acc 69.93%
[Stage2/Head] ep 260/480 | loss 2.8702 | ce 0.8169 | logit 0.6844 | train_acc 69.81%
[Stage2/Head] ep 261/480 | loss 2.8083 | ce 0.7894 | logit 0.6730 | train_acc 70.63%
[Stage2/Head] ep 262/480 | loss 2.8146 | ce 0.8126 | logit 0.6673 | train_acc 69.67%
[Stage2/Head] ep 263/480 | loss 2.8146 | ce 0.8112 | logit 0.6678 | train_acc 69.81%
[Stage2/Head] ep 264/480 | loss 2.8790 | ce 0.8191 | logit 0.6866 | train_acc 69.81%
[Stage2/Head] ep 265/480 | loss 2.8802 | ce 0.8244 | logit 0.6853 | train_acc 69.31%
[Stage2/Head] ep 266/480 | loss 2.8489 | ce 0.7996 | logit 0.6831 | train_acc 69.54%
[Stage2/Head] ep 267/480 | loss 2.8336 | ce 0.8132 | logit 0.6735 | train_acc 69.74%
[Stage2/Head] ep 268/480 | loss 2.8556 | ce 0.8141 | logit 0.6805 | train_acc 69.26%
[Stage2/Head] ep 269/480 | loss 2.8241 | ce 0.7999 | logit 0.6747 | train_acc 69.43%
[Stage2/Head] ep 270/480 | loss 2.7876 | ce 0.7810 | logit 0.6689 | train_acc 70.54%
[Stage2/Head] ep 271/480 | loss 2.8768 | ce 0.8207 | logit 0.6854 | train_acc 69.44%
[Stage2/Head] ep 272/480 | loss 2.8013 | ce 0.7766 | logit 0.6749 | train_acc 70.27%
[Stage2/Head] ep 273/480 | loss 2.8410 | ce 0.7948 | logit 0.6821 | train_acc 69.21%
[Stage2/Head] ep 274/480 | loss 2.8228 | ce 0.8053 | logit 0.6725 | train_acc 70.01%
[Stage2/Head] ep 275/480 | loss 2.8132 | ce 0.8041 | logit 0.6697 | train_acc 69.63%
[Stage2/Head] ep 276/480 | loss 2.8005 | ce 0.8155 | logit 0.6617 | train_acc 70.47%
[Stage2/Head] ep 277/480 | loss 2.8038 | ce 0.7911 | logit 0.6709 | train_acc 70.56%
[Stage2/Head] ep 278/480 | loss 2.8008 | ce 0.7876 | logit 0.6711 | train_acc 70.10%
[Stage2/Head] ep 279/480 | loss 2.8011 | ce 0.7879 | logit 0.6710 | train_acc 70.07%
[Stage2/Head] ep 280/480 | loss 2.7835 | ce 0.7681 | logit 0.6718 | train_acc 70.03%
[Stage2/Head] ep 281/480 | loss 2.8182 | ce 0.7927 | logit 0.6752 | train_acc 70.04%
[Stage2/Head] ep 282/480 | loss 2.8023 | ce 0.7915 | logit 0.6703 | train_acc 70.43%
[Stage2/Head] ep 283/480 | loss 2.7711 | ce 0.7653 | logit 0.6686 | train_acc 69.61%
[Stage2/Head] ep 284/480 | loss 2.8258 | ce 0.7949 | logit 0.6770 | train_acc 69.76%
[Stage2/Head] ep 285/480 | loss 2.8462 | ce 0.8138 | logit 0.6775 | train_acc 70.10%
[Stage2/Head] ep 286/480 | loss 2.7874 | ce 0.7914 | logit 0.6653 | train_acc 70.16%
[Stage2/Head] ep 287/480 | loss 2.7969 | ce 0.7855 | logit 0.6705 | train_acc 70.11%
[Stage2/Head] ep 288/480 | loss 2.7675 | ce 0.7910 | logit 0.6589 | train_acc 69.67%
[Stage2/Head] ep 289/480 | loss 2.8124 | ce 0.8092 | logit 0.6677 | train_acc 69.49%
[Stage2/Head] ep 290/480 | loss 2.8357 | ce 0.7993 | logit 0.6788 | train_acc 69.71%
[Stage2/Head] ep 291/480 | loss 2.7791 | ce 0.7765 | logit 0.6675 | train_acc 70.11%
[Stage2/Head] ep 292/480 | loss 2.8058 | ce 0.8014 | logit 0.6681 | train_acc 70.24%
[Stage2/Head] ep 293/480 | loss 2.8358 | ce 0.8092 | logit 0.6755 | train_acc 69.40%
[Stage2/Head] ep 294/480 | loss 2.8270 | ce 0.7984 | logit 0.6762 | train_acc 69.34%
[Stage2/Head] ep 295/480 | loss 2.8187 | ce 0.8167 | logit 0.6673 | train_acc 69.14%
[Stage2/Head] ep 296/480 | loss 2.8228 | ce 0.8055 | logit 0.6725 | train_acc 70.21%
[Stage2/Head] ep 297/480 | loss 2.8306 | ce 0.7912 | logit 0.6798 | train_acc 69.91%
[Stage2/Head] ep 298/480 | loss 2.8708 | ce 0.8186 | logit 0.6841 | train_acc 69.46%
[Stage2/Head] ep 299/480 | loss 2.7596 | ce 0.7867 | logit 0.6576 | train_acc 69.94%
[Stage2/Head] ep 300/480 | loss 2.8165 | ce 0.8132 | logit 0.6678 | train_acc 69.81%
[Stage2/Head] ep 301/480 | loss 2.7924 | ce 0.7890 | logit 0.6678 | train_acc 69.74%
[Stage2/Head] ep 302/480 | loss 2.7596 | ce 0.7727 | logit 0.6623 | train_acc 70.36%
[Stage2/Head] ep 303/480 | loss 2.7792 | ce 0.7867 | logit 0.6642 | train_acc 69.90%
[Stage2/Head] ep 304/480 | loss 2.7873 | ce 0.7856 | logit 0.6673 | train_acc 70.21%
[Stage2/Head] ep 305/480 | loss 2.8268 | ce 0.7969 | logit 0.6766 | train_acc 69.59%
[Stage2/Head] ep 306/480 | loss 2.8286 | ce 0.7880 | logit 0.6802 | train_acc 70.01%
[Stage2/Head] ep 307/480 | loss 2.7673 | ce 0.7805 | logit 0.6623 | train_acc 70.11%
[Stage2/Head] ep 308/480 | loss 2.7945 | ce 0.7630 | logit 0.6772 | train_acc 70.44%
[Stage2/Head] ep 309/480 | loss 2.8257 | ce 0.7927 | logit 0.6777 | train_acc 69.20%
[Stage2/Head] ep 310/480 | loss 2.8015 | ce 0.7684 | logit 0.6777 | train_acc 69.96%
[Stage2/Head] ep 311/480 | loss 2.7630 | ce 0.7795 | logit 0.6612 | train_acc 69.99%
[Stage2/Head] ep 312/480 | loss 2.8406 | ce 0.7927 | logit 0.6826 | train_acc 69.56%
[Stage2/Head] ep 313/480 | loss 2.8056 | ce 0.7926 | logit 0.6710 | train_acc 69.64%
[Stage2/Head] ep 314/480 | loss 2.8020 | ce 0.7817 | logit 0.6735 | train_acc 70.07%
[Stage2/Head] ep 315/480 | loss 2.7947 | ce 0.7989 | logit 0.6653 | train_acc 69.34%
[Stage2/Head] ep 316/480 | loss 2.7800 | ce 0.7710 | logit 0.6697 | train_acc 70.60%
[Stage2/Head] ep 317/480 | loss 2.8267 | ce 0.8124 | logit 0.6714 | train_acc 69.31%
[Stage2/Head] ep 318/480 | loss 2.8047 | ce 0.7649 | logit 0.6799 | train_acc 70.00%
[Stage2/Head] ep 319/480 | loss 2.7960 | ce 0.7980 | logit 0.6660 | train_acc 70.53%
[Stage2/Head] ep 320/480 | loss 2.7897 | ce 0.7936 | logit 0.6654 | train_acc 70.00%
[Stage2/Head] ep 321/480 | loss 2.8375 | ce 0.8161 | logit 0.6738 | train_acc 69.71%
[Stage2/Head] ep 322/480 | loss 2.7723 | ce 0.7762 | logit 0.6654 | train_acc 70.26%
[Stage2/Head] ep 323/480 | loss 2.7881 | ce 0.7706 | logit 0.6725 | train_acc 69.86%
[Stage2/Head] ep 324/480 | loss 2.7495 | ce 0.7822 | logit 0.6558 | train_acc 70.16%
[Stage2/Head] ep 325/480 | loss 2.7784 | ce 0.7710 | logit 0.6691 | train_acc 69.31%
[Stage2/Head] ep 326/480 | loss 2.8128 | ce 0.7943 | logit 0.6729 | train_acc 69.33%
[Stage2/Head] ep 327/480 | loss 2.7860 | ce 0.7872 | logit 0.6663 | train_acc 69.89%
[Stage2/Head] ep 328/480 | loss 2.8093 | ce 0.8048 | logit 0.6682 | train_acc 69.56%
[Stage2/Head] ep 329/480 | loss 2.7811 | ce 0.7872 | logit 0.6646 | train_acc 69.84%
[Stage2/Head] ep 330/480 | loss 2.8083 | ce 0.8033 | logit 0.6683 | train_acc 69.53%
[Stage2/Head] ep 331/480 | loss 2.7927 | ce 0.7545 | logit 0.6794 | train_acc 69.71%
[Stage2/Head] ep 332/480 | loss 2.8306 | ce 0.8013 | logit 0.6764 | train_acc 69.43%
[Stage2/Head] ep 333/480 | loss 2.7982 | ce 0.7792 | logit 0.6730 | train_acc 69.97%
[Stage2/Head] ep 334/480 | loss 2.8061 | ce 0.7839 | logit 0.6741 | train_acc 69.77%
[Stage2/Head] ep 335/480 | loss 2.8418 | ce 0.7943 | logit 0.6825 | train_acc 69.37%
[Stage2/Head] ep 336/480 | loss 2.7535 | ce 0.7749 | logit 0.6595 | train_acc 70.29%
[Stage2/Head] ep 337/480 | loss 2.8268 | ce 0.8213 | logit 0.6685 | train_acc 69.81%
[Stage2/Head] ep 338/480 | loss 2.7637 | ce 0.7775 | logit 0.6621 | train_acc 69.84%
[Stage2/Head] ep 339/480 | loss 2.7742 | ce 0.7577 | logit 0.6722 | train_acc 70.29%
[Stage2/Head] ep 340/480 | loss 2.7687 | ce 0.7849 | logit 0.6613 | train_acc 70.16%
[Stage2/Head] ep 341/480 | loss 2.7641 | ce 0.7684 | logit 0.6652 | train_acc 70.00%
[Stage2/Head] ep 342/480 | loss 2.7982 | ce 0.7750 | logit 0.6744 | train_acc 69.64%
[Stage2/Head] ep 343/480 | loss 2.7981 | ce 0.7877 | logit 0.6701 | train_acc 69.67%
[Stage2/Head] ep 344/480 | loss 2.7950 | ce 0.7716 | logit 0.6745 | train_acc 69.59%
[Stage2/Head] ep 345/480 | loss 2.7445 | ce 0.7643 | logit 0.6601 | train_acc 70.07%
[Stage2/Head] ep 346/480 | loss 2.7591 | ce 0.7584 | logit 0.6669 | train_acc 70.06%
[Stage2/Head] ep 347/480 | loss 2.7631 | ce 0.7671 | logit 0.6653 | train_acc 70.31%
[Stage2/Head] ep 348/480 | loss 2.7651 | ce 0.7794 | logit 0.6619 | train_acc 69.71%
[Stage2/Head] ep 349/480 | loss 2.7855 | ce 0.7973 | logit 0.6627 | train_acc 70.19%
[Stage2/Head] ep 350/480 | loss 2.7613 | ce 0.7668 | logit 0.6649 | train_acc 70.17%
[Stage2/Head] ep 351/480 | loss 2.7657 | ce 0.7967 | logit 0.6563 | train_acc 69.74%
[Stage2/Head] ep 352/480 | loss 2.7956 | ce 0.7635 | logit 0.6774 | train_acc 70.10%
[Stage2/Head] ep 353/480 | loss 2.7593 | ce 0.7690 | logit 0.6635 | train_acc 70.17%
[Stage2/Head] ep 354/480 | loss 2.7614 | ce 0.7897 | logit 0.6572 | train_acc 70.23%
[Stage2/Head] ep 355/480 | loss 2.7667 | ce 0.7798 | logit 0.6623 | train_acc 69.66%
[Stage2/Head] ep 356/480 | loss 2.7842 | ce 0.7957 | logit 0.6628 | train_acc 69.51%
[Stage2/Head] ep 357/480 | loss 2.7635 | ce 0.7727 | logit 0.6636 | train_acc 69.84%
[Stage2/Head] ep 358/480 | loss 2.7714 | ce 0.7488 | logit 0.6742 | train_acc 70.30%
[Stage2/Head] ep 359/480 | loss 2.7642 | ce 0.7655 | logit 0.6663 | train_acc 70.17%
[Stage2/Head] ep 360/480 | loss 2.8225 | ce 0.7949 | logit 0.6759 | train_acc 69.57%
[Stage2/Head] ep 361/480 | loss 2.7500 | ce 0.7670 | logit 0.6610 | train_acc 69.99%
[Stage2/Head] ep 362/480 | loss 2.8215 | ce 0.8015 | logit 0.6733 | train_acc 69.51%
[Stage2/Head] ep 363/480 | loss 2.7639 | ce 0.7760 | logit 0.6627 | train_acc 70.16%
[Stage2/Head] ep 364/480 | loss 2.7941 | ce 0.7908 | logit 0.6678 | train_acc 69.67%
[Stage2/Head] ep 365/480 | loss 2.7884 | ce 0.7851 | logit 0.6678 | train_acc 69.77%
[Stage2/Head] ep 366/480 | loss 2.7503 | ce 0.7658 | logit 0.6615 | train_acc 70.69%
[Stage2/Head] ep 367/480 | loss 2.7488 | ce 0.7573 | logit 0.6638 | train_acc 70.59%
[Stage2/Head] ep 368/480 | loss 2.7875 | ce 0.8055 | logit 0.6607 | train_acc 69.81%
[Stage2/Head] ep 369/480 | loss 2.8105 | ce 0.7869 | logit 0.6745 | train_acc 69.60%
[Stage2/Head] ep 370/480 | loss 2.7935 | ce 0.7869 | logit 0.6689 | train_acc 69.96%
[Stage2/Head] ep 371/480 | loss 2.8087 | ce 0.7871 | logit 0.6739 | train_acc 69.79%
[Stage2/Head] ep 372/480 | loss 2.7870 | ce 0.7893 | logit 0.6659 | train_acc 69.83%
[Stage2/Head] ep 373/480 | loss 2.7766 | ce 0.7646 | logit 0.6707 | train_acc 70.67%
[Stage2/Head] ep 374/480 | loss 2.7841 | ce 0.7820 | logit 0.6674 | train_acc 70.09%
[Stage2/Head] ep 375/480 | loss 2.7525 | ce 0.7775 | logit 0.6584 | train_acc 70.20%
[Stage2/Head] ep 376/480 | loss 2.7967 | ce 0.7634 | logit 0.6777 | train_acc 69.76%
[Stage2/Head] ep 377/480 | loss 2.7888 | ce 0.7919 | logit 0.6656 | train_acc 69.63%
[Stage2/Head] ep 378/480 | loss 2.8159 | ce 0.8052 | logit 0.6702 | train_acc 69.00%
[Stage2/Head] ep 379/480 | loss 2.8439 | ce 0.7991 | logit 0.6816 | train_acc 69.56%
[Stage2/Head] ep 380/480 | loss 2.7840 | ce 0.7830 | logit 0.6670 | train_acc 69.77%
[Stage2/Head] ep 381/480 | loss 2.7503 | ce 0.7508 | logit 0.6665 | train_acc 70.37%
[Stage2/Head] ep 382/480 | loss 2.7798 | ce 0.7858 | logit 0.6647 | train_acc 70.09%
[Stage2/Head] ep 383/480 | loss 2.7792 | ce 0.7780 | logit 0.6671 | train_acc 69.51%
[Stage2/Head] ep 384/480 | loss 2.7440 | ce 0.7645 | logit 0.6599 | train_acc 70.27%
[Stage2/Head] ep 385/480 | loss 2.8221 | ce 0.8028 | logit 0.6731 | train_acc 69.30%
[Stage2/Head] ep 386/480 | loss 2.8088 | ce 0.7994 | logit 0.6698 | train_acc 69.77%
[Stage2/Head] ep 387/480 | loss 2.8101 | ce 0.7923 | logit 0.6726 | train_acc 69.77%
[Stage2/Head] ep 388/480 | loss 2.7729 | ce 0.7795 | logit 0.6645 | train_acc 69.99%
[Stage2/Head] ep 389/480 | loss 2.7442 | ce 0.7839 | logit 0.6534 | train_acc 70.00%
[Stage2/Head] ep 390/480 | loss 2.7563 | ce 0.7822 | logit 0.6581 | train_acc 70.03%
[Stage2/Head] ep 391/480 | loss 2.7984 | ce 0.7954 | logit 0.6677 | train_acc 69.43%
[Stage2/Head] ep 392/480 | loss 2.7406 | ce 0.7700 | logit 0.6569 | train_acc 70.19%
[Stage2/Head] ep 393/480 | loss 2.7506 | ce 0.7575 | logit 0.6644 | train_acc 69.97%
[Stage2/Head] ep 394/480 | loss 2.8240 | ce 0.8146 | logit 0.6698 | train_acc 69.43%
[Stage2/Head] ep 395/480 | loss 2.8397 | ce 0.8236 | logit 0.6721 | train_acc 69.10%
[Stage2/Head] ep 396/480 | loss 2.7768 | ce 0.7693 | logit 0.6692 | train_acc 70.10%
[Stage2/Head] ep 397/480 | loss 2.8136 | ce 0.7951 | logit 0.6728 | train_acc 69.76%
[Stage2/Head] ep 398/480 | loss 2.7881 | ce 0.8002 | logit 0.6626 | train_acc 69.81%
[Stage2/Head] ep 399/480 | loss 2.7946 | ce 0.7731 | logit 0.6738 | train_acc 69.89%
[Stage2/Head] ep 400/480 | loss 2.7180 | ce 0.7575 | logit 0.6535 | train_acc 70.27%
[Stage2/Head] ep 401/480 | loss 2.7788 | ce 0.7969 | logit 0.6606 | train_acc 69.86%
[Stage2/Head] ep 402/480 | loss 2.7904 | ce 0.7900 | logit 0.6668 | train_acc 69.74%
[Stage2/Head] ep 403/480 | loss 2.7807 | ce 0.7774 | logit 0.6678 | train_acc 69.73%
[Stage2/Head] ep 404/480 | loss 2.7932 | ce 0.7978 | logit 0.6651 | train_acc 69.69%
[Stage2/Head] ep 405/480 | loss 2.8088 | ce 0.7872 | logit 0.6739 | train_acc 69.80%
[Stage2/Head] ep 406/480 | loss 2.8355 | ce 0.7926 | logit 0.6810 | train_acc 69.56%
[Stage2/Head] ep 407/480 | loss 2.8168 | ce 0.7739 | logit 0.6809 | train_acc 69.63%
[Stage2/Head] ep 408/480 | loss 2.7709 | ce 0.7945 | logit 0.6588 | train_acc 69.34%
[Stage2/Head] ep 409/480 | loss 2.7260 | ce 0.7522 | logit 0.6579 | train_acc 70.14%
[Stage2/Head] ep 410/480 | loss 2.7887 | ce 0.7908 | logit 0.6660 | train_acc 69.29%
[Stage2/Head] ep 411/480 | loss 2.7822 | ce 0.7816 | logit 0.6669 | train_acc 70.00%
[Stage2/Head] ep 412/480 | loss 2.7866 | ce 0.7659 | logit 0.6736 | train_acc 69.47%
[Stage2/Head] ep 413/480 | loss 2.7740 | ce 0.8011 | logit 0.6576 | train_acc 69.80%
[Stage2/Head] ep 414/480 | loss 2.8022 | ce 0.7944 | logit 0.6693 | train_acc 69.11%
[Stage2/Head] ep 415/480 | loss 2.7437 | ce 0.7672 | logit 0.6588 | train_acc 69.76%
[Stage2/Head] ep 416/480 | loss 2.7444 | ce 0.7586 | logit 0.6619 | train_acc 70.67%
[Stage2/Head] ep 417/480 | loss 2.7478 | ce 0.7592 | logit 0.6629 | train_acc 70.07%
[Stage2/Head] ep 418/480 | loss 2.7579 | ce 0.7758 | logit 0.6607 | train_acc 70.50%
[Stage2/Head] ep 419/480 | loss 2.7802 | ce 0.7706 | logit 0.6699 | train_acc 69.69%
[Stage2/Head] ep 420/480 | loss 2.8009 | ce 0.8006 | logit 0.6668 | train_acc 69.74%
[Stage2/Head] ep 421/480 | loss 2.7756 | ce 0.7740 | logit 0.6672 | train_acc 70.00%
[Stage2/Head] ep 422/480 | loss 2.7292 | ce 0.7660 | logit 0.6544 | train_acc 70.46%
[Stage2/Head] ep 423/480 | loss 2.7499 | ce 0.7771 | logit 0.6576 | train_acc 70.04%
[Stage2/Head] ep 424/480 | loss 2.7494 | ce 0.7721 | logit 0.6591 | train_acc 70.29%
[Stage2/Head] ep 425/480 | loss 2.7771 | ce 0.7827 | logit 0.6648 | train_acc 69.63%
[Stage2/Head] ep 426/480 | loss 2.7414 | ce 0.7384 | logit 0.6677 | train_acc 70.17%
[Stage2/Head] ep 427/480 | loss 2.7316 | ce 0.7551 | logit 0.6588 | train_acc 70.23%
[Stage2/Head] ep 428/480 | loss 2.7624 | ce 0.7728 | logit 0.6632 | train_acc 69.97%
[Stage2/Head] ep 429/480 | loss 2.7557 | ce 0.7613 | logit 0.6648 | train_acc 69.89%
[Stage2/Head] ep 430/480 | loss 2.7610 | ce 0.7592 | logit 0.6672 | train_acc 69.66%
[Stage2/Head] ep 431/480 | loss 2.8118 | ce 0.7858 | logit 0.6753 | train_acc 69.91%
[Stage2/Head] ep 432/480 | loss 2.7929 | ce 0.8049 | logit 0.6627 | train_acc 69.09%
[Stage2/Head] ep 433/480 | loss 2.7836 | ce 0.7789 | logit 0.6682 | train_acc 69.14%
[Stage2/Head] ep 434/480 | loss 2.7569 | ce 0.7828 | logit 0.6580 | train_acc 69.79%
[Stage2/Head] ep 435/480 | loss 2.7449 | ce 0.7741 | logit 0.6569 | train_acc 70.07%
[Stage2/Head] ep 436/480 | loss 2.7751 | ce 0.7753 | logit 0.6666 | train_acc 69.84%
[Stage2/Head] ep 437/480 | loss 2.7908 | ce 0.7927 | logit 0.6660 | train_acc 69.73%
[Stage2/Head] ep 438/480 | loss 2.7562 | ce 0.7960 | logit 0.6534 | train_acc 69.87%
[Stage2/Head] ep 439/480 | loss 2.7463 | ce 0.7686 | logit 0.6592 | train_acc 70.13%
[Stage2/Head] ep 440/480 | loss 2.7610 | ce 0.7622 | logit 0.6663 | train_acc 70.33%
[Stage2/Head] ep 441/480 | loss 2.7768 | ce 0.7877 | logit 0.6630 | train_acc 69.66%
[Stage2/Head] ep 442/480 | loss 2.8188 | ce 0.8077 | logit 0.6704 | train_acc 69.17%
[Stage2/Head] ep 443/480 | loss 2.7331 | ce 0.7658 | logit 0.6558 | train_acc 69.77%
[Stage2/Head] ep 444/480 | loss 2.7789 | ce 0.7695 | logit 0.6698 | train_acc 69.87%
[Stage2/Head] ep 445/480 | loss 2.7176 | ce 0.7720 | logit 0.6485 | train_acc 69.59%
[Stage2/Head] ep 446/480 | loss 2.8007 | ce 0.7842 | logit 0.6722 | train_acc 69.47%
[Stage2/Head] ep 447/480 | loss 2.7242 | ce 0.7730 | logit 0.6504 | train_acc 70.09%
[Stage2/Head] ep 448/480 | loss 2.7563 | ce 0.7574 | logit 0.6663 | train_acc 70.26%
[Stage2/Head] ep 449/480 | loss 2.7801 | ce 0.7878 | logit 0.6641 | train_acc 69.71%
[Stage2/Head] ep 450/480 | loss 2.7225 | ce 0.7500 | logit 0.6575 | train_acc 70.84%
[Stage2/Head] ep 451/480 | loss 2.7955 | ce 0.7785 | logit 0.6723 | train_acc 69.83%
[Stage2/Head] ep 452/480 | loss 2.7575 | ce 0.7726 | logit 0.6616 | train_acc 69.90%
[Stage2/Head] ep 453/480 | loss 2.7913 | ce 0.7964 | logit 0.6650 | train_acc 69.34%
[Stage2/Head] ep 454/480 | loss 2.7778 | ce 0.7636 | logit 0.6714 | train_acc 70.57%
[Stage2/Head] ep 455/480 | loss 2.7515 | ce 0.7625 | logit 0.6630 | train_acc 70.04%
[Stage2/Head] ep 456/480 | loss 2.7787 | ce 0.7692 | logit 0.6698 | train_acc 70.00%
[Stage2/Head] ep 457/480 | loss 2.7939 | ce 0.7867 | logit 0.6690 | train_acc 69.49%
[Stage2/Head] ep 458/480 | loss 2.7291 | ce 0.7768 | logit 0.6508 | train_acc 69.94%
[Stage2/Head] ep 459/480 | loss 2.7595 | ce 0.7710 | logit 0.6628 | train_acc 70.03%
[Stage2/Head] ep 460/480 | loss 2.7605 | ce 0.7778 | logit 0.6609 | train_acc 70.19%
[Stage2/Head] ep 461/480 | loss 2.7775 | ce 0.7703 | logit 0.6691 | train_acc 69.61%
[Stage2/Head] ep 462/480 | loss 2.7736 | ce 0.7893 | logit 0.6614 | train_acc 69.41%
[Stage2/Head] ep 463/480 | loss 2.7543 | ce 0.7702 | logit 0.6614 | train_acc 69.61%
[Stage2/Head] ep 464/480 | loss 2.7501 | ce 0.7824 | logit 0.6559 | train_acc 70.03%
[Stage2/Head] ep 465/480 | loss 2.7442 | ce 0.7664 | logit 0.6593 | train_acc 70.13%
[Stage2/Head] ep 466/480 | loss 2.7623 | ce 0.7654 | logit 0.6656 | train_acc 70.04%
[Stage2/Head] ep 467/480 | loss 2.7495 | ce 0.7533 | logit 0.6654 | train_acc 70.27%
[Stage2/Head] ep 468/480 | loss 2.7640 | ce 0.7830 | logit 0.6603 | train_acc 69.11%
[Stage2/Head] ep 469/480 | loss 2.7184 | ce 0.7509 | logit 0.6558 | train_acc 69.89%
[Stage2/Head] ep 470/480 | loss 2.7589 | ce 0.8109 | logit 0.6494 | train_acc 69.81%
[Stage2/Head] ep 471/480 | loss 2.7145 | ce 0.7509 | logit 0.6545 | train_acc 70.14%
[Stage2/Head] ep 472/480 | loss 2.7503 | ce 0.7561 | logit 0.6647 | train_acc 69.57%
[Stage2/Head] ep 473/480 | loss 2.7154 | ce 0.7549 | logit 0.6535 | train_acc 70.00%
[Stage2/Head] ep 474/480 | loss 2.7577 | ce 0.7758 | logit 0.6606 | train_acc 70.00%
[Stage2/Head] ep 475/480 | loss 2.7570 | ce 0.7704 | logit 0.6622 | train_acc 69.77%
[Stage2/Head] ep 476/480 | loss 2.7371 | ce 0.7638 | logit 0.6578 | train_acc 70.11%
[Stage2/Head] ep 477/480 | loss 2.7408 | ce 0.7825 | logit 0.6528 | train_acc 69.39%
[Stage2/Head] ep 478/480 | loss 2.7686 | ce 0.7768 | logit 0.6639 | train_acc 69.44%
[Stage2/Head] ep 479/480 | loss 2.7481 | ce 0.7697 | logit 0.6594 | train_acc 69.93%
[Stage2/Head] ep 480/480 | loss 2.7226 | ce 0.7643 | logit 0.6528 | train_acc 69.70%
[Task 4] Training done in 30.00 min.
[Task 4] Test (on new class only) -> ce_loss: 0.6733, acc: 80.29%, rec_loss: 21.6398
  - Filtering train: keep top 95.0% per class based on returned scores.
[Task 4] Wrote CSVs to: ./runs_mnist_continual/run_20260226_142850/task4
Accuracies on seen tasks:
  Task 0 [0,1,2,3,4]: 0.00%
  Task 1 [5]: 6.39%
  Task 2 [6]: 48.12%
  Task 3 [7]: 95.43%
  Task 4 [8]: 80.29%
Mean over seen tasks (0..4): 46.05%
[Task 4] Skipping GP training and Rscript execution as per --skip_GP flag.
[Task 4] Loaded from R CSV: 5000 rows, f_size=16
[Task 4] Decoded images: torch.Size([5000, 1, 28, 28]) -> recovered dataset size 5000
[Task 4] Augmenting Task 5 training set with 5000 recovered samples.
/home/lhalice/miniconda3/envs/NNGP/lib/python3.12/site-packages/torch/utils/data/dataloader.py:627: UserWarning: This DataLoader will create 2 worker processes in total. Our suggested max number of worker in current system is 1, which is smaller than what this DataLoader is going to create. Please be aware that excessive worker creation might get DataLoader running slow or even freeze, lower the worker number to avoid potential slowness/freeze if necessary.
  warnings.warn(

================================================================================
Starting Task 5: digits [9]
Training samples size: 8000
================================================================================
[Stage1/AE] ep 1/600 | loss 0.1713 | rec 0.0323 | feat 0.1391 | train_acc 38.23%
[Stage1/AE] ep 2/600 | loss 0.1545 | rec 0.0281 | feat 0.1264 | train_acc 38.73%
[Stage1/AE] ep 3/600 | loss 0.1477 | rec 0.0271 | feat 0.1206 | train_acc 38.46%
[Stage1/AE] ep 4/600 | loss 0.1455 | rec 0.0267 | feat 0.1189 | train_acc 38.58%
[Stage1/AE] ep 5/600 | loss 0.1438 | rec 0.0263 | feat 0.1175 | train_acc 38.76%
[Stage1/AE] ep 6/600 | loss 0.1435 | rec 0.0260 | feat 0.1175 | train_acc 38.91%
[Stage1/AE] ep 7/600 | loss 0.1415 | rec 0.0258 | feat 0.1157 | train_acc 39.01%
[Stage1/AE] ep 8/600 | loss 0.1401 | rec 0.0253 | feat 0.1148 | train_acc 39.02%
[Stage1/AE] ep 9/600 | loss 0.1400 | rec 0.0252 | feat 0.1148 | train_acc 38.17%
[Stage1/AE] ep 10/600 | loss 0.1373 | rec 0.0251 | feat 0.1122 | train_acc 39.01%
[Stage1/AE] ep 11/600 | loss 0.1333 | rec 0.0249 | feat 0.1084 | train_acc 39.19%
[Stage1/AE] ep 12/600 | loss 0.1367 | rec 0.0246 | feat 0.1121 | train_acc 39.10%
[Stage1/AE] ep 13/600 | loss 0.1352 | rec 0.0248 | feat 0.1103 | train_acc 39.16%
[Stage1/AE] ep 14/600 | loss 0.1372 | rec 0.0248 | feat 0.1124 | train_acc 38.84%
[Stage1/AE] ep 15/600 | loss 0.1353 | rec 0.0246 | feat 0.1108 | train_acc 38.27%
[Stage1/AE] ep 16/600 | loss 0.1351 | rec 0.0244 | feat 0.1107 | train_acc 39.02%
[Stage1/AE] ep 17/600 | loss 0.1344 | rec 0.0244 | feat 0.1101 | train_acc 39.76%
[Stage1/AE] ep 18/600 | loss 0.1329 | rec 0.0243 | feat 0.1086 | train_acc 38.77%
[Stage1/AE] ep 19/600 | loss 0.1321 | rec 0.0240 | feat 0.1081 | train_acc 38.41%
[Stage1/AE] ep 20/600 | loss 0.1307 | rec 0.0242 | feat 0.1065 | train_acc 39.21%
[Stage1/AE] ep 21/600 | loss 0.1340 | rec 0.0241 | feat 0.1099 | train_acc 38.80%
[Stage1/AE] ep 22/600 | loss 0.1320 | rec 0.0240 | feat 0.1079 | train_acc 39.08%
[Stage1/AE] ep 23/600 | loss 0.1333 | rec 0.0239 | feat 0.1094 | train_acc 39.27%
[Stage1/AE] ep 24/600 | loss 0.1300 | rec 0.0239 | feat 0.1060 | train_acc 39.15%
[Stage1/AE] ep 25/600 | loss 0.1313 | rec 0.0239 | feat 0.1074 | train_acc 38.86%
[Stage1/AE] ep 26/600 | loss 0.1308 | rec 0.0238 | feat 0.1071 | train_acc 38.85%
[Stage1/AE] ep 27/600 | loss 0.1311 | rec 0.0236 | feat 0.1075 | train_acc 39.20%
[Stage1/AE] ep 28/600 | loss 0.1302 | rec 0.0236 | feat 0.1066 | train_acc 39.06%
[Stage1/AE] ep 29/600 | loss 0.1279 | rec 0.0236 | feat 0.1043 | train_acc 39.49%
[Stage1/AE] ep 30/600 | loss 0.1299 | rec 0.0236 | feat 0.1064 | train_acc 39.12%
[Stage1/AE] ep 31/600 | loss 0.1259 | rec 0.0235 | feat 0.1024 | train_acc 39.10%
[Stage1/AE] ep 32/600 | loss 0.1314 | rec 0.0234 | feat 0.1080 | train_acc 38.91%
[Stage1/AE] ep 33/600 | loss 0.1300 | rec 0.0234 | feat 0.1065 | train_acc 38.86%
[Stage1/AE] ep 34/600 | loss 0.1293 | rec 0.0235 | feat 0.1058 | train_acc 38.77%
[Stage1/AE] ep 35/600 | loss 0.1256 | rec 0.0234 | feat 0.1022 | train_acc 38.94%
[Stage1/AE] ep 36/600 | loss 0.1288 | rec 0.0232 | feat 0.1055 | train_acc 38.45%
[Stage1/AE] ep 37/600 | loss 0.1296 | rec 0.0233 | feat 0.1063 | train_acc 39.06%
[Stage1/AE] ep 38/600 | loss 0.1278 | rec 0.0233 | feat 0.1045 | train_acc 38.86%
[Stage1/AE] ep 39/600 | loss 0.1292 | rec 0.0233 | feat 0.1058 | train_acc 38.59%
[Stage1/AE] ep 40/600 | loss 0.1278 | rec 0.0232 | feat 0.1046 | train_acc 38.92%
[Stage1/AE] ep 41/600 | loss 0.1271 | rec 0.0232 | feat 0.1038 | train_acc 38.90%
[Stage1/AE] ep 42/600 | loss 0.1258 | rec 0.0232 | feat 0.1026 | train_acc 38.96%
[Stage1/AE] ep 43/600 | loss 0.1287 | rec 0.0232 | feat 0.1055 | train_acc 38.96%
[Stage1/AE] ep 44/600 | loss 0.1260 | rec 0.0231 | feat 0.1029 | train_acc 38.99%
[Stage1/AE] ep 45/600 | loss 0.1287 | rec 0.0232 | feat 0.1055 | train_acc 38.80%
[Stage1/AE] ep 46/600 | loss 0.1254 | rec 0.0231 | feat 0.1023 | train_acc 38.84%
[Stage1/AE] ep 47/600 | loss 0.1288 | rec 0.0231 | feat 0.1057 | train_acc 38.90%
[Stage1/AE] ep 48/600 | loss 0.1280 | rec 0.0231 | feat 0.1048 | train_acc 39.21%
[Stage1/AE] ep 49/600 | loss 0.1254 | rec 0.0229 | feat 0.1025 | train_acc 38.99%
[Stage1/AE] ep 50/600 | loss 0.1244 | rec 0.0230 | feat 0.1014 | train_acc 38.76%
[Stage1/AE] ep 51/600 | loss 0.1237 | rec 0.0228 | feat 0.1008 | train_acc 38.98%
[Stage1/AE] ep 52/600 | loss 0.1276 | rec 0.0229 | feat 0.1047 | train_acc 39.21%
[Stage1/AE] ep 53/600 | loss 0.1268 | rec 0.0229 | feat 0.1039 | train_acc 39.12%
[Stage1/AE] ep 54/600 | loss 0.1239 | rec 0.0229 | feat 0.1010 | train_acc 38.61%
[Stage1/AE] ep 55/600 | loss 0.1263 | rec 0.0229 | feat 0.1034 | train_acc 39.04%
[Stage1/AE] ep 56/600 | loss 0.1255 | rec 0.0227 | feat 0.1028 | train_acc 39.15%
[Stage1/AE] ep 57/600 | loss 0.1257 | rec 0.0228 | feat 0.1030 | train_acc 38.65%
[Stage1/AE] ep 58/600 | loss 0.1266 | rec 0.0226 | feat 0.1040 | train_acc 38.94%
[Stage1/AE] ep 59/600 | loss 0.1272 | rec 0.0226 | feat 0.1046 | train_acc 39.20%
[Stage1/AE] ep 60/600 | loss 0.1250 | rec 0.0228 | feat 0.1022 | train_acc 38.71%
[Stage1/AE] ep 61/600 | loss 0.1245 | rec 0.0227 | feat 0.1017 | train_acc 38.89%
[Stage1/AE] ep 62/600 | loss 0.1242 | rec 0.0226 | feat 0.1016 | train_acc 38.52%
[Stage1/AE] ep 63/600 | loss 0.1224 | rec 0.0227 | feat 0.0998 | train_acc 38.73%
[Stage1/AE] ep 64/600 | loss 0.1224 | rec 0.0226 | feat 0.0998 | train_acc 38.94%
[Stage1/AE] ep 65/600 | loss 0.1233 | rec 0.0226 | feat 0.1007 | train_acc 39.02%
[Stage1/AE] ep 66/600 | loss 0.1213 | rec 0.0225 | feat 0.0988 | train_acc 39.23%
[Stage1/AE] ep 67/600 | loss 0.1230 | rec 0.0227 | feat 0.1003 | train_acc 38.86%
[Stage1/AE] ep 68/600 | loss 0.1238 | rec 0.0226 | feat 0.1012 | train_acc 38.35%
[Stage1/AE] ep 69/600 | loss 0.1235 | rec 0.0225 | feat 0.1010 | train_acc 39.10%
[Stage1/AE] ep 70/600 | loss 0.1228 | rec 0.0226 | feat 0.1001 | train_acc 39.06%
[Stage1/AE] ep 71/600 | loss 0.1218 | rec 0.0224 | feat 0.0994 | train_acc 38.76%
[Stage1/AE] ep 72/600 | loss 0.1212 | rec 0.0225 | feat 0.0986 | train_acc 38.85%
[Stage1/AE] ep 73/600 | loss 0.1245 | rec 0.0224 | feat 0.1021 | train_acc 38.80%
[Stage1/AE] ep 74/600 | loss 0.1225 | rec 0.0223 | feat 0.1003 | train_acc 38.59%
[Stage1/AE] ep 75/600 | loss 0.1203 | rec 0.0224 | feat 0.0978 | train_acc 38.79%
[Stage1/AE] ep 76/600 | loss 0.1227 | rec 0.0225 | feat 0.1003 | train_acc 38.65%
[Stage1/AE] ep 77/600 | loss 0.1235 | rec 0.0223 | feat 0.1012 | train_acc 38.51%
[Stage1/AE] ep 78/600 | loss 0.1225 | rec 0.0224 | feat 0.1000 | train_acc 38.51%
[Stage1/AE] ep 79/600 | loss 0.1231 | rec 0.0223 | feat 0.1008 | train_acc 38.94%
[Stage1/AE] ep 80/600 | loss 0.1218 | rec 0.0223 | feat 0.0994 | train_acc 38.77%
[Stage1/AE] ep 81/600 | loss 0.1224 | rec 0.0223 | feat 0.1001 | train_acc 38.81%
[Stage1/AE] ep 82/600 | loss 0.1213 | rec 0.0224 | feat 0.0989 | train_acc 38.74%
[Stage1/AE] ep 83/600 | loss 0.1213 | rec 0.0223 | feat 0.0990 | train_acc 39.34%
[Stage1/AE] ep 84/600 | loss 0.1211 | rec 0.0222 | feat 0.0989 | train_acc 39.17%
[Stage1/AE] ep 85/600 | loss 0.1229 | rec 0.0222 | feat 0.1007 | train_acc 38.50%
[Stage1/AE] ep 86/600 | loss 0.1206 | rec 0.0222 | feat 0.0984 | train_acc 39.41%
[Stage1/AE] ep 87/600 | loss 0.1191 | rec 0.0222 | feat 0.0968 | train_acc 38.76%
[Stage1/AE] ep 88/600 | loss 0.1229 | rec 0.0222 | feat 0.1007 | train_acc 38.85%
[Stage1/AE] ep 89/600 | loss 0.1199 | rec 0.0222 | feat 0.0977 | train_acc 38.79%
[Stage1/AE] ep 90/600 | loss 0.1222 | rec 0.0221 | feat 0.1001 | train_acc 38.69%
[Stage1/AE] ep 91/600 | loss 0.1218 | rec 0.0221 | feat 0.0997 | train_acc 38.79%
[Stage1/AE] ep 92/600 | loss 0.1224 | rec 0.0222 | feat 0.1003 | train_acc 39.05%
[Stage1/AE] ep 93/600 | loss 0.1203 | rec 0.0221 | feat 0.0982 | train_acc 38.36%
[Stage1/AE] ep 94/600 | loss 0.1199 | rec 0.0222 | feat 0.0977 | train_acc 38.94%
[Stage1/AE] ep 95/600 | loss 0.1216 | rec 0.0222 | feat 0.0995 | train_acc 38.85%
[Stage1/AE] ep 96/600 | loss 0.1212 | rec 0.0220 | feat 0.0992 | train_acc 38.79%
[Stage1/AE] ep 97/600 | loss 0.1184 | rec 0.0221 | feat 0.0963 | train_acc 39.38%
[Stage1/AE] ep 98/600 | loss 0.1195 | rec 0.0219 | feat 0.0977 | train_acc 38.84%
[Stage1/AE] ep 99/600 | loss 0.1225 | rec 0.0220 | feat 0.1006 | train_acc 38.80%
[Stage1/AE] ep 100/600 | loss 0.1178 | rec 0.0220 | feat 0.0958 | train_acc 39.24%
[Stage1/AE] ep 101/600 | loss 0.1208 | rec 0.0221 | feat 0.0988 | train_acc 38.84%
[Stage1/AE] ep 102/600 | loss 0.1188 | rec 0.0221 | feat 0.0967 | train_acc 39.33%
[Stage1/AE] ep 103/600 | loss 0.1191 | rec 0.0220 | feat 0.0971 | train_acc 38.36%
[Stage1/AE] ep 104/600 | loss 0.1206 | rec 0.0220 | feat 0.0986 | train_acc 37.94%
[Stage1/AE] ep 105/600 | loss 0.1181 | rec 0.0221 | feat 0.0960 | train_acc 38.24%
[Stage1/AE] ep 106/600 | loss 0.1208 | rec 0.0221 | feat 0.0987 | train_acc 38.49%
[Stage1/AE] ep 107/600 | loss 0.1187 | rec 0.0219 | feat 0.0968 | train_acc 39.26%
[Stage1/AE] ep 108/600 | loss 0.1208 | rec 0.0219 | feat 0.0989 | train_acc 39.00%
[Stage1/AE] ep 109/600 | loss 0.1199 | rec 0.0220 | feat 0.0979 | train_acc 39.14%
[Stage1/AE] ep 110/600 | loss 0.1199 | rec 0.0218 | feat 0.0981 | train_acc 38.80%
[Stage1/AE] ep 111/600 | loss 0.1167 | rec 0.0218 | feat 0.0949 | train_acc 39.02%
[Stage1/AE] ep 112/600 | loss 0.1194 | rec 0.0218 | feat 0.0976 | train_acc 38.65%
[Stage1/AE] ep 113/600 | loss 0.1203 | rec 0.0219 | feat 0.0984 | train_acc 38.39%
[Stage1/AE] ep 114/600 | loss 0.1194 | rec 0.0220 | feat 0.0974 | train_acc 38.83%
[Stage1/AE] ep 115/600 | loss 0.1187 | rec 0.0219 | feat 0.0968 | train_acc 38.91%
[Stage1/AE] ep 116/600 | loss 0.1175 | rec 0.0218 | feat 0.0957 | train_acc 38.71%
[Stage1/AE] ep 117/600 | loss 0.1184 | rec 0.0218 | feat 0.0967 | train_acc 38.85%
[Stage1/AE] ep 118/600 | loss 0.1192 | rec 0.0218 | feat 0.0973 | train_acc 39.02%
[Stage1/AE] ep 119/600 | loss 0.1181 | rec 0.0217 | feat 0.0964 | train_acc 38.49%
[Stage1/AE] ep 120/600 | loss 0.1198 | rec 0.0218 | feat 0.0980 | train_acc 39.00%
[Stage1/AE] ep 121/600 | loss 0.1180 | rec 0.0216 | feat 0.0964 | train_acc 39.38%
[Stage1/AE] ep 122/600 | loss 0.1195 | rec 0.0219 | feat 0.0976 | train_acc 38.62%
[Stage1/AE] ep 123/600 | loss 0.1177 | rec 0.0216 | feat 0.0961 | train_acc 39.15%
[Stage1/AE] ep 124/600 | loss 0.1170 | rec 0.0219 | feat 0.0951 | train_acc 39.15%
[Stage1/AE] ep 125/600 | loss 0.1196 | rec 0.0216 | feat 0.0980 | train_acc 38.92%
[Stage1/AE] ep 126/600 | loss 0.1175 | rec 0.0217 | feat 0.0958 | train_acc 39.02%
[Stage1/AE] ep 127/600 | loss 0.1165 | rec 0.0218 | feat 0.0946 | train_acc 38.74%
[Stage1/AE] ep 128/600 | loss 0.1191 | rec 0.0217 | feat 0.0974 | train_acc 38.56%
[Stage1/AE] ep 129/600 | loss 0.1195 | rec 0.0216 | feat 0.0979 | train_acc 39.20%
[Stage1/AE] ep 130/600 | loss 0.1194 | rec 0.0217 | feat 0.0978 | train_acc 39.04%
[Stage1/AE] ep 131/600 | loss 0.1177 | rec 0.0217 | feat 0.0960 | train_acc 38.96%
[Stage1/AE] ep 132/600 | loss 0.1193 | rec 0.0216 | feat 0.0976 | train_acc 38.46%
[Stage1/AE] ep 133/600 | loss 0.1161 | rec 0.0216 | feat 0.0945 | train_acc 38.73%
[Stage1/AE] ep 134/600 | loss 0.1179 | rec 0.0216 | feat 0.0963 | train_acc 39.17%
[Stage1/AE] ep 135/600 | loss 0.1173 | rec 0.0216 | feat 0.0957 | train_acc 38.52%
[Stage1/AE] ep 136/600 | loss 0.1188 | rec 0.0213 | feat 0.0975 | train_acc 39.39%
[Stage1/AE] ep 137/600 | loss 0.1187 | rec 0.0215 | feat 0.0972 | train_acc 39.20%
[Stage1/AE] ep 138/600 | loss 0.1158 | rec 0.0216 | feat 0.0942 | train_acc 38.91%
[Stage1/AE] ep 139/600 | loss 0.1170 | rec 0.0215 | feat 0.0955 | train_acc 38.94%
[Stage1/AE] ep 140/600 | loss 0.1173 | rec 0.0217 | feat 0.0956 | train_acc 39.19%
[Stage1/AE] ep 141/600 | loss 0.1171 | rec 0.0217 | feat 0.0954 | train_acc 38.44%
[Stage1/AE] ep 142/600 | loss 0.1157 | rec 0.0216 | feat 0.0941 | train_acc 38.86%
[Stage1/AE] ep 143/600 | loss 0.1165 | rec 0.0215 | feat 0.0950 | train_acc 38.76%
[Stage1/AE] ep 144/600 | loss 0.1182 | rec 0.0214 | feat 0.0968 | train_acc 38.92%
[Stage1/AE] ep 145/600 | loss 0.1186 | rec 0.0217 | feat 0.0970 | train_acc 38.60%
[Stage1/AE] ep 146/600 | loss 0.1155 | rec 0.0216 | feat 0.0939 | train_acc 38.81%
[Stage1/AE] ep 147/600 | loss 0.1162 | rec 0.0215 | feat 0.0948 | train_acc 38.91%
[Stage1/AE] ep 148/600 | loss 0.1165 | rec 0.0215 | feat 0.0950 | train_acc 38.73%
[Stage1/AE] ep 149/600 | loss 0.1158 | rec 0.0215 | feat 0.0943 | train_acc 39.17%
[Stage1/AE] ep 150/600 | loss 0.1155 | rec 0.0215 | feat 0.0940 | train_acc 38.67%
[Stage1/AE] ep 151/600 | loss 0.1169 | rec 0.0215 | feat 0.0953 | train_acc 38.45%
[Stage1/AE] ep 152/600 | loss 0.1156 | rec 0.0214 | feat 0.0942 | train_acc 38.90%
[Stage1/AE] ep 153/600 | loss 0.1163 | rec 0.0214 | feat 0.0948 | train_acc 38.90%
[Stage1/AE] ep 154/600 | loss 0.1168 | rec 0.0214 | feat 0.0954 | train_acc 39.10%
[Stage1/AE] ep 155/600 | loss 0.1139 | rec 0.0213 | feat 0.0926 | train_acc 38.65%
[Stage1/AE] ep 156/600 | loss 0.1159 | rec 0.0215 | feat 0.0944 | train_acc 39.04%
[Stage1/AE] ep 157/600 | loss 0.1148 | rec 0.0214 | feat 0.0935 | train_acc 38.88%
[Stage1/AE] ep 158/600 | loss 0.1149 | rec 0.0213 | feat 0.0936 | train_acc 38.41%
[Stage1/AE] ep 159/600 | loss 0.1150 | rec 0.0214 | feat 0.0936 | train_acc 38.81%
[Stage1/AE] ep 160/600 | loss 0.1160 | rec 0.0214 | feat 0.0947 | train_acc 38.94%
[Stage1/AE] ep 161/600 | loss 0.1143 | rec 0.0213 | feat 0.0929 | train_acc 38.58%
[Stage1/AE] ep 162/600 | loss 0.1153 | rec 0.0214 | feat 0.0939 | train_acc 38.88%
[Stage1/AE] ep 163/600 | loss 0.1161 | rec 0.0214 | feat 0.0947 | train_acc 38.84%
[Stage1/AE] ep 164/600 | loss 0.1135 | rec 0.0215 | feat 0.0920 | train_acc 39.01%
[Stage1/AE] ep 165/600 | loss 0.1139 | rec 0.0214 | feat 0.0925 | train_acc 38.89%
[Stage1/AE] ep 166/600 | loss 0.1144 | rec 0.0215 | feat 0.0929 | train_acc 39.16%
[Stage1/AE] ep 167/600 | loss 0.1152 | rec 0.0213 | feat 0.0939 | train_acc 39.12%
[Stage1/AE] ep 168/600 | loss 0.1124 | rec 0.0212 | feat 0.0913 | train_acc 38.85%
[Stage1/AE] ep 169/600 | loss 0.1133 | rec 0.0213 | feat 0.0920 | train_acc 38.90%
[Stage1/AE] ep 170/600 | loss 0.1159 | rec 0.0214 | feat 0.0944 | train_acc 38.83%
[Stage1/AE] ep 171/600 | loss 0.1144 | rec 0.0212 | feat 0.0932 | train_acc 38.15%
[Stage1/AE] ep 172/600 | loss 0.1160 | rec 0.0213 | feat 0.0948 | train_acc 38.71%
[Stage1/AE] ep 173/600 | loss 0.1161 | rec 0.0213 | feat 0.0947 | train_acc 38.70%
[Stage1/AE] ep 174/600 | loss 0.1129 | rec 0.0212 | feat 0.0917 | train_acc 38.38%
[Stage1/AE] ep 175/600 | loss 0.1138 | rec 0.0213 | feat 0.0925 | train_acc 38.59%
[Stage1/AE] ep 176/600 | loss 0.1163 | rec 0.0213 | feat 0.0950 | train_acc 39.46%
[Stage1/AE] ep 177/600 | loss 0.1133 | rec 0.0212 | feat 0.0921 | train_acc 38.94%
[Stage1/AE] ep 178/600 | loss 0.1141 | rec 0.0212 | feat 0.0929 | train_acc 38.95%
[Stage1/AE] ep 179/600 | loss 0.1146 | rec 0.0212 | feat 0.0934 | train_acc 38.98%
[Stage1/AE] ep 180/600 | loss 0.1144 | rec 0.0211 | feat 0.0933 | train_acc 38.66%
[Stage1/AE] ep 181/600 | loss 0.1143 | rec 0.0212 | feat 0.0931 | train_acc 38.55%
[Stage1/AE] ep 182/600 | loss 0.1136 | rec 0.0213 | feat 0.0923 | train_acc 38.89%
[Stage1/AE] ep 183/600 | loss 0.1128 | rec 0.0212 | feat 0.0917 | train_acc 39.11%
[Stage1/AE] ep 184/600 | loss 0.1130 | rec 0.0211 | feat 0.0919 | train_acc 38.58%
[Stage1/AE] ep 185/600 | loss 0.1130 | rec 0.0212 | feat 0.0918 | train_acc 38.56%
[Stage1/AE] ep 186/600 | loss 0.1122 | rec 0.0211 | feat 0.0910 | train_acc 38.84%
[Stage1/AE] ep 187/600 | loss 0.1142 | rec 0.0212 | feat 0.0930 | train_acc 38.99%
[Stage1/AE] ep 188/600 | loss 0.1134 | rec 0.0213 | feat 0.0922 | train_acc 38.55%
[Stage1/AE] ep 189/600 | loss 0.1130 | rec 0.0211 | feat 0.0919 | train_acc 38.69%
[Stage1/AE] ep 190/600 | loss 0.1148 | rec 0.0211 | feat 0.0936 | train_acc 39.06%
[Stage1/AE] ep 191/600 | loss 0.1139 | rec 0.0212 | feat 0.0928 | train_acc 39.10%
[Stage1/AE] ep 192/600 | loss 0.1125 | rec 0.0211 | feat 0.0914 | train_acc 39.17%
[Stage1/AE] ep 193/600 | loss 0.1135 | rec 0.0212 | feat 0.0923 | train_acc 38.44%
[Stage1/AE] ep 194/600 | loss 0.1117 | rec 0.0211 | feat 0.0906 | train_acc 39.16%
[Stage1/AE] ep 195/600 | loss 0.1137 | rec 0.0211 | feat 0.0926 | train_acc 38.44%
[Stage1/AE] ep 196/600 | loss 0.1120 | rec 0.0211 | feat 0.0909 | train_acc 38.51%
[Stage1/AE] ep 197/600 | loss 0.1113 | rec 0.0211 | feat 0.0903 | train_acc 38.99%
[Stage1/AE] ep 198/600 | loss 0.1109 | rec 0.0210 | feat 0.0899 | train_acc 38.65%
[Stage1/AE] ep 199/600 | loss 0.1135 | rec 0.0210 | feat 0.0924 | train_acc 39.01%
[Stage1/AE] ep 200/600 | loss 0.1118 | rec 0.0210 | feat 0.0908 | train_acc 38.14%
[Stage1/AE] ep 201/600 | loss 0.1145 | rec 0.0209 | feat 0.0936 | train_acc 39.06%
[Stage1/AE] ep 202/600 | loss 0.1122 | rec 0.0210 | feat 0.0912 | train_acc 38.86%
[Stage1/AE] ep 203/600 | loss 0.1160 | rec 0.0209 | feat 0.0951 | train_acc 38.39%
[Stage1/AE] ep 204/600 | loss 0.1108 | rec 0.0210 | feat 0.0898 | train_acc 39.11%
[Stage1/AE] ep 205/600 | loss 0.1133 | rec 0.0212 | feat 0.0922 | train_acc 39.10%
[Stage1/AE] ep 206/600 | loss 0.1112 | rec 0.0209 | feat 0.0903 | train_acc 39.04%
[Stage1/AE] ep 207/600 | loss 0.1134 | rec 0.0211 | feat 0.0923 | train_acc 38.91%
[Stage1/AE] ep 208/600 | loss 0.1128 | rec 0.0210 | feat 0.0918 | train_acc 38.91%
[Stage1/AE] ep 209/600 | loss 0.1127 | rec 0.0210 | feat 0.0917 | train_acc 39.20%
[Stage1/AE] ep 210/600 | loss 0.1119 | rec 0.0210 | feat 0.0909 | train_acc 38.94%
[Stage1/AE] ep 211/600 | loss 0.1119 | rec 0.0209 | feat 0.0910 | train_acc 39.23%
[Stage1/AE] ep 212/600 | loss 0.1096 | rec 0.0210 | feat 0.0887 | train_acc 39.31%
[Stage1/AE] ep 213/600 | loss 0.1115 | rec 0.0210 | feat 0.0905 | train_acc 39.06%
[Stage1/AE] ep 214/600 | loss 0.1107 | rec 0.0211 | feat 0.0896 | train_acc 38.90%
[Stage1/AE] ep 215/600 | loss 0.1132 | rec 0.0210 | feat 0.0922 | train_acc 39.00%
[Stage1/AE] ep 216/600 | loss 0.1116 | rec 0.0211 | feat 0.0905 | train_acc 38.41%
[Stage1/AE] ep 217/600 | loss 0.1132 | rec 0.0209 | feat 0.0923 | train_acc 38.95%
[Stage1/AE] ep 218/600 | loss 0.1115 | rec 0.0208 | feat 0.0907 | train_acc 38.86%
[Stage1/AE] ep 219/600 | loss 0.1124 | rec 0.0209 | feat 0.0915 | train_acc 38.98%
[Stage1/AE] ep 220/600 | loss 0.1123 | rec 0.0208 | feat 0.0915 | train_acc 39.14%
[Stage1/AE] ep 221/600 | loss 0.1122 | rec 0.0210 | feat 0.0912 | train_acc 38.94%
[Stage1/AE] ep 222/600 | loss 0.1114 | rec 0.0210 | feat 0.0905 | train_acc 38.95%
[Stage1/AE] ep 223/600 | loss 0.1109 | rec 0.0209 | feat 0.0900 | train_acc 38.96%
[Stage1/AE] ep 224/600 | loss 0.1110 | rec 0.0208 | feat 0.0902 | train_acc 39.20%
[Stage1/AE] ep 225/600 | loss 0.1132 | rec 0.0208 | feat 0.0924 | train_acc 39.12%
[Stage1/AE] ep 226/600 | loss 0.1133 | rec 0.0209 | feat 0.0925 | train_acc 38.55%
[Stage1/AE] ep 227/600 | loss 0.1115 | rec 0.0210 | feat 0.0905 | train_acc 39.23%
[Stage1/AE] ep 228/600 | loss 0.1120 | rec 0.0207 | feat 0.0913 | train_acc 39.36%
[Stage1/AE] ep 229/600 | loss 0.1104 | rec 0.0208 | feat 0.0896 | train_acc 38.54%
[Stage1/AE] ep 230/600 | loss 0.1120 | rec 0.0209 | feat 0.0911 | train_acc 38.73%
[Stage1/AE] ep 231/600 | loss 0.1120 | rec 0.0210 | feat 0.0911 | train_acc 39.05%
[Stage1/AE] ep 232/600 | loss 0.1132 | rec 0.0208 | feat 0.0924 | train_acc 38.75%
[Stage1/AE] ep 233/600 | loss 0.1114 | rec 0.0209 | feat 0.0905 | train_acc 39.08%
[Stage1/AE] ep 234/600 | loss 0.1124 | rec 0.0209 | feat 0.0915 | train_acc 39.02%
[Stage1/AE] ep 235/600 | loss 0.1129 | rec 0.0208 | feat 0.0921 | train_acc 39.20%
[Stage1/AE] ep 236/600 | loss 0.1124 | rec 0.0208 | feat 0.0916 | train_acc 38.99%
[Stage1/AE] ep 237/600 | loss 0.1121 | rec 0.0210 | feat 0.0911 | train_acc 39.40%
[Stage1/AE] ep 238/600 | loss 0.1096 | rec 0.0207 | feat 0.0888 | train_acc 38.81%
[Stage1/AE] ep 239/600 | loss 0.1109 | rec 0.0209 | feat 0.0900 | train_acc 38.98%
[Stage1/AE] ep 240/600 | loss 0.1101 | rec 0.0207 | feat 0.0894 | train_acc 38.99%
[Stage1/AE] ep 241/600 | loss 0.1096 | rec 0.0208 | feat 0.0888 | train_acc 39.20%
[Stage1/AE] ep 242/600 | loss 0.1112 | rec 0.0206 | feat 0.0906 | train_acc 39.11%
[Stage1/AE] ep 243/600 | loss 0.1114 | rec 0.0208 | feat 0.0906 | train_acc 39.26%
[Stage1/AE] ep 244/600 | loss 0.1117 | rec 0.0207 | feat 0.0910 | train_acc 38.49%
[Stage1/AE] ep 245/600 | loss 0.1114 | rec 0.0207 | feat 0.0907 | train_acc 38.86%
[Stage1/AE] ep 246/600 | loss 0.1102 | rec 0.0206 | feat 0.0895 | train_acc 39.05%
[Stage1/AE] ep 247/600 | loss 0.1105 | rec 0.0208 | feat 0.0897 | train_acc 38.65%
[Stage1/AE] ep 248/600 | loss 0.1111 | rec 0.0207 | feat 0.0904 | train_acc 39.19%
[Stage1/AE] ep 249/600 | loss 0.1097 | rec 0.0206 | feat 0.0891 | train_acc 38.64%
[Stage1/AE] ep 250/600 | loss 0.1120 | rec 0.0208 | feat 0.0912 | train_acc 39.08%
[Stage1/AE] ep 251/600 | loss 0.1105 | rec 0.0208 | feat 0.0897 | train_acc 38.56%
[Stage1/AE] ep 252/600 | loss 0.1101 | rec 0.0209 | feat 0.0892 | train_acc 39.12%
[Stage1/AE] ep 253/600 | loss 0.1095 | rec 0.0207 | feat 0.0887 | train_acc 38.56%
[Stage1/AE] ep 254/600 | loss 0.1092 | rec 0.0208 | feat 0.0884 | train_acc 39.11%
[Stage1/AE] ep 255/600 | loss 0.1099 | rec 0.0208 | feat 0.0890 | train_acc 38.51%
[Stage1/AE] ep 256/600 | loss 0.1090 | rec 0.0208 | feat 0.0882 | train_acc 39.00%
[Stage1/AE] ep 257/600 | loss 0.1133 | rec 0.0207 | feat 0.0926 | train_acc 39.15%
[Stage1/AE] ep 258/600 | loss 0.1114 | rec 0.0207 | feat 0.0907 | train_acc 38.95%
[Stage1/AE] ep 259/600 | loss 0.1106 | rec 0.0205 | feat 0.0901 | train_acc 38.60%
[Stage1/AE] ep 260/600 | loss 0.1088 | rec 0.0207 | feat 0.0882 | train_acc 38.85%
[Stage1/AE] ep 261/600 | loss 0.1101 | rec 0.0206 | feat 0.0895 | train_acc 38.45%
[Stage1/AE] ep 262/600 | loss 0.1126 | rec 0.0207 | feat 0.0919 | train_acc 38.66%
[Stage1/AE] ep 263/600 | loss 0.1105 | rec 0.0207 | feat 0.0898 | train_acc 39.00%
[Stage1/AE] ep 264/600 | loss 0.1094 | rec 0.0207 | feat 0.0887 | train_acc 38.77%
[Stage1/AE] ep 265/600 | loss 0.1092 | rec 0.0206 | feat 0.0886 | train_acc 39.42%
[Stage1/AE] ep 266/600 | loss 0.1087 | rec 0.0206 | feat 0.0881 | train_acc 39.23%
[Stage1/AE] ep 267/600 | loss 0.1098 | rec 0.0208 | feat 0.0890 | train_acc 39.55%
[Stage1/AE] ep 268/600 | loss 0.1103 | rec 0.0207 | feat 0.0896 | train_acc 39.04%
[Stage1/AE] ep 269/600 | loss 0.1110 | rec 0.0208 | feat 0.0902 | train_acc 39.20%
[Stage1/AE] ep 270/600 | loss 0.1092 | rec 0.0206 | feat 0.0886 | train_acc 38.75%
[Stage1/AE] ep 271/600 | loss 0.1094 | rec 0.0206 | feat 0.0888 | train_acc 39.00%
[Stage1/AE] ep 272/600 | loss 0.1092 | rec 0.0207 | feat 0.0885 | train_acc 38.90%
[Stage1/AE] ep 273/600 | loss 0.1109 | rec 0.0206 | feat 0.0903 | train_acc 39.02%
[Stage1/AE] ep 274/600 | loss 0.1089 | rec 0.0207 | feat 0.0882 | train_acc 38.75%
[Stage1/AE] ep 275/600 | loss 0.1098 | rec 0.0206 | feat 0.0891 | train_acc 38.88%
[Stage1/AE] ep 276/600 | loss 0.1119 | rec 0.0207 | feat 0.0912 | train_acc 39.17%
[Stage1/AE] ep 277/600 | loss 0.1117 | rec 0.0208 | feat 0.0909 | train_acc 39.05%
[Stage1/AE] ep 278/600 | loss 0.1102 | rec 0.0205 | feat 0.0897 | train_acc 39.51%
[Stage1/AE] ep 279/600 | loss 0.1088 | rec 0.0205 | feat 0.0883 | train_acc 38.89%
[Stage1/AE] ep 280/600 | loss 0.1085 | rec 0.0205 | feat 0.0880 | train_acc 38.84%
[Stage1/AE] ep 281/600 | loss 0.1087 | rec 0.0206 | feat 0.0881 | train_acc 38.91%
[Stage1/AE] ep 282/600 | loss 0.1087 | rec 0.0204 | feat 0.0883 | train_acc 39.00%
[Stage1/AE] ep 283/600 | loss 0.1087 | rec 0.0207 | feat 0.0879 | train_acc 39.61%
[Stage1/AE] ep 284/600 | loss 0.1069 | rec 0.0205 | feat 0.0863 | train_acc 38.86%
[Stage1/AE] ep 285/600 | loss 0.1091 | rec 0.0206 | feat 0.0885 | train_acc 38.60%
[Stage1/AE] ep 286/600 | loss 0.1086 | rec 0.0205 | feat 0.0881 | train_acc 38.67%
[Stage1/AE] ep 287/600 | loss 0.1104 | rec 0.0206 | feat 0.0899 | train_acc 38.77%
[Stage1/AE] ep 288/600 | loss 0.1080 | rec 0.0205 | feat 0.0874 | train_acc 38.99%
[Stage1/AE] ep 289/600 | loss 0.1105 | rec 0.0205 | feat 0.0899 | train_acc 38.65%
[Stage1/AE] ep 290/600 | loss 0.1089 | rec 0.0206 | feat 0.0883 | train_acc 39.30%
[Stage1/AE] ep 291/600 | loss 0.1080 | rec 0.0206 | feat 0.0875 | train_acc 38.66%
[Stage1/AE] ep 292/600 | loss 0.1083 | rec 0.0206 | feat 0.0877 | train_acc 39.12%
[Stage1/AE] ep 293/600 | loss 0.1102 | rec 0.0205 | feat 0.0897 | train_acc 38.84%
[Stage1/AE] ep 294/600 | loss 0.1091 | rec 0.0206 | feat 0.0885 | train_acc 38.88%
[Stage1/AE] ep 295/600 | loss 0.1091 | rec 0.0205 | feat 0.0886 | train_acc 38.64%
[Stage1/AE] ep 296/600 | loss 0.1081 | rec 0.0204 | feat 0.0877 | train_acc 38.35%
[Stage1/AE] ep 297/600 | loss 0.1086 | rec 0.0205 | feat 0.0881 | train_acc 38.85%
[Stage1/AE] ep 298/600 | loss 0.1092 | rec 0.0205 | feat 0.0887 | train_acc 38.66%
[Stage1/AE] ep 299/600 | loss 0.1095 | rec 0.0205 | feat 0.0890 | train_acc 39.19%
[Stage1/AE] ep 300/600 | loss 0.1098 | rec 0.0206 | feat 0.0892 | train_acc 39.01%
[Stage1/AE] ep 301/600 | loss 0.1071 | rec 0.0205 | feat 0.0867 | train_acc 38.79%
[Stage1/AE] ep 302/600 | loss 0.1082 | rec 0.0203 | feat 0.0879 | train_acc 38.76%
[Stage1/AE] ep 303/600 | loss 0.1117 | rec 0.0204 | feat 0.0913 | train_acc 38.95%
[Stage1/AE] ep 304/600 | loss 0.1073 | rec 0.0205 | feat 0.0868 | train_acc 39.15%
[Stage1/AE] ep 305/600 | loss 0.1076 | rec 0.0204 | feat 0.0872 | train_acc 38.48%
[Stage1/AE] ep 306/600 | loss 0.1085 | rec 0.0205 | feat 0.0881 | train_acc 38.14%
[Stage1/AE] ep 307/600 | loss 0.1074 | rec 0.0204 | feat 0.0870 | train_acc 39.09%
[Stage1/AE] ep 308/600 | loss 0.1098 | rec 0.0203 | feat 0.0895 | train_acc 39.06%
[Stage1/AE] ep 309/600 | loss 0.1083 | rec 0.0204 | feat 0.0879 | train_acc 38.90%
[Stage1/AE] ep 310/600 | loss 0.1071 | rec 0.0204 | feat 0.0866 | train_acc 39.29%
[Stage1/AE] ep 311/600 | loss 0.1098 | rec 0.0203 | feat 0.0895 | train_acc 38.96%
[Stage1/AE] ep 312/600 | loss 0.1089 | rec 0.0203 | feat 0.0886 | train_acc 38.91%
[Stage1/AE] ep 313/600 | loss 0.1077 | rec 0.0204 | feat 0.0873 | train_acc 38.45%
[Stage1/AE] ep 314/600 | loss 0.1073 | rec 0.0205 | feat 0.0868 | train_acc 38.75%
[Stage1/AE] ep 315/600 | loss 0.1070 | rec 0.0203 | feat 0.0867 | train_acc 38.50%
[Stage1/AE] ep 316/600 | loss 0.1084 | rec 0.0204 | feat 0.0880 | train_acc 39.17%
[Stage1/AE] ep 317/600 | loss 0.1064 | rec 0.0203 | feat 0.0861 | train_acc 39.20%
[Stage1/AE] ep 318/600 | loss 0.1094 | rec 0.0204 | feat 0.0890 | train_acc 38.84%
[Stage1/AE] ep 319/600 | loss 0.1085 | rec 0.0204 | feat 0.0880 | train_acc 38.46%
[Stage1/AE] ep 320/600 | loss 0.1074 | rec 0.0203 | feat 0.0872 | train_acc 39.14%
[Stage1/AE] ep 321/600 | loss 0.1095 | rec 0.0204 | feat 0.0891 | train_acc 38.36%
[Stage1/AE] ep 322/600 | loss 0.1076 | rec 0.0202 | feat 0.0874 | train_acc 39.12%
[Stage1/AE] ep 323/600 | loss 0.1060 | rec 0.0203 | feat 0.0856 | train_acc 38.60%
[Stage1/AE] ep 324/600 | loss 0.1078 | rec 0.0203 | feat 0.0875 | train_acc 38.98%
[Stage1/AE] ep 325/600 | loss 0.1070 | rec 0.0203 | feat 0.0866 | train_acc 39.09%
[Stage1/AE] ep 326/600 | loss 0.1067 | rec 0.0203 | feat 0.0863 | train_acc 38.94%
[Stage1/AE] ep 327/600 | loss 0.1072 | rec 0.0204 | feat 0.0869 | train_acc 39.19%
[Stage1/AE] ep 328/600 | loss 0.1083 | rec 0.0204 | feat 0.0880 | train_acc 38.99%
[Stage1/AE] ep 329/600 | loss 0.1089 | rec 0.0202 | feat 0.0886 | train_acc 39.35%
[Stage1/AE] ep 330/600 | loss 0.1068 | rec 0.0204 | feat 0.0864 | train_acc 38.69%
[Stage1/AE] ep 331/600 | loss 0.1078 | rec 0.0206 | feat 0.0872 | train_acc 38.52%
[Stage1/AE] ep 332/600 | loss 0.1080 | rec 0.0204 | feat 0.0876 | train_acc 38.88%
[Stage1/AE] ep 333/600 | loss 0.1102 | rec 0.0204 | feat 0.0898 | train_acc 38.88%
[Stage1/AE] ep 334/600 | loss 0.1087 | rec 0.0203 | feat 0.0884 | train_acc 39.27%
[Stage1/AE] ep 335/600 | loss 0.1063 | rec 0.0204 | feat 0.0859 | train_acc 39.09%
[Stage1/AE] ep 336/600 | loss 0.1089 | rec 0.0204 | feat 0.0885 | train_acc 39.11%
[Stage1/AE] ep 337/600 | loss 0.1061 | rec 0.0202 | feat 0.0858 | train_acc 38.66%
[Stage1/AE] ep 338/600 | loss 0.1090 | rec 0.0201 | feat 0.0889 | train_acc 38.90%
[Stage1/AE] ep 339/600 | loss 0.1100 | rec 0.0202 | feat 0.0897 | train_acc 39.04%
[Stage1/AE] ep 340/600 | loss 0.1093 | rec 0.0204 | feat 0.0889 | train_acc 39.23%
[Stage1/AE] ep 341/600 | loss 0.1073 | rec 0.0203 | feat 0.0869 | train_acc 39.11%
[Stage1/AE] ep 342/600 | loss 0.1075 | rec 0.0204 | feat 0.0871 | train_acc 39.10%
[Stage1/AE] ep 343/600 | loss 0.1069 | rec 0.0202 | feat 0.0867 | train_acc 38.99%
[Stage1/AE] ep 344/600 | loss 0.1078 | rec 0.0203 | feat 0.0875 | train_acc 39.02%
[Stage1/AE] ep 345/600 | loss 0.1073 | rec 0.0203 | feat 0.0870 | train_acc 38.36%
[Stage1/AE] ep 346/600 | loss 0.1062 | rec 0.0203 | feat 0.0859 | train_acc 38.54%
[Stage1/AE] ep 347/600 | loss 0.1063 | rec 0.0206 | feat 0.0857 | train_acc 39.24%
[Stage1/AE] ep 348/600 | loss 0.1076 | rec 0.0203 | feat 0.0873 | train_acc 38.54%
[Stage1/AE] ep 349/600 | loss 0.1064 | rec 0.0203 | feat 0.0862 | train_acc 38.75%
[Stage1/AE] ep 350/600 | loss 0.1075 | rec 0.0202 | feat 0.0873 | train_acc 38.09%
[Stage1/AE] ep 351/600 | loss 0.1073 | rec 0.0204 | feat 0.0870 | train_acc 38.90%
[Stage1/AE] ep 352/600 | loss 0.1056 | rec 0.0201 | feat 0.0855 | train_acc 38.45%
[Stage1/AE] ep 353/600 | loss 0.1066 | rec 0.0203 | feat 0.0862 | train_acc 38.91%
[Stage1/AE] ep 354/600 | loss 0.1060 | rec 0.0201 | feat 0.0859 | train_acc 39.04%
[Stage1/AE] ep 355/600 | loss 0.1086 | rec 0.0202 | feat 0.0885 | train_acc 39.01%
[Stage1/AE] ep 356/600 | loss 0.1093 | rec 0.0201 | feat 0.0892 | train_acc 38.50%
[Stage1/AE] ep 357/600 | loss 0.1073 | rec 0.0204 | feat 0.0869 | train_acc 38.54%
[Stage1/AE] ep 358/600 | loss 0.1061 | rec 0.0202 | feat 0.0859 | train_acc 38.80%
[Stage1/AE] ep 359/600 | loss 0.1068 | rec 0.0203 | feat 0.0865 | train_acc 39.01%
[Stage1/AE] ep 360/600 | loss 0.1061 | rec 0.0202 | feat 0.0859 | train_acc 38.61%
[Stage1/AE] ep 361/600 | loss 0.1072 | rec 0.0201 | feat 0.0871 | train_acc 38.91%
[Stage1/AE] ep 362/600 | loss 0.1076 | rec 0.0203 | feat 0.0873 | train_acc 38.98%
[Stage1/AE] ep 363/600 | loss 0.1073 | rec 0.0203 | feat 0.0870 | train_acc 38.92%
[Stage1/AE] ep 364/600 | loss 0.1065 | rec 0.0202 | feat 0.0863 | train_acc 39.39%
[Stage1/AE] ep 365/600 | loss 0.1066 | rec 0.0200 | feat 0.0866 | train_acc 38.98%
[Stage1/AE] ep 366/600 | loss 0.1059 | rec 0.0201 | feat 0.0858 | train_acc 38.19%
[Stage1/AE] ep 367/600 | loss 0.1050 | rec 0.0201 | feat 0.0849 | train_acc 38.77%
[Stage1/AE] ep 368/600 | loss 0.1072 | rec 0.0202 | feat 0.0870 | train_acc 39.55%
[Stage1/AE] ep 369/600 | loss 0.1055 | rec 0.0200 | feat 0.0854 | train_acc 39.25%
[Stage1/AE] ep 370/600 | loss 0.1054 | rec 0.0203 | feat 0.0852 | train_acc 39.36%
[Stage1/AE] ep 371/600 | loss 0.1063 | rec 0.0202 | feat 0.0861 | train_acc 39.31%
[Stage1/AE] ep 372/600 | loss 0.1057 | rec 0.0201 | feat 0.0857 | train_acc 38.81%
[Stage1/AE] ep 373/600 | loss 0.1059 | rec 0.0200 | feat 0.0859 | train_acc 38.95%
[Stage1/AE] ep 374/600 | loss 0.1060 | rec 0.0201 | feat 0.0859 | train_acc 39.01%
[Stage1/AE] ep 375/600 | loss 0.1045 | rec 0.0201 | feat 0.0844 | train_acc 38.33%
[Stage1/AE] ep 376/600 | loss 0.1061 | rec 0.0201 | feat 0.0861 | train_acc 38.67%
[Stage1/AE] ep 377/600 | loss 0.1075 | rec 0.0202 | feat 0.0873 | train_acc 39.23%
[Stage1/AE] ep 378/600 | loss 0.1069 | rec 0.0201 | feat 0.0868 | train_acc 38.98%
[Stage1/AE] ep 379/600 | loss 0.1061 | rec 0.0201 | feat 0.0860 | train_acc 38.96%
[Stage1/AE] ep 380/600 | loss 0.1064 | rec 0.0202 | feat 0.0862 | train_acc 39.04%
[Stage1/AE] ep 381/600 | loss 0.1058 | rec 0.0200 | feat 0.0858 | train_acc 38.90%
[Stage1/AE] ep 382/600 | loss 0.1063 | rec 0.0203 | feat 0.0861 | train_acc 38.98%
[Stage1/AE] ep 383/600 | loss 0.1053 | rec 0.0202 | feat 0.0852 | train_acc 39.41%
[Stage1/AE] ep 384/600 | loss 0.1046 | rec 0.0201 | feat 0.0846 | train_acc 39.20%
[Stage1/AE] ep 385/600 | loss 0.1050 | rec 0.0199 | feat 0.0851 | train_acc 39.46%
[Stage1/AE] ep 386/600 | loss 0.1067 | rec 0.0200 | feat 0.0867 | train_acc 39.25%
[Stage1/AE] ep 387/600 | loss 0.1044 | rec 0.0201 | feat 0.0843 | train_acc 39.49%
[Stage1/AE] ep 388/600 | loss 0.1064 | rec 0.0200 | feat 0.0864 | train_acc 39.45%
[Stage1/AE] ep 389/600 | loss 0.1055 | rec 0.0201 | feat 0.0854 | train_acc 38.48%
[Stage1/AE] ep 390/600 | loss 0.1068 | rec 0.0201 | feat 0.0867 | train_acc 38.77%
[Stage1/AE] ep 391/600 | loss 0.1083 | rec 0.0200 | feat 0.0883 | train_acc 38.70%
[Stage1/AE] ep 392/600 | loss 0.1047 | rec 0.0201 | feat 0.0846 | train_acc 38.88%
[Stage1/AE] ep 393/600 | loss 0.1061 | rec 0.0201 | feat 0.0860 | train_acc 38.92%
[Stage1/AE] ep 394/600 | loss 0.1063 | rec 0.0200 | feat 0.0863 | train_acc 38.90%
[Stage1/AE] ep 395/600 | loss 0.1046 | rec 0.0203 | feat 0.0843 | train_acc 39.24%
[Stage1/AE] ep 396/600 | loss 0.1072 | rec 0.0200 | feat 0.0872 | train_acc 39.27%
[Stage1/AE] ep 397/600 | loss 0.1065 | rec 0.0201 | feat 0.0865 | train_acc 38.19%
[Stage1/AE] ep 398/600 | loss 0.1071 | rec 0.0200 | feat 0.0871 | train_acc 39.36%
[Stage1/AE] ep 399/600 | loss 0.1059 | rec 0.0200 | feat 0.0859 | train_acc 38.64%
[Stage1/AE] ep 400/600 | loss 0.1049 | rec 0.0201 | feat 0.0848 | train_acc 39.64%
[Stage1/AE] ep 401/600 | loss 0.1072 | rec 0.0202 | feat 0.0870 | train_acc 39.10%
[Stage1/AE] ep 402/600 | loss 0.1060 | rec 0.0201 | feat 0.0859 | train_acc 38.92%
[Stage1/AE] ep 403/600 | loss 0.1056 | rec 0.0200 | feat 0.0856 | train_acc 38.31%
[Stage1/AE] ep 404/600 | loss 0.1070 | rec 0.0200 | feat 0.0870 | train_acc 39.15%
[Stage1/AE] ep 405/600 | loss 0.1067 | rec 0.0199 | feat 0.0868 | train_acc 38.76%
[Stage1/AE] ep 406/600 | loss 0.1052 | rec 0.0200 | feat 0.0851 | train_acc 38.81%
[Stage1/AE] ep 407/600 | loss 0.1071 | rec 0.0198 | feat 0.0873 | train_acc 38.92%
[Stage1/AE] ep 408/600 | loss 0.1050 | rec 0.0198 | feat 0.0852 | train_acc 39.23%
[Stage1/AE] ep 409/600 | loss 0.1039 | rec 0.0201 | feat 0.0839 | train_acc 38.88%
[Stage1/AE] ep 410/600 | loss 0.1079 | rec 0.0200 | feat 0.0879 | train_acc 38.86%
[Stage1/AE] ep 411/600 | loss 0.1041 | rec 0.0199 | feat 0.0842 | train_acc 39.11%
[Stage1/AE] ep 412/600 | loss 0.1044 | rec 0.0199 | feat 0.0845 | train_acc 39.09%
[Stage1/AE] ep 413/600 | loss 0.1077 | rec 0.0201 | feat 0.0876 | train_acc 38.70%
[Stage1/AE] ep 414/600 | loss 0.1076 | rec 0.0200 | feat 0.0876 | train_acc 38.27%
[Stage1/AE] ep 415/600 | loss 0.1040 | rec 0.0199 | feat 0.0841 | train_acc 39.09%
[Stage1/AE] ep 416/600 | loss 0.1075 | rec 0.0200 | feat 0.0875 | train_acc 39.01%
[Stage1/AE] ep 417/600 | loss 0.1059 | rec 0.0200 | feat 0.0859 | train_acc 38.73%
[Stage1/AE] ep 418/600 | loss 0.1061 | rec 0.0201 | feat 0.0860 | train_acc 38.79%
[Stage1/AE] ep 419/600 | loss 0.1037 | rec 0.0200 | feat 0.0837 | train_acc 39.20%
[Stage1/AE] ep 420/600 | loss 0.1061 | rec 0.0199 | feat 0.0862 | train_acc 38.89%
[Stage1/AE] ep 421/600 | loss 0.1051 | rec 0.0198 | feat 0.0853 | train_acc 39.17%
[Stage1/AE] ep 422/600 | loss 0.1047 | rec 0.0199 | feat 0.0847 | train_acc 39.09%
[Stage1/AE] ep 423/600 | loss 0.1040 | rec 0.0200 | feat 0.0840 | train_acc 39.10%
[Stage1/AE] ep 424/600 | loss 0.1049 | rec 0.0200 | feat 0.0849 | train_acc 39.46%
[Stage1/AE] ep 425/600 | loss 0.1064 | rec 0.0200 | feat 0.0864 | train_acc 39.09%
[Stage1/AE] ep 426/600 | loss 0.1044 | rec 0.0200 | feat 0.0844 | train_acc 39.10%
[Stage1/AE] ep 427/600 | loss 0.1054 | rec 0.0199 | feat 0.0856 | train_acc 38.91%
[Stage1/AE] ep 428/600 | loss 0.1042 | rec 0.0198 | feat 0.0845 | train_acc 38.99%
[Stage1/AE] ep 429/600 | loss 0.1063 | rec 0.0199 | feat 0.0864 | train_acc 38.99%
[Stage1/AE] ep 430/600 | loss 0.1053 | rec 0.0198 | feat 0.0855 | train_acc 39.39%
[Stage1/AE] ep 431/600 | loss 0.1045 | rec 0.0199 | feat 0.0846 | train_acc 39.46%
[Stage1/AE] ep 432/600 | loss 0.1048 | rec 0.0198 | feat 0.0850 | train_acc 39.09%
[Stage1/AE] ep 433/600 | loss 0.1068 | rec 0.0199 | feat 0.0869 | train_acc 38.61%
[Stage1/AE] ep 434/600 | loss 0.1068 | rec 0.0200 | feat 0.0868 | train_acc 38.70%
[Stage1/AE] ep 435/600 | loss 0.1062 | rec 0.0197 | feat 0.0865 | train_acc 39.29%
[Stage1/AE] ep 436/600 | loss 0.1060 | rec 0.0198 | feat 0.0862 | train_acc 38.39%
[Stage1/AE] ep 437/600 | loss 0.1059 | rec 0.0199 | feat 0.0860 | train_acc 38.90%
[Stage1/AE] ep 438/600 | loss 0.1033 | rec 0.0199 | feat 0.0834 | train_acc 39.20%
[Stage1/AE] ep 439/600 | loss 0.1050 | rec 0.0199 | feat 0.0851 | train_acc 39.05%
[Stage1/AE] ep 440/600 | loss 0.1048 | rec 0.0199 | feat 0.0849 | train_acc 39.01%
[Stage1/AE] ep 441/600 | loss 0.1035 | rec 0.0199 | feat 0.0836 | train_acc 38.49%
[Stage1/AE] ep 442/600 | loss 0.1039 | rec 0.0199 | feat 0.0841 | train_acc 39.09%
[Stage1/AE] ep 443/600 | loss 0.1045 | rec 0.0200 | feat 0.0845 | train_acc 38.73%
[Stage1/AE] ep 444/600 | loss 0.1066 | rec 0.0198 | feat 0.0868 | train_acc 38.52%
[Stage1/AE] ep 445/600 | loss 0.1062 | rec 0.0199 | feat 0.0863 | train_acc 38.75%
[Stage1/AE] ep 446/600 | loss 0.1033 | rec 0.0199 | feat 0.0834 | train_acc 38.86%
[Stage1/AE] ep 447/600 | loss 0.1037 | rec 0.0199 | feat 0.0838 | train_acc 39.29%
[Stage1/AE] ep 448/600 | loss 0.1043 | rec 0.0198 | feat 0.0845 | train_acc 38.62%
[Stage1/AE] ep 449/600 | loss 0.1041 | rec 0.0198 | feat 0.0843 | train_acc 39.24%
[Stage1/AE] ep 450/600 | loss 0.1031 | rec 0.0197 | feat 0.0834 | train_acc 38.99%
[Stage1/AE] ep 451/600 | loss 0.1044 | rec 0.0200 | feat 0.0844 | train_acc 38.83%
[Stage1/AE] ep 452/600 | loss 0.1050 | rec 0.0198 | feat 0.0852 | train_acc 39.71%
[Stage1/AE] ep 453/600 | loss 0.1048 | rec 0.0199 | feat 0.0849 | train_acc 38.92%
[Stage1/AE] ep 454/600 | loss 0.1045 | rec 0.0199 | feat 0.0846 | train_acc 38.19%
[Stage1/AE] ep 455/600 | loss 0.1043 | rec 0.0199 | feat 0.0844 | train_acc 39.05%
[Stage1/AE] ep 456/600 | loss 0.1046 | rec 0.0196 | feat 0.0850 | train_acc 38.90%
[Stage1/AE] ep 457/600 | loss 0.1058 | rec 0.0199 | feat 0.0859 | train_acc 39.04%
[Stage1/AE] ep 458/600 | loss 0.1057 | rec 0.0199 | feat 0.0859 | train_acc 39.09%
[Stage1/AE] ep 459/600 | loss 0.1035 | rec 0.0196 | feat 0.0839 | train_acc 39.26%
[Stage1/AE] ep 460/600 | loss 0.1052 | rec 0.0198 | feat 0.0854 | train_acc 39.02%
[Stage1/AE] ep 461/600 | loss 0.1042 | rec 0.0198 | feat 0.0844 | train_acc 39.00%
[Stage1/AE] ep 462/600 | loss 0.1040 | rec 0.0200 | feat 0.0841 | train_acc 38.95%
[Stage1/AE] ep 463/600 | loss 0.1042 | rec 0.0197 | feat 0.0845 | train_acc 39.61%
[Stage1/AE] ep 464/600 | loss 0.1041 | rec 0.0198 | feat 0.0843 | train_acc 39.26%
[Stage1/AE] ep 465/600 | loss 0.1047 | rec 0.0197 | feat 0.0850 | train_acc 38.69%
[Stage1/AE] ep 466/600 | loss 0.1048 | rec 0.0197 | feat 0.0851 | train_acc 39.00%
[Stage1/AE] ep 467/600 | loss 0.1054 | rec 0.0199 | feat 0.0855 | train_acc 39.95%
[Stage1/AE] ep 468/600 | loss 0.1063 | rec 0.0198 | feat 0.0865 | train_acc 39.10%
[Stage1/AE] ep 469/600 | loss 0.1023 | rec 0.0196 | feat 0.0827 | train_acc 38.79%
[Stage1/AE] ep 470/600 | loss 0.1031 | rec 0.0197 | feat 0.0834 | train_acc 38.91%
[Stage1/AE] ep 471/600 | loss 0.1034 | rec 0.0198 | feat 0.0836 | train_acc 38.56%
[Stage1/AE] ep 472/600 | loss 0.1059 | rec 0.0198 | feat 0.0861 | train_acc 38.91%
[Stage1/AE] ep 473/600 | loss 0.1035 | rec 0.0198 | feat 0.0838 | train_acc 38.94%
[Stage1/AE] ep 474/600 | loss 0.1034 | rec 0.0199 | feat 0.0835 | train_acc 38.79%
[Stage1/AE] ep 475/600 | loss 0.1055 | rec 0.0198 | feat 0.0856 | train_acc 38.84%
[Stage1/AE] ep 476/600 | loss 0.1044 | rec 0.0198 | feat 0.0846 | train_acc 39.15%
[Stage1/AE] ep 477/600 | loss 0.1043 | rec 0.0198 | feat 0.0845 | train_acc 39.41%
[Stage1/AE] ep 478/600 | loss 0.1043 | rec 0.0198 | feat 0.0845 | train_acc 39.29%
[Stage1/AE] ep 479/600 | loss 0.1036 | rec 0.0198 | feat 0.0838 | train_acc 39.08%
[Stage1/AE] ep 480/600 | loss 0.1032 | rec 0.0196 | feat 0.0836 | train_acc 39.44%
[Stage1/AE] ep 481/600 | loss 0.1052 | rec 0.0198 | feat 0.0854 | train_acc 38.92%
[Stage1/AE] ep 482/600 | loss 0.1046 | rec 0.0196 | feat 0.0850 | train_acc 38.54%
[Stage1/AE] ep 483/600 | loss 0.1023 | rec 0.0198 | feat 0.0825 | train_acc 39.25%
[Stage1/AE] ep 484/600 | loss 0.1053 | rec 0.0197 | feat 0.0856 | train_acc 38.65%
[Stage1/AE] ep 485/600 | loss 0.1049 | rec 0.0198 | feat 0.0851 | train_acc 39.06%
[Stage1/AE] ep 486/600 | loss 0.1025 | rec 0.0197 | feat 0.0829 | train_acc 38.94%
[Stage1/AE] ep 487/600 | loss 0.1036 | rec 0.0198 | feat 0.0839 | train_acc 39.75%
[Stage1/AE] ep 488/600 | loss 0.1039 | rec 0.0197 | feat 0.0842 | train_acc 38.86%
[Stage1/AE] ep 489/600 | loss 0.1058 | rec 0.0197 | feat 0.0861 | train_acc 38.84%
[Stage1/AE] ep 490/600 | loss 0.1036 | rec 0.0197 | feat 0.0839 | train_acc 39.17%
[Stage1/AE] ep 491/600 | loss 0.1049 | rec 0.0197 | feat 0.0852 | train_acc 39.10%
[Stage1/AE] ep 492/600 | loss 0.1040 | rec 0.0197 | feat 0.0843 | train_acc 38.86%
[Stage1/AE] ep 493/600 | loss 0.1030 | rec 0.0198 | feat 0.0832 | train_acc 38.79%
[Stage1/AE] ep 494/600 | loss 0.1038 | rec 0.0197 | feat 0.0841 | train_acc 39.01%
[Stage1/AE] ep 495/600 | loss 0.1057 | rec 0.0198 | feat 0.0859 | train_acc 39.00%
[Stage1/AE] ep 496/600 | loss 0.1039 | rec 0.0197 | feat 0.0842 | train_acc 39.00%
[Stage1/AE] ep 497/600 | loss 0.1029 | rec 0.0195 | feat 0.0834 | train_acc 39.67%
[Stage1/AE] ep 498/600 | loss 0.1036 | rec 0.0196 | feat 0.0840 | train_acc 38.85%
[Stage1/AE] ep 499/600 | loss 0.1029 | rec 0.0195 | feat 0.0834 | train_acc 38.80%
[Stage1/AE] ep 500/600 | loss 0.1019 | rec 0.0195 | feat 0.0824 | train_acc 38.77%
[Stage1/AE] ep 501/600 | loss 0.1021 | rec 0.0198 | feat 0.0823 | train_acc 38.77%
[Stage1/AE] ep 502/600 | loss 0.1037 | rec 0.0196 | feat 0.0841 | train_acc 38.62%
[Stage1/AE] ep 503/600 | loss 0.1026 | rec 0.0196 | feat 0.0829 | train_acc 38.90%
[Stage1/AE] ep 504/600 | loss 0.1044 | rec 0.0197 | feat 0.0846 | train_acc 38.92%
[Stage1/AE] ep 505/600 | loss 0.1013 | rec 0.0197 | feat 0.0816 | train_acc 39.10%
[Stage1/AE] ep 506/600 | loss 0.1023 | rec 0.0196 | feat 0.0827 | train_acc 38.70%
[Stage1/AE] ep 507/600 | loss 0.1039 | rec 0.0197 | feat 0.0842 | train_acc 39.48%
[Stage1/AE] ep 508/600 | loss 0.1019 | rec 0.0195 | feat 0.0824 | train_acc 39.24%
[Stage1/AE] ep 509/600 | loss 0.1041 | rec 0.0197 | feat 0.0845 | train_acc 39.04%
[Stage1/AE] ep 510/600 | loss 0.1026 | rec 0.0197 | feat 0.0829 | train_acc 39.01%
[Stage1/AE] ep 511/600 | loss 0.1033 | rec 0.0196 | feat 0.0837 | train_acc 38.96%
[Stage1/AE] ep 512/600 | loss 0.1026 | rec 0.0197 | feat 0.0829 | train_acc 39.10%
[Stage1/AE] ep 513/600 | loss 0.1032 | rec 0.0198 | feat 0.0835 | train_acc 38.94%
[Stage1/AE] ep 514/600 | loss 0.1021 | rec 0.0194 | feat 0.0827 | train_acc 38.79%
[Stage1/AE] ep 515/600 | loss 0.1026 | rec 0.0197 | feat 0.0830 | train_acc 39.08%
[Stage1/AE] ep 516/600 | loss 0.1046 | rec 0.0196 | feat 0.0850 | train_acc 39.17%
[Stage1/AE] ep 517/600 | loss 0.1029 | rec 0.0196 | feat 0.0833 | train_acc 39.38%
[Stage1/AE] ep 518/600 | loss 0.1024 | rec 0.0197 | feat 0.0828 | train_acc 38.88%
[Stage1/AE] ep 519/600 | loss 0.1046 | rec 0.0196 | feat 0.0850 | train_acc 38.69%
[Stage1/AE] ep 520/600 | loss 0.1037 | rec 0.0197 | feat 0.0840 | train_acc 39.11%
[Stage1/AE] ep 521/600 | loss 0.1016 | rec 0.0195 | feat 0.0821 | train_acc 39.09%
[Stage1/AE] ep 522/600 | loss 0.1018 | rec 0.0196 | feat 0.0822 | train_acc 38.96%
[Stage1/AE] ep 523/600 | loss 0.1027 | rec 0.0197 | feat 0.0830 | train_acc 39.16%
[Stage1/AE] ep 524/600 | loss 0.1019 | rec 0.0196 | feat 0.0823 | train_acc 39.09%
[Stage1/AE] ep 525/600 | loss 0.1027 | rec 0.0194 | feat 0.0833 | train_acc 38.80%
[Stage1/AE] ep 526/600 | loss 0.1024 | rec 0.0197 | feat 0.0827 | train_acc 38.76%
[Stage1/AE] ep 527/600 | loss 0.1023 | rec 0.0196 | feat 0.0826 | train_acc 39.01%
[Stage1/AE] ep 528/600 | loss 0.1025 | rec 0.0195 | feat 0.0830 | train_acc 38.88%
[Stage1/AE] ep 529/600 | loss 0.1005 | rec 0.0196 | feat 0.0809 | train_acc 38.55%
[Stage1/AE] ep 530/600 | loss 0.1046 | rec 0.0197 | feat 0.0849 | train_acc 38.83%
[Stage1/AE] ep 531/600 | loss 0.1023 | rec 0.0195 | feat 0.0829 | train_acc 39.12%
[Stage1/AE] ep 532/600 | loss 0.1028 | rec 0.0197 | feat 0.0831 | train_acc 39.26%
[Stage1/AE] ep 533/600 | loss 0.1036 | rec 0.0196 | feat 0.0840 | train_acc 39.44%
[Stage1/AE] ep 534/600 | loss 0.1021 | rec 0.0194 | feat 0.0827 | train_acc 38.91%
[Stage1/AE] ep 535/600 | loss 0.1020 | rec 0.0196 | feat 0.0824 | train_acc 38.67%
[Stage1/AE] ep 536/600 | loss 0.1019 | rec 0.0197 | feat 0.0821 | train_acc 39.48%
[Stage1/AE] ep 537/600 | loss 0.1024 | rec 0.0196 | feat 0.0829 | train_acc 38.73%
[Stage1/AE] ep 538/600 | loss 0.1027 | rec 0.0194 | feat 0.0832 | train_acc 38.89%
[Stage1/AE] ep 539/600 | loss 0.1036 | rec 0.0197 | feat 0.0839 | train_acc 38.84%
[Stage1/AE] ep 540/600 | loss 0.1014 | rec 0.0195 | feat 0.0819 | train_acc 38.92%
[Stage1/AE] ep 541/600 | loss 0.1037 | rec 0.0196 | feat 0.0841 | train_acc 39.35%
[Stage1/AE] ep 542/600 | loss 0.1023 | rec 0.0196 | feat 0.0827 | train_acc 39.02%
[Stage1/AE] ep 543/600 | loss 0.1027 | rec 0.0196 | feat 0.0831 | train_acc 38.71%
[Stage1/AE] ep 544/600 | loss 0.1034 | rec 0.0196 | feat 0.0838 | train_acc 38.92%
[Stage1/AE] ep 545/600 | loss 0.1023 | rec 0.0196 | feat 0.0827 | train_acc 38.73%
[Stage1/AE] ep 546/600 | loss 0.1013 | rec 0.0196 | feat 0.0817 | train_acc 38.60%
[Stage1/AE] ep 547/600 | loss 0.1012 | rec 0.0194 | feat 0.0817 | train_acc 39.17%
[Stage1/AE] ep 548/600 | loss 0.1030 | rec 0.0194 | feat 0.0836 | train_acc 38.98%
[Stage1/AE] ep 549/600 | loss 0.1024 | rec 0.0194 | feat 0.0830 | train_acc 38.79%
[Stage1/AE] ep 550/600 | loss 0.1034 | rec 0.0195 | feat 0.0839 | train_acc 38.55%
[Stage1/AE] ep 551/600 | loss 0.1012 | rec 0.0196 | feat 0.0816 | train_acc 38.89%
[Stage1/AE] ep 552/600 | loss 0.1032 | rec 0.0196 | feat 0.0835 | train_acc 39.00%
[Stage1/AE] ep 553/600 | loss 0.1010 | rec 0.0195 | feat 0.0815 | train_acc 39.12%
[Stage1/AE] ep 554/600 | loss 0.1038 | rec 0.0194 | feat 0.0845 | train_acc 39.01%
[Stage1/AE] ep 555/600 | loss 0.1018 | rec 0.0195 | feat 0.0823 | train_acc 39.09%
[Stage1/AE] ep 556/600 | loss 0.1005 | rec 0.0196 | feat 0.0810 | train_acc 39.46%
[Stage1/AE] ep 557/600 | loss 0.1035 | rec 0.0195 | feat 0.0840 | train_acc 38.89%
[Stage1/AE] ep 558/600 | loss 0.1021 | rec 0.0195 | feat 0.0826 | train_acc 38.98%
[Stage1/AE] ep 559/600 | loss 0.1040 | rec 0.0195 | feat 0.0845 | train_acc 39.11%
[Stage1/AE] ep 560/600 | loss 0.1024 | rec 0.0195 | feat 0.0829 | train_acc 39.01%
[Stage1/AE] ep 561/600 | loss 0.1029 | rec 0.0196 | feat 0.0832 | train_acc 39.17%
[Stage1/AE] ep 562/600 | loss 0.1031 | rec 0.0194 | feat 0.0836 | train_acc 39.15%
[Stage1/AE] ep 563/600 | loss 0.1036 | rec 0.0195 | feat 0.0840 | train_acc 39.12%
[Stage1/AE] ep 564/600 | loss 0.1018 | rec 0.0195 | feat 0.0822 | train_acc 38.75%
[Stage1/AE] ep 565/600 | loss 0.1025 | rec 0.0195 | feat 0.0830 | train_acc 38.98%
[Stage1/AE] ep 566/600 | loss 0.1004 | rec 0.0194 | feat 0.0809 | train_acc 39.20%
[Stage1/AE] ep 567/600 | loss 0.1043 | rec 0.0194 | feat 0.0849 | train_acc 39.04%
[Stage1/AE] ep 568/600 | loss 0.1024 | rec 0.0196 | feat 0.0827 | train_acc 38.79%
[Stage1/AE] ep 569/600 | loss 0.1034 | rec 0.0196 | feat 0.0838 | train_acc 38.66%
[Stage1/AE] ep 570/600 | loss 0.1027 | rec 0.0193 | feat 0.0834 | train_acc 38.51%
[Stage1/AE] ep 571/600 | loss 0.1015 | rec 0.0194 | feat 0.0821 | train_acc 39.05%
[Stage1/AE] ep 572/600 | loss 0.1020 | rec 0.0194 | feat 0.0826 | train_acc 38.94%
[Stage1/AE] ep 573/600 | loss 0.1027 | rec 0.0196 | feat 0.0831 | train_acc 39.14%
[Stage1/AE] ep 574/600 | loss 0.1020 | rec 0.0195 | feat 0.0825 | train_acc 38.84%
[Stage1/AE] ep 575/600 | loss 0.1016 | rec 0.0194 | feat 0.0822 | train_acc 38.56%
[Stage1/AE] ep 576/600 | loss 0.1009 | rec 0.0194 | feat 0.0815 | train_acc 38.61%
[Stage1/AE] ep 577/600 | loss 0.1018 | rec 0.0193 | feat 0.0825 | train_acc 39.04%
[Stage1/AE] ep 578/600 | loss 0.1020 | rec 0.0195 | feat 0.0826 | train_acc 39.11%
[Stage1/AE] ep 579/600 | loss 0.1019 | rec 0.0195 | feat 0.0825 | train_acc 38.74%
[Stage1/AE] ep 580/600 | loss 0.1015 | rec 0.0193 | feat 0.0822 | train_acc 38.95%
[Stage1/AE] ep 581/600 | loss 0.1008 | rec 0.0195 | feat 0.0814 | train_acc 38.81%
[Stage1/AE] ep 582/600 | loss 0.1017 | rec 0.0194 | feat 0.0823 | train_acc 39.11%
[Stage1/AE] ep 583/600 | loss 0.1035 | rec 0.0194 | feat 0.0841 | train_acc 38.64%
[Stage1/AE] ep 584/600 | loss 0.1030 | rec 0.0194 | feat 0.0836 | train_acc 38.56%
[Stage1/AE] ep 585/600 | loss 0.1026 | rec 0.0195 | feat 0.0832 | train_acc 38.51%
[Stage1/AE] ep 586/600 | loss 0.1029 | rec 0.0194 | feat 0.0836 | train_acc 38.74%
[Stage1/AE] ep 587/600 | loss 0.1035 | rec 0.0194 | feat 0.0841 | train_acc 38.77%
[Stage1/AE] ep 588/600 | loss 0.1025 | rec 0.0194 | feat 0.0831 | train_acc 38.46%
[Stage1/AE] ep 589/600 | loss 0.1012 | rec 0.0194 | feat 0.0818 | train_acc 38.88%
[Stage1/AE] ep 590/600 | loss 0.1017 | rec 0.0195 | feat 0.0823 | train_acc 39.15%
[Stage1/AE] ep 591/600 | loss 0.1030 | rec 0.0196 | feat 0.0834 | train_acc 39.29%
[Stage1/AE] ep 592/600 | loss 0.1018 | rec 0.0196 | feat 0.0822 | train_acc 39.20%
[Stage1/AE] ep 593/600 | loss 0.1015 | rec 0.0194 | feat 0.0822 | train_acc 39.60%
[Stage1/AE] ep 594/600 | loss 0.1030 | rec 0.0193 | feat 0.0837 | train_acc 38.77%
[Stage1/AE] ep 595/600 | loss 0.1040 | rec 0.0194 | feat 0.0846 | train_acc 39.46%
[Stage1/AE] ep 596/600 | loss 0.1007 | rec 0.0195 | feat 0.0812 | train_acc 39.09%
[Stage1/AE] ep 597/600 | loss 0.1020 | rec 0.0193 | feat 0.0826 | train_acc 39.34%
[Stage1/AE] ep 598/600 | loss 0.1020 | rec 0.0193 | feat 0.0827 | train_acc 39.10%
[Stage1/AE] ep 599/600 | loss 0.1023 | rec 0.0194 | feat 0.0829 | train_acc 38.67%
[Stage1/AE] ep 600/600 | loss 0.1015 | rec 0.0194 | feat 0.0822 | train_acc 38.45%
[Stage2/Head] ep 1/600 | loss 128.8440 | ce 23.2238 | logit 35.2067 | train_acc 28.05%
[Stage2/Head] ep 2/600 | loss 123.8234 | ce 22.7856 | logit 33.6793 | train_acc 26.56%
[Stage2/Head] ep 3/600 | loss 121.5761 | ce 22.5362 | logit 33.0133 | train_acc 26.56%
[Stage2/Head] ep 4/600 | loss 119.4808 | ce 22.2944 | logit 32.3955 | train_acc 26.56%
[Stage2/Head] ep 5/600 | loss 117.4722 | ce 22.0596 | logit 31.8042 | train_acc 26.56%
[Stage2/Head] ep 6/600 | loss 115.5604 | ce 21.8298 | logit 31.2435 | train_acc 26.56%
[Stage2/Head] ep 7/600 | loss 113.7535 | ce 21.6036 | logit 30.7166 | train_acc 26.56%
[Stage2/Head] ep 8/600 | loss 111.9835 | ce 21.3822 | logit 30.2004 | train_acc 26.56%
[Stage2/Head] ep 9/600 | loss 110.2627 | ce 21.1653 | logit 29.6991 | train_acc 26.56%
[Stage2/Head] ep 10/600 | loss 108.6250 | ce 20.9515 | logit 29.2245 | train_acc 26.56%
[Stage2/Head] ep 11/600 | loss 107.0116 | ce 20.7422 | logit 28.7565 | train_acc 26.56%
[Stage2/Head] ep 12/600 | loss 105.4412 | ce 20.5367 | logit 28.3015 | train_acc 26.56%
[Stage2/Head] ep 13/600 | loss 103.9091 | ce 20.3352 | logit 27.8580 | train_acc 26.56%
[Stage2/Head] ep 14/600 | loss 102.4190 | ce 20.1375 | logit 27.4272 | train_acc 26.56%
[Stage2/Head] ep 15/600 | loss 100.9503 | ce 19.9438 | logit 27.0022 | train_acc 26.56%
[Stage2/Head] ep 16/600 | loss 99.5284 | ce 19.7535 | logit 26.5916 | train_acc 26.56%
[Stage2/Head] ep 17/600 | loss 98.1150 | ce 19.5671 | logit 26.1826 | train_acc 26.56%
[Stage2/Head] ep 18/600 | loss 96.7462 | ce 19.3849 | logit 25.7871 | train_acc 26.56%
[Stage2/Head] ep 19/600 | loss 95.3918 | ce 19.2058 | logit 25.3953 | train_acc 26.56%
[Stage2/Head] ep 20/600 | loss 94.0560 | ce 19.0303 | logit 25.0086 | train_acc 26.56%
[Stage2/Head] ep 21/600 | loss 92.7474 | ce 18.8581 | logit 24.6298 | train_acc 26.56%
[Stage2/Head] ep 22/600 | loss 91.4584 | ce 18.6894 | logit 24.2563 | train_acc 26.56%
[Stage2/Head] ep 23/600 | loss 90.1957 | ce 18.5235 | logit 23.8907 | train_acc 26.56%
[Stage2/Head] ep 24/600 | loss 88.9355 | ce 18.3608 | logit 23.5249 | train_acc 26.56%
[Stage2/Head] ep 25/600 | loss 87.7077 | ce 18.2015 | logit 23.1688 | train_acc 26.56%
[Stage2/Head] ep 26/600 | loss 86.4913 | ce 18.0453 | logit 22.8153 | train_acc 26.56%
[Stage2/Head] ep 27/600 | loss 85.2887 | ce 17.8916 | logit 22.4657 | train_acc 26.56%
[Stage2/Head] ep 28/600 | loss 84.1120 | ce 17.7406 | logit 22.1238 | train_acc 26.56%
[Stage2/Head] ep 29/600 | loss 82.9455 | ce 17.5915 | logit 21.7847 | train_acc 26.56%
[Stage2/Head] ep 30/600 | loss 81.7977 | ce 17.4450 | logit 21.4509 | train_acc 26.56%
[Stage2/Head] ep 31/600 | loss 80.6565 | ce 17.3011 | logit 21.1185 | train_acc 26.56%
[Stage2/Head] ep 32/600 | loss 79.5292 | ce 17.1594 | logit 20.7899 | train_acc 26.56%
[Stage2/Head] ep 33/600 | loss 78.4194 | ce 17.0193 | logit 20.4667 | train_acc 26.56%
[Stage2/Head] ep 34/600 | loss 77.3254 | ce 16.8818 | logit 20.1479 | train_acc 26.56%
[Stage2/Head] ep 35/600 | loss 76.2391 | ce 16.7463 | logit 19.8309 | train_acc 26.56%
[Stage2/Head] ep 36/600 | loss 75.1647 | ce 16.6121 | logit 19.5175 | train_acc 26.56%
[Stage2/Head] ep 37/600 | loss 74.1082 | ce 16.4792 | logit 19.2097 | train_acc 26.56%
[Stage2/Head] ep 38/600 | loss 73.0528 | ce 16.3493 | logit 18.9012 | train_acc 26.56%
[Stage2/Head] ep 39/600 | loss 72.0196 | ce 16.2196 | logit 18.6000 | train_acc 26.56%
[Stage2/Head] ep 40/600 | loss 70.9846 | ce 16.0922 | logit 18.2975 | train_acc 26.56%
[Stage2/Head] ep 41/600 | loss 69.9682 | ce 15.9655 | logit 18.0009 | train_acc 26.56%
[Stage2/Head] ep 42/600 | loss 68.9645 | ce 15.8408 | logit 17.7079 | train_acc 26.56%
[Stage2/Head] ep 43/600 | loss 67.9695 | ce 15.7168 | logit 17.4176 | train_acc 26.56%
[Stage2/Head] ep 44/600 | loss 66.9838 | ce 15.5936 | logit 17.1301 | train_acc 26.56%
[Stage2/Head] ep 45/600 | loss 66.0024 | ce 15.4730 | logit 16.8431 | train_acc 26.56%
[Stage2/Head] ep 46/600 | loss 65.0369 | ce 15.3516 | logit 16.5618 | train_acc 26.56%
[Stage2/Head] ep 47/600 | loss 64.0738 | ce 15.2319 | logit 16.2807 | train_acc 26.56%
[Stage2/Head] ep 48/600 | loss 63.1351 | ce 15.1128 | logit 16.0074 | train_acc 26.56%
[Stage2/Head] ep 49/600 | loss 62.1918 | ce 14.9962 | logit 15.7319 | train_acc 26.56%
[Stage2/Head] ep 50/600 | loss 61.2669 | ce 14.8784 | logit 15.4628 | train_acc 26.56%
[Stage2/Head] ep 51/600 | loss 60.3459 | ce 14.7617 | logit 15.1947 | train_acc 26.56%
[Stage2/Head] ep 52/600 | loss 59.4393 | ce 14.6460 | logit 14.9311 | train_acc 26.56%
[Stage2/Head] ep 53/600 | loss 58.5383 | ce 14.5317 | logit 14.6688 | train_acc 26.56%
[Stage2/Head] ep 54/600 | loss 57.6479 | ce 14.4160 | logit 14.4106 | train_acc 26.56%
[Stage2/Head] ep 55/600 | loss 56.7625 | ce 14.3021 | logit 14.1535 | train_acc 26.56%
[Stage2/Head] ep 56/600 | loss 55.8880 | ce 14.1887 | logit 13.8998 | train_acc 26.56%
[Stage2/Head] ep 57/600 | loss 55.0238 | ce 14.0752 | logit 13.6495 | train_acc 26.56%
[Stage2/Head] ep 58/600 | loss 54.1667 | ce 13.9632 | logit 13.4012 | train_acc 26.56%
[Stage2/Head] ep 59/600 | loss 53.3178 | ce 13.8507 | logit 13.1557 | train_acc 26.56%
[Stage2/Head] ep 60/600 | loss 52.4758 | ce 13.7393 | logit 12.9122 | train_acc 26.56%
[Stage2/Head] ep 61/600 | loss 51.6493 | ce 13.6265 | logit 12.6743 | train_acc 26.56%
[Stage2/Head] ep 62/600 | loss 50.8272 | ce 13.5152 | logit 12.4373 | train_acc 26.56%
[Stage2/Head] ep 63/600 | loss 50.0141 | ce 13.4036 | logit 12.2035 | train_acc 26.56%
[Stage2/Head] ep 64/600 | loss 49.2099 | ce 13.2937 | logit 11.9721 | train_acc 26.56%
[Stage2/Head] ep 65/600 | loss 48.4116 | ce 13.1826 | logit 11.7430 | train_acc 26.56%
[Stage2/Head] ep 66/600 | loss 47.6267 | ce 13.0718 | logit 11.5183 | train_acc 26.56%
[Stage2/Head] ep 67/600 | loss 46.8405 | ce 12.9611 | logit 11.2932 | train_acc 26.56%
[Stage2/Head] ep 68/600 | loss 46.0782 | ce 12.8517 | logit 11.0755 | train_acc 26.56%
[Stage2/Head] ep 69/600 | loss 45.3154 | ce 12.7427 | logit 10.8576 | train_acc 26.56%
[Stage2/Head] ep 70/600 | loss 44.5587 | ce 12.6338 | logit 10.6417 | train_acc 26.56%
[Stage2/Head] ep 71/600 | loss 43.8174 | ce 12.5249 | logit 10.4308 | train_acc 26.56%
[Stage2/Head] ep 72/600 | loss 43.0769 | ce 12.4165 | logit 10.2201 | train_acc 26.56%
[Stage2/Head] ep 73/600 | loss 42.3494 | ce 12.3073 | logit 10.0141 | train_acc 26.56%
[Stage2/Head] ep 74/600 | loss 41.6296 | ce 12.1967 | logit 9.8110 | train_acc 26.56%
[Stage2/Head] ep 75/600 | loss 40.9177 | ce 12.0882 | logit 9.6098 | train_acc 26.56%
[Stage2/Head] ep 76/600 | loss 40.2133 | ce 11.9809 | logit 9.4108 | train_acc 26.56%
[Stage2/Head] ep 77/600 | loss 39.5163 | ce 11.8739 | logit 9.2142 | train_acc 26.56%
[Stage2/Head] ep 78/600 | loss 38.8277 | ce 11.7638 | logit 9.0213 | train_acc 26.56%
[Stage2/Head] ep 79/600 | loss 38.1503 | ce 11.6552 | logit 8.8317 | train_acc 26.56%
[Stage2/Head] ep 80/600 | loss 37.4741 | ce 11.5482 | logit 8.6420 | train_acc 26.56%
[Stage2/Head] ep 81/600 | loss 36.8104 | ce 11.4413 | logit 8.4564 | train_acc 26.56%
[Stage2/Head] ep 82/600 | loss 36.1559 | ce 11.3353 | logit 8.2736 | train_acc 26.56%
[Stage2/Head] ep 83/600 | loss 35.5083 | ce 11.2273 | logit 8.0937 | train_acc 26.56%
[Stage2/Head] ep 84/600 | loss 34.8712 | ce 11.1203 | logit 7.9170 | train_acc 26.56%
[Stage2/Head] ep 85/600 | loss 34.2380 | ce 11.0121 | logit 7.7420 | train_acc 26.56%
[Stage2/Head] ep 86/600 | loss 33.6131 | ce 10.9068 | logit 7.5688 | train_acc 26.56%
[Stage2/Head] ep 87/600 | loss 32.9995 | ce 10.8015 | logit 7.3994 | train_acc 26.56%
[Stage2/Head] ep 88/600 | loss 32.3890 | ce 10.6941 | logit 7.2316 | train_acc 26.56%
[Stage2/Head] ep 89/600 | loss 31.7930 | ce 10.5873 | logit 7.0686 | train_acc 26.56%
[Stage2/Head] ep 90/600 | loss 31.1967 | ce 10.4861 | logit 6.9035 | train_acc 26.56%
[Stage2/Head] ep 91/600 | loss 30.6112 | ce 10.3761 | logit 6.7450 | train_acc 26.56%
[Stage2/Head] ep 92/600 | loss 30.0361 | ce 10.2724 | logit 6.5879 | train_acc 26.56%
[Stage2/Head] ep 93/600 | loss 29.4695 | ce 10.1664 | logit 6.4344 | train_acc 26.56%
[Stage2/Head] ep 94/600 | loss 28.9091 | ce 10.0621 | logit 6.2823 | train_acc 26.56%
[Stage2/Head] ep 95/600 | loss 28.3553 | ce 9.9570 | logit 6.1328 | train_acc 26.56%
[Stage2/Head] ep 96/600 | loss 27.8073 | ce 9.8530 | logit 5.9848 | train_acc 26.56%
[Stage2/Head] ep 97/600 | loss 27.2702 | ce 9.7474 | logit 5.8409 | train_acc 26.56%
[Stage2/Head] ep 98/600 | loss 26.7404 | ce 9.6462 | logit 5.6981 | train_acc 26.56%
[Stage2/Head] ep 99/600 | loss 26.2123 | ce 9.5416 | logit 5.5569 | train_acc 26.56%
[Stage2/Head] ep 100/600 | loss 25.7007 | ce 9.4353 | logit 5.4218 | train_acc 26.56%
[Stage2/Head] ep 101/600 | loss 25.1955 | ce 9.3315 | logit 5.2880 | train_acc 26.56%
[Stage2/Head] ep 102/600 | loss 24.6871 | ce 9.2310 | logit 5.1520 | train_acc 26.56%
[Stage2/Head] ep 103/600 | loss 24.2019 | ce 9.1277 | logit 5.0247 | train_acc 26.56%
[Stage2/Head] ep 104/600 | loss 23.7181 | ce 9.0275 | logit 4.8969 | train_acc 26.56%
[Stage2/Head] ep 105/600 | loss 23.2388 | ce 8.9222 | logit 4.7722 | train_acc 26.56%
[Stage2/Head] ep 106/600 | loss 22.7670 | ce 8.8205 | logit 4.6488 | train_acc 26.56%
[Stage2/Head] ep 107/600 | loss 22.3017 | ce 8.7161 | logit 4.5285 | train_acc 26.56%
[Stage2/Head] ep 108/600 | loss 21.8488 | ce 8.6181 | logit 4.4102 | train_acc 26.56%
[Stage2/Head] ep 109/600 | loss 21.4030 | ce 8.5168 | logit 4.2954 | train_acc 26.56%
[Stage2/Head] ep 110/600 | loss 20.9587 | ce 8.4128 | logit 4.1820 | train_acc 26.56%
[Stage2/Head] ep 111/600 | loss 20.5237 | ce 8.3138 | logit 4.0699 | train_acc 26.56%
[Stage2/Head] ep 112/600 | loss 20.0973 | ce 8.2137 | logit 3.9612 | train_acc 26.56%
[Stage2/Head] ep 113/600 | loss 19.6779 | ce 8.1109 | logit 3.8557 | train_acc 26.56%
[Stage2/Head] ep 114/600 | loss 19.2670 | ce 8.0109 | logit 3.7520 | train_acc 26.56%
[Stage2/Head] ep 115/600 | loss 18.8673 | ce 7.9123 | logit 3.6517 | train_acc 26.56%
[Stage2/Head] ep 116/600 | loss 18.4693 | ce 7.8135 | logit 3.5519 | train_acc 26.56%
[Stage2/Head] ep 117/600 | loss 18.0712 | ce 7.7139 | logit 3.4524 | train_acc 26.56%
[Stage2/Head] ep 118/600 | loss 17.6922 | ce 7.6148 | logit 3.3591 | train_acc 26.56%
[Stage2/Head] ep 119/600 | loss 17.3171 | ce 7.5145 | logit 3.2675 | train_acc 26.56%
[Stage2/Head] ep 120/600 | loss 16.9467 | ce 7.4225 | logit 3.1748 | train_acc 26.56%
[Stage2/Head] ep 121/600 | loss 16.5808 | ce 7.3213 | logit 3.0865 | train_acc 26.56%
[Stage2/Head] ep 122/600 | loss 16.2233 | ce 7.2207 | logit 3.0009 | train_acc 26.56%
[Stage2/Head] ep 123/600 | loss 15.8756 | ce 7.1273 | logit 2.9161 | train_acc 26.56%
[Stage2/Head] ep 124/600 | loss 15.5415 | ce 7.0292 | logit 2.8374 | train_acc 26.56%
[Stage2/Head] ep 125/600 | loss 15.2016 | ce 6.9323 | logit 2.7564 | train_acc 26.56%
[Stage2/Head] ep 126/600 | loss 14.8720 | ce 6.8358 | logit 2.6787 | train_acc 26.56%
[Stage2/Head] ep 127/600 | loss 14.5569 | ce 6.7381 | logit 2.6063 | train_acc 26.56%
[Stage2/Head] ep 128/600 | loss 14.2312 | ce 6.6449 | logit 2.5288 | train_acc 26.56%
[Stage2/Head] ep 129/600 | loss 13.9264 | ce 6.5494 | logit 2.4590 | train_acc 26.56%
[Stage2/Head] ep 130/600 | loss 13.6275 | ce 6.4554 | logit 2.3907 | train_acc 26.56%
[Stage2/Head] ep 131/600 | loss 13.3323 | ce 6.3625 | logit 2.3233 | train_acc 26.56%
[Stage2/Head] ep 132/600 | loss 13.0467 | ce 6.2648 | logit 2.2606 | train_acc 26.56%
[Stage2/Head] ep 133/600 | loss 12.7614 | ce 6.1743 | logit 2.1957 | train_acc 26.56%
[Stage2/Head] ep 134/600 | loss 12.4871 | ce 6.0811 | logit 2.1353 | train_acc 26.56%
[Stage2/Head] ep 135/600 | loss 12.2213 | ce 5.9882 | logit 2.0777 | train_acc 26.56%
[Stage2/Head] ep 136/600 | loss 11.9632 | ce 5.8994 | logit 2.0213 | train_acc 26.56%
[Stage2/Head] ep 137/600 | loss 11.7052 | ce 5.8057 | logit 1.9665 | train_acc 26.56%
[Stage2/Head] ep 138/600 | loss 11.4552 | ce 5.7152 | logit 1.9134 | train_acc 26.56%
[Stage2/Head] ep 139/600 | loss 11.2091 | ce 5.6229 | logit 1.8621 | train_acc 26.56%
[Stage2/Head] ep 140/600 | loss 10.9737 | ce 5.5327 | logit 1.8136 | train_acc 26.56%
[Stage2/Head] ep 141/600 | loss 10.7443 | ce 5.4426 | logit 1.7672 | train_acc 26.56%
[Stage2/Head] ep 142/600 | loss 10.5149 | ce 5.3584 | logit 1.7188 | train_acc 26.56%
[Stage2/Head] ep 143/600 | loss 10.2968 | ce 5.2671 | logit 1.6766 | train_acc 26.56%
[Stage2/Head] ep 144/600 | loss 10.0839 | ce 5.1776 | logit 1.6354 | train_acc 26.56%
[Stage2/Head] ep 145/600 | loss 9.8801 | ce 5.0939 | logit 1.5954 | train_acc 26.56%
[Stage2/Head] ep 146/600 | loss 9.6834 | ce 5.0080 | logit 1.5585 | train_acc 26.56%
[Stage2/Head] ep 147/600 | loss 9.4875 | ce 4.9192 | logit 1.5228 | train_acc 26.56%
[Stage2/Head] ep 148/600 | loss 9.2980 | ce 4.8346 | logit 1.4878 | train_acc 26.56%
[Stage2/Head] ep 149/600 | loss 9.1120 | ce 4.7500 | logit 1.4540 | train_acc 26.56%
[Stage2/Head] ep 150/600 | loss 8.9342 | ce 4.6662 | logit 1.4227 | train_acc 26.56%
[Stage2/Head] ep 151/600 | loss 8.7631 | ce 4.5838 | logit 1.3931 | train_acc 26.56%
[Stage2/Head] ep 152/600 | loss 8.5952 | ce 4.5018 | logit 1.3644 | train_acc 26.56%
[Stage2/Head] ep 153/600 | loss 8.4371 | ce 4.4187 | logit 1.3395 | train_acc 26.56%
[Stage2/Head] ep 154/600 | loss 8.2819 | ce 4.3391 | logit 1.3143 | train_acc 26.56%
[Stage2/Head] ep 155/600 | loss 8.1318 | ce 4.2569 | logit 1.2916 | train_acc 26.56%
[Stage2/Head] ep 156/600 | loss 7.9871 | ce 4.1783 | logit 1.2696 | train_acc 26.56%
[Stage2/Head] ep 157/600 | loss 7.8428 | ce 4.0986 | logit 1.2481 | train_acc 26.56%
[Stage2/Head] ep 158/600 | loss 7.7198 | ce 4.0233 | logit 1.2322 | train_acc 26.56%
[Stage2/Head] ep 159/600 | loss 7.5864 | ce 3.9458 | logit 1.2135 | train_acc 26.56%
[Stage2/Head] ep 160/600 | loss 7.4657 | ce 3.8694 | logit 1.1987 | train_acc 26.56%
[Stage2/Head] ep 161/600 | loss 7.3398 | ce 3.7968 | logit 1.1810 | train_acc 26.56%
[Stage2/Head] ep 162/600 | loss 7.2297 | ce 3.7219 | logit 1.1693 | train_acc 26.56%
[Stage2/Head] ep 163/600 | loss 7.1157 | ce 3.6506 | logit 1.1550 | train_acc 26.56%
[Stage2/Head] ep 164/600 | loss 7.0208 | ce 3.5748 | logit 1.1487 | train_acc 26.56%
[Stage2/Head] ep 165/600 | loss 6.9245 | ce 3.5083 | logit 1.1387 | train_acc 26.56%
[Stage2/Head] ep 166/600 | loss 6.8202 | ce 3.4391 | logit 1.1270 | train_acc 26.56%
[Stage2/Head] ep 167/600 | loss 6.7347 | ce 3.3675 | logit 1.1224 | train_acc 26.56%
[Stage2/Head] ep 168/600 | loss 6.6460 | ce 3.3035 | logit 1.1142 | train_acc 26.56%
[Stage2/Head] ep 169/600 | loss 6.5694 | ce 3.2365 | logit 1.1110 | train_acc 26.56%
[Stage2/Head] ep 170/600 | loss 6.4894 | ce 3.1699 | logit 1.1065 | train_acc 26.56%
[Stage2/Head] ep 171/600 | loss 6.4193 | ce 3.1086 | logit 1.1036 | train_acc 26.56%
[Stage2/Head] ep 172/600 | loss 6.3510 | ce 3.0450 | logit 1.1020 | train_acc 26.56%
[Stage2/Head] ep 173/600 | loss 6.2819 | ce 2.9872 | logit 1.0982 | train_acc 26.56%
[Stage2/Head] ep 174/600 | loss 6.2198 | ce 2.9266 | logit 1.0977 | train_acc 26.56%
[Stage2/Head] ep 175/600 | loss 6.1672 | ce 2.8678 | logit 1.0998 | train_acc 26.56%
[Stage2/Head] ep 176/600 | loss 6.1091 | ce 2.8101 | logit 1.0997 | train_acc 26.56%
[Stage2/Head] ep 177/600 | loss 6.0601 | ce 2.7557 | logit 1.1015 | train_acc 26.56%
[Stage2/Head] ep 178/600 | loss 6.0176 | ce 2.7039 | logit 1.1046 | train_acc 26.56%
[Stage2/Head] ep 179/600 | loss 5.9743 | ce 2.6481 | logit 1.1087 | train_acc 26.56%
[Stage2/Head] ep 180/600 | loss 5.9306 | ce 2.6026 | logit 1.1093 | train_acc 26.56%
[Stage2/Head] ep 181/600 | loss 5.8999 | ce 2.5518 | logit 1.1161 | train_acc 26.56%
[Stage2/Head] ep 182/600 | loss 5.8665 | ce 2.5048 | logit 1.1206 | train_acc 26.56%
[Stage2/Head] ep 183/600 | loss 5.8259 | ce 2.4581 | logit 1.1226 | train_acc 26.56%
[Stage2/Head] ep 184/600 | loss 5.7984 | ce 2.4152 | logit 1.1278 | train_acc 26.56%
[Stage2/Head] ep 185/600 | loss 5.7742 | ce 2.3715 | logit 1.1342 | train_acc 26.56%
[Stage2/Head] ep 186/600 | loss 5.7493 | ce 2.3295 | logit 1.1399 | train_acc 26.56%
[Stage2/Head] ep 187/600 | loss 5.7297 | ce 2.2887 | logit 1.1470 | train_acc 26.56%
[Stage2/Head] ep 188/600 | loss 5.7077 | ce 2.2554 | logit 1.1507 | train_acc 26.56%
[Stage2/Head] ep 189/600 | loss 5.6897 | ce 2.2167 | logit 1.1577 | train_acc 26.56%
[Stage2/Head] ep 190/600 | loss 5.6651 | ce 2.1812 | logit 1.1613 | train_acc 26.56%
[Stage2/Head] ep 191/600 | loss 5.6633 | ce 2.1506 | logit 1.1709 | train_acc 26.56%
[Stage2/Head] ep 192/600 | loss 5.6500 | ce 2.1208 | logit 1.1764 | train_acc 26.56%
[Stage2/Head] ep 193/600 | loss 5.6408 | ce 2.0869 | logit 1.1846 | train_acc 26.56%
[Stage2/Head] ep 194/600 | loss 5.6223 | ce 2.0612 | logit 1.1870 | train_acc 26.56%
[Stage2/Head] ep 195/600 | loss 5.6213 | ce 2.0331 | logit 1.1960 | train_acc 26.56%
[Stage2/Head] ep 196/600 | loss 5.6124 | ce 2.0082 | logit 1.2014 | train_acc 26.56%
[Stage2/Head] ep 197/600 | loss 5.6018 | ce 1.9847 | logit 1.2057 | train_acc 26.56%
[Stage2/Head] ep 198/600 | loss 5.6002 | ce 1.9641 | logit 1.2120 | train_acc 26.56%
[Stage2/Head] ep 199/600 | loss 5.5961 | ce 1.9427 | logit 1.2178 | train_acc 26.56%
[Stage2/Head] ep 200/600 | loss 5.5883 | ce 1.9214 | logit 1.2223 | train_acc 26.56%
[Stage2/Head] ep 201/600 | loss 5.5879 | ce 1.9067 | logit 1.2271 | train_acc 26.56%
[Stage2/Head] ep 202/600 | loss 5.5844 | ce 1.8900 | logit 1.2315 | train_acc 26.56%
[Stage2/Head] ep 203/600 | loss 5.5826 | ce 1.8746 | logit 1.2360 | train_acc 26.56%
[Stage2/Head] ep 204/600 | loss 5.5727 | ce 1.8592 | logit 1.2378 | train_acc 26.56%
[Stage2/Head] ep 205/600 | loss 5.5724 | ce 1.8466 | logit 1.2419 | train_acc 26.56%
[Stage2/Head] ep 206/600 | loss 5.5723 | ce 1.8340 | logit 1.2461 | train_acc 26.56%
[Stage2/Head] ep 207/600 | loss 5.5760 | ce 1.8224 | logit 1.2512 | train_acc 26.56%
[Stage2/Head] ep 208/600 | loss 5.5685 | ce 1.8145 | logit 1.2514 | train_acc 26.56%
[Stage2/Head] ep 209/600 | loss 5.5681 | ce 1.8049 | logit 1.2544 | train_acc 26.56%
[Stage2/Head] ep 210/600 | loss 5.5734 | ce 1.7978 | logit 1.2585 | train_acc 26.56%
[Stage2/Head] ep 211/600 | loss 5.5718 | ce 1.7883 | logit 1.2612 | train_acc 26.56%
[Stage2/Head] ep 212/600 | loss 5.5728 | ce 1.7828 | logit 1.2634 | train_acc 26.56%
[Stage2/Head] ep 213/600 | loss 5.5734 | ce 1.7799 | logit 1.2645 | train_acc 26.56%
[Stage2/Head] ep 214/600 | loss 5.5689 | ce 1.7699 | logit 1.2663 | train_acc 26.56%
[Stage2/Head] ep 215/600 | loss 5.5768 | ce 1.7676 | logit 1.2697 | train_acc 26.56%
[Stage2/Head] ep 216/600 | loss 5.5674 | ce 1.7653 | logit 1.2674 | train_acc 26.56%
[Stage2/Head] ep 217/600 | loss 5.5718 | ce 1.7610 | logit 1.2703 | train_acc 26.56%
[Stage2/Head] ep 218/600 | loss 5.5775 | ce 1.7565 | logit 1.2737 | train_acc 26.56%
[Stage2/Head] ep 219/600 | loss 5.5697 | ce 1.7537 | logit 1.2720 | train_acc 26.56%
[Stage2/Head] ep 220/600 | loss 5.5712 | ce 1.7525 | logit 1.2729 | train_acc 26.56%
[Stage2/Head] ep 221/600 | loss 5.5772 | ce 1.7525 | logit 1.2749 | train_acc 26.56%
[Stage2/Head] ep 222/600 | loss 5.5727 | ce 1.7512 | logit 1.2738 | train_acc 26.56%
[Stage2/Head] ep 223/600 | loss 5.5776 | ce 1.7490 | logit 1.2762 | train_acc 26.56%
[Stage2/Head] ep 224/600 | loss 5.5719 | ce 1.7441 | logit 1.2759 | train_acc 26.56%
[Stage2/Head] ep 225/600 | loss 5.5742 | ce 1.7477 | logit 1.2755 | train_acc 26.56%
[Stage2/Head] ep 226/600 | loss 5.5750 | ce 1.7434 | logit 1.2772 | train_acc 26.56%
[Stage2/Head] ep 227/600 | loss 5.5704 | ce 1.7459 | logit 1.2748 | train_acc 26.56%
[Stage2/Head] ep 228/600 | loss 5.5642 | ce 1.7465 | logit 1.2726 | train_acc 26.56%
[Stage2/Head] ep 229/600 | loss 5.5712 | ce 1.7430 | logit 1.2761 | train_acc 26.56%
[Stage2/Head] ep 230/600 | loss 5.5763 | ce 1.7436 | logit 1.2775 | train_acc 26.56%
[Stage2/Head] ep 231/600 | loss 5.5732 | ce 1.7447 | logit 1.2762 | train_acc 26.56%
[Stage2/Head] ep 232/600 | loss 5.5706 | ce 1.7420 | logit 1.2762 | train_acc 26.56%
[Stage2/Head] ep 233/600 | loss 5.5697 | ce 1.7425 | logit 1.2757 | train_acc 26.56%
[Stage2/Head] ep 234/600 | loss 5.5694 | ce 1.7428 | logit 1.2755 | train_acc 26.56%
[Stage2/Head] ep 235/600 | loss 5.5709 | ce 1.7458 | logit 1.2750 | train_acc 26.56%
[Stage2/Head] ep 236/600 | loss 5.5719 | ce 1.7390 | logit 1.2776 | train_acc 26.56%
[Stage2/Head] ep 237/600 | loss 5.5710 | ce 1.7426 | logit 1.2762 | train_acc 26.56%
[Stage2/Head] ep 238/600 | loss 5.5653 | ce 1.7445 | logit 1.2736 | train_acc 26.56%
[Stage2/Head] ep 239/600 | loss 5.5737 | ce 1.7448 | logit 1.2763 | train_acc 26.56%
[Stage2/Head] ep 240/600 | loss 5.5688 | ce 1.7440 | logit 1.2749 | train_acc 26.56%
[Stage2/Head] ep 241/600 | loss 5.5741 | ce 1.7444 | logit 1.2766 | train_acc 26.56%
[Stage2/Head] ep 242/600 | loss 5.5666 | ce 1.7407 | logit 1.2753 | train_acc 26.56%
[Stage2/Head] ep 243/600 | loss 5.5691 | ce 1.7439 | logit 1.2751 | train_acc 26.56%
[Stage2/Head] ep 244/600 | loss 5.5731 | ce 1.7415 | logit 1.2772 | train_acc 26.56%
[Stage2/Head] ep 245/600 | loss 5.5741 | ce 1.7442 | logit 1.2767 | train_acc 26.56%
[Stage2/Head] ep 246/600 | loss 5.5710 | ce 1.7436 | logit 1.2758 | train_acc 26.56%
[Stage2/Head] ep 247/600 | loss 5.5684 | ce 1.7408 | logit 1.2759 | train_acc 26.56%
[Stage2/Head] ep 248/600 | loss 5.5656 | ce 1.7445 | logit 1.2737 | train_acc 26.56%
[Stage2/Head] ep 249/600 | loss 5.5668 | ce 1.7411 | logit 1.2752 | train_acc 26.56%
[Stage2/Head] ep 250/600 | loss 5.5706 | ce 1.7437 | logit 1.2756 | train_acc 26.56%
[Stage2/Head] ep 251/600 | loss 5.5676 | ce 1.7447 | logit 1.2743 | train_acc 26.56%
[Stage2/Head] ep 252/600 | loss 5.5734 | ce 1.7363 | logit 1.2791 | train_acc 26.56%
[Stage2/Head] ep 253/600 | loss 5.5699 | ce 1.7415 | logit 1.2761 | train_acc 26.56%
[Stage2/Head] ep 254/600 | loss 5.5704 | ce 1.7428 | logit 1.2759 | train_acc 26.56%
[Stage2/Head] ep 255/600 | loss 5.5694 | ce 1.7409 | logit 1.2761 | train_acc 26.56%
[Stage2/Head] ep 256/600 | loss 5.5754 | ce 1.7422 | logit 1.2777 | train_acc 26.56%
[Stage2/Head] ep 257/600 | loss 5.5631 | ce 1.7419 | logit 1.2738 | train_acc 26.56%
[Stage2/Head] ep 258/600 | loss 5.5666 | ce 1.7467 | logit 1.2733 | train_acc 26.56%
[Stage2/Head] ep 259/600 | loss 5.5670 | ce 1.7429 | logit 1.2747 | train_acc 26.56%
[Stage2/Head] ep 260/600 | loss 5.5715 | ce 1.7391 | logit 1.2775 | train_acc 26.56%
[Stage2/Head] ep 261/600 | loss 5.5718 | ce 1.7418 | logit 1.2767 | train_acc 26.56%
[Stage2/Head] ep 262/600 | loss 5.5726 | ce 1.7401 | logit 1.2775 | train_acc 26.56%
[Stage2/Head] ep 263/600 | loss 5.5697 | ce 1.7406 | logit 1.2764 | train_acc 26.56%
[Stage2/Head] ep 264/600 | loss 5.5737 | ce 1.7445 | logit 1.2764 | train_acc 26.56%
[Stage2/Head] ep 265/600 | loss 5.5692 | ce 1.7428 | logit 1.2755 | train_acc 26.56%
[Stage2/Head] ep 266/600 | loss 5.5687 | ce 1.7439 | logit 1.2749 | train_acc 26.56%
[Stage2/Head] ep 267/600 | loss 5.5678 | ce 1.7412 | logit 1.2755 | train_acc 26.56%
[Stage2/Head] ep 268/600 | loss 5.5690 | ce 1.7411 | logit 1.2760 | train_acc 26.56%
[Stage2/Head] ep 269/600 | loss 5.5763 | ce 1.7435 | logit 1.2776 | train_acc 26.56%
[Stage2/Head] ep 270/600 | loss 5.5621 | ce 1.7427 | logit 1.2731 | train_acc 26.56%
[Stage2/Head] ep 271/600 | loss 5.5690 | ce 1.7412 | logit 1.2760 | train_acc 26.56%
[Stage2/Head] ep 272/600 | loss 5.5708 | ce 1.7418 | logit 1.2763 | train_acc 26.56%
[Stage2/Head] ep 273/600 | loss 5.5645 | ce 1.7438 | logit 1.2736 | train_acc 26.56%
[Stage2/Head] ep 274/600 | loss 5.5705 | ce 1.7426 | logit 1.2760 | train_acc 26.56%
[Stage2/Head] ep 275/600 | loss 5.5696 | ce 1.7444 | logit 1.2751 | train_acc 26.56%
[Stage2/Head] ep 276/600 | loss 5.5749 | ce 1.7416 | logit 1.2778 | train_acc 26.56%
[Stage2/Head] ep 277/600 | loss 5.5634 | ce 1.7429 | logit 1.2735 | train_acc 26.56%
[Stage2/Head] ep 278/600 | loss 5.5727 | ce 1.7425 | logit 1.2767 | train_acc 26.56%
[Stage2/Head] ep 279/600 | loss 5.5707 | ce 1.7417 | logit 1.2763 | train_acc 26.56%
[Stage2/Head] ep 280/600 | loss 5.5681 | ce 1.7396 | logit 1.2762 | train_acc 26.56%
[Stage2/Head] ep 281/600 | loss 5.5701 | ce 1.7454 | logit 1.2749 | train_acc 26.56%
[Stage2/Head] ep 282/600 | loss 5.5730 | ce 1.7399 | logit 1.2777 | train_acc 26.56%
[Stage2/Head] ep 283/600 | loss 5.5755 | ce 1.7433 | logit 1.2774 | train_acc 26.56%
[Stage2/Head] ep 284/600 | loss 5.5716 | ce 1.7440 | logit 1.2759 | train_acc 26.56%
[Stage2/Head] ep 285/600 | loss 5.5756 | ce 1.7431 | logit 1.2775 | train_acc 26.56%
[Stage2/Head] ep 286/600 | loss 5.5635 | ce 1.7430 | logit 1.2735 | train_acc 26.56%
[Stage2/Head] ep 287/600 | loss 5.5731 | ce 1.7413 | logit 1.2773 | train_acc 26.56%
[Stage2/Head] ep 288/600 | loss 5.5693 | ce 1.7441 | logit 1.2751 | train_acc 26.56%
[Stage2/Head] ep 289/600 | loss 5.5707 | ce 1.7387 | logit 1.2773 | train_acc 26.56%
[Stage2/Head] ep 290/600 | loss 5.5743 | ce 1.7451 | logit 1.2764 | train_acc 26.56%
[Stage2/Head] ep 291/600 | loss 5.5711 | ce 1.7453 | logit 1.2753 | train_acc 26.56%
[Stage2/Head] ep 292/600 | loss 5.5623 | ce 1.7446 | logit 1.2726 | train_acc 26.56%
[Stage2/Head] ep 293/600 | loss 5.5720 | ce 1.7422 | logit 1.2766 | train_acc 26.56%
[Stage2/Head] ep 294/600 | loss 5.5677 | ce 1.7439 | logit 1.2746 | train_acc 26.56%
[Stage2/Head] ep 295/600 | loss 5.5664 | ce 1.7429 | logit 1.2745 | train_acc 26.56%
[Stage2/Head] ep 296/600 | loss 5.5691 | ce 1.7405 | logit 1.2762 | train_acc 26.56%
[Stage2/Head] ep 297/600 | loss 5.5734 | ce 1.7426 | logit 1.2769 | train_acc 26.56%
[Stage2/Head] ep 298/600 | loss 5.5720 | ce 1.7450 | logit 1.2757 | train_acc 26.56%
[Stage2/Head] ep 299/600 | loss 5.5722 | ce 1.7426 | logit 1.2765 | train_acc 26.56%
[Stage2/Head] ep 300/600 | loss 5.5725 | ce 1.7380 | logit 1.2782 | train_acc 26.56%
[Stage2/Head] ep 301/600 | loss 5.5659 | ce 1.7465 | logit 1.2731 | train_acc 26.56%
[Stage2/Head] ep 302/600 | loss 5.5766 | ce 1.7391 | logit 1.2792 | train_acc 26.56%
[Stage2/Head] ep 303/600 | loss 5.5746 | ce 1.7434 | logit 1.2771 | train_acc 26.56%
[Stage2/Head] ep 304/600 | loss 5.5672 | ce 1.7451 | logit 1.2740 | train_acc 26.56%
[Stage2/Head] ep 305/600 | loss 5.5742 | ce 1.7459 | logit 1.2761 | train_acc 26.56%
[Stage2/Head] ep 306/600 | loss 5.5700 | ce 1.7423 | logit 1.2759 | train_acc 26.56%
[Stage2/Head] ep 307/600 | loss 5.5705 | ce 1.7385 | logit 1.2774 | train_acc 26.56%
[Stage2/Head] ep 308/600 | loss 5.5623 | ce 1.7431 | logit 1.2731 | train_acc 26.56%
[Stage2/Head] ep 309/600 | loss 5.5667 | ce 1.7429 | logit 1.2746 | train_acc 26.56%
[Stage2/Head] ep 310/600 | loss 5.5677 | ce 1.7396 | logit 1.2760 | train_acc 26.56%
[Stage2/Head] ep 311/600 | loss 5.5649 | ce 1.7440 | logit 1.2737 | train_acc 26.56%
[Stage2/Head] ep 312/600 | loss 5.5701 | ce 1.7423 | logit 1.2759 | train_acc 26.56%
[Stage2/Head] ep 313/600 | loss 5.5695 | ce 1.7436 | logit 1.2753 | train_acc 26.56%
[Stage2/Head] ep 314/600 | loss 5.5702 | ce 1.7448 | logit 1.2751 | train_acc 26.56%
[Stage2/Head] ep 315/600 | loss 5.5682 | ce 1.7418 | logit 1.2755 | train_acc 26.56%
[Stage2/Head] ep 316/600 | loss 5.5690 | ce 1.7433 | logit 1.2752 | train_acc 26.56%
[Stage2/Head] ep 317/600 | loss 5.5699 | ce 1.7416 | logit 1.2761 | train_acc 26.56%
[Stage2/Head] ep 318/600 | loss 5.5679 | ce 1.7428 | logit 1.2750 | train_acc 26.56%
[Stage2/Head] ep 319/600 | loss 5.5684 | ce 1.7435 | logit 1.2750 | train_acc 26.56%
[Stage2/Head] ep 320/600 | loss 5.5697 | ce 1.7419 | logit 1.2759 | train_acc 26.56%
[Stage2/Head] ep 321/600 | loss 5.5683 | ce 1.7414 | logit 1.2756 | train_acc 26.56%
[Stage2/Head] ep 322/600 | loss 5.5721 | ce 1.7428 | logit 1.2764 | train_acc 26.56%
[Stage2/Head] ep 323/600 | loss 5.5719 | ce 1.7467 | logit 1.2751 | train_acc 26.56%
[Stage2/Head] ep 324/600 | loss 5.5748 | ce 1.7387 | logit 1.2787 | train_acc 26.56%
[Stage2/Head] ep 325/600 | loss 5.5667 | ce 1.7427 | logit 1.2747 | train_acc 26.56%
[Stage2/Head] ep 326/600 | loss 5.5660 | ce 1.7414 | logit 1.2749 | train_acc 26.56%
[Stage2/Head] ep 327/600 | loss 5.5736 | ce 1.7444 | logit 1.2764 | train_acc 26.56%
[Stage2/Head] ep 328/600 | loss 5.5681 | ce 1.7437 | logit 1.2748 | train_acc 26.56%
[Stage2/Head] ep 329/600 | loss 5.5667 | ce 1.7396 | logit 1.2757 | train_acc 26.56%
[Stage2/Head] ep 330/600 | loss 5.5741 | ce 1.7412 | logit 1.2776 | train_acc 26.56%
[Stage2/Head] ep 331/600 | loss 5.5724 | ce 1.7449 | logit 1.2758 | train_acc 26.56%
[Stage2/Head] ep 332/600 | loss 5.5711 | ce 1.7436 | logit 1.2758 | train_acc 26.56%
[Stage2/Head] ep 333/600 | loss 5.5704 | ce 1.7452 | logit 1.2751 | train_acc 26.56%
[Stage2/Head] ep 334/600 | loss 5.5704 | ce 1.7395 | logit 1.2770 | train_acc 26.56%
[Stage2/Head] ep 335/600 | loss 5.5668 | ce 1.7444 | logit 1.2741 | train_acc 26.56%
[Stage2/Head] ep 336/600 | loss 5.5694 | ce 1.7449 | logit 1.2748 | train_acc 26.56%
[Stage2/Head] ep 337/600 | loss 5.5676 | ce 1.7383 | logit 1.2764 | train_acc 26.56%
[Stage2/Head] ep 338/600 | loss 5.5736 | ce 1.7395 | logit 1.2780 | train_acc 26.56%
[Stage2/Head] ep 339/600 | loss 5.5694 | ce 1.7447 | logit 1.2749 | train_acc 26.56%
[Stage2/Head] ep 340/600 | loss 5.5651 | ce 1.7412 | logit 1.2746 | train_acc 26.56%
[Stage2/Head] ep 341/600 | loss 5.5676 | ce 1.7444 | logit 1.2744 | train_acc 26.56%
[Stage2/Head] ep 342/600 | loss 5.5649 | ce 1.7395 | logit 1.2751 | train_acc 26.56%
[Stage2/Head] ep 343/600 | loss 5.5718 | ce 1.7427 | logit 1.2764 | train_acc 26.56%
[Stage2/Head] ep 344/600 | loss 5.5698 | ce 1.7415 | logit 1.2761 | train_acc 26.56%
[Stage2/Head] ep 345/600 | loss 5.5748 | ce 1.7436 | logit 1.2771 | train_acc 26.56%
[Stage2/Head] ep 346/600 | loss 5.5697 | ce 1.7465 | logit 1.2744 | train_acc 26.56%
[Stage2/Head] ep 347/600 | loss 5.5692 | ce 1.7420 | logit 1.2757 | train_acc 26.56%
[Stage2/Head] ep 348/600 | loss 5.5737 | ce 1.7409 | logit 1.2776 | train_acc 26.56%
[Stage2/Head] ep 349/600 | loss 5.5699 | ce 1.7450 | logit 1.2750 | train_acc 26.56%
[Stage2/Head] ep 350/600 | loss 5.5733 | ce 1.7418 | logit 1.2772 | train_acc 26.56%
[Stage2/Head] ep 351/600 | loss 5.5696 | ce 1.7422 | logit 1.2758 | train_acc 26.56%
[Stage2/Head] ep 352/600 | loss 5.5723 | ce 1.7435 | logit 1.2763 | train_acc 26.56%
[Stage2/Head] ep 353/600 | loss 5.5741 | ce 1.7403 | logit 1.2780 | train_acc 26.56%
[Stage2/Head] ep 354/600 | loss 5.5759 | ce 1.7454 | logit 1.2769 | train_acc 26.56%
[Stage2/Head] ep 355/600 | loss 5.5704 | ce 1.7445 | logit 1.2753 | train_acc 26.56%
[Stage2/Head] ep 356/600 | loss 5.5716 | ce 1.7396 | logit 1.2773 | train_acc 26.56%
[Stage2/Head] ep 357/600 | loss 5.5729 | ce 1.7426 | logit 1.2768 | train_acc 26.56%
[Stage2/Head] ep 358/600 | loss 5.5696 | ce 1.7419 | logit 1.2759 | train_acc 26.56%
[Stage2/Head] ep 359/600 | loss 5.5709 | ce 1.7438 | logit 1.2757 | train_acc 26.56%
[Stage2/Head] ep 360/600 | loss 5.5669 | ce 1.7428 | logit 1.2747 | train_acc 26.56%
[Stage2/Head] ep 361/600 | loss 5.5717 | ce 1.7438 | logit 1.2760 | train_acc 26.56%
[Stage2/Head] ep 362/600 | loss 5.5786 | ce 1.7428 | logit 1.2786 | train_acc 26.56%
[Stage2/Head] ep 363/600 | loss 5.5673 | ce 1.7402 | logit 1.2757 | train_acc 26.56%
[Stage2/Head] ep 364/600 | loss 5.5657 | ce 1.7447 | logit 1.2737 | train_acc 26.56%
[Stage2/Head] ep 365/600 | loss 5.5747 | ce 1.7423 | logit 1.2775 | train_acc 26.56%
[Stage2/Head] ep 366/600 | loss 5.5592 | ce 1.7458 | logit 1.2711 | train_acc 26.56%
[Stage2/Head] ep 367/600 | loss 5.5663 | ce 1.7398 | logit 1.2755 | train_acc 26.56%
[Stage2/Head] ep 368/600 | loss 5.5711 | ce 1.7412 | logit 1.2766 | train_acc 26.56%
[Stage2/Head] ep 369/600 | loss 5.5707 | ce 1.7429 | logit 1.2759 | train_acc 26.56%
[Stage2/Head] ep 370/600 | loss 5.5676 | ce 1.7449 | logit 1.2742 | train_acc 26.56%
[Stage2/Head] ep 371/600 | loss 5.5754 | ce 1.7417 | logit 1.2779 | train_acc 26.56%
[Stage2/Head] ep 372/600 | loss 5.5639 | ce 1.7417 | logit 1.2741 | train_acc 26.56%
[Stage2/Head] ep 373/600 | loss 5.5696 | ce 1.7415 | logit 1.2760 | train_acc 26.56%
[Stage2/Head] ep 374/600 | loss 5.5691 | ce 1.7419 | logit 1.2757 | train_acc 26.56%
[Stage2/Head] ep 375/600 | loss 5.5749 | ce 1.7432 | logit 1.2772 | train_acc 26.56%
[Stage2/Head] ep 376/600 | loss 5.5722 | ce 1.7430 | logit 1.2764 | train_acc 26.56%
[Stage2/Head] ep 377/600 | loss 5.5630 | ce 1.7401 | logit 1.2743 | train_acc 26.56%
[Stage2/Head] ep 378/600 | loss 5.5652 | ce 1.7461 | logit 1.2730 | train_acc 26.56%
[Stage2/Head] ep 379/600 | loss 5.5728 | ce 1.7444 | logit 1.2761 | train_acc 26.56%
[Stage2/Head] ep 380/600 | loss 5.5688 | ce 1.7395 | logit 1.2764 | train_acc 26.56%
[Stage2/Head] ep 381/600 | loss 5.5722 | ce 1.7429 | logit 1.2764 | train_acc 26.56%
[Stage2/Head] ep 382/600 | loss 5.5733 | ce 1.7430 | logit 1.2768 | train_acc 26.56%
[Stage2/Head] ep 383/600 | loss 5.5718 | ce 1.7443 | logit 1.2758 | train_acc 26.56%
[Stage2/Head] ep 384/600 | loss 5.5715 | ce 1.7421 | logit 1.2765 | train_acc 26.56%
[Stage2/Head] ep 385/600 | loss 5.5724 | ce 1.7431 | logit 1.2764 | train_acc 26.56%
[Stage2/Head] ep 386/600 | loss 5.5682 | ce 1.7475 | logit 1.2736 | train_acc 26.56%
[Stage2/Head] ep 387/600 | loss 5.5717 | ce 1.7406 | logit 1.2770 | train_acc 26.56%
[Stage2/Head] ep 388/600 | loss 5.5623 | ce 1.7447 | logit 1.2725 | train_acc 26.56%
[Stage2/Head] ep 389/600 | loss 5.5691 | ce 1.7427 | logit 1.2755 | train_acc 26.56%
[Stage2/Head] ep 390/600 | loss 5.5687 | ce 1.7421 | logit 1.2755 | train_acc 26.56%
[Stage2/Head] ep 391/600 | loss 5.5638 | ce 1.7438 | logit 1.2733 | train_acc 26.56%
[Stage2/Head] ep 392/600 | loss 5.5663 | ce 1.7393 | logit 1.2757 | train_acc 26.56%
[Stage2/Head] ep 393/600 | loss 5.5708 | ce 1.7409 | logit 1.2766 | train_acc 26.56%
[Stage2/Head] ep 394/600 | loss 5.5711 | ce 1.7469 | logit 1.2747 | train_acc 26.56%
[Stage2/Head] ep 395/600 | loss 5.5659 | ce 1.7404 | logit 1.2752 | train_acc 26.56%
[Stage2/Head] ep 396/600 | loss 5.5754 | ce 1.7418 | logit 1.2779 | train_acc 26.56%
[Stage2/Head] ep 397/600 | loss 5.5714 | ce 1.7472 | logit 1.2747 | train_acc 26.56%
[Stage2/Head] ep 398/600 | loss 5.5690 | ce 1.7432 | logit 1.2753 | train_acc 26.56%
[Stage2/Head] ep 399/600 | loss 5.5685 | ce 1.7376 | logit 1.2770 | train_acc 26.56%
[Stage2/Head] ep 400/600 | loss 5.5663 | ce 1.7451 | logit 1.2737 | train_acc 26.56%
[Stage2/Head] ep 401/600 | loss 5.5706 | ce 1.7429 | logit 1.2759 | train_acc 26.56%
[Stage2/Head] ep 402/600 | loss 5.5669 | ce 1.7409 | logit 1.2753 | train_acc 26.56%
[Stage2/Head] ep 403/600 | loss 5.5720 | ce 1.7424 | logit 1.2765 | train_acc 26.56%
[Stage2/Head] ep 404/600 | loss 5.5730 | ce 1.7429 | logit 1.2767 | train_acc 26.56%
[Stage2/Head] ep 405/600 | loss 5.5643 | ce 1.7426 | logit 1.2739 | train_acc 26.56%
[Stage2/Head] ep 406/600 | loss 5.5656 | ce 1.7442 | logit 1.2738 | train_acc 26.56%
[Stage2/Head] ep 407/600 | loss 5.5680 | ce 1.7404 | logit 1.2758 | train_acc 26.56%
[Stage2/Head] ep 408/600 | loss 5.5720 | ce 1.7436 | logit 1.2761 | train_acc 26.56%
[Stage2/Head] ep 409/600 | loss 5.5711 | ce 1.7434 | logit 1.2759 | train_acc 26.56%
[Stage2/Head] ep 410/600 | loss 5.5696 | ce 1.7443 | logit 1.2751 | train_acc 26.56%
[Stage2/Head] ep 411/600 | loss 5.5666 | ce 1.7419 | logit 1.2749 | train_acc 26.56%
[Stage2/Head] ep 412/600 | loss 5.5726 | ce 1.7412 | logit 1.2771 | train_acc 26.56%
[Stage2/Head] ep 413/600 | loss 5.5660 | ce 1.7425 | logit 1.2745 | train_acc 26.56%
[Stage2/Head] ep 414/600 | loss 5.5719 | ce 1.7424 | logit 1.2765 | train_acc 26.56%
[Stage2/Head] ep 415/600 | loss 5.5676 | ce 1.7430 | logit 1.2749 | train_acc 26.56%
[Stage2/Head] ep 416/600 | loss 5.5739 | ce 1.7398 | logit 1.2780 | train_acc 26.56%
[Stage2/Head] ep 417/600 | loss 5.5754 | ce 1.7478 | logit 1.2759 | train_acc 26.56%
[Stage2/Head] ep 418/600 | loss 5.5651 | ce 1.7405 | logit 1.2748 | train_acc 26.56%
[Stage2/Head] ep 419/600 | loss 5.5695 | ce 1.7418 | logit 1.2759 | train_acc 26.56%
[Stage2/Head] ep 420/600 | loss 5.5707 | ce 1.7440 | logit 1.2756 | train_acc 26.56%
[Stage2/Head] ep 421/600 | loss 5.5782 | ce 1.7441 | logit 1.2780 | train_acc 26.56%
[Stage2/Head] ep 422/600 | loss 5.5710 | ce 1.7414 | logit 1.2766 | train_acc 26.56%
[Stage2/Head] ep 423/600 | loss 5.5634 | ce 1.7437 | logit 1.2732 | train_acc 26.56%
[Stage2/Head] ep 424/600 | loss 5.5645 | ce 1.7444 | logit 1.2734 | train_acc 26.56%
[Stage2/Head] ep 425/600 | loss 5.5708 | ce 1.7417 | logit 1.2764 | train_acc 26.56%
[Stage2/Head] ep 426/600 | loss 5.5709 | ce 1.7433 | logit 1.2759 | train_acc 26.56%
[Stage2/Head] ep 427/600 | loss 5.5703 | ce 1.7402 | logit 1.2767 | train_acc 26.56%
[Stage2/Head] ep 428/600 | loss 5.5750 | ce 1.7419 | logit 1.2777 | train_acc 26.56%
[Stage2/Head] ep 429/600 | loss 5.5740 | ce 1.7430 | logit 1.2770 | train_acc 26.56%
[Stage2/Head] ep 430/600 | loss 5.5643 | ce 1.7446 | logit 1.2732 | train_acc 26.56%
[Stage2/Head] ep 431/600 | loss 5.5715 | ce 1.7441 | logit 1.2758 | train_acc 26.56%
[Stage2/Head] ep 432/600 | loss 5.5743 | ce 1.7402 | logit 1.2780 | train_acc 26.56%
[Stage2/Head] ep 433/600 | loss 5.5715 | ce 1.7452 | logit 1.2754 | train_acc 26.56%
[Stage2/Head] ep 434/600 | loss 5.5677 | ce 1.7421 | logit 1.2752 | train_acc 26.56%
[Stage2/Head] ep 435/600 | loss 5.5738 | ce 1.7424 | logit 1.2771 | train_acc 26.56%
[Stage2/Head] ep 436/600 | loss 5.5604 | ce 1.7423 | logit 1.2727 | train_acc 26.56%
[Stage2/Head] ep 437/600 | loss 5.5712 | ce 1.7407 | logit 1.2768 | train_acc 26.56%
[Stage2/Head] ep 438/600 | loss 5.5747 | ce 1.7436 | logit 1.2770 | train_acc 26.56%
[Stage2/Head] ep 439/600 | loss 5.5765 | ce 1.7494 | logit 1.2757 | train_acc 26.56%
[Stage2/Head] ep 440/600 | loss 5.5659 | ce 1.7391 | logit 1.2756 | train_acc 26.56%
[Stage2/Head] ep 441/600 | loss 5.5740 | ce 1.7436 | logit 1.2768 | train_acc 26.56%
[Stage2/Head] ep 442/600 | loss 5.5667 | ce 1.7445 | logit 1.2741 | train_acc 26.56%
[Stage2/Head] ep 443/600 | loss 5.5741 | ce 1.7411 | logit 1.2777 | train_acc 26.56%
[Stage2/Head] ep 444/600 | loss 5.5706 | ce 1.7440 | logit 1.2755 | train_acc 26.56%
[Stage2/Head] ep 445/600 | loss 5.5697 | ce 1.7420 | logit 1.2759 | train_acc 26.56%
[Stage2/Head] ep 446/600 | loss 5.5716 | ce 1.7443 | logit 1.2758 | train_acc 26.56%
[Stage2/Head] ep 447/600 | loss 5.5730 | ce 1.7409 | logit 1.2774 | train_acc 26.56%
[Stage2/Head] ep 448/600 | loss 5.5608 | ce 1.7425 | logit 1.2728 | train_acc 26.56%
[Stage2/Head] ep 449/600 | loss 5.5708 | ce 1.7423 | logit 1.2761 | train_acc 26.56%
[Stage2/Head] ep 450/600 | loss 5.5633 | ce 1.7452 | logit 1.2727 | train_acc 26.56%
[Stage2/Head] ep 451/600 | loss 5.5737 | ce 1.7408 | logit 1.2776 | train_acc 26.56%
[Stage2/Head] ep 452/600 | loss 5.5710 | ce 1.7419 | logit 1.2764 | train_acc 26.56%
[Stage2/Head] ep 453/600 | loss 5.5740 | ce 1.7439 | logit 1.2767 | train_acc 26.56%
[Stage2/Head] ep 454/600 | loss 5.5705 | ce 1.7411 | logit 1.2765 | train_acc 26.56%
[Stage2/Head] ep 455/600 | loss 5.5753 | ce 1.7437 | logit 1.2772 | train_acc 26.56%
[Stage2/Head] ep 456/600 | loss 5.5681 | ce 1.7400 | logit 1.2760 | train_acc 26.56%
[Stage2/Head] ep 457/600 | loss 5.5749 | ce 1.7448 | logit 1.2767 | train_acc 26.56%
[Stage2/Head] ep 458/600 | loss 5.5708 | ce 1.7440 | logit 1.2756 | train_acc 26.56%
[Stage2/Head] ep 459/600 | loss 5.5621 | ce 1.7439 | logit 1.2727 | train_acc 26.56%
[Stage2/Head] ep 460/600 | loss 5.5644 | ce 1.7401 | logit 1.2748 | train_acc 26.56%
[Stage2/Head] ep 461/600 | loss 5.5646 | ce 1.7448 | logit 1.2733 | train_acc 26.56%
[Stage2/Head] ep 462/600 | loss 5.5656 | ce 1.7428 | logit 1.2743 | train_acc 26.56%
[Stage2/Head] ep 463/600 | loss 5.5699 | ce 1.7404 | logit 1.2765 | train_acc 26.56%
[Stage2/Head] ep 464/600 | loss 5.5689 | ce 1.7430 | logit 1.2753 | train_acc 26.56%
[Stage2/Head] ep 465/600 | loss 5.5716 | ce 1.7415 | logit 1.2767 | train_acc 26.56%
[Stage2/Head] ep 466/600 | loss 5.5624 | ce 1.7482 | logit 1.2714 | train_acc 26.56%
[Stage2/Head] ep 467/600 | loss 5.5692 | ce 1.7393 | logit 1.2766 | train_acc 26.56%
[Stage2/Head] ep 468/600 | loss 5.5698 | ce 1.7388 | logit 1.2770 | train_acc 26.56%
[Stage2/Head] ep 469/600 | loss 5.5709 | ce 1.7464 | logit 1.2748 | train_acc 26.56%
[Stage2/Head] ep 470/600 | loss 5.5684 | ce 1.7453 | logit 1.2744 | train_acc 26.56%
[Stage2/Head] ep 471/600 | loss 5.5654 | ce 1.7414 | logit 1.2747 | train_acc 26.56%
[Stage2/Head] ep 472/600 | loss 5.5745 | ce 1.7421 | logit 1.2775 | train_acc 26.56%
[Stage2/Head] ep 473/600 | loss 5.5723 | ce 1.7438 | logit 1.2762 | train_acc 26.56%
[Stage2/Head] ep 474/600 | loss 5.5749 | ce 1.7422 | logit 1.2776 | train_acc 26.56%
[Stage2/Head] ep 475/600 | loss 5.5725 | ce 1.7455 | logit 1.2757 | train_acc 26.56%
[Stage2/Head] ep 476/600 | loss 5.5691 | ce 1.7423 | logit 1.2756 | train_acc 26.56%
[Stage2/Head] ep 477/600 | loss 5.5730 | ce 1.7392 | logit 1.2779 | train_acc 26.56%
[Stage2/Head] ep 478/600 | loss 5.5700 | ce 1.7463 | logit 1.2746 | train_acc 26.56%
[Stage2/Head] ep 479/600 | loss 5.5667 | ce 1.7430 | logit 1.2746 | train_acc 26.56%
[Stage2/Head] ep 480/600 | loss 5.5704 | ce 1.7412 | logit 1.2764 | train_acc 26.56%
[Stage2/Head] ep 481/600 | loss 5.5670 | ce 1.7447 | logit 1.2741 | train_acc 26.56%
[Stage2/Head] ep 482/600 | loss 5.5665 | ce 1.7393 | logit 1.2757 | train_acc 26.56%
[Stage2/Head] ep 483/600 | loss 5.5650 | ce 1.7452 | logit 1.2733 | train_acc 26.56%
[Stage2/Head] ep 484/600 | loss 5.5642 | ce 1.7404 | logit 1.2746 | train_acc 26.56%
[Stage2/Head] ep 485/600 | loss 5.5672 | ce 1.7434 | logit 1.2746 | train_acc 26.56%
[Stage2/Head] ep 486/600 | loss 5.5686 | ce 1.7417 | logit 1.2756 | train_acc 26.56%
[Stage2/Head] ep 487/600 | loss 5.5738 | ce 1.7417 | logit 1.2774 | train_acc 26.56%
[Stage2/Head] ep 488/600 | loss 5.5649 | ce 1.7430 | logit 1.2739 | train_acc 26.56%
[Stage2/Head] ep 489/600 | loss 5.5757 | ce 1.7409 | logit 1.2783 | train_acc 26.56%
[Stage2/Head] ep 490/600 | loss 5.5738 | ce 1.7472 | logit 1.2755 | train_acc 26.56%
[Stage2/Head] ep 491/600 | loss 5.5695 | ce 1.7454 | logit 1.2747 | train_acc 26.56%
[Stage2/Head] ep 492/600 | loss 5.5717 | ce 1.7405 | logit 1.2770 | train_acc 26.56%
[Stage2/Head] ep 493/600 | loss 5.5679 | ce 1.7405 | logit 1.2758 | train_acc 26.56%
[Stage2/Head] ep 494/600 | loss 5.5706 | ce 1.7429 | logit 1.2759 | train_acc 26.56%
[Stage2/Head] ep 495/600 | loss 5.5704 | ce 1.7437 | logit 1.2756 | train_acc 26.56%
[Stage2/Head] ep 496/600 | loss 5.5705 | ce 1.7408 | logit 1.2766 | train_acc 26.56%
[Stage2/Head] ep 497/600 | loss 5.5717 | ce 1.7465 | logit 1.2751 | train_acc 26.56%
[Stage2/Head] ep 498/600 | loss 5.5704 | ce 1.7385 | logit 1.2773 | train_acc 26.56%
[Stage2/Head] ep 499/600 | loss 5.5642 | ce 1.7427 | logit 1.2739 | train_acc 26.56%
[Stage2/Head] ep 500/600 | loss 5.5702 | ce 1.7422 | logit 1.2760 | train_acc 26.56%
[Stage2/Head] ep 501/600 | loss 5.5684 | ce 1.7418 | logit 1.2756 | train_acc 26.56%
[Stage2/Head] ep 502/600 | loss 5.5649 | ce 1.7434 | logit 1.2738 | train_acc 26.56%
[Stage2/Head] ep 503/600 | loss 5.5668 | ce 1.7443 | logit 1.2742 | train_acc 26.56%
[Stage2/Head] ep 504/600 | loss 5.5739 | ce 1.7431 | logit 1.2769 | train_acc 26.56%
[Stage2/Head] ep 505/600 | loss 5.5737 | ce 1.7397 | logit 1.2780 | train_acc 26.56%
[Stage2/Head] ep 506/600 | loss 5.5691 | ce 1.7416 | logit 1.2758 | train_acc 26.56%
[Stage2/Head] ep 507/600 | loss 5.5732 | ce 1.7473 | logit 1.2753 | train_acc 26.56%
[Stage2/Head] ep 508/600 | loss 5.5640 | ce 1.7404 | logit 1.2745 | train_acc 26.56%
[Stage2/Head] ep 509/600 | loss 5.5732 | ce 1.7440 | logit 1.2764 | train_acc 26.56%
[Stage2/Head] ep 510/600 | loss 5.5684 | ce 1.7419 | logit 1.2755 | train_acc 26.56%
[Stage2/Head] ep 511/600 | loss 5.5678 | ce 1.7422 | logit 1.2752 | train_acc 26.56%
[Stage2/Head] ep 512/600 | loss 5.5754 | ce 1.7392 | logit 1.2787 | train_acc 26.56%
[Stage2/Head] ep 513/600 | loss 5.5763 | ce 1.7440 | logit 1.2775 | train_acc 26.56%
[Stage2/Head] ep 514/600 | loss 5.5763 | ce 1.7453 | logit 1.2770 | train_acc 26.56%
[Stage2/Head] ep 515/600 | loss 5.5703 | ce 1.7416 | logit 1.2762 | train_acc 26.56%
[Stage2/Head] ep 516/600 | loss 5.5642 | ce 1.7405 | logit 1.2746 | train_acc 26.56%
[Stage2/Head] ep 517/600 | loss 5.5685 | ce 1.7448 | logit 1.2746 | train_acc 26.56%
[Stage2/Head] ep 518/600 | loss 5.5723 | ce 1.7401 | logit 1.2774 | train_acc 26.56%
[Stage2/Head] ep 519/600 | loss 5.5715 | ce 1.7454 | logit 1.2754 | train_acc 26.56%
[Stage2/Head] ep 520/600 | loss 5.5680 | ce 1.7385 | logit 1.2765 | train_acc 26.56%
[Stage2/Head] ep 521/600 | loss 5.5661 | ce 1.7424 | logit 1.2746 | train_acc 26.56%
[Stage2/Head] ep 522/600 | loss 5.5732 | ce 1.7489 | logit 1.2748 | train_acc 26.56%
[Stage2/Head] ep 523/600 | loss 5.5655 | ce 1.7420 | logit 1.2745 | train_acc 26.56%
[Stage2/Head] ep 524/600 | loss 5.5626 | ce 1.7396 | logit 1.2743 | train_acc 26.56%
[Stage2/Head] ep 525/600 | loss 5.5715 | ce 1.7440 | logit 1.2758 | train_acc 26.56%
[Stage2/Head] ep 526/600 | loss 5.5758 | ce 1.7410 | logit 1.2783 | train_acc 26.56%
[Stage2/Head] ep 527/600 | loss 5.5682 | ce 1.7471 | logit 1.2737 | train_acc 26.56%
[Stage2/Head] ep 528/600 | loss 5.5701 | ce 1.7410 | logit 1.2763 | train_acc 26.56%
[Stage2/Head] ep 529/600 | loss 5.5749 | ce 1.7468 | logit 1.2760 | train_acc 26.56%
[Stage2/Head] ep 530/600 | loss 5.5688 | ce 1.7398 | logit 1.2763 | train_acc 26.56%
[Stage2/Head] ep 531/600 | loss 5.5683 | ce 1.7426 | logit 1.2752 | train_acc 26.56%
[Stage2/Head] ep 532/600 | loss 5.5725 | ce 1.7436 | logit 1.2763 | train_acc 26.56%
[Stage2/Head] ep 533/600 | loss 5.5597 | ce 1.7426 | logit 1.2724 | train_acc 26.56%
[Stage2/Head] ep 534/600 | loss 5.5758 | ce 1.7387 | logit 1.2790 | train_acc 26.56%
[Stage2/Head] ep 535/600 | loss 5.5710 | ce 1.7427 | logit 1.2761 | train_acc 26.56%
[Stage2/Head] ep 536/600 | loss 5.5730 | ce 1.7474 | logit 1.2752 | train_acc 26.56%
[Stage2/Head] ep 537/600 | loss 5.5676 | ce 1.7425 | logit 1.2751 | train_acc 26.56%
[Stage2/Head] ep 538/600 | loss 5.5663 | ce 1.7419 | logit 1.2748 | train_acc 26.56%
[Stage2/Head] ep 539/600 | loss 5.5704 | ce 1.7423 | logit 1.2760 | train_acc 26.56%
[Stage2/Head] ep 540/600 | loss 5.5721 | ce 1.7404 | logit 1.2772 | train_acc 26.56%
[Stage2/Head] ep 541/600 | loss 5.5684 | ce 1.7425 | logit 1.2753 | train_acc 26.56%
[Stage2/Head] ep 542/600 | loss 5.5665 | ce 1.7423 | logit 1.2747 | train_acc 26.56%
[Stage2/Head] ep 543/600 | loss 5.5741 | ce 1.7414 | logit 1.2776 | train_acc 26.56%
[Stage2/Head] ep 544/600 | loss 5.5699 | ce 1.7438 | logit 1.2754 | train_acc 26.56%
[Stage2/Head] ep 545/600 | loss 5.5727 | ce 1.7428 | logit 1.2766 | train_acc 26.56%
[Stage2/Head] ep 546/600 | loss 5.5681 | ce 1.7454 | logit 1.2742 | train_acc 26.56%
[Stage2/Head] ep 547/600 | loss 5.5677 | ce 1.7401 | logit 1.2759 | train_acc 26.56%
[Stage2/Head] ep 548/600 | loss 5.5685 | ce 1.7424 | logit 1.2754 | train_acc 26.56%
[Stage2/Head] ep 549/600 | loss 5.5629 | ce 1.7418 | logit 1.2737 | train_acc 26.56%
[Stage2/Head] ep 550/600 | loss 5.5702 | ce 1.7434 | logit 1.2756 | train_acc 26.56%
[Stage2/Head] ep 551/600 | loss 5.5689 | ce 1.7396 | logit 1.2765 | train_acc 26.56%
[Stage2/Head] ep 552/600 | loss 5.5704 | ce 1.7436 | logit 1.2756 | train_acc 26.56%
[Stage2/Head] ep 553/600 | loss 5.5665 | ce 1.7451 | logit 1.2738 | train_acc 26.56%
[Stage2/Head] ep 554/600 | loss 5.5782 | ce 1.7441 | logit 1.2780 | train_acc 26.56%
[Stage2/Head] ep 555/600 | loss 5.5675 | ce 1.7404 | logit 1.2757 | train_acc 26.56%
[Stage2/Head] ep 556/600 | loss 5.5693 | ce 1.7410 | logit 1.2761 | train_acc 26.56%
[Stage2/Head] ep 557/600 | loss 5.5685 | ce 1.7459 | logit 1.2742 | train_acc 26.56%
[Stage2/Head] ep 558/600 | loss 5.5712 | ce 1.7377 | logit 1.2778 | train_acc 26.56%
[Stage2/Head] ep 559/600 | loss 5.5682 | ce 1.7456 | logit 1.2742 | train_acc 26.56%
[Stage2/Head] ep 560/600 | loss 5.5724 | ce 1.7396 | logit 1.2776 | train_acc 26.56%
[Stage2/Head] ep 561/600 | loss 5.5706 | ce 1.7445 | logit 1.2754 | train_acc 26.56%
[Stage2/Head] ep 562/600 | loss 5.5693 | ce 1.7431 | logit 1.2754 | train_acc 26.56%
[Stage2/Head] ep 563/600 | loss 5.5696 | ce 1.7419 | logit 1.2759 | train_acc 26.56%
[Stage2/Head] ep 564/600 | loss 5.5665 | ce 1.7428 | logit 1.2746 | train_acc 26.56%
[Stage2/Head] ep 565/600 | loss 5.5661 | ce 1.7419 | logit 1.2747 | train_acc 26.56%
[Stage2/Head] ep 566/600 | loss 5.5703 | ce 1.7369 | logit 1.2778 | train_acc 26.56%
[Stage2/Head] ep 567/600 | loss 5.5679 | ce 1.7455 | logit 1.2741 | train_acc 26.56%
[Stage2/Head] ep 568/600 | loss 5.5689 | ce 1.7428 | logit 1.2754 | train_acc 26.56%
[Stage2/Head] ep 569/600 | loss 5.5629 | ce 1.7429 | logit 1.2733 | train_acc 26.56%
[Stage2/Head] ep 570/600 | loss 5.5708 | ce 1.7420 | logit 1.2763 | train_acc 26.56%
[Stage2/Head] ep 571/600 | loss 5.5731 | ce 1.7432 | logit 1.2766 | train_acc 26.56%
[Stage2/Head] ep 572/600 | loss 5.5702 | ce 1.7417 | logit 1.2762 | train_acc 26.56%
[Stage2/Head] ep 573/600 | loss 5.5654 | ce 1.7400 | logit 1.2751 | train_acc 26.56%
[Stage2/Head] ep 574/600 | loss 5.5691 | ce 1.7424 | logit 1.2756 | train_acc 26.56%
[Stage2/Head] ep 575/600 | loss 5.5701 | ce 1.7419 | logit 1.2761 | train_acc 26.56%
[Stage2/Head] ep 576/600 | loss 5.5707 | ce 1.7433 | logit 1.2758 | train_acc 26.56%
[Stage2/Head] ep 577/600 | loss 5.5706 | ce 1.7421 | logit 1.2762 | train_acc 26.56%
[Stage2/Head] ep 578/600 | loss 5.5720 | ce 1.7459 | logit 1.2754 | train_acc 26.56%
[Stage2/Head] ep 579/600 | loss 5.5729 | ce 1.7443 | logit 1.2762 | train_acc 26.56%
[Stage2/Head] ep 580/600 | loss 5.5689 | ce 1.7451 | logit 1.2746 | train_acc 26.56%
[Stage2/Head] ep 581/600 | loss 5.5694 | ce 1.7396 | logit 1.2766 | train_acc 26.56%
[Stage2/Head] ep 582/600 | loss 5.5688 | ce 1.7423 | logit 1.2755 | train_acc 26.56%
[Stage2/Head] ep 583/600 | loss 5.5698 | ce 1.7414 | logit 1.2761 | train_acc 26.56%
[Stage2/Head] ep 584/600 | loss 5.5700 | ce 1.7428 | logit 1.2757 | train_acc 26.56%
[Stage2/Head] ep 585/600 | loss 5.5753 | ce 1.7455 | logit 1.2766 | train_acc 26.56%
[Stage2/Head] ep 586/600 | loss 5.5766 | ce 1.7409 | logit 1.2786 | train_acc 26.56%
[Stage2/Head] ep 587/600 | loss 5.5668 | ce 1.7466 | logit 1.2734 | train_acc 26.56%
[Stage2/Head] ep 588/600 | loss 5.5793 | ce 1.7385 | logit 1.2803 | train_acc 26.56%
[Stage2/Head] ep 589/600 | loss 5.5728 | ce 1.7413 | logit 1.2772 | train_acc 26.56%
[Stage2/Head] ep 590/600 | loss 5.5710 | ce 1.7480 | logit 1.2743 | train_acc 26.56%
[Stage2/Head] ep 591/600 | loss 5.5725 | ce 1.7412 | logit 1.2771 | train_acc 26.56%
[Stage2/Head] ep 592/600 | loss 5.5693 | ce 1.7396 | logit 1.2766 | train_acc 26.56%
[Stage2/Head] ep 593/600 | loss 5.5729 | ce 1.7415 | logit 1.2771 | train_acc 26.56%
[Stage2/Head] ep 594/600 | loss 5.5738 | ce 1.7442 | logit 1.2765 | train_acc 26.56%
[Stage2/Head] ep 595/600 | loss 5.5699 | ce 1.7417 | logit 1.2761 | train_acc 26.56%
[Stage2/Head] ep 596/600 | loss 5.5691 | ce 1.7441 | logit 1.2750 | train_acc 26.56%
[Stage2/Head] ep 597/600 | loss 5.5671 | ce 1.7428 | logit 1.2747 | train_acc 26.56%
[Stage2/Head] ep 598/600 | loss 5.5747 | ce 1.7396 | logit 1.2784 | train_acc 26.56%
[Stage2/Head] ep 599/600 | loss 5.5727 | ce 1.7446 | logit 1.2760 | train_acc 26.56%
[Stage2/Head] ep 600/600 | loss 5.5729 | ce 1.7406 | logit 1.2774 | train_acc 26.56%
[Task 5] Training done in 41.47 min.
[Task 5] Test (on new class only) -> ce_loss: 1.7467, acc: 0.00%, rec_loss: 12.1131
  - Filtering train: keep top 95.0% per class based on returned scores.
[Task 5] Wrote CSVs to: ./runs_mnist_continual/run_20260226_142850/task5
Accuracies on seen tasks:
  Task 0 [0,1,2,3,4]: 0.00%
  Task 1 [5]: 0.00%
  Task 2 [6]: 0.00%
  Task 3 [7]: 0.00%
  Task 4 [8]: 100.00%
  Task 5 [9]: 0.00%
Mean over seen tasks (0..5): 16.67%
[Task 5] Skipping GP training and Rscript execution as per --skip_GP flag.

All tasks complete.
Run directory: ./runs_mnist_continual/run_20260226_142850
CSV metrics:   ./runs_mnist_continual/run_20260226_142850/metrics.csv
GP training files:    ./runs_mnist_continual/run_20260226_142850/gp_data
