/var/spool/slurmd.spool/job41263761/slurm_script: line 23: eacho: command not found
/home/lhalice/miniconda3/envs/NNGP/bin/python
Python 3.12.12
python: /home/lhalice/miniconda3/envs/NNGP/bin/python
torch: 2.9.1+cu126
cuda available: True
Thu Jan 29 01:01:43 2026       
+-----------------------------------------------------------------------------------------+
| NVIDIA-SMI 580.105.08             Driver Version: 580.105.08     CUDA Version: 13.0     |
+-----------------------------------------+------------------------+----------------------+
| GPU  Name                 Persistence-M | Bus-Id          Disp.A | Volatile Uncorr. ECC |
| Fan  Temp   Perf          Pwr:Usage/Cap |           Memory-Usage | GPU-Util  Compute M. |
|                                         |                        |               MIG M. |
|=========================================+========================+======================|
|   0  Tesla V100-PCIE-16GB           On  |   00000000:AF:00.0 Off |                    0 |
| N/A   27C    P0             23W /  250W |       0MiB /  16384MiB |      0%   E. Process |
|                                         |                        |                  N/A |
+-----------------------------------------+------------------------+----------------------+

+-----------------------------------------------------------------------------------------+
| Processes:                                                                              |
|  GPU   GI   CI              PID   Type   Process name                        GPU Memory |
|        ID   ID                                                               Usage      |
|=========================================================================================|
|  No running processes found                                                             |
+-----------------------------------------------------------------------------------------+
=== Conda Env ===

# conda environments:
#
base                   /home/lhalice/miniconda3
EIS                    /home/lhalice/miniconda3/envs/EIS
NNGP                 * /home/lhalice/miniconda3/envs/NNGP

=== GPU Info ===
Thu Jan 29 01:01:44 2026       
+-----------------------------------------------------------------------------------------+
| NVIDIA-SMI 580.105.08             Driver Version: 580.105.08     CUDA Version: 13.0     |
+-----------------------------------------+------------------------+----------------------+
| GPU  Name                 Persistence-M | Bus-Id          Disp.A | Volatile Uncorr. ECC |
| Fan  Temp   Perf          Pwr:Usage/Cap |           Memory-Usage | GPU-Util  Compute M. |
|                                         |                        |               MIG M. |
|=========================================+========================+======================|
|   0  Tesla V100-PCIE-16GB           On  |   00000000:AF:00.0 Off |                    0 |
| N/A   27C    P0             23W /  250W |       0MiB /  16384MiB |      0%   E. Process |
|                                         |                        |                  N/A |
+-----------------------------------------+------------------------+----------------------+

+-----------------------------------------------------------------------------------------+
| Processes:                                                                              |
|  GPU   GI   CI              PID   Type   Process name                        GPU Memory |
|        ID   ID                                                               Usage      |
|=========================================================================================|
|  No running processes found                                                             |
+-----------------------------------------------------------------------------------------+
=== R ===
/sw/pkgs/arc/stacks/gcc/13.2.0/R/4.5.1/bin/R
R version 4.5.1 (2025-06-13) -- "Great Square Root"
Copyright (C) 2025 The R Foundation for Statistical Computing
Platform: x86_64-pc-linux-gnu

R is free software and comes with ABSOLUTELY NO WARRANTY.
You are welcome to redistribute it under the terms of the
GNU General Public License versions 2 or 3.
For more information about these matters see
https://www.gnu.org/licenses/.

Device: cuda; f_size=16

================================================================================
Starting Task 0: digits [0, 1, 2, 3, 4]
Training samples size: 15000
================================================================================
[Stage1/AE] Epoch 1/30 | loss 0.1589 | rec 0.1589 | feat 0.0000 | train_acc 8.37%
[Stage1/AE] Epoch 2/30 | loss 0.0788 | rec 0.0788 | feat 0.0000 | train_acc 19.52%
[Stage1/AE] Epoch 3/30 | loss 0.0726 | rec 0.0726 | feat 0.0000 | train_acc 19.52%
[Stage1/AE] Epoch 4/30 | loss 0.0650 | rec 0.0650 | feat 0.0000 | train_acc 19.52%
[Stage1/AE] Epoch 5/30 | loss 0.0610 | rec 0.0610 | feat 0.0000 | train_acc 19.52%
[Stage1/AE] Epoch 6/30 | loss 0.0577 | rec 0.0577 | feat 0.0000 | train_acc 19.52%
[Stage1/AE] Epoch 7/30 | loss 0.0536 | rec 0.0536 | feat 0.0000 | train_acc 19.52%
[Stage1/AE] Epoch 8/30 | loss 0.0497 | rec 0.0497 | feat 0.0000 | train_acc 19.52%
[Stage1/AE] Epoch 9/30 | loss 0.0474 | rec 0.0474 | feat 0.0000 | train_acc 19.51%
[Stage1/AE] Epoch 10/30 | loss 0.0456 | rec 0.0456 | feat 0.0000 | train_acc 19.52%
[Stage1/AE] Epoch 11/30 | loss 0.0441 | rec 0.0441 | feat 0.0000 | train_acc 19.51%
[Stage1/AE] Epoch 12/30 | loss 0.0427 | rec 0.0427 | feat 0.0000 | train_acc 19.51%
[Stage1/AE] Epoch 13/30 | loss 0.0413 | rec 0.0413 | feat 0.0000 | train_acc 19.51%
[Stage1/AE] Epoch 14/30 | loss 0.0401 | rec 0.0401 | feat 0.0000 | train_acc 19.51%
[Stage1/AE] Epoch 15/30 | loss 0.0391 | rec 0.0391 | feat 0.0000 | train_acc 19.51%
[Stage1/AE] Epoch 16/30 | loss 0.0383 | rec 0.0383 | feat 0.0000 | train_acc 19.50%
[Stage1/AE] Epoch 17/30 | loss 0.0377 | rec 0.0377 | feat 0.0000 | train_acc 19.51%
[Stage1/AE] Epoch 18/30 | loss 0.0370 | rec 0.0370 | feat 0.0000 | train_acc 19.51%
[Stage1/AE] Epoch 19/30 | loss 0.0365 | rec 0.0365 | feat 0.0000 | train_acc 19.51%
[Stage1/AE] Epoch 20/30 | loss 0.0360 | rec 0.0360 | feat 0.0000 | train_acc 19.51%
[Stage1/AE] Epoch 21/30 | loss 0.0355 | rec 0.0355 | feat 0.0000 | train_acc 19.51%
[Stage1/AE] Epoch 22/30 | loss 0.0351 | rec 0.0351 | feat 0.0000 | train_acc 19.51%
[Stage1/AE] Epoch 23/30 | loss 0.0346 | rec 0.0346 | feat 0.0000 | train_acc 19.50%
[Stage1/AE] Epoch 24/30 | loss 0.0342 | rec 0.0342 | feat 0.0000 | train_acc 19.52%
[Stage1/AE] Epoch 25/30 | loss 0.0338 | rec 0.0338 | feat 0.0000 | train_acc 19.52%
[Stage1/AE] Epoch 26/30 | loss 0.0335 | rec 0.0335 | feat 0.0000 | train_acc 19.51%
[Stage1/AE] Epoch 27/30 | loss 0.0332 | rec 0.0332 | feat 0.0000 | train_acc 19.51%
[Stage1/AE] Epoch 28/30 | loss 0.0329 | rec 0.0329 | feat 0.0000 | train_acc 19.52%
[Stage1/AE] Epoch 29/30 | loss 0.0326 | rec 0.0326 | feat 0.0000 | train_acc 19.52%
[Stage1/AE] Epoch 30/30 | loss 0.0324 | rec 0.0324 | feat 0.0000 | train_acc 19.52%
[Stage2/Head] Epoch 1/30 | loss 2.0011 | ce 2.0011 | logit 0.0000 | train_acc 34.37%
[Stage2/Head] Epoch 2/30 | loss 1.5454 | ce 1.5454 | logit 0.0000 | train_acc 85.19%
[Stage2/Head] Epoch 3/30 | loss 1.2231 | ce 1.2231 | logit 0.0000 | train_acc 90.96%
[Stage2/Head] Epoch 4/30 | loss 0.9844 | ce 0.9844 | logit 0.0000 | train_acc 91.69%
[Stage2/Head] Epoch 5/30 | loss 0.8062 | ce 0.8062 | logit 0.0000 | train_acc 92.11%
[Stage2/Head] Epoch 6/30 | loss 0.6736 | ce 0.6736 | logit 0.0000 | train_acc 92.67%
[Stage2/Head] Epoch 7/30 | loss 0.5799 | ce 0.5799 | logit 0.0000 | train_acc 92.41%
[Stage2/Head] Epoch 8/30 | loss 0.5059 | ce 0.5059 | logit 0.0000 | train_acc 92.62%
[Stage2/Head] Epoch 9/30 | loss 0.4505 | ce 0.4505 | logit 0.0000 | train_acc 92.90%
[Stage2/Head] Epoch 10/30 | loss 0.4102 | ce 0.4102 | logit 0.0000 | train_acc 92.81%
[Stage2/Head] Epoch 11/30 | loss 0.3768 | ce 0.3768 | logit 0.0000 | train_acc 92.99%
[Stage2/Head] Epoch 12/30 | loss 0.3470 | ce 0.3470 | logit 0.0000 | train_acc 93.16%
[Stage2/Head] Epoch 13/30 | loss 0.3254 | ce 0.3254 | logit 0.0000 | train_acc 93.38%
[Stage2/Head] Epoch 14/30 | loss 0.3078 | ce 0.3078 | logit 0.0000 | train_acc 93.30%
[Stage2/Head] Epoch 15/30 | loss 0.2983 | ce 0.2983 | logit 0.0000 | train_acc 93.13%
[Stage2/Head] Epoch 16/30 | loss 0.2857 | ce 0.2857 | logit 0.0000 | train_acc 93.19%
[Stage2/Head] Epoch 17/30 | loss 0.2739 | ce 0.2739 | logit 0.0000 | train_acc 93.23%
[Stage2/Head] Epoch 18/30 | loss 0.2656 | ce 0.2656 | logit 0.0000 | train_acc 93.36%
[Stage2/Head] Epoch 19/30 | loss 0.2611 | ce 0.2611 | logit 0.0000 | train_acc 93.12%
[Stage2/Head] Epoch 20/30 | loss 0.2515 | ce 0.2515 | logit 0.0000 | train_acc 93.43%
[Stage2/Head] Epoch 21/30 | loss 0.2430 | ce 0.2430 | logit 0.0000 | train_acc 93.37%
[Stage2/Head] Epoch 22/30 | loss 0.2420 | ce 0.2420 | logit 0.0000 | train_acc 93.41%
[Stage2/Head] Epoch 23/30 | loss 0.2379 | ce 0.2379 | logit 0.0000 | train_acc 93.40%
[Stage2/Head] Epoch 24/30 | loss 0.2314 | ce 0.2314 | logit 0.0000 | train_acc 93.51%
[Stage2/Head] Epoch 25/30 | loss 0.2241 | ce 0.2241 | logit 0.0000 | train_acc 93.60%
[Stage2/Head] Epoch 26/30 | loss 0.2261 | ce 0.2261 | logit 0.0000 | train_acc 93.47%
[Stage2/Head] Epoch 27/30 | loss 0.2234 | ce 0.2234 | logit 0.0000 | train_acc 93.75%
[Stage2/Head] Epoch 28/30 | loss 0.2132 | ce 0.2132 | logit 0.0000 | train_acc 94.02%
[Stage2/Head] Epoch 29/30 | loss 0.2130 | ce 0.2130 | logit 0.0000 | train_acc 93.83%
[Stage2/Head] Epoch 30/30 | loss 0.2173 | ce 0.2173 | logit 0.0000 | train_acc 93.63%
[Task 0] Training done in 2.38 min.
[Task 0] Test (on new class only) -> ce_loss: 0.1199, acc: 97.33%, rec_loss: 20.8510
[Task 0] Wrote CSVs to: ./runs_mnist_continual/run_20260129_010150/task0
Accuracies on seen tasks:
  Task 0 [0,1,2,3,4]: 97.33%
Mean over seen tasks (0..0): 97.33%
[Task 0] Running Rscript to produce: ./runs_mnist_continual/run_20260129_010150/task0/inducing_points.csv
Loading required package: Matrix

Attaching package: ‘dplyr’

The following objects are masked from ‘package:stats’:

    filter, lag

The following objects are masked from ‘package:base’:

    intersect, setdiff, setequal, union

This is gplite version 0.13.0
Directory already exists: ./runs_mnist_continual/run_20260129_010150/task0 
[1] "Using original Y values (no log-space transform)"
[1] "Using GP package: laGP"
[1] "======================================"
[1] "---- Start Training GPs for existing classes ----"
[1] "class 0 training sample size (indclude 50 samples from other classes): 2050"
[1] "class 0 validation set sample size (indclude 50 samples from other classes): 635"
[1] "Selecting 1000 inducing points"
[1] "validation MSE for class0: 2.2794916010876"
[1] "Current inducing_points dim: 1000 x 16"
[1] "class 1 training sample size (indclude 50 samples from other classes): 2050"
[1] "class 1 validation set sample size (indclude 50 samples from other classes): 710"
[1] "Selecting 1000 inducing points"
[1] "validation MSE for class1: 0.730562786351925"
[1] "Current inducing_points dim: 2000 x 16"
[1] "class 2 training sample size (indclude 50 samples from other classes): 2050"
[1] "class 2 validation set sample size (indclude 50 samples from other classes): 636"
[1] "Selecting 1000 inducing points"
[1] "validation MSE for class2: 2.83685574634368"
[1] "Current inducing_points dim: 3000 x 16"
[1] "class 3 training sample size (indclude 50 samples from other classes): 2050"
[1] "class 3 validation set sample size (indclude 50 samples from other classes): 655"
[1] "Selecting 1000 inducing points"
[1] "validation MSE for class3: 2.31938799011313"
[1] "Current inducing_points dim: 4000 x 16"
[1] "class 4 training sample size (indclude 50 samples from other classes): 2050"
[1] "class 4 validation set sample size (indclude 50 samples from other classes): 616"
[1] "Selecting 1000 inducing points"
[1] "validation MSE for class4: 1.93646480751721"
[1] "Current inducing_points dim: 5000 x 16"
[1] "Train Finished"
[1] "---------------------"
[1] "Inducing Points Saved"
[1] "---------------------"
[1] "Expected testing data total: 5000"
[1] "total test df size: 5000"
 num [1:5000] 2 1 0 4 1 4 0 0 1 3 ...

   0    1    2    3    4 
 953 1103 1006  983  955 
[1] "class 0 test data size:953"
[1] "class 1 test data size:1103"
[1] "class 2 test data size:1006"
[1] "class 3 test data size:983"
[1] "class 4 test data size:955"
[1] "Testset GPs:"
[1] "Total accuracy: 0.9664"
[1] "Confusion Matrix for Class:0"
                   Actual_Positive Actual_Negative
Predicted_Positive             942              44
Predicted_Negative              11            4003
[1] "Accuracy: 0.989"
[1] "Precision: 0.955375253549696"
[1] "Recall for Class: 0.988457502623295"
[1] "F1 Score for Class: 0.971634863331614"
[1] "Confusion Matrix for Class:1"
                   Actual_Positive Actual_Negative
Predicted_Positive            1091              19
Predicted_Negative              12            3878
[1] "Accuracy: 0.9938"
[1] "Precision: 0.982882882882883"
[1] "Recall for Class: 0.989120580235721"
[1] "F1 Score for Class: 0.985991866244916"
[1] "Confusion Matrix for Class:2"
                   Actual_Positive Actual_Negative
Predicted_Positive             947              45
Predicted_Negative              59            3949
[1] "Accuracy: 0.9792"
[1] "Precision: 0.954637096774194"
[1] "Recall for Class: 0.941351888667992"
[1] "F1 Score for Class: 0.947947947947948"
[1] "Confusion Matrix for Class:3"
                   Actual_Positive Actual_Negative
Predicted_Positive             920              26
Predicted_Negative              63            3991
[1] "Accuracy: 0.9822"
[1] "Precision: 0.972515856236786"
[1] "Recall for Class: 0.935910478128179"
[1] "F1 Score for Class: 0.95386210471747"
[1] "Confusion Matrix for Class:4"
                   Actual_Positive Actual_Negative
Predicted_Positive             932              34
Predicted_Negative              23            4011
[1] "Accuracy: 0.9886"
[1] "Precision: 0.9648033126294"
[1] "Recall for Class: 0.975916230366492"
[1] "F1 Score for Class: 0.970327954190526"
[1] "GPc0 distribution statistics for0, 1, 2, 3, 4:"
[1] "mean: 0.945255453695219, 0.0679571610499636, 0.0727919421364459, 0.0802596290375747, 0.0623829732688067"
[1] "sd: 0.0868618964205399, 0.189694502428358, 0.332516922186732, 0.351367634154472, 0.306303815217964"
[1] "---------------------"
[1] "GPc1 distribution statistics for0, 1, 2, 3, 4:"
[1] "mean: -0.00308237931662942, 0.950397550436767, 0.0325172159309275, 0.00296210634362385, 0.0108736399234602"
[1] "sd: 0.0302568842776127, 0.0968984117778018, 0.111852515662998, 0.102265191655262, 0.10713585898932"
[1] "---------------------"
[1] "GPc2 distribution statistics for0, 1, 2, 3, 4:"
[1] "mean: -0.0165332083449911, -0.0724467200852961, 0.881191894521713, -0.0672549256750518, -0.124799884387011"
[1] "sd: 0.269028595012932, 0.229191179221157, 0.174863478466193, 0.36772006097505, 0.272860806461957"
[1] "---------------------"
[1] "GPc3 distribution statistics for0, 1, 2, 3, 4:"
[1] "mean: -0.00300101313938558, -0.000699290153432198, -0.110377031047785, 0.885975524930859, -0.0453257494959568"
[1] "sd: 0.209801455267938, 0.143221536814119, 0.34042656756659, 0.173607533782319, 0.210904826815836"
[1] "---------------------"
[1] "GPc4 distribution statistics for0, 1, 2, 3, 4:"
[1] "mean: 0.0401213752351321, -0.0156544433457846, -0.0889942126534555, -0.058350392002872, 0.933109188358406"
[1] "sd: 0.290501038390955, 0.269415601195139, 0.3024575809287, 0.432559039356268, 0.114714284951253"
[1] "---------------------"
Warning message:
Removed 1 row containing missing values or values outside the scale range
(`geom_bar()`). 
[1] "Save Results"
null device 
          1 
[Task 0] Loaded from R CSV: 5000 rows, f_size=16
[Task 0] Decoded images: torch.Size([5000, 1, 28, 28]) -> recovered dataset size 5000
[Task 0] Augmenting Task 1 training set with 5000 recovered samples.
/home/lhalice/miniconda3/envs/NNGP/lib/python3.12/site-packages/torch/utils/data/dataloader.py:627: UserWarning: This DataLoader will create 2 worker processes in total. Our suggested max number of worker in current system is 1, which is smaller than what this DataLoader is going to create. Please be aware that excessive worker creation might get DataLoader running slow or even freeze, lower the worker number to avoid potential slowness/freeze if necessary.
  warnings.warn(
[Task 0] Caching f_size features for feature-preservation in next task...
[Task 0] Cached features: 30596 items.

================================================================================
Starting Task 1: digits [5]
Training samples size: 8000
================================================================================
[Stage1/AE] Epoch 1/60 | loss 0.0213 | rec 0.0213 | feat 0.0000 | train_acc 58.66%
[Stage1/AE] Epoch 2/60 | loss 0.0203 | rec 0.0203 | feat 0.0000 | train_acc 59.04%
[Stage1/AE] Epoch 3/60 | loss 0.0198 | rec 0.0198 | feat 0.0000 | train_acc 58.73%
[Stage1/AE] Epoch 4/60 | loss 0.0195 | rec 0.0195 | feat 0.0000 | train_acc 58.71%
[Stage1/AE] Epoch 5/60 | loss 0.0191 | rec 0.0191 | feat 0.0000 | train_acc 58.50%
[Stage1/AE] Epoch 6/60 | loss 0.0190 | rec 0.0190 | feat 0.0000 | train_acc 58.39%
[Stage1/AE] Epoch 7/60 | loss 0.0188 | rec 0.0188 | feat 0.0000 | train_acc 58.46%
[Stage1/AE] Epoch 8/60 | loss 0.0185 | rec 0.0185 | feat 0.0000 | train_acc 58.45%
[Stage1/AE] Epoch 9/60 | loss 0.0184 | rec 0.0184 | feat 0.0000 | train_acc 58.61%
[Stage1/AE] Epoch 10/60 | loss 0.0182 | rec 0.0182 | feat 0.0000 | train_acc 58.39%
[Stage1/AE] Epoch 11/60 | loss 0.0180 | rec 0.0180 | feat 0.0000 | train_acc 57.94%
[Stage1/AE] Epoch 12/60 | loss 0.0180 | rec 0.0180 | feat 0.0000 | train_acc 58.40%
[Stage1/AE] Epoch 13/60 | loss 0.0178 | rec 0.0178 | feat 0.0000 | train_acc 57.96%
[Stage1/AE] Epoch 14/60 | loss 0.0178 | rec 0.0178 | feat 0.0000 | train_acc 58.20%
[Stage1/AE] Epoch 15/60 | loss 0.0176 | rec 0.0176 | feat 0.0000 | train_acc 58.02%
[Stage1/AE] Epoch 16/60 | loss 0.0174 | rec 0.0174 | feat 0.0000 | train_acc 57.88%
[Stage1/AE] Epoch 17/60 | loss 0.0173 | rec 0.0173 | feat 0.0000 | train_acc 58.08%
[Stage1/AE] Epoch 18/60 | loss 0.0173 | rec 0.0173 | feat 0.0000 | train_acc 58.11%
[Stage1/AE] Epoch 19/60 | loss 0.0172 | rec 0.0172 | feat 0.0000 | train_acc 58.00%
[Stage1/AE] Epoch 20/60 | loss 0.0171 | rec 0.0171 | feat 0.0000 | train_acc 57.79%
[Stage1/AE] Epoch 21/60 | loss 0.0169 | rec 0.0169 | feat 0.0000 | train_acc 57.45%
[Stage1/AE] Epoch 22/60 | loss 0.0169 | rec 0.0169 | feat 0.0000 | train_acc 57.60%
[Stage1/AE] Epoch 23/60 | loss 0.0168 | rec 0.0168 | feat 0.0000 | train_acc 57.66%
[Stage1/AE] Epoch 24/60 | loss 0.0168 | rec 0.0168 | feat 0.0000 | train_acc 57.79%
[Stage1/AE] Epoch 25/60 | loss 0.0166 | rec 0.0166 | feat 0.0000 | train_acc 57.91%
[Stage1/AE] Epoch 26/60 | loss 0.0165 | rec 0.0165 | feat 0.0000 | train_acc 57.67%
[Stage1/AE] Epoch 27/60 | loss 0.0164 | rec 0.0164 | feat 0.0000 | train_acc 57.50%
[Stage1/AE] Epoch 28/60 | loss 0.0164 | rec 0.0164 | feat 0.0000 | train_acc 57.42%
[Stage1/AE] Epoch 29/60 | loss 0.0163 | rec 0.0163 | feat 0.0000 | train_acc 57.42%
[Stage1/AE] Epoch 30/60 | loss 0.0163 | rec 0.0163 | feat 0.0000 | train_acc 57.21%
[Stage1/AE] Epoch 31/60 | loss 0.0162 | rec 0.0162 | feat 0.0000 | train_acc 57.51%
[Stage1/AE] Epoch 32/60 | loss 0.0161 | rec 0.0161 | feat 0.0000 | train_acc 57.02%
[Stage1/AE] Epoch 33/60 | loss 0.0161 | rec 0.0161 | feat 0.0000 | train_acc 57.26%
[Stage1/AE] Epoch 34/60 | loss 0.0160 | rec 0.0160 | feat 0.0000 | train_acc 57.09%
[Stage1/AE] Epoch 35/60 | loss 0.0159 | rec 0.0159 | feat 0.0000 | train_acc 57.12%
[Stage1/AE] Epoch 36/60 | loss 0.0160 | rec 0.0160 | feat 0.0000 | train_acc 57.25%
[Stage1/AE] Epoch 37/60 | loss 0.0158 | rec 0.0158 | feat 0.0000 | train_acc 57.02%
[Stage1/AE] Epoch 38/60 | loss 0.0158 | rec 0.0158 | feat 0.0000 | train_acc 56.84%
[Stage1/AE] Epoch 39/60 | loss 0.0157 | rec 0.0157 | feat 0.0000 | train_acc 56.71%
[Stage1/AE] Epoch 40/60 | loss 0.0156 | rec 0.0156 | feat 0.0000 | train_acc 56.96%
[Stage1/AE] Epoch 41/60 | loss 0.0156 | rec 0.0156 | feat 0.0000 | train_acc 56.85%
[Stage1/AE] Epoch 42/60 | loss 0.0156 | rec 0.0156 | feat 0.0000 | train_acc 57.06%
[Stage1/AE] Epoch 43/60 | loss 0.0155 | rec 0.0155 | feat 0.0000 | train_acc 56.67%
[Stage1/AE] Epoch 44/60 | loss 0.0154 | rec 0.0154 | feat 0.0000 | train_acc 56.36%
[Stage1/AE] Epoch 45/60 | loss 0.0154 | rec 0.0154 | feat 0.0000 | train_acc 56.35%
[Stage1/AE] Epoch 46/60 | loss 0.0154 | rec 0.0154 | feat 0.0000 | train_acc 56.16%
[Stage1/AE] Epoch 47/60 | loss 0.0154 | rec 0.0154 | feat 0.0000 | train_acc 56.54%
[Stage1/AE] Epoch 48/60 | loss 0.0152 | rec 0.0152 | feat 0.0000 | train_acc 56.20%
[Stage1/AE] Epoch 49/60 | loss 0.0152 | rec 0.0152 | feat 0.0000 | train_acc 56.61%
[Stage1/AE] Epoch 50/60 | loss 0.0151 | rec 0.0151 | feat 0.0000 | train_acc 56.65%
[Stage1/AE] Epoch 51/60 | loss 0.0151 | rec 0.0151 | feat 0.0000 | train_acc 56.46%
[Stage1/AE] Epoch 52/60 | loss 0.0151 | rec 0.0151 | feat 0.0000 | train_acc 56.45%
[Stage1/AE] Epoch 53/60 | loss 0.0151 | rec 0.0151 | feat 0.0000 | train_acc 56.24%
[Stage1/AE] Epoch 54/60 | loss 0.0150 | rec 0.0150 | feat 0.0000 | train_acc 56.21%
[Stage1/AE] Epoch 55/60 | loss 0.0150 | rec 0.0150 | feat 0.0000 | train_acc 56.25%
[Stage1/AE] Epoch 56/60 | loss 0.0148 | rec 0.0148 | feat 0.0000 | train_acc 56.21%
[Stage1/AE] Epoch 57/60 | loss 0.0149 | rec 0.0149 | feat 0.0000 | train_acc 55.75%
[Stage1/AE] Epoch 58/60 | loss 0.0149 | rec 0.0149 | feat 0.0000 | train_acc 56.11%
[Stage1/AE] Epoch 59/60 | loss 0.0148 | rec 0.0148 | feat 0.0000 | train_acc 55.92%
[Stage1/AE] Epoch 60/60 | loss 0.0148 | rec 0.0148 | feat 0.0000 | train_acc 55.50%
[Stage2/Head] Epoch 1/60 | loss 2.1068 | ce 2.1068 | logit 0.0000 | train_acc 57.34%
[Stage2/Head] Epoch 2/60 | loss 1.7230 | ce 1.7230 | logit 0.0000 | train_acc 58.17%
[Stage2/Head] Epoch 3/60 | loss 1.5828 | ce 1.5828 | logit 0.0000 | train_acc 58.27%
[Stage2/Head] Epoch 4/60 | loss 1.4426 | ce 1.4426 | logit 0.0000 | train_acc 58.45%
[Stage2/Head] Epoch 5/60 | loss 1.3239 | ce 1.3239 | logit 0.0000 | train_acc 58.17%
[Stage2/Head] Epoch 6/60 | loss 1.2037 | ce 1.2037 | logit 0.0000 | train_acc 58.48%
[Stage2/Head] Epoch 7/60 | loss 1.0820 | ce 1.0820 | logit 0.0000 | train_acc 58.56%
[Stage2/Head] Epoch 8/60 | loss 0.9482 | ce 0.9482 | logit 0.0000 | train_acc 58.44%
[Stage2/Head] Epoch 9/60 | loss 0.8329 | ce 0.8329 | logit 0.0000 | train_acc 63.27%
[Stage2/Head] Epoch 10/60 | loss 0.7266 | ce 0.7266 | logit 0.0000 | train_acc 81.25%
[Stage2/Head] Epoch 11/60 | loss 0.6467 | ce 0.6467 | logit 0.0000 | train_acc 87.72%
[Stage2/Head] Epoch 12/60 | loss 0.5793 | ce 0.5793 | logit 0.0000 | train_acc 90.19%
[Stage2/Head] Epoch 13/60 | loss 0.5249 | ce 0.5249 | logit 0.0000 | train_acc 90.92%
[Stage2/Head] Epoch 14/60 | loss 0.4795 | ce 0.4795 | logit 0.0000 | train_acc 91.50%
[Stage2/Head] Epoch 15/60 | loss 0.4523 | ce 0.4523 | logit 0.0000 | train_acc 91.61%
[Stage2/Head] Epoch 16/60 | loss 0.4202 | ce 0.4202 | logit 0.0000 | train_acc 91.91%
[Stage2/Head] Epoch 17/60 | loss 0.3994 | ce 0.3994 | logit 0.0000 | train_acc 91.71%
[Stage2/Head] Epoch 18/60 | loss 0.3764 | ce 0.3764 | logit 0.0000 | train_acc 92.54%
[Stage2/Head] Epoch 19/60 | loss 0.3685 | ce 0.3685 | logit 0.0000 | train_acc 91.79%
[Stage2/Head] Epoch 20/60 | loss 0.3472 | ce 0.3472 | logit 0.0000 | train_acc 92.53%
[Stage2/Head] Epoch 21/60 | loss 0.3371 | ce 0.3371 | logit 0.0000 | train_acc 92.28%
[Stage2/Head] Epoch 22/60 | loss 0.3305 | ce 0.3305 | logit 0.0000 | train_acc 92.49%
[Stage2/Head] Epoch 23/60 | loss 0.3188 | ce 0.3188 | logit 0.0000 | train_acc 92.65%
[Stage2/Head] Epoch 24/60 | loss 0.3048 | ce 0.3048 | logit 0.0000 | train_acc 92.96%
[Stage2/Head] Epoch 25/60 | loss 0.3077 | ce 0.3077 | logit 0.0000 | train_acc 92.44%
[Stage2/Head] Epoch 26/60 | loss 0.2917 | ce 0.2917 | logit 0.0000 | train_acc 92.96%
[Stage2/Head] Epoch 27/60 | loss 0.2976 | ce 0.2976 | logit 0.0000 | train_acc 92.62%
[Stage2/Head] Epoch 28/60 | loss 0.2804 | ce 0.2804 | logit 0.0000 | train_acc 92.92%
[Stage2/Head] Epoch 29/60 | loss 0.2818 | ce 0.2818 | logit 0.0000 | train_acc 93.03%
[Stage2/Head] Epoch 30/60 | loss 0.2744 | ce 0.2744 | logit 0.0000 | train_acc 93.05%
[Stage2/Head] Epoch 31/60 | loss 0.2755 | ce 0.2755 | logit 0.0000 | train_acc 92.91%
[Stage2/Head] Epoch 32/60 | loss 0.2782 | ce 0.2782 | logit 0.0000 | train_acc 92.60%
[Stage2/Head] Epoch 33/60 | loss 0.2646 | ce 0.2646 | logit 0.0000 | train_acc 92.95%
[Stage2/Head] Epoch 34/60 | loss 0.2637 | ce 0.2637 | logit 0.0000 | train_acc 92.96%
[Stage2/Head] Epoch 35/60 | loss 0.2613 | ce 0.2613 | logit 0.0000 | train_acc 92.95%
[Stage2/Head] Epoch 36/60 | loss 0.2602 | ce 0.2602 | logit 0.0000 | train_acc 92.58%
[Stage2/Head] Epoch 37/60 | loss 0.2564 | ce 0.2564 | logit 0.0000 | train_acc 92.74%
[Stage2/Head] Epoch 38/60 | loss 0.2521 | ce 0.2521 | logit 0.0000 | train_acc 93.19%
[Stage2/Head] Epoch 39/60 | loss 0.2514 | ce 0.2514 | logit 0.0000 | train_acc 93.26%
[Stage2/Head] Epoch 40/60 | loss 0.2475 | ce 0.2475 | logit 0.0000 | train_acc 93.00%
[Stage2/Head] Epoch 41/60 | loss 0.2451 | ce 0.2451 | logit 0.0000 | train_acc 93.28%
[Stage2/Head] Epoch 42/60 | loss 0.2423 | ce 0.2423 | logit 0.0000 | train_acc 93.10%
[Stage2/Head] Epoch 43/60 | loss 0.2361 | ce 0.2361 | logit 0.0000 | train_acc 93.16%
[Stage2/Head] Epoch 44/60 | loss 0.2473 | ce 0.2473 | logit 0.0000 | train_acc 93.09%
[Stage2/Head] Epoch 45/60 | loss 0.2384 | ce 0.2384 | logit 0.0000 | train_acc 93.33%
[Stage2/Head] Epoch 46/60 | loss 0.2414 | ce 0.2414 | logit 0.0000 | train_acc 92.88%
[Stage2/Head] Epoch 47/60 | loss 0.2363 | ce 0.2363 | logit 0.0000 | train_acc 93.34%
[Stage2/Head] Epoch 48/60 | loss 0.2305 | ce 0.2305 | logit 0.0000 | train_acc 93.30%
[Stage2/Head] Epoch 49/60 | loss 0.2345 | ce 0.2345 | logit 0.0000 | train_acc 93.10%
[Stage2/Head] Epoch 50/60 | loss 0.2385 | ce 0.2385 | logit 0.0000 | train_acc 92.91%
[Stage2/Head] Epoch 51/60 | loss 0.2321 | ce 0.2321 | logit 0.0000 | train_acc 93.08%
[Stage2/Head] Epoch 52/60 | loss 0.2274 | ce 0.2274 | logit 0.0000 | train_acc 93.22%
[Stage2/Head] Epoch 53/60 | loss 0.2371 | ce 0.2371 | logit 0.0000 | train_acc 92.97%
[Stage2/Head] Epoch 54/60 | loss 0.2208 | ce 0.2208 | logit 0.0000 | train_acc 93.64%
[Stage2/Head] Epoch 55/60 | loss 0.2273 | ce 0.2273 | logit 0.0000 | train_acc 93.29%
[Stage2/Head] Epoch 56/60 | loss 0.2235 | ce 0.2235 | logit 0.0000 | train_acc 93.41%
[Stage2/Head] Epoch 57/60 | loss 0.2259 | ce 0.2259 | logit 0.0000 | train_acc 93.46%
[Stage2/Head] Epoch 58/60 | loss 0.2181 | ce 0.2181 | logit 0.0000 | train_acc 93.51%
[Stage2/Head] Epoch 59/60 | loss 0.2263 | ce 0.2263 | logit 0.0000 | train_acc 93.19%
[Stage2/Head] Epoch 60/60 | loss 0.2321 | ce 0.2321 | logit 0.0000 | train_acc 93.20%
[Task 1] Training done in 3.43 min.
[Task 1] Test (on new class only) -> ce_loss: 0.0836, acc: 97.98%, rec_loss: 19.8171
[Task 1] Wrote CSVs to: ./runs_mnist_continual/run_20260129_010150/task1
Accuracies on seen tasks:
  Task 0 [0,1,2,3,4]: 92.61%
  Task 1 [5]: 97.98%
Mean over seen tasks (0..1): 95.29%
[Task 1] Running Rscript to produce: ./runs_mnist_continual/run_20260129_010150/task1/inducing_points.csv
Loading required package: Matrix

Attaching package: ‘dplyr’

The following objects are masked from ‘package:stats’:

    filter, lag

The following objects are masked from ‘package:base’:

    intersect, setdiff, setequal, union

This is gplite version 0.13.0
Directory already exists: ./runs_mnist_continual/run_20260129_010150/task1 
[1] "Using original Y values (no log-space transform)"
[1] "Using GP package: laGP"
[1] "======================================"
[1] "---- Start Training GPs for existing classes ----"
[1] "class 0 training sample size (indclude 50 samples from other classes): 850"
[1] "class 0 validation set sample size (indclude 50 samples from other classes): 250"
[1] "Selecting 800 inducing points"
[1] "validation MSE for class0: 1.45468123031378"
[1] "Current inducing_points dim: 800 x 16"
[1] "class 1 training sample size (indclude 50 samples from other classes): 850"
[1] "class 1 validation set sample size (indclude 50 samples from other classes): 250"
[1] "Selecting 800 inducing points"
[1] "validation MSE for class1: 0.64456735607562"
[1] "Current inducing_points dim: 1600 x 16"
[1] "class 2 training sample size (indclude 50 samples from other classes): 850"
[1] "class 2 validation set sample size (indclude 50 samples from other classes): 250"
[1] "Selecting 800 inducing points"
[1] "validation MSE for class2: 1.60728260409014"
[1] "Current inducing_points dim: 2400 x 16"
[1] "class 3 training sample size (indclude 50 samples from other classes): 850"
[1] "class 3 validation set sample size (indclude 50 samples from other classes): 250"
[1] "Selecting 800 inducing points"
[1] "validation MSE for class3: 1.56961197901577"
[1] "Current inducing_points dim: 3200 x 16"
[1] "class 4 training sample size (indclude 50 samples from other classes): 850"
[1] "class 4 validation set sample size (indclude 50 samples from other classes): 250"
[1] "Selecting 800 inducing points"
[1] "validation MSE for class4: 1.53327097513858"
[1] "Current inducing_points dim: 4000 x 16"
[1] "class 5 training sample size (indclude 50 samples from other classes): 2050"
[1] "class 5 validation set sample size (indclude 50 samples from other classes): 650"
[1] "Selecting 1000 inducing points"
[1] "validation MSE for class5: 1.9371092475867"
[1] "Current inducing_points dim: 5000 x 16"
[1] "Train Finished"
[1] "---------------------"
[1] "Inducing Points Saved"
[1] "---------------------"
[1] "Expected testing data total: 6000"
[1] "total test df size: 6000"
 num [1:6000] 2 1 0 4 1 4 0 0 1 3 ...

   0    1    2    3    4    5 
 980 1135 1032 1010  982  861 
[1] "class 0 test data size:980"
[1] "class 1 test data size:1135"
[1] "class 2 test data size:1032"
[1] "class 3 test data size:1010"
[1] "class 4 test data size:982"
[1] "class 5 test data size:861"
[1] "Testset GPs:"
[1] "Total accuracy: 0.92"
[1] "Confusion Matrix for Class:0"
                   Actual_Positive Actual_Negative
Predicted_Positive             916              32
Predicted_Negative              64            4988
[1] "Accuracy: 0.984"
[1] "Precision: 0.966244725738397"
[1] "Recall for Class: 0.93469387755102"
[1] "F1 Score for Class: 0.950207468879668"
[1] "Confusion Matrix for Class:1"
                   Actual_Positive Actual_Negative
Predicted_Positive            1090              14
Predicted_Negative              45            4851
[1] "Accuracy: 0.990166666666667"
[1] "Precision: 0.98731884057971"
[1] "Recall for Class: 0.960352422907489"
[1] "F1 Score for Class: 0.973648950424297"
[1] "Confusion Matrix for Class:2"
                   Actual_Positive Actual_Negative
Predicted_Positive             955              42
Predicted_Negative              77            4926
[1] "Accuracy: 0.980166666666667"
[1] "Precision: 0.957873620862588"
[1] "Recall for Class: 0.925387596899225"
[1] "F1 Score for Class: 0.941350418925579"
[1] "Confusion Matrix for Class:3"
                   Actual_Positive Actual_Negative
Predicted_Positive             780              49
Predicted_Negative             230            4941
[1] "Accuracy: 0.9535"
[1] "Precision: 0.940892641737033"
[1] "Recall for Class: 0.772277227722772"
[1] "F1 Score for Class: 0.848287112561175"
[1] "Confusion Matrix for Class:4"
                   Actual_Positive Actual_Negative
Predicted_Positive             929              32
Predicted_Negative              53            4986
[1] "Accuracy: 0.985833333333333"
[1] "Precision: 0.966701352757544"
[1] "Recall for Class: 0.946028513238289"
[1] "F1 Score for Class: 0.956253216675245"
[1] "Confusion Matrix for Class:5"
                   Actual_Positive Actual_Negative
Predicted_Positive             850             311
Predicted_Negative              11            4828
[1] "Accuracy: 0.946333333333333"
[1] "Precision: 0.732127476313523"
[1] "Recall for Class: 0.987224157955865"
[1] "F1 Score for Class: 0.840751730959446"
[1] "GPc0 distribution statistics for0, 1, 2, 3, 4, 5:"
[1] "mean: 0.83346753286687, 0.0035732140188202, 0.0447639944067753, 0.0321634092496576, -0.00619080740225132, 0.0223450626636853"
[1] "sd: 0.180766347288777, 0.0496132155876208, 0.129354966284944, 0.175213197583484, 0.224525160789013, 0.125074570547607"
[1] "---------------------"
[1] "GPc1 distribution statistics for0, 1, 2, 3, 4, 5:"
[1] "mean: 2.84510887438222e-06, 0.907802196537503, 0.022219120143972, 0.0105914802104261, -0.0333996939126708, 0.00109275092002868"
[1] "sd: 0.0185821440729313, 0.169844394873728, 0.0981607894021453, 0.0872181270393323, 0.129825872940727, 0.043794548686539"
[1] "---------------------"
[1] "GPc2 distribution statistics for0, 1, 2, 3, 4, 5:"
[1] "mean: -0.0382630970892892, 0.0614688898851929, 0.794777641932243, 0.0355036497266802, -0.120262238742617, -0.00808051408680887"
[1] "sd: 0.116214219905478, 0.133230487321211, 0.217575796199531, 0.233824819544232, 0.306900816978325, 0.0915456456043622"
[1] "---------------------"
[1] "GPc3 distribution statistics for0, 1, 2, 3, 4, 5:"
[1] "mean: 0.00410024800842952, -0.00527782160745716, -0.00534929465507385, 0.712666729621779, 0.0681860295462492, 0.0489339836502262"
[1] "sd: 0.103887772888141, 0.176525164712102, 0.238736010823495, 0.266545716994062, 0.178309271389425, 0.154312162558956"
[1] "---------------------"
[1] "GPc4 distribution statistics for0, 1, 2, 3, 4, 5:"
[1] "mean: -0.0235322579985596, -0.0245641725419737, -0.0553874996148102, -0.0592684009619266, 0.873915148932441, 0.0205074332399912"
[1] "sd: 0.186961757630009, 0.063489440494874, 0.270328129791759, 0.308513555130887, 0.170312831883897, 0.150555412476348"
[1] "---------------------"
[1] "GPc5 distribution statistics for0, 1, 2, 3, 4, 5:"
[1] "mean: 0.149018799298828, -0.0531985952613799, 0.0351651910775787, 0.250342296021702, 0.129504027443455, 0.937125521844932"
[1] "sd: 0.299601992944153, 0.182265324649525, 0.234184597600102, 0.341360849939584, 0.218108376226746, 0.0876182931106372"
[1] "---------------------"
Warning messages:
1: Removed 1 row containing missing values or values outside the scale range
(`geom_bar()`). 
2: Removed 1 row containing missing values or values outside the scale range
(`geom_bar()`). 
[1] "Save Results"
null device 
          1 
[Task 1] Loaded from R CSV: 5000 rows, f_size=16
[Task 1] Decoded images: torch.Size([5000, 1, 28, 28]) -> recovered dataset size 5000
[Task 1] Augmenting Task 2 training set with 5000 recovered samples.
[Task 1] Caching f_size features for feature-preservation in next task...
[Task 1] Cached features: 36017 items.

================================================================================
Starting Task 2: digits [6]
Training samples size: 8000
================================================================================
[Stage1/AE] Epoch 1/60 | loss 0.0178 | rec 0.0178 | feat 0.0000 | train_acc 57.83%
[Stage1/AE] Epoch 2/60 | loss 0.0163 | rec 0.0163 | feat 0.0000 | train_acc 57.30%
[Stage1/AE] Epoch 3/60 | loss 0.0158 | rec 0.0158 | feat 0.0000 | train_acc 57.19%
[Stage1/AE] Epoch 4/60 | loss 0.0153 | rec 0.0153 | feat 0.0000 | train_acc 57.08%
[Stage1/AE] Epoch 5/60 | loss 0.0151 | rec 0.0151 | feat 0.0000 | train_acc 57.30%
[Stage1/AE] Epoch 6/60 | loss 0.0148 | rec 0.0148 | feat 0.0000 | train_acc 57.31%
[Stage1/AE] Epoch 7/60 | loss 0.0145 | rec 0.0145 | feat 0.0000 | train_acc 57.06%
[Stage1/AE] Epoch 8/60 | loss 0.0143 | rec 0.0143 | feat 0.0000 | train_acc 57.16%
[Stage1/AE] Epoch 9/60 | loss 0.0142 | rec 0.0142 | feat 0.0000 | train_acc 57.20%
[Stage1/AE] Epoch 10/60 | loss 0.0141 | rec 0.0141 | feat 0.0000 | train_acc 56.79%
[Stage1/AE] Epoch 11/60 | loss 0.0139 | rec 0.0139 | feat 0.0000 | train_acc 57.44%
[Stage1/AE] Epoch 12/60 | loss 0.0139 | rec 0.0139 | feat 0.0000 | train_acc 57.15%
[Stage1/AE] Epoch 13/60 | loss 0.0137 | rec 0.0137 | feat 0.0000 | train_acc 57.16%
[Stage1/AE] Epoch 14/60 | loss 0.0137 | rec 0.0137 | feat 0.0000 | train_acc 56.81%
[Stage1/AE] Epoch 15/60 | loss 0.0135 | rec 0.0135 | feat 0.0000 | train_acc 57.02%
[Stage1/AE] Epoch 16/60 | loss 0.0135 | rec 0.0135 | feat 0.0000 | train_acc 57.12%
[Stage1/AE] Epoch 17/60 | loss 0.0134 | rec 0.0134 | feat 0.0000 | train_acc 56.73%
[Stage1/AE] Epoch 18/60 | loss 0.0133 | rec 0.0133 | feat 0.0000 | train_acc 56.90%
[Stage1/AE] Epoch 19/60 | loss 0.0133 | rec 0.0133 | feat 0.0000 | train_acc 57.25%
[Stage1/AE] Epoch 20/60 | loss 0.0132 | rec 0.0132 | feat 0.0000 | train_acc 56.69%
[Stage1/AE] Epoch 21/60 | loss 0.0130 | rec 0.0130 | feat 0.0000 | train_acc 56.90%
[Stage1/AE] Epoch 22/60 | loss 0.0130 | rec 0.0130 | feat 0.0000 | train_acc 56.96%
[Stage1/AE] Epoch 23/60 | loss 0.0129 | rec 0.0129 | feat 0.0000 | train_acc 56.76%
[Stage1/AE] Epoch 24/60 | loss 0.0128 | rec 0.0128 | feat 0.0000 | train_acc 56.95%
[Stage1/AE] Epoch 25/60 | loss 0.0128 | rec 0.0128 | feat 0.0000 | train_acc 56.85%
[Stage1/AE] Epoch 26/60 | loss 0.0128 | rec 0.0128 | feat 0.0000 | train_acc 56.81%
[Stage1/AE] Epoch 27/60 | loss 0.0127 | rec 0.0127 | feat 0.0000 | train_acc 56.84%
[Stage1/AE] Epoch 28/60 | loss 0.0127 | rec 0.0127 | feat 0.0000 | train_acc 57.00%
[Stage1/AE] Epoch 29/60 | loss 0.0126 | rec 0.0126 | feat 0.0000 | train_acc 57.21%
[Stage1/AE] Epoch 30/60 | loss 0.0126 | rec 0.0126 | feat 0.0000 | train_acc 56.90%
[Stage1/AE] Epoch 31/60 | loss 0.0125 | rec 0.0125 | feat 0.0000 | train_acc 56.94%
[Stage1/AE] Epoch 32/60 | loss 0.0125 | rec 0.0125 | feat 0.0000 | train_acc 56.65%
[Stage1/AE] Epoch 33/60 | loss 0.0125 | rec 0.0125 | feat 0.0000 | train_acc 56.64%
[Stage1/AE] Epoch 34/60 | loss 0.0124 | rec 0.0124 | feat 0.0000 | train_acc 57.14%
[Stage1/AE] Epoch 35/60 | loss 0.0123 | rec 0.0123 | feat 0.0000 | train_acc 56.86%
[Stage1/AE] Epoch 36/60 | loss 0.0123 | rec 0.0123 | feat 0.0000 | train_acc 56.83%
[Stage1/AE] Epoch 37/60 | loss 0.0122 | rec 0.0122 | feat 0.0000 | train_acc 56.98%
[Stage1/AE] Epoch 38/60 | loss 0.0122 | rec 0.0122 | feat 0.0000 | train_acc 57.00%
[Stage1/AE] Epoch 39/60 | loss 0.0121 | rec 0.0121 | feat 0.0000 | train_acc 56.92%
[Stage1/AE] Epoch 40/60 | loss 0.0122 | rec 0.0122 | feat 0.0000 | train_acc 56.76%
[Stage1/AE] Epoch 41/60 | loss 0.0120 | rec 0.0120 | feat 0.0000 | train_acc 57.04%
[Stage1/AE] Epoch 42/60 | loss 0.0121 | rec 0.0121 | feat 0.0000 | train_acc 56.70%
[Stage1/AE] Epoch 43/60 | loss 0.0121 | rec 0.0121 | feat 0.0000 | train_acc 56.80%
[Stage1/AE] Epoch 44/60 | loss 0.0120 | rec 0.0120 | feat 0.0000 | train_acc 56.74%
[Stage1/AE] Epoch 45/60 | loss 0.0120 | rec 0.0120 | feat 0.0000 | train_acc 56.85%
[Stage1/AE] Epoch 46/60 | loss 0.0119 | rec 0.0119 | feat 0.0000 | train_acc 56.91%
[Stage1/AE] Epoch 47/60 | loss 0.0119 | rec 0.0119 | feat 0.0000 | train_acc 56.62%
[Stage1/AE] Epoch 48/60 | loss 0.0118 | rec 0.0118 | feat 0.0000 | train_acc 56.36%
[Stage1/AE] Epoch 49/60 | loss 0.0119 | rec 0.0119 | feat 0.0000 | train_acc 56.86%
[Stage1/AE] Epoch 50/60 | loss 0.0118 | rec 0.0118 | feat 0.0000 | train_acc 56.79%
[Stage1/AE] Epoch 51/60 | loss 0.0117 | rec 0.0117 | feat 0.0000 | train_acc 56.69%
[Stage1/AE] Epoch 52/60 | loss 0.0118 | rec 0.0118 | feat 0.0000 | train_acc 57.08%
[Stage1/AE] Epoch 53/60 | loss 0.0118 | rec 0.0118 | feat 0.0000 | train_acc 56.61%
[Stage1/AE] Epoch 54/60 | loss 0.0117 | rec 0.0117 | feat 0.0000 | train_acc 56.96%
[Stage1/AE] Epoch 55/60 | loss 0.0117 | rec 0.0117 | feat 0.0000 | train_acc 56.76%
[Stage1/AE] Epoch 56/60 | loss 0.0117 | rec 0.0117 | feat 0.0000 | train_acc 56.54%
[Stage1/AE] Epoch 57/60 | loss 0.0117 | rec 0.0117 | feat 0.0000 | train_acc 56.69%
[Stage1/AE] Epoch 58/60 | loss 0.0117 | rec 0.0117 | feat 0.0000 | train_acc 56.58%
[Stage1/AE] Epoch 59/60 | loss 0.0116 | rec 0.0116 | feat 0.0000 | train_acc 56.73%
[Stage1/AE] Epoch 60/60 | loss 0.0116 | rec 0.0116 | feat 0.0000 | train_acc 56.38%
[Stage2/Head] Epoch 1/60 | loss 2.9487 | ce 2.9487 | logit 0.0000 | train_acc 56.90%
[Stage2/Head] Epoch 2/60 | loss 2.6151 | ce 2.6151 | logit 0.0000 | train_acc 56.91%
[Stage2/Head] Epoch 3/60 | loss 2.4963 | ce 2.4963 | logit 0.0000 | train_acc 56.98%
[Stage2/Head] Epoch 4/60 | loss 2.3632 | ce 2.3632 | logit 0.0000 | train_acc 57.40%
[Stage2/Head] Epoch 5/60 | loss 1.6802 | ce 1.6802 | logit 0.0000 | train_acc 56.49%
[Stage2/Head] Epoch 6/60 | loss 1.3238 | ce 1.3238 | logit 0.0000 | train_acc 57.05%
[Stage2/Head] Epoch 7/60 | loss 1.1798 | ce 1.1798 | logit 0.0000 | train_acc 57.41%
[Stage2/Head] Epoch 8/60 | loss 1.0608 | ce 1.0608 | logit 0.0000 | train_acc 57.55%
[Stage2/Head] Epoch 9/60 | loss 0.9658 | ce 0.9658 | logit 0.0000 | train_acc 57.31%
[Stage2/Head] Epoch 10/60 | loss 0.8714 | ce 0.8714 | logit 0.0000 | train_acc 58.01%
[Stage2/Head] Epoch 11/60 | loss 0.8048 | ce 0.8048 | logit 0.0000 | train_acc 67.64%
[Stage2/Head] Epoch 12/60 | loss 0.7279 | ce 0.7279 | logit 0.0000 | train_acc 90.54%
[Stage2/Head] Epoch 13/60 | loss 0.6682 | ce 0.6682 | logit 0.0000 | train_acc 91.61%
[Stage2/Head] Epoch 14/60 | loss 0.6096 | ce 0.6096 | logit 0.0000 | train_acc 92.40%
[Stage2/Head] Epoch 15/60 | loss 0.5651 | ce 0.5651 | logit 0.0000 | train_acc 92.54%
[Stage2/Head] Epoch 16/60 | loss 0.5244 | ce 0.5244 | logit 0.0000 | train_acc 92.67%
[Stage2/Head] Epoch 17/60 | loss 0.4897 | ce 0.4897 | logit 0.0000 | train_acc 92.72%
[Stage2/Head] Epoch 18/60 | loss 0.4554 | ce 0.4554 | logit 0.0000 | train_acc 92.96%
[Stage2/Head] Epoch 19/60 | loss 0.4252 | ce 0.4252 | logit 0.0000 | train_acc 93.17%
[Stage2/Head] Epoch 20/60 | loss 0.4067 | ce 0.4067 | logit 0.0000 | train_acc 93.12%
[Stage2/Head] Epoch 21/60 | loss 0.3805 | ce 0.3805 | logit 0.0000 | train_acc 93.51%
[Stage2/Head] Epoch 22/60 | loss 0.3657 | ce 0.3657 | logit 0.0000 | train_acc 93.31%
[Stage2/Head] Epoch 23/60 | loss 0.3512 | ce 0.3512 | logit 0.0000 | train_acc 93.55%
[Stage2/Head] Epoch 24/60 | loss 0.3401 | ce 0.3401 | logit 0.0000 | train_acc 93.38%
[Stage2/Head] Epoch 25/60 | loss 0.3206 | ce 0.3206 | logit 0.0000 | train_acc 93.62%
[Stage2/Head] Epoch 26/60 | loss 0.3133 | ce 0.3133 | logit 0.0000 | train_acc 93.62%
[Stage2/Head] Epoch 27/60 | loss 0.3107 | ce 0.3107 | logit 0.0000 | train_acc 93.41%
[Stage2/Head] Epoch 28/60 | loss 0.2983 | ce 0.2983 | logit 0.0000 | train_acc 93.51%
[Stage2/Head] Epoch 29/60 | loss 0.2928 | ce 0.2928 | logit 0.0000 | train_acc 93.38%
[Stage2/Head] Epoch 30/60 | loss 0.2852 | ce 0.2852 | logit 0.0000 | train_acc 93.67%
[Stage2/Head] Epoch 31/60 | loss 0.2748 | ce 0.2748 | logit 0.0000 | train_acc 93.76%
[Stage2/Head] Epoch 32/60 | loss 0.2819 | ce 0.2819 | logit 0.0000 | train_acc 93.15%
[Stage2/Head] Epoch 33/60 | loss 0.2695 | ce 0.2695 | logit 0.0000 | train_acc 93.41%
[Stage2/Head] Epoch 34/60 | loss 0.2686 | ce 0.2686 | logit 0.0000 | train_acc 93.69%
[Stage2/Head] Epoch 35/60 | loss 0.2597 | ce 0.2597 | logit 0.0000 | train_acc 93.69%
[Stage2/Head] Epoch 36/60 | loss 0.2544 | ce 0.2544 | logit 0.0000 | train_acc 93.69%
[Stage2/Head] Epoch 37/60 | loss 0.2446 | ce 0.2446 | logit 0.0000 | train_acc 94.04%
[Stage2/Head] Epoch 38/60 | loss 0.2514 | ce 0.2514 | logit 0.0000 | train_acc 93.89%
[Stage2/Head] Epoch 39/60 | loss 0.2465 | ce 0.2465 | logit 0.0000 | train_acc 93.76%
[Stage2/Head] Epoch 40/60 | loss 0.2487 | ce 0.2487 | logit 0.0000 | train_acc 93.58%
[Stage2/Head] Epoch 41/60 | loss 0.2456 | ce 0.2456 | logit 0.0000 | train_acc 93.85%
[Stage2/Head] Epoch 42/60 | loss 0.2466 | ce 0.2466 | logit 0.0000 | train_acc 93.78%
[Stage2/Head] Epoch 43/60 | loss 0.2313 | ce 0.2313 | logit 0.0000 | train_acc 94.36%
[Stage2/Head] Epoch 44/60 | loss 0.2328 | ce 0.2328 | logit 0.0000 | train_acc 93.97%
[Stage2/Head] Epoch 45/60 | loss 0.2381 | ce 0.2381 | logit 0.0000 | train_acc 93.66%
[Stage2/Head] Epoch 46/60 | loss 0.2387 | ce 0.2387 | logit 0.0000 | train_acc 93.60%
[Stage2/Head] Epoch 47/60 | loss 0.2382 | ce 0.2382 | logit 0.0000 | train_acc 93.62%
[Stage2/Head] Epoch 48/60 | loss 0.2271 | ce 0.2271 | logit 0.0000 | train_acc 93.89%
[Stage2/Head] Epoch 49/60 | loss 0.2269 | ce 0.2269 | logit 0.0000 | train_acc 93.83%
[Stage2/Head] Epoch 50/60 | loss 0.2272 | ce 0.2272 | logit 0.0000 | train_acc 93.95%
[Stage2/Head] Epoch 51/60 | loss 0.2251 | ce 0.2251 | logit 0.0000 | train_acc 94.21%
[Stage2/Head] Epoch 52/60 | loss 0.2226 | ce 0.2226 | logit 0.0000 | train_acc 93.89%
[Stage2/Head] Epoch 53/60 | loss 0.2176 | ce 0.2176 | logit 0.0000 | train_acc 94.24%
[Stage2/Head] Epoch 54/60 | loss 0.2221 | ce 0.2221 | logit 0.0000 | train_acc 94.00%
[Stage2/Head] Epoch 55/60 | loss 0.2204 | ce 0.2204 | logit 0.0000 | train_acc 93.91%
[Stage2/Head] Epoch 56/60 | loss 0.2164 | ce 0.2164 | logit 0.0000 | train_acc 93.88%
[Stage2/Head] Epoch 57/60 | loss 0.2156 | ce 0.2156 | logit 0.0000 | train_acc 94.11%
[Stage2/Head] Epoch 58/60 | loss 0.2108 | ce 0.2108 | logit 0.0000 | train_acc 94.30%
[Stage2/Head] Epoch 59/60 | loss 0.2230 | ce 0.2230 | logit 0.0000 | train_acc 93.71%
[Stage2/Head] Epoch 60/60 | loss 0.2191 | ce 0.2191 | logit 0.0000 | train_acc 94.12%
[Task 2] Training done in 3.72 min.
[Task 2] Test (on new class only) -> ce_loss: 0.1058, acc: 98.33%, rec_loss: 14.8360
[Task 2] Wrote CSVs to: ./runs_mnist_continual/run_20260129_010150/task2
Accuracies on seen tasks:
  Task 0 [0,1,2,3,4]: 91.42%
  Task 1 [5]: 91.37%
  Task 2 [6]: 98.33%
Mean over seen tasks (0..2): 93.71%
[Task 2] Running Rscript to produce: ./runs_mnist_continual/run_20260129_010150/task2/inducing_points.csv
Loading required package: Matrix

Attaching package: ‘dplyr’

The following objects are masked from ‘package:stats’:

    filter, lag

The following objects are masked from ‘package:base’:

    intersect, setdiff, setequal, union

This is gplite version 0.13.0
Directory already exists: ./runs_mnist_continual/run_20260129_010150/task2 
[1] "Using original Y values (no log-space transform)"
[1] "Using GP package: laGP"
[1] "======================================"
[1] "---- Start Training GPs for existing classes ----"
[1] "class 0 training sample size (indclude 50 samples from other classes): 690"
[1] "class 0 validation set sample size (indclude 50 samples from other classes): 210"
[1] "Selecting 640 inducing points"
[1] "validation MSE for class0: 1.09186949481679"
[1] "Current inducing_points dim: 640 x 16"
[1] "class 1 training sample size (indclude 50 samples from other classes): 690"
[1] "class 1 validation set sample size (indclude 50 samples from other classes): 210"
[1] "Selecting 640 inducing points"
[1] "validation MSE for class1: 0.185925206803483"
[1] "Current inducing_points dim: 1280 x 16"
[1] "class 2 training sample size (indclude 50 samples from other classes): 690"
[1] "class 2 validation set sample size (indclude 50 samples from other classes): 210"
[1] "Selecting 640 inducing points"
[1] "validation MSE for class2: 1.33714934349583"
[1] "Current inducing_points dim: 1920 x 16"
[1] "class 3 training sample size (indclude 50 samples from other classes): 690"
[1] "class 3 validation set sample size (indclude 50 samples from other classes): 210"
[1] "Selecting 640 inducing points"
[1] "validation MSE for class3: 1.398025434539"
[1] "Current inducing_points dim: 2560 x 16"
[1] "class 4 training sample size (indclude 50 samples from other classes): 690"
[1] "class 4 validation set sample size (indclude 50 samples from other classes): 210"
[1] "Selecting 640 inducing points"
[1] "validation MSE for class4: 1.415017691919"
[1] "Current inducing_points dim: 3200 x 16"
[1] "class 5 training sample size (indclude 50 samples from other classes): 850"
[1] "class 5 validation set sample size (indclude 50 samples from other classes): 250"
[1] "Selecting 800 inducing points"
[1] "validation MSE for class5: 1.89748836954801"
[1] "Current inducing_points dim: 4000 x 16"
[1] "class 6 training sample size (indclude 50 samples from other classes): 2050"
[1] "class 6 validation set sample size (indclude 50 samples from other classes): 650"
[1] "Selecting 1000 inducing points"
[1] "validation MSE for class6: 1.8176038722137"
[1] "Current inducing_points dim: 5000 x 16"
[1] "Train Finished"
[1] "---------------------"
[1] "Inducing Points Saved"
[1] "---------------------"
[1] "Expected testing data total: 7000"
[1] "n_ts is greater than the number of rows in the data frame, using all rows:6989"
[1] "total test df size: 6989"
 num [1:6989] 2 1 0 4 1 4 0 0 1 3 ...

   0    1    2    3    4    5    6 
 980 1135 1032 1010  982  892  958 
[1] "class 0 test data size:980"
[1] "class 1 test data size:1135"
[1] "class 2 test data size:1032"
[1] "class 3 test data size:1010"
[1] "class 4 test data size:982"
[1] "class 5 test data size:892"
[1] "class 6 test data size:958"
[1] "Testset GPs:"
[1] "Total accuracy: 0.877378738016884"
[1] "Confusion Matrix for Class:0"
                   Actual_Positive Actual_Negative
Predicted_Positive             854              29
Predicted_Negative             126            5980
[1] "Accuracy: 0.977822292173415"
[1] "Precision: 0.967157417893545"
[1] "Recall for Class: 0.871428571428571"
[1] "F1 Score for Class: 0.916800858829844"
[1] "Confusion Matrix for Class:1"
                   Actual_Positive Actual_Negative
Predicted_Positive             997               4
Predicted_Negative             138            5850
[1] "Accuracy: 0.979682357991129"
[1] "Precision: 0.996003996003996"
[1] "Recall for Class: 0.8784140969163"
[1] "F1 Score for Class: 0.933520599250936"
[1] "Confusion Matrix for Class:2"
                   Actual_Positive Actual_Negative
Predicted_Positive             884              63
Predicted_Negative             148            5894
[1] "Accuracy: 0.969809700958649"
[1] "Precision: 0.933474128827878"
[1] "Recall for Class: 0.856589147286822"
[1] "F1 Score for Class: 0.893380495199596"
[1] "Confusion Matrix for Class:3"
                   Actual_Positive Actual_Negative
Predicted_Positive             792              42
Predicted_Negative             218            5937
[1] "Accuracy: 0.962798683645729"
[1] "Precision: 0.949640287769784"
[1] "Recall for Class: 0.784158415841584"
[1] "F1 Score for Class: 0.859002169197397"
[1] "Confusion Matrix for Class:4"
                   Actual_Positive Actual_Negative
Predicted_Positive             877              48
Predicted_Negative             105            5959
[1] "Accuracy: 0.978108456145371"
[1] "Precision: 0.948108108108108"
[1] "Recall for Class: 0.893075356415479"
[1] "F1 Score for Class: 0.91976927110645"
[1] "Confusion Matrix for Class:5"
                   Actual_Positive Actual_Negative
Predicted_Positive             783             163
Predicted_Negative             109            5934
[1] "Accuracy: 0.961081699813993"
[1] "Precision: 0.8276955602537"
[1] "Recall for Class: 0.87780269058296"
[1] "F1 Score for Class: 0.852013057671382"
[1] "Confusion Matrix for Class:6"
                   Actual_Positive Actual_Negative
Predicted_Positive             945             508
Predicted_Negative              13            5523
[1] "Accuracy: 0.92545428530548"
[1] "Precision: 0.650378527185134"
[1] "Recall for Class: 0.98643006263048"
[1] "F1 Score for Class: 0.783907092492742"
[1] "GPc0 distribution statistics for0, 1, 2, 3, 4, 5, 6:"
[1] "mean: 0.71961039241948, -0.0106633462719261, 0.0429300770229749, -0.0162039524993506, 0.0311075016546017, 0.0496591069953791, 0.0195675539704844"
[1] "sd: 0.223085285498851, 0.0682167998074635, 0.178713146070719, 0.179425193237201, 0.249507028208589, 0.120631791176686, 0.102087224186149"
[1] "---------------------"
[1] "GPc1 distribution statistics for0, 1, 2, 3, 4, 5, 6:"
[1] "mean: 6.6435340850576e-05, 0.72366757293124, 0.00333039396609036, 0.00459558046445984, 0.00224307755200687, 0.00052305056530169, 0.000870438934925071"
[1] "sd: 0.00133943223817871, 0.261807743183807, 0.0226899626022208, 0.0242345840369925, 0.0240696943548589, 0.00718010916438255, 0.0151568365487561"
[1] "---------------------"
[1] "GPc2 distribution statistics for0, 1, 2, 3, 4, 5, 6:"
[1] "mean: -0.00366948465443087, 0.0483682079764835, 0.752996588032903, 0.039225468920837, -0.0341113966480389, -0.0207447878135092, 0.0170353595777485"
[1] "sd: 0.0986999486664032, 0.104543210679738, 0.240846302211166, 0.193782980591604, 0.311965311196649, 0.114479104408632, 0.0896525174441055"
[1] "---------------------"
[1] "GPc3 distribution statistics for0, 1, 2, 3, 4, 5, 6:"
[1] "mean: 0.0149217640195711, 0.0639159064158219, -0.0803181088993047, 0.681770528772249, 0.0461232311345095, 0.0602650859780647, 0.00653617456965328"
[1] "sd: 0.0674086669748684, 0.105790117993803, 0.287204447597053, 0.277933064250597, 0.179296168171568, 0.149476477838126, 0.0415013982453026"
[1] "---------------------"
[1] "GPc4 distribution statistics for0, 1, 2, 3, 4, 5, 6:"
[1] "mean: 0.0152555695032858, 0.0157344707913735, 0.0302803599630953, -0.137109822457116, 0.805738027315642, 0.0264418197838907, 0.0198319979935838"
[1] "sd: 0.0886560954969823, 0.104368925798693, 0.228931717340426, 0.422203172074837, 0.216587346520746, 0.150263351836869, 0.0890566818181147"
[1] "---------------------"
[1] "GPc5 distribution statistics for0, 1, 2, 3, 4, 5, 6:"
[1] "mean: 0.024222591117989, 0.00774183232162468, 0.0811082621765057, 0.108245655511411, 0.133064286557326, 0.81367265597369, 0.0161277555327892"
[1] "sd: 0.203153952861754, 0.0792006303231451, 0.157720195915756, 0.329303500191922, 0.30000648666261, 0.223500010405824, 0.158920695674745"
[1] "---------------------"
[1] "GPc6 distribution statistics for0, 1, 2, 3, 4, 5, 6:"
[1] "mean: -0.00822061889220289, 0.130823848888942, 0.193879765523313, 0.0832313784890801, -0.0663023112343489, 0.119598856418914, 0.935056872178773"
[1] "sd: 0.445678947250919, 0.258467348143367, 0.303357052535792, 0.268759773234341, 0.420193300408365, 0.402522305053217, 0.0945477840551836"
[1] "---------------------"
Warning messages:
1: Removed 1 row containing missing values or values outside the scale range
(`geom_bar()`). 
2: Removed 6 rows containing missing values or values outside the scale range
(`geom_bar()`). 
3: Removed 293 rows containing missing values or values outside the scale range
(`geom_line()`). 
[1] "Save Results"
null device 
          1 
[Task 2] Loaded from R CSV: 5000 rows, f_size=16
[Task 2] Decoded images: torch.Size([5000, 1, 28, 28]) -> recovered dataset size 5000
[Task 2] Augmenting Task 3 training set with 5000 recovered samples.
[Task 2] Caching f_size features for feature-preservation in next task...
[Task 2] Cached features: 41935 items.

================================================================================
Starting Task 3: digits [7]
Training samples size: 8000
================================================================================
[Stage1/AE] Epoch 1/60 | loss 0.0167 | rec 0.0167 | feat 0.0000 | train_acc 57.96%
[Stage1/AE] Epoch 2/60 | loss 0.0149 | rec 0.0149 | feat 0.0000 | train_acc 57.77%
[Stage1/AE] Epoch 3/60 | loss 0.0142 | rec 0.0142 | feat 0.0000 | train_acc 57.96%
[Stage1/AE] Epoch 4/60 | loss 0.0138 | rec 0.0138 | feat 0.0000 | train_acc 57.74%
[Stage1/AE] Epoch 5/60 | loss 0.0134 | rec 0.0134 | feat 0.0000 | train_acc 57.58%
[Stage1/AE] Epoch 6/60 | loss 0.0131 | rec 0.0131 | feat 0.0000 | train_acc 57.50%
[Stage1/AE] Epoch 7/60 | loss 0.0130 | rec 0.0130 | feat 0.0000 | train_acc 57.49%
[Stage1/AE] Epoch 8/60 | loss 0.0127 | rec 0.0127 | feat 0.0000 | train_acc 57.26%
[Stage1/AE] Epoch 9/60 | loss 0.0126 | rec 0.0126 | feat 0.0000 | train_acc 57.56%
[Stage1/AE] Epoch 10/60 | loss 0.0124 | rec 0.0124 | feat 0.0000 | train_acc 57.38%
[Stage1/AE] Epoch 11/60 | loss 0.0123 | rec 0.0123 | feat 0.0000 | train_acc 57.27%
[Stage1/AE] Epoch 12/60 | loss 0.0123 | rec 0.0123 | feat 0.0000 | train_acc 57.31%
[Stage1/AE] Epoch 13/60 | loss 0.0122 | rec 0.0122 | feat 0.0000 | train_acc 57.15%
[Stage1/AE] Epoch 14/60 | loss 0.0120 | rec 0.0120 | feat 0.0000 | train_acc 57.00%
[Stage1/AE] Epoch 15/60 | loss 0.0120 | rec 0.0120 | feat 0.0000 | train_acc 57.10%
[Stage1/AE] Epoch 16/60 | loss 0.0119 | rec 0.0119 | feat 0.0000 | train_acc 57.08%
[Stage1/AE] Epoch 17/60 | loss 0.0119 | rec 0.0119 | feat 0.0000 | train_acc 56.80%
[Stage1/AE] Epoch 18/60 | loss 0.0117 | rec 0.0117 | feat 0.0000 | train_acc 57.09%
[Stage1/AE] Epoch 19/60 | loss 0.0117 | rec 0.0117 | feat 0.0000 | train_acc 57.16%
[Stage1/AE] Epoch 20/60 | loss 0.0116 | rec 0.0116 | feat 0.0000 | train_acc 56.79%
[Stage1/AE] Epoch 21/60 | loss 0.0115 | rec 0.0115 | feat 0.0000 | train_acc 56.81%
[Stage1/AE] Epoch 22/60 | loss 0.0116 | rec 0.0116 | feat 0.0000 | train_acc 56.60%
[Stage1/AE] Epoch 23/60 | loss 0.0115 | rec 0.0115 | feat 0.0000 | train_acc 56.70%
[Stage1/AE] Epoch 24/60 | loss 0.0114 | rec 0.0114 | feat 0.0000 | train_acc 56.25%
[Stage1/AE] Epoch 25/60 | loss 0.0113 | rec 0.0113 | feat 0.0000 | train_acc 56.83%
[Stage1/AE] Epoch 26/60 | loss 0.0113 | rec 0.0113 | feat 0.0000 | train_acc 56.64%
[Stage1/AE] Epoch 27/60 | loss 0.0113 | rec 0.0113 | feat 0.0000 | train_acc 56.52%
[Stage1/AE] Epoch 28/60 | loss 0.0112 | rec 0.0112 | feat 0.0000 | train_acc 56.81%
[Stage1/AE] Epoch 29/60 | loss 0.0111 | rec 0.0111 | feat 0.0000 | train_acc 56.51%
[Stage1/AE] Epoch 30/60 | loss 0.0111 | rec 0.0111 | feat 0.0000 | train_acc 56.64%
[Stage1/AE] Epoch 31/60 | loss 0.0111 | rec 0.0111 | feat 0.0000 | train_acc 56.46%
[Stage1/AE] Epoch 32/60 | loss 0.0111 | rec 0.0111 | feat 0.0000 | train_acc 56.20%
[Stage1/AE] Epoch 33/60 | loss 0.0110 | rec 0.0110 | feat 0.0000 | train_acc 56.33%
[Stage1/AE] Epoch 34/60 | loss 0.0110 | rec 0.0110 | feat 0.0000 | train_acc 56.14%
[Stage1/AE] Epoch 35/60 | loss 0.0110 | rec 0.0110 | feat 0.0000 | train_acc 56.12%
[Stage1/AE] Epoch 36/60 | loss 0.0108 | rec 0.0108 | feat 0.0000 | train_acc 56.31%
[Stage1/AE] Epoch 37/60 | loss 0.0109 | rec 0.0109 | feat 0.0000 | train_acc 55.98%
[Stage1/AE] Epoch 38/60 | loss 0.0109 | rec 0.0109 | feat 0.0000 | train_acc 56.02%
[Stage1/AE] Epoch 39/60 | loss 0.0107 | rec 0.0107 | feat 0.0000 | train_acc 56.20%
[Stage1/AE] Epoch 40/60 | loss 0.0108 | rec 0.0108 | feat 0.0000 | train_acc 56.30%
[Stage1/AE] Epoch 41/60 | loss 0.0108 | rec 0.0108 | feat 0.0000 | train_acc 56.10%
[Stage1/AE] Epoch 42/60 | loss 0.0106 | rec 0.0106 | feat 0.0000 | train_acc 55.94%
[Stage1/AE] Epoch 43/60 | loss 0.0107 | rec 0.0107 | feat 0.0000 | train_acc 55.73%
[Stage1/AE] Epoch 44/60 | loss 0.0106 | rec 0.0106 | feat 0.0000 | train_acc 56.16%
[Stage1/AE] Epoch 45/60 | loss 0.0106 | rec 0.0106 | feat 0.0000 | train_acc 56.02%
[Stage1/AE] Epoch 46/60 | loss 0.0105 | rec 0.0105 | feat 0.0000 | train_acc 55.90%
[Stage1/AE] Epoch 47/60 | loss 0.0106 | rec 0.0106 | feat 0.0000 | train_acc 55.73%
[Stage1/AE] Epoch 48/60 | loss 0.0106 | rec 0.0106 | feat 0.0000 | train_acc 55.89%
[Stage1/AE] Epoch 49/60 | loss 0.0105 | rec 0.0105 | feat 0.0000 | train_acc 55.66%
[Stage1/AE] Epoch 50/60 | loss 0.0105 | rec 0.0105 | feat 0.0000 | train_acc 55.75%
[Stage1/AE] Epoch 51/60 | loss 0.0104 | rec 0.0104 | feat 0.0000 | train_acc 55.39%
[Stage1/AE] Epoch 52/60 | loss 0.0104 | rec 0.0104 | feat 0.0000 | train_acc 55.83%
[Stage1/AE] Epoch 53/60 | loss 0.0104 | rec 0.0104 | feat 0.0000 | train_acc 55.66%
[Stage1/AE] Epoch 54/60 | loss 0.0103 | rec 0.0103 | feat 0.0000 | train_acc 55.74%
[Stage1/AE] Epoch 55/60 | loss 0.0103 | rec 0.0103 | feat 0.0000 | train_acc 55.49%
[Stage1/AE] Epoch 56/60 | loss 0.0103 | rec 0.0103 | feat 0.0000 | train_acc 55.40%
[Stage1/AE] Epoch 57/60 | loss 0.0102 | rec 0.0102 | feat 0.0000 | train_acc 55.73%
[Stage1/AE] Epoch 58/60 | loss 0.0102 | rec 0.0102 | feat 0.0000 | train_acc 55.45%
[Stage1/AE] Epoch 59/60 | loss 0.0102 | rec 0.0102 | feat 0.0000 | train_acc 55.60%
[Stage1/AE] Epoch 60/60 | loss 0.0102 | rec 0.0102 | feat 0.0000 | train_acc 55.39%
[Stage2/Head] Epoch 1/60 | loss 3.7652 | ce 3.7652 | logit 0.0000 | train_acc 49.54%
[Stage2/Head] Epoch 2/60 | loss 3.1977 | ce 3.1977 | logit 0.0000 | train_acc 53.89%
[Stage2/Head] Epoch 3/60 | loss 2.7532 | ce 2.7532 | logit 0.0000 | train_acc 56.16%
[Stage2/Head] Epoch 4/60 | loss 2.5307 | ce 2.5307 | logit 0.0000 | train_acc 56.34%
[Stage2/Head] Epoch 5/60 | loss 2.3239 | ce 2.3239 | logit 0.0000 | train_acc 56.70%
[Stage2/Head] Epoch 6/60 | loss 2.1577 | ce 2.1577 | logit 0.0000 | train_acc 57.01%
[Stage2/Head] Epoch 7/60 | loss 1.9973 | ce 1.9973 | logit 0.0000 | train_acc 57.20%
[Stage2/Head] Epoch 8/60 | loss 1.8534 | ce 1.8534 | logit 0.0000 | train_acc 57.55%
[Stage2/Head] Epoch 9/60 | loss 1.7177 | ce 1.7177 | logit 0.0000 | train_acc 57.27%
[Stage2/Head] Epoch 10/60 | loss 1.6106 | ce 1.6106 | logit 0.0000 | train_acc 57.15%
[Stage2/Head] Epoch 11/60 | loss 1.4843 | ce 1.4843 | logit 0.0000 | train_acc 57.36%
[Stage2/Head] Epoch 12/60 | loss 1.3601 | ce 1.3601 | logit 0.0000 | train_acc 57.69%
[Stage2/Head] Epoch 13/60 | loss 1.2534 | ce 1.2534 | logit 0.0000 | train_acc 57.40%
[Stage2/Head] Epoch 14/60 | loss 1.1549 | ce 1.1549 | logit 0.0000 | train_acc 57.45%
[Stage2/Head] Epoch 15/60 | loss 1.0528 | ce 1.0528 | logit 0.0000 | train_acc 57.51%
[Stage2/Head] Epoch 16/60 | loss 0.9640 | ce 0.9640 | logit 0.0000 | train_acc 57.75%
[Stage2/Head] Epoch 17/60 | loss 0.8793 | ce 0.8793 | logit 0.0000 | train_acc 58.44%
[Stage2/Head] Epoch 18/60 | loss 0.8035 | ce 0.8035 | logit 0.0000 | train_acc 78.71%
[Stage2/Head] Epoch 19/60 | loss 0.7234 | ce 0.7234 | logit 0.0000 | train_acc 90.66%
[Stage2/Head] Epoch 20/60 | loss 0.6642 | ce 0.6642 | logit 0.0000 | train_acc 92.03%
[Stage2/Head] Epoch 21/60 | loss 0.6077 | ce 0.6077 | logit 0.0000 | train_acc 92.50%
[Stage2/Head] Epoch 22/60 | loss 0.5486 | ce 0.5486 | logit 0.0000 | train_acc 93.21%
[Stage2/Head] Epoch 23/60 | loss 0.5242 | ce 0.5242 | logit 0.0000 | train_acc 93.01%
[Stage2/Head] Epoch 24/60 | loss 0.4814 | ce 0.4814 | logit 0.0000 | train_acc 93.25%
[Stage2/Head] Epoch 25/60 | loss 0.4433 | ce 0.4433 | logit 0.0000 | train_acc 93.89%
[Stage2/Head] Epoch 26/60 | loss 0.4222 | ce 0.4222 | logit 0.0000 | train_acc 93.30%
[Stage2/Head] Epoch 27/60 | loss 0.3945 | ce 0.3945 | logit 0.0000 | train_acc 93.51%
[Stage2/Head] Epoch 28/60 | loss 0.3779 | ce 0.3779 | logit 0.0000 | train_acc 93.56%
[Stage2/Head] Epoch 29/60 | loss 0.3618 | ce 0.3618 | logit 0.0000 | train_acc 93.60%
[Stage2/Head] Epoch 30/60 | loss 0.3489 | ce 0.3489 | logit 0.0000 | train_acc 93.78%
[Stage2/Head] Epoch 31/60 | loss 0.3436 | ce 0.3436 | logit 0.0000 | train_acc 93.31%
[Stage2/Head] Epoch 32/60 | loss 0.3265 | ce 0.3265 | logit 0.0000 | train_acc 93.53%
[Stage2/Head] Epoch 33/60 | loss 0.3167 | ce 0.3167 | logit 0.0000 | train_acc 93.74%
[Stage2/Head] Epoch 34/60 | loss 0.3023 | ce 0.3023 | logit 0.0000 | train_acc 93.90%
[Stage2/Head] Epoch 35/60 | loss 0.2987 | ce 0.2987 | logit 0.0000 | train_acc 93.55%
[Stage2/Head] Epoch 36/60 | loss 0.2810 | ce 0.2810 | logit 0.0000 | train_acc 93.97%
[Stage2/Head] Epoch 37/60 | loss 0.2832 | ce 0.2832 | logit 0.0000 | train_acc 93.75%
[Stage2/Head] Epoch 38/60 | loss 0.2815 | ce 0.2815 | logit 0.0000 | train_acc 93.99%
[Stage2/Head] Epoch 39/60 | loss 0.2675 | ce 0.2675 | logit 0.0000 | train_acc 94.24%
[Stage2/Head] Epoch 40/60 | loss 0.2682 | ce 0.2682 | logit 0.0000 | train_acc 94.24%
[Stage2/Head] Epoch 41/60 | loss 0.2589 | ce 0.2589 | logit 0.0000 | train_acc 94.09%
[Stage2/Head] Epoch 42/60 | loss 0.2556 | ce 0.2556 | logit 0.0000 | train_acc 94.19%
[Stage2/Head] Epoch 43/60 | loss 0.2574 | ce 0.2574 | logit 0.0000 | train_acc 93.99%
[Stage2/Head] Epoch 44/60 | loss 0.2548 | ce 0.2548 | logit 0.0000 | train_acc 93.81%
[Stage2/Head] Epoch 45/60 | loss 0.2528 | ce 0.2528 | logit 0.0000 | train_acc 94.06%
[Stage2/Head] Epoch 46/60 | loss 0.2459 | ce 0.2459 | logit 0.0000 | train_acc 94.17%
[Stage2/Head] Epoch 47/60 | loss 0.2521 | ce 0.2521 | logit 0.0000 | train_acc 93.79%
[Stage2/Head] Epoch 48/60 | loss 0.2451 | ce 0.2451 | logit 0.0000 | train_acc 93.91%
[Stage2/Head] Epoch 49/60 | loss 0.2406 | ce 0.2406 | logit 0.0000 | train_acc 94.08%
[Stage2/Head] Epoch 50/60 | loss 0.2396 | ce 0.2396 | logit 0.0000 | train_acc 93.92%
[Stage2/Head] Epoch 51/60 | loss 0.2419 | ce 0.2419 | logit 0.0000 | train_acc 94.00%
[Stage2/Head] Epoch 52/60 | loss 0.2329 | ce 0.2329 | logit 0.0000 | train_acc 94.25%
[Stage2/Head] Epoch 53/60 | loss 0.2342 | ce 0.2342 | logit 0.0000 | train_acc 94.25%
[Stage2/Head] Epoch 54/60 | loss 0.2364 | ce 0.2364 | logit 0.0000 | train_acc 93.79%
[Stage2/Head] Epoch 55/60 | loss 0.2303 | ce 0.2303 | logit 0.0000 | train_acc 94.25%
[Stage2/Head] Epoch 56/60 | loss 0.2280 | ce 0.2280 | logit 0.0000 | train_acc 94.03%
[Stage2/Head] Epoch 57/60 | loss 0.2277 | ce 0.2277 | logit 0.0000 | train_acc 94.29%
[Stage2/Head] Epoch 58/60 | loss 0.2238 | ce 0.2238 | logit 0.0000 | train_acc 94.34%
[Stage2/Head] Epoch 59/60 | loss 0.2208 | ce 0.2208 | logit 0.0000 | train_acc 93.97%
[Stage2/Head] Epoch 60/60 | loss 0.2307 | ce 0.2307 | logit 0.0000 | train_acc 93.91%
[Task 3] Training done in 3.98 min.
[Task 3] Test (on new class only) -> ce_loss: 0.1338, acc: 97.57%, rec_loss: 12.2596
[Task 3] Wrote CSVs to: ./runs_mnist_continual/run_20260129_010150/task3
Accuracies on seen tasks:
  Task 0 [0,1,2,3,4]: 84.67%
  Task 1 [5]: 88.45%
  Task 2 [6]: 95.41%
  Task 3 [7]: 97.57%
Mean over seen tasks (0..3): 91.52%
[Task 3] Running Rscript to produce: ./runs_mnist_continual/run_20260129_010150/task3/inducing_points.csv
Loading required package: Matrix

Attaching package: ‘dplyr’

The following objects are masked from ‘package:stats’:

    filter, lag

The following objects are masked from ‘package:base’:

    intersect, setdiff, setequal, union

This is gplite version 0.13.0
Directory already exists: ./runs_mnist_continual/run_20260129_010150/task3 
[1] "Using original Y values (no log-space transform)"
[1] "Using GP package: laGP"
[1] "======================================"
[1] "---- Start Training GPs for existing classes ----"
[1] "class 0 training sample size (indclude 50 samples from other classes): 562"
[1] "class 0 validation set sample size (indclude 50 samples from other classes): 178"
[1] "Selecting 512 inducing points"
[1] "validation MSE for class0: 1.15221016148861"
[1] "Current inducing_points dim: 512 x 16"
[1] "class 1 training sample size (indclude 50 samples from other classes): 562"
[1] "class 1 validation set sample size (indclude 50 samples from other classes): 178"
[1] "Selecting 512 inducing points"
[1] "validation MSE for class1: 0.313239752879932"
[1] "Current inducing_points dim: 1024 x 16"
[1] "class 2 training sample size (indclude 50 samples from other classes): 562"
[1] "class 2 validation set sample size (indclude 50 samples from other classes): 178"
[1] "Selecting 512 inducing points"
[1] "validation MSE for class2: 0.776629233259197"
[1] "Current inducing_points dim: 1536 x 16"
[1] "class 3 training sample size (indclude 50 samples from other classes): 562"
[1] "class 3 validation set sample size (indclude 50 samples from other classes): 178"
[1] "Selecting 512 inducing points"
[1] "validation MSE for class3: 1.12825735593705"
[1] "Current inducing_points dim: 2048 x 16"
[1] "class 4 training sample size (indclude 50 samples from other classes): 562"
[1] "class 4 validation set sample size (indclude 50 samples from other classes): 178"
[1] "Selecting 512 inducing points"
[1] "validation MSE for class4: 0.644057062912946"
[1] "Current inducing_points dim: 2560 x 16"
[1] "class 5 training sample size (indclude 50 samples from other classes): 690"
[1] "class 5 validation set sample size (indclude 50 samples from other classes): 210"
[1] "Selecting 640 inducing points"
[1] "validation MSE for class5: 2.12761044104192"
[1] "Current inducing_points dim: 3200 x 16"
[1] "class 6 training sample size (indclude 50 samples from other classes): 850"
[1] "class 6 validation set sample size (indclude 50 samples from other classes): 250"
[1] "Selecting 800 inducing points"
[1] "validation MSE for class6: 1.35987444239269"
[1] "Current inducing_points dim: 4000 x 16"
[1] "class 7 training sample size (indclude 50 samples from other classes): 2050"
[1] "class 7 validation set sample size (indclude 50 samples from other classes): 650"
[1] "Selecting 1000 inducing points"
[1] "validation MSE for class7: 2.28017669527642"
[1] "Current inducing_points dim: 5000 x 16"
[1] "Train Finished"
[1] "---------------------"
[1] "Inducing Points Saved"
[1] "---------------------"
[1] "Expected testing data total: 8000"
[1] "total test df size: 8000"
 num [1:8000] 2 1 0 4 1 4 0 0 1 3 ...

   0    1    2    3    4    5    6    7 
 980 1135 1032 1010  982  892  958 1011 
[1] "class 0 test data size:980"
[1] "class 1 test data size:1135"
[1] "class 2 test data size:1032"
[1] "class 3 test data size:1010"
[1] "class 4 test data size:982"
[1] "class 5 test data size:892"
[1] "class 6 test data size:958"
[1] "class 7 test data size:1011"
[1] "Testset GPs:"
[1] "Total accuracy: 0.81825"
[1] "Confusion Matrix for Class:0"
                   Actual_Positive Actual_Negative
Predicted_Positive             925              79
Predicted_Negative              55            6941
[1] "Accuracy: 0.98325"
[1] "Precision: 0.921314741035857"
[1] "Recall for Class: 0.943877551020408"
[1] "F1 Score for Class: 0.932459677419355"
[1] "Confusion Matrix for Class:1"
                   Actual_Positive Actual_Negative
Predicted_Positive             753               2
Predicted_Negative             382            6863
[1] "Accuracy: 0.952"
[1] "Precision: 0.997350993377483"
[1] "Recall for Class: 0.663436123348018"
[1] "F1 Score for Class: 0.796825396825397"
[1] "Confusion Matrix for Class:2"
                   Actual_Positive Actual_Negative
Predicted_Positive             773              62
Predicted_Negative             259            6906
[1] "Accuracy: 0.959875"
[1] "Precision: 0.925748502994012"
[1] "Recall for Class: 0.749031007751938"
[1] "F1 Score for Class: 0.828066416711302"
[1] "Confusion Matrix for Class:3"
                   Actual_Positive Actual_Negative
Predicted_Positive             718              45
Predicted_Negative             292            6945
[1] "Accuracy: 0.957875"
[1] "Precision: 0.941022280471822"
[1] "Recall for Class: 0.710891089108911"
[1] "F1 Score for Class: 0.809926677946982"
[1] "Confusion Matrix for Class:4"
                   Actual_Positive Actual_Negative
Predicted_Positive             710              12
Predicted_Negative             272            7006
[1] "Accuracy: 0.9645"
[1] "Precision: 0.983379501385042"
[1] "Recall for Class: 0.723014256619145"
[1] "F1 Score for Class: 0.833333333333333"
[1] "Confusion Matrix for Class:5"
                   Actual_Positive Actual_Negative
Predicted_Positive             765             205
Predicted_Negative             127            6903
[1] "Accuracy: 0.9585"
[1] "Precision: 0.788659793814433"
[1] "Recall for Class: 0.85762331838565"
[1] "F1 Score for Class: 0.821697099892589"
[1] "Confusion Matrix for Class:6"
                   Actual_Positive Actual_Negative
Predicted_Positive             913             443
Predicted_Negative              45            6599
[1] "Accuracy: 0.939"
[1] "Precision: 0.67330383480826"
[1] "Recall for Class: 0.953027139874739"
[1] "F1 Score for Class: 0.789109766637857"
[1] "Confusion Matrix for Class:7"
                   Actual_Positive Actual_Negative
Predicted_Positive             989             606
Predicted_Negative              22            6383
[1] "Accuracy: 0.9215"
[1] "Precision: 0.620062695924765"
[1] "Recall for Class: 0.978239366963403"
[1] "F1 Score for Class: 0.759017651573292"
[1] "GPc0 distribution statistics for0, 1, 2, 3, 4, 5, 6, 7:"
[1] "mean: 0.802012097610508, -0.0169889876575925, 0.0658083628096439, -0.0417323537492911, 0.0233707895578785, 0.0712857839137932, -0.0317586366359035, 0.00806560138080372"
[1] "sd: 0.165640625353883, 0.105903145015801, 0.213362856640324, 0.218887603819462, 0.18270733077987, 0.281622528553487, 0.197143509316433, 0.0926065951963076"
[1] "---------------------"
[1] "GPc1 distribution statistics for0, 1, 2, 3, 4, 5, 6, 7:"
[1] "mean: 3.51663037088035e-05, 0.490019052780097, 0.00230947812348005, 0.00256623519134686, 0.00184683459103715, 0.000206935860668004, 0.000967333847000017, 0.00519892015609791"
[1] "sd: 0.000747200257161664, 0.305727406725963, 0.0115188968530185, 0.00991416590730518, 0.007664590088399, 0.00127631753641719, 0.00867349296375172, 0.0325942848526633"
[1] "---------------------"
[1] "GPc2 distribution statistics for0, 1, 2, 3, 4, 5, 6, 7:"
[1] "mean: -0.00698482105006503, 0.0127168212152019, 0.641191122372182, 0.0879284025066646, 0.0369885336028776, 0.0221532062893887, 0.0142234094411089, 0.014450469209759"
[1] "sd: 0.0548340104495151, 0.0605133276954609, 0.275157009607716, 0.174123544093531, 0.162074557453005, 0.0842184267130136, 0.101937690405781, 0.0886356959475633"
[1] "---------------------"
[1] "GPc3 distribution statistics for0, 1, 2, 3, 4, 5, 6, 7:"
[1] "mean: 0.000669331895339692, 0.02535765150863, -0.0416457436885517, 0.602361768691528, 0.00603885854483038, 0.0464263913991981, -0.00291493833128153, -0.00834138748999109"
[1] "sd: 0.0496210778277994, 0.0916181362735828, 0.287604111955911, 0.294858239352832, 0.100332356700705, 0.124565292195846, 0.0558798906965297, 0.0573333055188748"
[1] "---------------------"
[1] "GPc4 distribution statistics for0, 1, 2, 3, 4, 5, 6, 7:"
[1] "mean: 0.0024809632748295, 0.00709146208943482, 0.0129659922858859, -0.00527508372550252, 0.555735656034745, -0.00525648196445577, 0.00579241168730908, 0.0128771274211817"
[1] "sd: 0.0156028121860926, 0.0283086264426704, 0.0860484611313739, 0.0528156866871027, 0.261375616311295, 0.0454643314326856, 0.0337414244212855, 0.0516887743014234"
[1] "---------------------"
[1] "GPc5 distribution statistics for0, 1, 2, 3, 4, 5, 6, 7:"
[1] "mean: 0.116192435027081, -0.0161436229087558, 0.0692581636522257, 0.130379755637584, 0.127873288808121, 0.765175656605167, -0.0233542412106446, -0.0469080754988632"
[1] "sd: 0.228644597121284, 0.105117563164765, 0.26908902087607, 0.351315320474002, 0.251657605311399, 0.232973511363861, 0.208922381989363, 0.177328106262958"
[1] "---------------------"
[1] "GPc6 distribution statistics for0, 1, 2, 3, 4, 5, 6, 7:"
[1] "mean: 0.0694841208996826, 0.0763787535837765, 0.206713347874326, 0.0591384327110881, 0.119512203608101, 0.0527490331259062, 0.909238866060358, 0.0283073310701646"
[1] "sd: 0.175480591049552, 0.259205575789099, 0.223351907123922, 0.197546345534592, 0.251195884984795, 0.295852676662374, 0.143291016241558, 0.155634031393298"
[1] "---------------------"
[1] "GPc7 distribution statistics for0, 1, 2, 3, 4, 5, 6, 7:"
[1] "mean: 0.0539903546575767, 0.115910926891335, 0.00445959996437346, -0.193189196989645, 0.0758327517990454, 0.124044841652272, 0.112342310163169, 0.920582174853875"
[1] "sd: 0.372987489415944, 0.261449057577559, 0.441322890562947, 0.461222155667964, 0.34541994775527, 0.377465417899842, 0.30724475818677, 0.137684910211543"
[1] "---------------------"
Warning messages:
1: Removed 7 rows containing missing values or values outside the scale range
(`geom_bar()`). 
2: Removed 1 row containing missing values or values outside the scale range
(`geom_bar()`). 
3: Removed 1 row containing missing values or values outside the scale range
(`geom_bar()`). 
4: Removed 4 rows containing missing values or values outside the scale range
(`geom_bar()`). 
5: Removed 294 rows containing missing values or values outside the scale range
(`geom_line()`). 
[1] "Save Results"
null device 
          1 
[Task 3] Loaded from R CSV: 5000 rows, f_size=16
[Task 3] Decoded images: torch.Size([5000, 1, 28, 28]) -> recovered dataset size 5000
[Task 3] Augmenting Task 4 training set with 5000 recovered samples.
[Task 3] Caching f_size features for feature-preservation in next task...
[Task 3] Cached features: 48200 items.

================================================================================
Starting Task 4: digits [8]
Training samples size: 8000
================================================================================
[Stage1/AE] Epoch 1/60 | loss 0.0188 | rec 0.0188 | feat 0.0000 | train_acc 58.27%
[Stage1/AE] Epoch 2/60 | loss 0.0177 | rec 0.0177 | feat 0.0000 | train_acc 57.95%
[Stage1/AE] Epoch 3/60 | loss 0.0172 | rec 0.0172 | feat 0.0000 | train_acc 58.14%
[Stage1/AE] Epoch 4/60 | loss 0.0169 | rec 0.0169 | feat 0.0000 | train_acc 58.02%
[Stage1/AE] Epoch 5/60 | loss 0.0165 | rec 0.0165 | feat 0.0000 | train_acc 57.90%
[Stage1/AE] Epoch 6/60 | loss 0.0164 | rec 0.0164 | feat 0.0000 | train_acc 57.91%
[Stage1/AE] Epoch 7/60 | loss 0.0162 | rec 0.0162 | feat 0.0000 | train_acc 57.99%
[Stage1/AE] Epoch 8/60 | loss 0.0160 | rec 0.0160 | feat 0.0000 | train_acc 58.00%
[Stage1/AE] Epoch 9/60 | loss 0.0159 | rec 0.0159 | feat 0.0000 | train_acc 57.67%
[Stage1/AE] Epoch 10/60 | loss 0.0157 | rec 0.0157 | feat 0.0000 | train_acc 57.81%
[Stage1/AE] Epoch 11/60 | loss 0.0157 | rec 0.0157 | feat 0.0000 | train_acc 57.58%
[Stage1/AE] Epoch 12/60 | loss 0.0156 | rec 0.0156 | feat 0.0000 | train_acc 57.31%
[Stage1/AE] Epoch 13/60 | loss 0.0155 | rec 0.0155 | feat 0.0000 | train_acc 57.67%
[Stage1/AE] Epoch 14/60 | loss 0.0154 | rec 0.0154 | feat 0.0000 | train_acc 57.77%
[Stage1/AE] Epoch 15/60 | loss 0.0153 | rec 0.0153 | feat 0.0000 | train_acc 57.52%
[Stage1/AE] Epoch 16/60 | loss 0.0152 | rec 0.0152 | feat 0.0000 | train_acc 57.69%
[Stage1/AE] Epoch 17/60 | loss 0.0151 | rec 0.0151 | feat 0.0000 | train_acc 57.70%
[Stage1/AE] Epoch 18/60 | loss 0.0151 | rec 0.0151 | feat 0.0000 | train_acc 57.71%
[Stage1/AE] Epoch 19/60 | loss 0.0151 | rec 0.0151 | feat 0.0000 | train_acc 57.61%
[Stage1/AE] Epoch 20/60 | loss 0.0150 | rec 0.0150 | feat 0.0000 | train_acc 57.71%
[Stage1/AE] Epoch 21/60 | loss 0.0150 | rec 0.0150 | feat 0.0000 | train_acc 57.45%
[Stage1/AE] Epoch 22/60 | loss 0.0150 | rec 0.0150 | feat 0.0000 | train_acc 57.81%
[Stage1/AE] Epoch 23/60 | loss 0.0149 | rec 0.0149 | feat 0.0000 | train_acc 57.58%
[Stage1/AE] Epoch 24/60 | loss 0.0149 | rec 0.0149 | feat 0.0000 | train_acc 57.76%
[Stage1/AE] Epoch 25/60 | loss 0.0148 | rec 0.0148 | feat 0.0000 | train_acc 57.70%
[Stage1/AE] Epoch 26/60 | loss 0.0148 | rec 0.0148 | feat 0.0000 | train_acc 57.65%
[Stage1/AE] Epoch 27/60 | loss 0.0147 | rec 0.0147 | feat 0.0000 | train_acc 57.39%
[Stage1/AE] Epoch 28/60 | loss 0.0146 | rec 0.0146 | feat 0.0000 | train_acc 57.60%
[Stage1/AE] Epoch 29/60 | loss 0.0146 | rec 0.0146 | feat 0.0000 | train_acc 57.71%
[Stage1/AE] Epoch 30/60 | loss 0.0146 | rec 0.0146 | feat 0.0000 | train_acc 57.64%
[Stage1/AE] Epoch 31/60 | loss 0.0145 | rec 0.0145 | feat 0.0000 | train_acc 57.70%
[Stage1/AE] Epoch 32/60 | loss 0.0145 | rec 0.0145 | feat 0.0000 | train_acc 57.75%
[Stage1/AE] Epoch 33/60 | loss 0.0145 | rec 0.0145 | feat 0.0000 | train_acc 57.64%
[Stage1/AE] Epoch 34/60 | loss 0.0144 | rec 0.0144 | feat 0.0000 | train_acc 57.74%
[Stage1/AE] Epoch 35/60 | loss 0.0145 | rec 0.0145 | feat 0.0000 | train_acc 57.48%
[Stage1/AE] Epoch 36/60 | loss 0.0145 | rec 0.0145 | feat 0.0000 | train_acc 57.64%
[Stage1/AE] Epoch 37/60 | loss 0.0143 | rec 0.0143 | feat 0.0000 | train_acc 57.84%
[Stage1/AE] Epoch 38/60 | loss 0.0144 | rec 0.0144 | feat 0.0000 | train_acc 57.71%
[Stage1/AE] Epoch 39/60 | loss 0.0143 | rec 0.0143 | feat 0.0000 | train_acc 57.88%
[Stage1/AE] Epoch 40/60 | loss 0.0142 | rec 0.0142 | feat 0.0000 | train_acc 57.46%
[Stage1/AE] Epoch 41/60 | loss 0.0142 | rec 0.0142 | feat 0.0000 | train_acc 57.60%
[Stage1/AE] Epoch 42/60 | loss 0.0143 | rec 0.0143 | feat 0.0000 | train_acc 57.49%
[Stage1/AE] Epoch 43/60 | loss 0.0142 | rec 0.0142 | feat 0.0000 | train_acc 57.76%
[Stage1/AE] Epoch 44/60 | loss 0.0141 | rec 0.0141 | feat 0.0000 | train_acc 57.48%
[Stage1/AE] Epoch 45/60 | loss 0.0141 | rec 0.0141 | feat 0.0000 | train_acc 57.61%
[Stage1/AE] Epoch 46/60 | loss 0.0141 | rec 0.0141 | feat 0.0000 | train_acc 57.75%
[Stage1/AE] Epoch 47/60 | loss 0.0141 | rec 0.0141 | feat 0.0000 | train_acc 57.66%
[Stage1/AE] Epoch 48/60 | loss 0.0140 | rec 0.0140 | feat 0.0000 | train_acc 57.51%
[Stage1/AE] Epoch 49/60 | loss 0.0141 | rec 0.0141 | feat 0.0000 | train_acc 57.54%
[Stage1/AE] Epoch 50/60 | loss 0.0140 | rec 0.0140 | feat 0.0000 | train_acc 57.75%
[Stage1/AE] Epoch 51/60 | loss 0.0140 | rec 0.0140 | feat 0.0000 | train_acc 57.61%
[Stage1/AE] Epoch 52/60 | loss 0.0139 | rec 0.0139 | feat 0.0000 | train_acc 57.64%
[Stage1/AE] Epoch 53/60 | loss 0.0139 | rec 0.0139 | feat 0.0000 | train_acc 57.55%
[Stage1/AE] Epoch 54/60 | loss 0.0139 | rec 0.0139 | feat 0.0000 | train_acc 57.51%
[Stage1/AE] Epoch 55/60 | loss 0.0139 | rec 0.0139 | feat 0.0000 | train_acc 57.23%
[Stage1/AE] Epoch 56/60 | loss 0.0139 | rec 0.0139 | feat 0.0000 | train_acc 57.71%
[Stage1/AE] Epoch 57/60 | loss 0.0138 | rec 0.0138 | feat 0.0000 | train_acc 57.59%
[Stage1/AE] Epoch 58/60 | loss 0.0139 | rec 0.0139 | feat 0.0000 | train_acc 57.65%
[Stage1/AE] Epoch 59/60 | loss 0.0139 | rec 0.0139 | feat 0.0000 | train_acc 57.45%
[Stage1/AE] Epoch 60/60 | loss 0.0138 | rec 0.0138 | feat 0.0000 | train_acc 57.42%
[Stage2/Head] Epoch 1/60 | loss 3.7850 | ce 3.7850 | logit 0.0000 | train_acc 53.45%
[Stage2/Head] Epoch 2/60 | loss 3.4987 | ce 3.4987 | logit 0.0000 | train_acc 53.26%
[Stage2/Head] Epoch 3/60 | loss 3.3580 | ce 3.3580 | logit 0.0000 | train_acc 55.00%
[Stage2/Head] Epoch 4/60 | loss 3.2395 | ce 3.2395 | logit 0.0000 | train_acc 55.31%
[Stage2/Head] Epoch 5/60 | loss 3.1263 | ce 3.1263 | logit 0.0000 | train_acc 55.84%
[Stage2/Head] Epoch 6/60 | loss 3.0170 | ce 3.0170 | logit 0.0000 | train_acc 56.17%
[Stage2/Head] Epoch 7/60 | loss 2.9198 | ce 2.9198 | logit 0.0000 | train_acc 56.54%
[Stage2/Head] Epoch 8/60 | loss 2.8047 | ce 2.8047 | logit 0.0000 | train_acc 56.52%
[Stage2/Head] Epoch 9/60 | loss 2.7146 | ce 2.7146 | logit 0.0000 | train_acc 56.61%
[Stage2/Head] Epoch 10/60 | loss 2.6186 | ce 2.6186 | logit 0.0000 | train_acc 56.70%
[Stage2/Head] Epoch 11/60 | loss 2.5179 | ce 2.5179 | logit 0.0000 | train_acc 56.98%
[Stage2/Head] Epoch 12/60 | loss 2.4218 | ce 2.4218 | logit 0.0000 | train_acc 56.86%
[Stage2/Head] Epoch 13/60 | loss 2.3330 | ce 2.3330 | logit 0.0000 | train_acc 56.89%
[Stage2/Head] Epoch 14/60 | loss 2.2398 | ce 2.2398 | logit 0.0000 | train_acc 56.91%
[Stage2/Head] Epoch 15/60 | loss 2.1435 | ce 2.1435 | logit 0.0000 | train_acc 57.20%
[Stage2/Head] Epoch 16/60 | loss 2.0479 | ce 2.0479 | logit 0.0000 | train_acc 57.41%
[Stage2/Head] Epoch 17/60 | loss 1.9589 | ce 1.9589 | logit 0.0000 | train_acc 57.06%
[Stage2/Head] Epoch 18/60 | loss 1.8675 | ce 1.8675 | logit 0.0000 | train_acc 57.17%
[Stage2/Head] Epoch 19/60 | loss 1.7727 | ce 1.7727 | logit 0.0000 | train_acc 57.12%
[Stage2/Head] Epoch 20/60 | loss 1.6859 | ce 1.6859 | logit 0.0000 | train_acc 57.17%
[Stage2/Head] Epoch 21/60 | loss 1.5934 | ce 1.5934 | logit 0.0000 | train_acc 57.50%
[Stage2/Head] Epoch 22/60 | loss 1.5048 | ce 1.5048 | logit 0.0000 | train_acc 57.52%
[Stage2/Head] Epoch 23/60 | loss 1.4187 | ce 1.4187 | logit 0.0000 | train_acc 57.34%
[Stage2/Head] Epoch 24/60 | loss 1.3230 | ce 1.3230 | logit 0.0000 | train_acc 57.66%
[Stage2/Head] Epoch 25/60 | loss 1.2553 | ce 1.2553 | logit 0.0000 | train_acc 57.24%
[Stage2/Head] Epoch 26/60 | loss 1.1657 | ce 1.1657 | logit 0.0000 | train_acc 57.69%
[Stage2/Head] Epoch 27/60 | loss 1.0875 | ce 1.0875 | logit 0.0000 | train_acc 57.85%
[Stage2/Head] Epoch 28/60 | loss 1.0185 | ce 1.0185 | logit 0.0000 | train_acc 57.59%
[Stage2/Head] Epoch 29/60 | loss 0.9416 | ce 0.9416 | logit 0.0000 | train_acc 57.62%
[Stage2/Head] Epoch 30/60 | loss 0.8777 | ce 0.8777 | logit 0.0000 | train_acc 57.66%
[Stage2/Head] Epoch 31/60 | loss 0.8116 | ce 0.8116 | logit 0.0000 | train_acc 57.79%
[Stage2/Head] Epoch 32/60 | loss 0.7527 | ce 0.7527 | logit 0.0000 | train_acc 57.71%
[Stage2/Head] Epoch 33/60 | loss 0.6991 | ce 0.6991 | logit 0.0000 | train_acc 58.01%
[Stage2/Head] Epoch 34/60 | loss 0.6522 | ce 0.6522 | logit 0.0000 | train_acc 58.89%
[Stage2/Head] Epoch 35/60 | loss 0.6048 | ce 0.6048 | logit 0.0000 | train_acc 67.60%
[Stage2/Head] Epoch 36/60 | loss 0.5720 | ce 0.5720 | logit 0.0000 | train_acc 92.38%
[Stage2/Head] Epoch 37/60 | loss 0.5332 | ce 0.5332 | logit 0.0000 | train_acc 92.56%
[Stage2/Head] Epoch 38/60 | loss 0.5055 | ce 0.5055 | logit 0.0000 | train_acc 92.99%
[Stage2/Head] Epoch 39/60 | loss 0.4788 | ce 0.4788 | logit 0.0000 | train_acc 93.01%
[Stage2/Head] Epoch 40/60 | loss 0.4523 | ce 0.4523 | logit 0.0000 | train_acc 93.01%
[Stage2/Head] Epoch 41/60 | loss 0.4323 | ce 0.4323 | logit 0.0000 | train_acc 93.14%
[Stage2/Head] Epoch 42/60 | loss 0.4149 | ce 0.4149 | logit 0.0000 | train_acc 93.11%
[Stage2/Head] Epoch 43/60 | loss 0.4014 | ce 0.4014 | logit 0.0000 | train_acc 93.11%
[Stage2/Head] Epoch 44/60 | loss 0.3813 | ce 0.3813 | logit 0.0000 | train_acc 93.36%
[Stage2/Head] Epoch 45/60 | loss 0.3673 | ce 0.3673 | logit 0.0000 | train_acc 93.40%
[Stage2/Head] Epoch 46/60 | loss 0.3606 | ce 0.3606 | logit 0.0000 | train_acc 93.25%
[Stage2/Head] Epoch 47/60 | loss 0.3498 | ce 0.3498 | logit 0.0000 | train_acc 93.39%
[Stage2/Head] Epoch 48/60 | loss 0.3434 | ce 0.3434 | logit 0.0000 | train_acc 93.19%
[Stage2/Head] Epoch 49/60 | loss 0.3402 | ce 0.3402 | logit 0.0000 | train_acc 93.03%
[Stage2/Head] Epoch 50/60 | loss 0.3290 | ce 0.3290 | logit 0.0000 | train_acc 93.09%
[Stage2/Head] Epoch 51/60 | loss 0.3224 | ce 0.3224 | logit 0.0000 | train_acc 93.34%
[Stage2/Head] Epoch 52/60 | loss 0.3199 | ce 0.3199 | logit 0.0000 | train_acc 93.15%
[Stage2/Head] Epoch 53/60 | loss 0.3113 | ce 0.3113 | logit 0.0000 | train_acc 93.34%
[Stage2/Head] Epoch 54/60 | loss 0.3003 | ce 0.3003 | logit 0.0000 | train_acc 93.42%
[Stage2/Head] Epoch 55/60 | loss 0.3013 | ce 0.3013 | logit 0.0000 | train_acc 93.10%
[Stage2/Head] Epoch 56/60 | loss 0.2932 | ce 0.2932 | logit 0.0000 | train_acc 93.08%
[Stage2/Head] Epoch 57/60 | loss 0.2883 | ce 0.2883 | logit 0.0000 | train_acc 93.56%
[Stage2/Head] Epoch 58/60 | loss 0.2839 | ce 0.2839 | logit 0.0000 | train_acc 93.11%
[Stage2/Head] Epoch 59/60 | loss 0.2865 | ce 0.2865 | logit 0.0000 | train_acc 93.44%
[Stage2/Head] Epoch 60/60 | loss 0.2822 | ce 0.2822 | logit 0.0000 | train_acc 93.35%
[Task 4] Training done in 4.22 min.
[Task 4] Test (on new class only) -> ce_loss: 0.1915, acc: 97.54%, rec_loss: 19.9691
[Task 4] Wrote CSVs to: ./runs_mnist_continual/run_20260129_010150/task4
Accuracies on seen tasks:
  Task 0 [0,1,2,3,4]: 79.10%
  Task 1 [5]: 81.50%
  Task 2 [6]: 94.47%
  Task 3 [7]: 93.39%
  Task 4 [8]: 97.54%
Mean over seen tasks (0..4): 89.20%
[Task 4] Running Rscript to produce: ./runs_mnist_continual/run_20260129_010150/task4/inducing_points.csv
Loading required package: Matrix

Attaching package: ‘dplyr’

The following objects are masked from ‘package:stats’:

    filter, lag

The following objects are masked from ‘package:base’:

    intersect, setdiff, setequal, union

This is gplite version 0.13.0
Directory already exists: ./runs_mnist_continual/run_20260129_010150/task4 
[1] "Using original Y values (no log-space transform)"
[1] "Using GP package: laGP"
[1] "======================================"
[1] "---- Start Training GPs for existing classes ----"
[1] "class 0 training sample size (indclude 50 samples from other classes): 459"
[1] "class 0 validation set sample size (indclude 50 samples from other classes): 153"
[1] "Selecting 409 inducing points"
[1] "validation MSE for class0: 0.766339835248845"
[1] "Current inducing_points dim: 409 x 16"
[1] "class 1 training sample size (indclude 50 samples from other classes): 459"
[1] "class 1 validation set sample size (indclude 50 samples from other classes): 153"
[1] "Selecting 409 inducing points"
[1] "validation MSE for class1: 0.0839803494427699"
[1] "Current inducing_points dim: 818 x 16"
[1] "class 2 training sample size (indclude 50 samples from other classes): 459"
[1] "class 2 validation set sample size (indclude 50 samples from other classes): 153"
[1] "Selecting 409 inducing points"
[1] "validation MSE for class2: 0.963208646256403"
[1] "Current inducing_points dim: 1227 x 16"
[1] "class 3 training sample size (indclude 50 samples from other classes): 459"
[1] "class 3 validation set sample size (indclude 50 samples from other classes): 153"
[1] "Selecting 409 inducing points"
[1] "validation MSE for class3: 0.934210349755513"
[1] "Current inducing_points dim: 1636 x 16"
[1] "class 4 training sample size (indclude 50 samples from other classes): 459"
[1] "class 4 validation set sample size (indclude 50 samples from other classes): 153"
[1] "Selecting 409 inducing points"
[1] "validation MSE for class4: 0.587219317593393"
[1] "Current inducing_points dim: 2045 x 16"
[1] "class 5 training sample size (indclude 50 samples from other classes): 562"
[1] "class 5 validation set sample size (indclude 50 samples from other classes): 178"
[1] "Selecting 512 inducing points"
[1] "validation MSE for class5: 1.13510806569178"
[1] "Current inducing_points dim: 2557 x 16"
[1] "class 6 training sample size (indclude 50 samples from other classes): 690"
[1] "class 6 validation set sample size (indclude 50 samples from other classes): 210"
[1] "Selecting 640 inducing points"
[1] "validation MSE for class6: 2.04084516187607"
[1] "Current inducing_points dim: 3197 x 16"
[1] "class 7 training sample size (indclude 50 samples from other classes): 850"
[1] "class 7 validation set sample size (indclude 50 samples from other classes): 250"
[1] "Selecting 800 inducing points"
[1] "validation MSE for class7: 2.94641691324396"
[1] "Current inducing_points dim: 3997 x 16"
[1] "class 8 training sample size (indclude 50 samples from other classes): 2050"
[1] "class 8 validation set sample size (indclude 50 samples from other classes): 650"
[1] "Selecting 1000 inducing points"
[1] "validation MSE for class8: 2.03514474374582"
[1] "Current inducing_points dim: 4997 x 16"
[1] "Train Finished"
[1] "---------------------"
[1] "Inducing Points Saved"
[1] "---------------------"
[1] "Expected testing data total: 9000"
[1] "n_ts is greater than the number of rows in the data frame, using all rows:8991"
[1] "total test df size: 8991"
 num [1:8991] 2 1 0 4 1 4 0 0 1 3 ...

   0    1    2    3    4    5    6    7    8 
 980 1135 1032 1010  982  892  958 1028  974 
[1] "class 0 test data size:980"
[1] "class 1 test data size:1135"
[1] "class 2 test data size:1032"
[1] "class 3 test data size:1010"
[1] "class 4 test data size:982"
[1] "class 5 test data size:892"
[1] "class 6 test data size:958"
[1] "class 7 test data size:1028"
[1] "class 8 test data size:974"
[1] "Testset GPs:"
[1] "Total accuracy: 0.659325992659326"
[1] "Confusion Matrix for Class:0"
                   Actual_Positive Actual_Negative
Predicted_Positive             330              16
Predicted_Negative             650            7995
[1] "Accuracy: 0.925925925925926"
[1] "Precision: 0.953757225433526"
[1] "Recall for Class: 0.336734693877551"
[1] "F1 Score for Class: 0.497737556561086"
[1] "Confusion Matrix for Class:1"
                   Actual_Positive Actual_Negative
Predicted_Positive             646               2
Predicted_Negative             489            7854
[1] "Accuracy: 0.945389834278723"
[1] "Precision: 0.996913580246914"
[1] "Recall for Class: 0.569162995594714"
[1] "F1 Score for Class: 0.724621424565339"
[1] "Confusion Matrix for Class:2"
                   Actual_Positive Actual_Negative
Predicted_Positive             421              22
Predicted_Negative             611            7937
[1] "Accuracy: 0.929596262929596"
[1] "Precision: 0.950338600451467"
[1] "Recall for Class: 0.407945736434109"
[1] "F1 Score for Class: 0.570847457627119"
[1] "Confusion Matrix for Class:3"
                   Actual_Positive Actual_Negative
Predicted_Positive             458               8
Predicted_Negative             552            7973
[1] "Accuracy: 0.937715493271049"
[1] "Precision: 0.982832618025751"
[1] "Recall for Class: 0.453465346534653"
[1] "F1 Score for Class: 0.62059620596206"
[1] "Confusion Matrix for Class:4"
                   Actual_Positive Actual_Negative
Predicted_Positive             726              13
Predicted_Negative             256            7996
[1] "Accuracy: 0.970081192303414"
[1] "Precision: 0.982408660351827"
[1] "Recall for Class: 0.739307535641548"
[1] "F1 Score for Class: 0.84369552585706"
[1] "Confusion Matrix for Class:5"
                   Actual_Positive Actual_Negative
Predicted_Positive             541             124
Predicted_Negative             351            7975
[1] "Accuracy: 0.947169391613836"
[1] "Precision: 0.813533834586466"
[1] "Recall for Class: 0.606502242152466"
[1] "F1 Score for Class: 0.694926140012845"
[1] "Confusion Matrix for Class:6"
                   Actual_Positive Actual_Negative
Predicted_Positive             894             474
Predicted_Negative              64            7559
[1] "Accuracy: 0.940162384606829"
[1] "Precision: 0.653508771929825"
[1] "Recall for Class: 0.933194154488518"
[1] "F1 Score for Class: 0.768701633705933"
[1] "Confusion Matrix for Class:7"
                   Actual_Positive Actual_Negative
Predicted_Positive             965             860
Predicted_Negative              63            7103
[1] "Accuracy: 0.897341786230675"
[1] "Precision: 0.528767123287671"
[1] "Recall for Class: 0.938715953307393"
[1] "F1 Score for Class: 0.676480897301087"
[1] "Confusion Matrix for Class:8"
                   Actual_Positive Actual_Negative
Predicted_Positive             947            1544
Predicted_Negative              27            6473
[1] "Accuracy: 0.825269714158603"
[1] "Precision: 0.380168606985147"
[1] "Recall for Class: 0.972279260780287"
[1] "F1 Score for Class: 0.546608946608947"
[1] "GPc0 distribution statistics for0, 1, 2, 3, 4, 5, 6, 7, 8:"
[1] "mean: 0.446330858582406, -0.00204387235019711, 0.0222034781526688, -0.000354956195958671, 0.0193366469433279, 0.0580096037991094, 0.024046863662129, 0.00235783119908048, 0.0140026432856161"
[1] "sd: 0.262808501053585, 0.00917619503072654, 0.0905838529058125, 0.0477803211867165, 0.0627782970356897, 0.104181683022886, 0.0722455544720092, 0.0237127588707488, 0.0580759744324382"
[1] "---------------------"
[1] "GPc1 distribution statistics for0, 1, 2, 3, 4, 5, 6, 7, 8:"
[1] "mean: 2.36712744108861e-05, 0.427461674692161, 0.0035004311787619, 0.00349662254037828, 0.00112723829994052, 0.000534346598006931, 0.0020188508222378, 0.00634197272488301, 0.0012851120327313"
[1] "sd: 0.000311734774996492, 0.333450202298288, 0.014775393999624, 0.0178787489663017, 0.00564842114461431, 0.0016491613001927, 0.0145788678617658, 0.0462700747082256, 0.0087468810945958"
[1] "---------------------"
[1] "GPc2 distribution statistics for0, 1, 2, 3, 4, 5, 6, 7, 8:"
[1] "mean: 0.00205598897093419, 0.00857116538612082, 0.396914525714916, 0.0293563893240964, 0.0253808262245843, 0.0131169624227125, 0.010892566223198, 0.0220111850377621, 0.0106176934407112"
[1] "sd: 0.0243521324919832, 0.0296577193808463, 0.308678569471477, 0.0987587469663909, 0.0771038972656182, 0.0523428353239693, 0.060231580073123, 0.0928043064869419, 0.0538556828863592"
[1] "---------------------"
[1] "GPc3 distribution statistics for0, 1, 2, 3, 4, 5, 6, 7, 8:"
[1] "mean: -0.0177076807572331, 0.00706293529343943, -0.0401986436163117, 0.436486974225701, -0.00236052227582505, -0.0175426442104525, -0.00216327889167489, 0.00707546356959345, 0.0121990522661494"
[1] "sd: 0.0465484993399246, 0.0696229095529475, 0.162220643152755, 0.308653613277715, 0.0775611505450022, 0.0864066420985087, 0.038046023272558, 0.0514773067654637, 0.0806432095941482"
[1] "---------------------"
[1] "GPc4 distribution statistics for0, 1, 2, 3, 4, 5, 6, 7, 8:"
[1] "mean: -0.00233450965689061, -0.000810439852565607, 0.0325290119930119, 0.00116264633871359, 0.627933733503778, -0.0294816441735742, -0.00355549245795972, 0.0190332204320817, -0.000539016256552115"
[1] "sd: 0.0239965540432425, 0.0399555624198699, 0.110965244661904, 0.0487981544559503, 0.261726359528925, 0.0644186088693431, 0.0474744525043825, 0.0949887594510463, 0.0429172091962865"
[1] "---------------------"
[1] "GPc5 distribution statistics for0, 1, 2, 3, 4, 5, 6, 7, 8:"
[1] "mean: 0.191597136166918, 0.0061855523429134, 0.0622057782730257, 0.126100701603978, 0.00486772484784034, 0.591979930861818, -0.00934623996311122, 0.00591946116491966, 0.0855668392043476"
[1] "sd: 0.141849109004765, 0.052189418478605, 0.122083800945142, 0.224091588372411, 0.108942125766045, 0.277740212163094, 0.142441770928661, 0.0980003578659261, 0.149564368867954"
[1] "---------------------"
[1] "GPc6 distribution statistics for0, 1, 2, 3, 4, 5, 6, 7, 8:"
[1] "mean: 0.0740520079731398, 0.148283757187664, 0.0770147309369341, 0.0772397585491546, 0.200958810119654, -0.0562293639248413, 0.879124284250893, 0.0601476603730464, -0.0370760561402274"
[1] "sd: 0.313813535451377, 0.210366099840981, 0.314280186858007, 0.318494306990611, 0.259752763897794, 0.326020586293792, 0.153894583525828, 0.177955059165875, 0.22868293404365"
[1] "---------------------"
[1] "GPc7 distribution statistics for0, 1, 2, 3, 4, 5, 6, 7, 8:"
[1] "mean: 0.594044685471187, 0.0141844219882418, -0.200203587057725, -0.0250045275822737, 0.122382482583283, 0.121280733448149, -0.0239286490397859, 0.892763107289793, -0.0100112203384125"
[1] "sd: 0.741106842041891, 0.286914923811055, 0.450323954624819, 0.399141730527293, 0.261529530354557, 0.429153803317431, 0.224047749467433, 0.218356461308719, 0.396506367943832"
[1] "---------------------"
[1] "GPc8 distribution statistics for0, 1, 2, 3, 4, 5, 6, 7, 8:"
[1] "mean: 0.253238367233003, 0.140710662973695, 0.429477338050261, 0.290107581445962, 0.191765647782232, 0.341072196118414, 0.17525037544736, 0.121486000776506, 0.852023639622994"
[1] "sd: 0.274662721199903, 0.25539799438071, 0.281299486013211, 0.369854018009967, 0.250804770406857, 0.309191197090119, 0.216936664922484, 0.281485271874852, 0.0803591290130372"
[1] "---------------------"
Warning messages:
1: Removed 2 rows containing missing values or values outside the scale range
(`geom_bar()`). 
2: Removed 8 rows containing missing values or values outside the scale range
(`geom_bar()`). 
3: Removed 5 rows containing missing values or values outside the scale range
(`geom_bar()`). 
4: Removed 1 row containing missing values or values outside the scale range
(`geom_bar()`). 
5: Removed 290 rows containing missing values or values outside the scale range
(`geom_line()`). 
[1] "Save Results"
null device 
          1 
[Task 4] Loaded from R CSV: 4997 rows, f_size=16
[Task 4] Decoded images: torch.Size([4997, 1, 28, 28]) -> recovered dataset size 4997
[Task 4] Augmenting Task 5 training set with 4997 recovered samples.
[Task 4] Caching f_size features for feature-preservation in next task...
[Task 4] Cached features: 54051 items.

================================================================================
Starting Task 5: digits [9]
Training samples size: 7997
================================================================================
[Stage1/AE] Epoch 1/60 | loss 0.0126 | rec 0.0126 | feat 0.0000 | train_acc 58.21%
[Stage1/AE] Epoch 2/60 | loss 0.0119 | rec 0.0119 | feat 0.0000 | train_acc 57.86%
[Stage1/AE] Epoch 3/60 | loss 0.0116 | rec 0.0116 | feat 0.0000 | train_acc 57.77%
[Stage1/AE] Epoch 4/60 | loss 0.0115 | rec 0.0115 | feat 0.0000 | train_acc 57.75%
[Stage1/AE] Epoch 5/60 | loss 0.0113 | rec 0.0113 | feat 0.0000 | train_acc 57.60%
[Stage1/AE] Epoch 6/60 | loss 0.0112 | rec 0.0112 | feat 0.0000 | train_acc 57.41%
[Stage1/AE] Epoch 7/60 | loss 0.0111 | rec 0.0111 | feat 0.0000 | train_acc 57.55%
[Stage1/AE] Epoch 8/60 | loss 0.0110 | rec 0.0110 | feat 0.0000 | train_acc 57.62%
[Stage1/AE] Epoch 9/60 | loss 0.0110 | rec 0.0110 | feat 0.0000 | train_acc 57.43%
[Stage1/AE] Epoch 10/60 | loss 0.0109 | rec 0.0109 | feat 0.0000 | train_acc 57.35%
[Stage1/AE] Epoch 11/60 | loss 0.0110 | rec 0.0110 | feat 0.0000 | train_acc 57.40%
[Stage1/AE] Epoch 12/60 | loss 0.0107 | rec 0.0107 | feat 0.0000 | train_acc 57.48%
[Stage1/AE] Epoch 13/60 | loss 0.0107 | rec 0.0107 | feat 0.0000 | train_acc 57.42%
[Stage1/AE] Epoch 14/60 | loss 0.0107 | rec 0.0107 | feat 0.0000 | train_acc 57.53%
[Stage1/AE] Epoch 15/60 | loss 0.0106 | rec 0.0106 | feat 0.0000 | train_acc 57.50%
[Stage1/AE] Epoch 16/60 | loss 0.0106 | rec 0.0106 | feat 0.0000 | train_acc 57.60%
[Stage1/AE] Epoch 17/60 | loss 0.0105 | rec 0.0105 | feat 0.0000 | train_acc 57.77%
[Stage1/AE] Epoch 18/60 | loss 0.0106 | rec 0.0106 | feat 0.0000 | train_acc 57.27%
[Stage1/AE] Epoch 19/60 | loss 0.0105 | rec 0.0105 | feat 0.0000 | train_acc 57.47%
[Stage1/AE] Epoch 20/60 | loss 0.0104 | rec 0.0104 | feat 0.0000 | train_acc 57.45%
[Stage1/AE] Epoch 21/60 | loss 0.0104 | rec 0.0104 | feat 0.0000 | train_acc 57.38%
[Stage1/AE] Epoch 22/60 | loss 0.0103 | rec 0.0103 | feat 0.0000 | train_acc 57.53%
[Stage1/AE] Epoch 23/60 | loss 0.0103 | rec 0.0103 | feat 0.0000 | train_acc 57.36%
[Stage1/AE] Epoch 24/60 | loss 0.0104 | rec 0.0104 | feat 0.0000 | train_acc 57.40%
[Stage1/AE] Epoch 25/60 | loss 0.0102 | rec 0.0102 | feat 0.0000 | train_acc 57.57%
[Stage1/AE] Epoch 26/60 | loss 0.0102 | rec 0.0102 | feat 0.0000 | train_acc 57.52%
[Stage1/AE] Epoch 27/60 | loss 0.0102 | rec 0.0102 | feat 0.0000 | train_acc 57.32%
[Stage1/AE] Epoch 28/60 | loss 0.0102 | rec 0.0102 | feat 0.0000 | train_acc 57.05%
[Stage1/AE] Epoch 29/60 | loss 0.0101 | rec 0.0101 | feat 0.0000 | train_acc 57.70%
[Stage1/AE] Epoch 30/60 | loss 0.0101 | rec 0.0101 | feat 0.0000 | train_acc 57.55%
[Stage1/AE] Epoch 31/60 | loss 0.0101 | rec 0.0101 | feat 0.0000 | train_acc 57.38%
[Stage1/AE] Epoch 32/60 | loss 0.0101 | rec 0.0101 | feat 0.0000 | train_acc 57.51%
[Stage1/AE] Epoch 33/60 | loss 0.0101 | rec 0.0101 | feat 0.0000 | train_acc 56.91%
[Stage1/AE] Epoch 34/60 | loss 0.0100 | rec 0.0100 | feat 0.0000 | train_acc 57.20%
[Stage1/AE] Epoch 35/60 | loss 0.0100 | rec 0.0100 | feat 0.0000 | train_acc 57.46%
[Stage1/AE] Epoch 36/60 | loss 0.0099 | rec 0.0099 | feat 0.0000 | train_acc 57.07%
[Stage1/AE] Epoch 37/60 | loss 0.0100 | rec 0.0100 | feat 0.0000 | train_acc 57.36%
[Stage1/AE] Epoch 38/60 | loss 0.0099 | rec 0.0099 | feat 0.0000 | train_acc 57.35%
[Stage1/AE] Epoch 39/60 | loss 0.0100 | rec 0.0100 | feat 0.0000 | train_acc 57.25%
[Stage1/AE] Epoch 40/60 | loss 0.0098 | rec 0.0098 | feat 0.0000 | train_acc 57.37%
[Stage1/AE] Epoch 41/60 | loss 0.0099 | rec 0.0099 | feat 0.0000 | train_acc 57.41%
[Stage1/AE] Epoch 42/60 | loss 0.0098 | rec 0.0098 | feat 0.0000 | train_acc 57.25%
[Stage1/AE] Epoch 43/60 | loss 0.0098 | rec 0.0098 | feat 0.0000 | train_acc 57.36%
[Stage1/AE] Epoch 44/60 | loss 0.0098 | rec 0.0098 | feat 0.0000 | train_acc 57.45%
[Stage1/AE] Epoch 45/60 | loss 0.0098 | rec 0.0098 | feat 0.0000 | train_acc 57.27%
[Stage1/AE] Epoch 46/60 | loss 0.0098 | rec 0.0098 | feat 0.0000 | train_acc 57.06%
[Stage1/AE] Epoch 47/60 | loss 0.0097 | rec 0.0097 | feat 0.0000 | train_acc 57.15%
[Stage1/AE] Epoch 48/60 | loss 0.0098 | rec 0.0098 | feat 0.0000 | train_acc 57.23%
[Stage1/AE] Epoch 49/60 | loss 0.0097 | rec 0.0097 | feat 0.0000 | train_acc 57.20%
[Stage1/AE] Epoch 50/60 | loss 0.0097 | rec 0.0097 | feat 0.0000 | train_acc 57.15%
[Stage1/AE] Epoch 51/60 | loss 0.0097 | rec 0.0097 | feat 0.0000 | train_acc 56.97%
[Stage1/AE] Epoch 52/60 | loss 0.0097 | rec 0.0097 | feat 0.0000 | train_acc 57.28%
[Stage1/AE] Epoch 53/60 | loss 0.0097 | rec 0.0097 | feat 0.0000 | train_acc 57.05%
[Stage1/AE] Epoch 54/60 | loss 0.0097 | rec 0.0097 | feat 0.0000 | train_acc 57.25%
[Stage1/AE] Epoch 55/60 | loss 0.0096 | rec 0.0096 | feat 0.0000 | train_acc 57.05%
[Stage1/AE] Epoch 56/60 | loss 0.0096 | rec 0.0096 | feat 0.0000 | train_acc 56.96%
[Stage1/AE] Epoch 57/60 | loss 0.0096 | rec 0.0096 | feat 0.0000 | train_acc 57.41%
[Stage1/AE] Epoch 58/60 | loss 0.0096 | rec 0.0096 | feat 0.0000 | train_acc 57.15%
[Stage1/AE] Epoch 59/60 | loss 0.0096 | rec 0.0096 | feat 0.0000 | train_acc 57.22%
[Stage1/AE] Epoch 60/60 | loss 0.0096 | rec 0.0096 | feat 0.0000 | train_acc 57.32%
[Stage2/Head] Epoch 1/60 | loss 4.3256 | ce 4.3256 | logit 0.0000 | train_acc 54.52%
[Stage2/Head] Epoch 2/60 | loss 4.1312 | ce 4.1312 | logit 0.0000 | train_acc 55.52%
[Stage2/Head] Epoch 3/60 | loss 4.0165 | ce 4.0165 | logit 0.0000 | train_acc 55.80%
[Stage2/Head] Epoch 4/60 | loss 3.9060 | ce 3.9060 | logit 0.0000 | train_acc 56.12%
[Stage2/Head] Epoch 5/60 | loss 3.8020 | ce 3.8020 | logit 0.0000 | train_acc 55.87%
[Stage2/Head] Epoch 6/60 | loss 3.7179 | ce 3.7179 | logit 0.0000 | train_acc 56.08%
[Stage2/Head] Epoch 7/60 | loss 3.6258 | ce 3.6258 | logit 0.0000 | train_acc 56.03%
[Stage2/Head] Epoch 8/60 | loss 3.5237 | ce 3.5237 | logit 0.0000 | train_acc 56.17%
[Stage2/Head] Epoch 9/60 | loss 3.4259 | ce 3.4259 | logit 0.0000 | train_acc 56.30%
[Stage2/Head] Epoch 10/60 | loss 3.3302 | ce 3.3302 | logit 0.0000 | train_acc 56.03%
[Stage2/Head] Epoch 11/60 | loss 3.2424 | ce 3.2424 | logit 0.0000 | train_acc 56.31%
[Stage2/Head] Epoch 12/60 | loss 3.1459 | ce 3.1459 | logit 0.0000 | train_acc 56.21%
[Stage2/Head] Epoch 13/60 | loss 3.0525 | ce 3.0525 | logit 0.0000 | train_acc 56.38%
[Stage2/Head] Epoch 14/60 | loss 2.9822 | ce 2.9822 | logit 0.0000 | train_acc 56.03%
[Stage2/Head] Epoch 15/60 | loss 2.8779 | ce 2.8779 | logit 0.0000 | train_acc 56.47%
[Stage2/Head] Epoch 16/60 | loss 2.7830 | ce 2.7830 | logit 0.0000 | train_acc 56.51%
[Stage2/Head] Epoch 17/60 | loss 2.6860 | ce 2.6860 | logit 0.0000 | train_acc 56.35%
[Stage2/Head] Epoch 18/60 | loss 2.6026 | ce 2.6026 | logit 0.0000 | train_acc 56.42%
[Stage2/Head] Epoch 19/60 | loss 2.5108 | ce 2.5108 | logit 0.0000 | train_acc 56.60%
[Stage2/Head] Epoch 20/60 | loss 2.4249 | ce 2.4249 | logit 0.0000 | train_acc 56.53%
[Stage2/Head] Epoch 21/60 | loss 2.3291 | ce 2.3291 | logit 0.0000 | train_acc 56.75%
[Stage2/Head] Epoch 22/60 | loss 2.2316 | ce 2.2316 | logit 0.0000 | train_acc 56.33%
[Stage2/Head] Epoch 23/60 | loss 2.1374 | ce 2.1374 | logit 0.0000 | train_acc 56.91%
[Stage2/Head] Epoch 24/60 | loss 2.0551 | ce 2.0551 | logit 0.0000 | train_acc 56.47%
[Stage2/Head] Epoch 25/60 | loss 1.9601 | ce 1.9601 | logit 0.0000 | train_acc 56.67%
[Stage2/Head] Epoch 26/60 | loss 1.8674 | ce 1.8674 | logit 0.0000 | train_acc 56.83%
[Stage2/Head] Epoch 27/60 | loss 1.7902 | ce 1.7902 | logit 0.0000 | train_acc 56.67%
[Stage2/Head] Epoch 28/60 | loss 1.6949 | ce 1.6949 | logit 0.0000 | train_acc 56.78%
[Stage2/Head] Epoch 29/60 | loss 1.6065 | ce 1.6065 | logit 0.0000 | train_acc 56.82%
[Stage2/Head] Epoch 30/60 | loss 1.5321 | ce 1.5321 | logit 0.0000 | train_acc 56.53%
[Stage2/Head] Epoch 31/60 | loss 1.4428 | ce 1.4428 | logit 0.0000 | train_acc 56.52%
[Stage2/Head] Epoch 32/60 | loss 1.3606 | ce 1.3606 | logit 0.0000 | train_acc 57.06%
[Stage2/Head] Epoch 33/60 | loss 1.2906 | ce 1.2906 | logit 0.0000 | train_acc 56.77%
[Stage2/Head] Epoch 34/60 | loss 1.2038 | ce 1.2038 | logit 0.0000 | train_acc 57.03%
[Stage2/Head] Epoch 35/60 | loss 1.1311 | ce 1.1311 | logit 0.0000 | train_acc 57.16%
[Stage2/Head] Epoch 36/60 | loss 1.0580 | ce 1.0580 | logit 0.0000 | train_acc 57.21%
[Stage2/Head] Epoch 37/60 | loss 0.9909 | ce 0.9909 | logit 0.0000 | train_acc 56.86%
[Stage2/Head] Epoch 38/60 | loss 0.9319 | ce 0.9319 | logit 0.0000 | train_acc 57.25%
[Stage2/Head] Epoch 39/60 | loss 0.8772 | ce 0.8772 | logit 0.0000 | train_acc 57.08%
[Stage2/Head] Epoch 40/60 | loss 0.8353 | ce 0.8353 | logit 0.0000 | train_acc 57.02%
[Stage2/Head] Epoch 41/60 | loss 0.7815 | ce 0.7815 | logit 0.0000 | train_acc 57.22%
[Stage2/Head] Epoch 42/60 | loss 0.7451 | ce 0.7451 | logit 0.0000 | train_acc 57.72%
[Stage2/Head] Epoch 43/60 | loss 0.7138 | ce 0.7138 | logit 0.0000 | train_acc 59.41%
[Stage2/Head] Epoch 44/60 | loss 0.6737 | ce 0.6737 | logit 0.0000 | train_acc 61.75%
[Stage2/Head] Epoch 45/60 | loss 0.6583 | ce 0.6583 | logit 0.0000 | train_acc 64.60%
[Stage2/Head] Epoch 46/60 | loss 0.6240 | ce 0.6240 | logit 0.0000 | train_acc 69.59%
[Stage2/Head] Epoch 47/60 | loss 0.6066 | ce 0.6066 | logit 0.0000 | train_acc 81.09%
[Stage2/Head] Epoch 48/60 | loss 0.5875 | ce 0.5875 | logit 0.0000 | train_acc 81.47%
[Stage2/Head] Epoch 49/60 | loss 0.5704 | ce 0.5704 | logit 0.0000 | train_acc 81.42%
[Stage2/Head] Epoch 50/60 | loss 0.5597 | ce 0.5597 | logit 0.0000 | train_acc 81.27%
[Stage2/Head] Epoch 51/60 | loss 0.5395 | ce 0.5395 | logit 0.0000 | train_acc 81.82%
[Stage2/Head] Epoch 52/60 | loss 0.5305 | ce 0.5305 | logit 0.0000 | train_acc 82.16%
[Stage2/Head] Epoch 53/60 | loss 0.5221 | ce 0.5221 | logit 0.0000 | train_acc 82.17%
[Stage2/Head] Epoch 54/60 | loss 0.5133 | ce 0.5133 | logit 0.0000 | train_acc 82.67%
[Stage2/Head] Epoch 55/60 | loss 0.5050 | ce 0.5050 | logit 0.0000 | train_acc 82.98%
[Stage2/Head] Epoch 56/60 | loss 0.4967 | ce 0.4967 | logit 0.0000 | train_acc 83.94%
[Stage2/Head] Epoch 57/60 | loss 0.4797 | ce 0.4797 | logit 0.0000 | train_acc 85.82%
[Stage2/Head] Epoch 58/60 | loss 0.4639 | ce 0.4639 | logit 0.0000 | train_acc 88.05%
[Stage2/Head] Epoch 59/60 | loss 0.4427 | ce 0.4427 | logit 0.0000 | train_acc 89.52%
[Stage2/Head] Epoch 60/60 | loss 0.4353 | ce 0.4353 | logit 0.0000 | train_acc 90.40%
[Task 5] Training done in 4.46 min.
[Task 5] Test (on new class only) -> ce_loss: 0.2978, acc: 95.94%, rec_loss: 10.9289
[Task 5] Wrote CSVs to: ./runs_mnist_continual/run_20260129_010150/task5
Accuracies on seen tasks:
  Task 0 [0,1,2,3,4]: 67.23%
  Task 1 [5]: 81.73%
  Task 2 [6]: 92.48%
  Task 3 [7]: 74.51%
  Task 4 [8]: 87.37%
  Task 5 [9]: 95.94%
Mean over seen tasks (0..5): 83.21%
[Task 5] Running Rscript to produce: ./runs_mnist_continual/run_20260129_010150/task5/inducing_points.csv
Loading required package: Matrix

Attaching package: ‘dplyr’

The following objects are masked from ‘package:stats’:

    filter, lag

The following objects are masked from ‘package:base’:

    intersect, setdiff, setequal, union

This is gplite version 0.13.0
Directory already exists: ./runs_mnist_continual/run_20260129_010150/task5 
[1] "Using original Y values (no log-space transform)"
[1] "Using GP package: laGP"
[1] "======================================"
[1] "---- Start Training GPs for existing classes ----"
[1] "class 0 training sample size (indclude 50 samples from other classes): 377"
[1] "class 0 validation set sample size (indclude 50 samples from other classes): 132"
[1] "Selecting 327 inducing points"
[1] "validation MSE for class0: 0.832153968230595"
[1] "Current inducing_points dim: 327 x 16"
[1] "class 1 training sample size (indclude 50 samples from other classes): 377"
[1] "class 1 validation set sample size (indclude 50 samples from other classes): 132"
[1] "Selecting 327 inducing points"
[1] "validation MSE for class1: 0.120341370820397"
[1] "Current inducing_points dim: 654 x 16"
[1] "class 2 training sample size (indclude 50 samples from other classes): 377"
[1] "class 2 validation set sample size (indclude 50 samples from other classes): 132"
[1] "Selecting 327 inducing points"
[1] "validation MSE for class2: 0.466210532495034"
[1] "Current inducing_points dim: 981 x 16"
[1] "class 3 training sample size (indclude 50 samples from other classes): 377"
[1] "class 3 validation set sample size (indclude 50 samples from other classes): 132"
[1] "Selecting 327 inducing points"
[1] "validation MSE for class3: 0.331265106684706"
[1] "Current inducing_points dim: 1308 x 16"
[1] "class 4 training sample size (indclude 50 samples from other classes): 377"
[1] "class 4 validation set sample size (indclude 50 samples from other classes): 132"
[1] "Selecting 327 inducing points"
[1] "validation MSE for class4: 0.365332462659636"
[1] "Current inducing_points dim: 1635 x 16"
[1] "class 5 training sample size (indclude 50 samples from other classes): 459"
[1] "class 5 validation set sample size (indclude 50 samples from other classes): 153"
[1] "Selecting 409 inducing points"
[1] "validation MSE for class5: 0.851378733685817"
[1] "Current inducing_points dim: 2044 x 16"
[1] "class 6 training sample size (indclude 50 samples from other classes): 562"
[1] "class 6 validation set sample size (indclude 50 samples from other classes): 178"
[1] "Selecting 512 inducing points"
[1] "validation MSE for class6: 1.19848759988857"
[1] "Current inducing_points dim: 2556 x 16"
[1] "class 7 training sample size (indclude 50 samples from other classes): 690"
[1] "class 7 validation set sample size (indclude 50 samples from other classes): 210"
[1] "Selecting 640 inducing points"
[1] "validation MSE for class7: 0.526648391813196"
[1] "Current inducing_points dim: 3196 x 16"
[1] "class 8 training sample size (indclude 50 samples from other classes): 850"
[1] "class 8 validation set sample size (indclude 50 samples from other classes): 250"
[1] "Selecting 800 inducing points"
[1] "validation MSE for class8: 1.44980736062915"
[1] "Current inducing_points dim: 3996 x 16"
[1] "class 9 training sample size (indclude 50 samples from other classes): 2050"
[1] "class 9 validation set sample size (indclude 50 samples from other classes): 650"
[1] "Selecting 1000 inducing points"
[1] "validation MSE for class9: 1.28298538331088"
[1] "Current inducing_points dim: 4996 x 16"
[1] "Train Finished"
[1] "---------------------"
[1] "Inducing Points Saved"
[1] "---------------------"
[1] "Expected testing data total: 10000"
[1] "total test df size: 10000"
 num [1:10000] 2 1 0 4 1 4 0 0 1 3 ...

   0    1    2    3    4    5    6    7    8    9 
 980 1135 1032 1010  982  892  958 1028  974 1009 
[1] "class 0 test data size:980"
[1] "class 1 test data size:1135"
[1] "class 2 test data size:1032"
[1] "class 3 test data size:1010"
[1] "class 4 test data size:982"
[1] "class 5 test data size:892"
[1] "class 6 test data size:958"
[1] "class 7 test data size:1028"
[1] "class 8 test data size:974"
[1] "class 9 test data size:1009"
[1] "Testset GPs:"
[1] "Total accuracy: 0.6555"
[1] "Confusion Matrix for Class:0"
                   Actual_Positive Actual_Negative
Predicted_Positive             808             128
Predicted_Negative             172            8892
[1] "Accuracy: 0.97"
[1] "Precision: 0.863247863247863"
[1] "Recall for Class: 0.824489795918367"
[1] "F1 Score for Class: 0.843423799582463"
[1] "Confusion Matrix for Class:1"
                   Actual_Positive Actual_Negative
Predicted_Positive             873               9
Predicted_Negative             262            8856
[1] "Accuracy: 0.9729"
[1] "Precision: 0.989795918367347"
[1] "Recall for Class: 0.769162995594714"
[1] "F1 Score for Class: 0.865642042637581"
[1] "Confusion Matrix for Class:2"
                   Actual_Positive Actual_Negative
Predicted_Positive             551              95
Predicted_Negative             481            8873
[1] "Accuracy: 0.9424"
[1] "Precision: 0.852941176470588"
[1] "Recall for Class: 0.53391472868217"
[1] "F1 Score for Class: 0.65673420738975"
[1] "Confusion Matrix for Class:3"
                   Actual_Positive Actual_Negative
Predicted_Positive             293               3
Predicted_Negative             717            8987
[1] "Accuracy: 0.928"
[1] "Precision: 0.989864864864865"
[1] "Recall for Class: 0.29009900990099"
[1] "F1 Score for Class: 0.448698315467075"
[1] "Confusion Matrix for Class:4"
                   Actual_Positive Actual_Negative
Predicted_Positive              68               8
Predicted_Negative             914            9010
[1] "Accuracy: 0.9078"
[1] "Precision: 0.894736842105263"
[1] "Recall for Class: 0.0692464358452139"
[1] "F1 Score for Class: 0.128544423440454"
[1] "Confusion Matrix for Class:5"
                   Actual_Positive Actual_Negative
Predicted_Positive             544             184
Predicted_Negative             348            8924
[1] "Accuracy: 0.9468"
[1] "Precision: 0.747252747252747"
[1] "Recall for Class: 0.609865470852018"
[1] "F1 Score for Class: 0.671604938271605"
[1] "Confusion Matrix for Class:6"
                   Actual_Positive Actual_Negative
Predicted_Positive             891             392
Predicted_Negative              67            8650
[1] "Accuracy: 0.9541"
[1] "Precision: 0.694466095089634"
[1] "Recall for Class: 0.930062630480167"
[1] "F1 Score for Class: 0.795180722891566"
[1] "Confusion Matrix for Class:7"
                   Actual_Positive Actual_Negative
Predicted_Positive             729              69
Predicted_Negative             299            8903
[1] "Accuracy: 0.9632"
[1] "Precision: 0.913533834586466"
[1] "Recall for Class: 0.709143968871595"
[1] "F1 Score for Class: 0.798466593647317"
[1] "Confusion Matrix for Class:8"
                   Actual_Positive Actual_Negative
Predicted_Positive             820             950
Predicted_Negative             154            8076
[1] "Accuracy: 0.8896"
[1] "Precision: 0.463276836158192"
[1] "Recall for Class: 0.841889117043121"
[1] "F1 Score for Class: 0.597667638483965"
[1] "Confusion Matrix for Class:9"
                   Actual_Positive Actual_Negative
Predicted_Positive             978            1607
Predicted_Negative              31            7384
[1] "Accuracy: 0.8362"
[1] "Precision: 0.378336557059961"
[1] "Recall for Class: 0.969276511397423"
[1] "F1 Score for Class: 0.54424040066778"
[1] "GPc0 distribution statistics for0, 1, 2, 3, 4, 5, 6, 7, 8, 9:"
[1] "mean: 0.546306311200295, -0.0163810000218422, 0.0254556167086301, 0.00718964398740934, 0.0181755756732656, 0.0865402617488947, 0.0173039507650898, 0.00198628662238904, 0.0139193959970958, 0.0046872116879406"
[1] "sd: 0.260425297202858, 0.040730862940863, 0.165645921041546, 0.150226087055783, 0.0559045682395674, 0.136467943327893, 0.0724285936441203, 0.0377885564157553, 0.107312955138043, 0.0509142637811187"
[1] "---------------------"
[1] "GPc1 distribution statistics for0, 1, 2, 3, 4, 5, 6, 7, 8, 9:"
[1] "mean: 0.000142196565031345, 0.561104568460568, 0.0107049876190163, 0.00212208080994637, 0.00488095706757416, 0.00681024866675331, 0.00567184904430055, 0.0104256456787232, 0.00330981150341645, 0.00198042929909372"
[1] "sd: 0.00260325555692631, 0.327951922387691, 0.0356911252947276, 0.00925665322798921, 0.0241487745361595, 0.022496088566732, 0.0338862416478552, 0.0614292087167918, 0.015877773260565, 0.0195292348187755"
[1] "---------------------"
[1] "GPc2 distribution statistics for0, 1, 2, 3, 4, 5, 6, 7, 8, 9:"
[1] "mean: 0.00338971871130906, 0.03667746623421, 0.338291114354819, 0.0345422818637213, 0.00958796878564729, 0.0178520654303716, 0.0127123612158379, 0.0147236839643026, 0.0188776635039269, 0.00220511528623381"
[1] "sd: 0.0315631886738176, 0.0902320683374632, 0.289294305997626, 0.0806488550000636, 0.0401915711201326, 0.0559850532573938, 0.0638947067502649, 0.0733902298588751, 0.0657113781520988, 0.017991017986192"
[1] "---------------------"
[1] "GPc3 distribution statistics for0, 1, 2, 3, 4, 5, 6, 7, 8, 9:"
[1] "mean: 0.000100352031558696, 0.00548119463120402, 0.00515846358810793, 0.225810742510393, -0.00313025844787791, 0.00860219322858414, 0.00216679576509816, 0.0014422918844401, 0.0118570381872401, 0.000836374323521598"
[1] "sd: 0.00533395979870337, 0.0199175613348899, 0.0490973913808399, 0.255002428922559, 0.0149992071116156, 0.0307791317689858, 0.00949914491599736, 0.0108197482224475, 0.0415089114010405, 0.0227721818163415"
[1] "---------------------"
[1] "GPc4 distribution statistics for0, 1, 2, 3, 4, 5, 6, 7, 8, 9:"
[1] "mean: 0.00140915533706656, 0.0028225767723124, 0.0148555275139564, 0.000830393059659394, 0.0934025477229021, 0.0120070278303269, 0.00474189276946037, 0.00267115330221738, 0.00178993788043602, 0.00162343987478842"
[1] "sd: 0.0110063936494174, 0.0153917547981497, 0.0584500386040211, 0.00902332846625319, 0.169201190315437, 0.0437482509643407, 0.0253672902778052, 0.0219447413218411, 0.0207712930393557, 0.0310586795599497"
[1] "---------------------"
[1] "GPc5 distribution statistics for0, 1, 2, 3, 4, 5, 6, 7, 8, 9:"
[1] "mean: 0.0428829334915934, 0.0188905993472963, -0.0232179952557726, 0.0906790641276189, -0.0376272181131568, 0.489093393781609, 0.0249372088323073, 0.0033496680202251, 0.0383623376404735, 0.0010909159279869"
[1] "sd: 0.114933613849536, 0.0621211363495532, 0.136070225739571, 0.20298827742677, 0.0995747689713064, 0.302628502783888, 0.138482403229369, 0.0629687740930248, 0.136425223917242, 0.0776933094066401"
[1] "---------------------"
[1] "GPc6 distribution statistics for0, 1, 2, 3, 4, 5, 6, 7, 8, 9:"
[1] "mean: -0.00410574015841045, 0.0627178618010669, 0.00748166984878848, 0.0574423185742788, 0.0217225729800409, 0.0973025699262065, 0.799907817252203, 0.0430516299173058, -0.0804844502046043, 0.00707909163104245"
[1] "sd: 0.114789487268308, 0.201761270943609, 0.2635474822041, 0.191673042923543, 0.203732075550635, 0.195607350863845, 0.216539746673406, 0.146222030261519, 0.21284258815508, 0.082943343901306"
[1] "---------------------"
[1] "GPc7 distribution statistics for0, 1, 2, 3, 4, 5, 6, 7, 8, 9:"
[1] "mean: 0.00645651321685165, -0.00824487633799285, -0.0499424400365966, 0.0361924394197591, 0.0261875597241671, 0.0785785909389565, -0.007659755002842, 0.51110310120286, -0.00618373411512689, 0.0860279253012928"
[1] "sd: 0.0856112334923774, 0.0702077714081643, 0.161171375752463, 0.102977737228742, 0.109959192472941, 0.145645130503887, 0.0869932823718817, 0.199937661957813, 0.0876400656513247, 0.101606386413722"
[1] "---------------------"
[1] "GPc8 distribution statistics for0, 1, 2, 3, 4, 5, 6, 7, 8, 9:"
[1] "mean: 0.138429871230388, 0.046706465495965, 0.148702541403577, 0.226053076731555, 0.0198503371974369, 0.139457126365282, 0.054132879152487, -0.0241969333605777, 0.55232395268999, 0.0641598094833074"
[1] "sd: 0.137117219979649, 0.100418032979827, 0.187714389550877, 0.2438266895358, 0.0769691669592338, 0.217240966370172, 0.0831249603617546, 0.164694534550527, 0.160776398665622, 0.0976302872731358"
[1] "---------------------"
[1] "GPc9 distribution statistics for0, 1, 2, 3, 4, 5, 6, 7, 8, 9:"
[1] "mean: 0.0581602634831901, 0.0365622513769016, -0.0298094061157859, 0.00813149473233351, 0.637828714248296, 0.134690609120644, 0.0883356093091544, 0.328641836292254, 0.171848933473367, 0.767820110345865"
[1] "sd: 0.231243932297202, 0.136965919942805, 0.244877276929588, 0.266766696195744, 0.178949268601819, 0.278456118008585, 0.157063215800539, 0.218574364691596, 0.216682037203199, 0.121419839052634"
[1] "---------------------"
Warning messages:
1: Removed 2 rows containing missing values or values outside the scale range
(`geom_bar()`). 
2: Removed 9 rows containing missing values or values outside the scale range
(`geom_bar()`). 
3: Removed 7 rows containing missing values or values outside the scale range
(`geom_bar()`). 
4: Removed 7 rows containing missing values or values outside the scale range
(`geom_bar()`). 
5: Removed 9 rows containing missing values or values outside the scale range
(`geom_bar()`). 
6: Removed 1 row containing missing values or values outside the scale range
(`geom_bar()`). 
[1] "Save Results"
null device 
          1 

All tasks complete.
Run directory: ./runs_mnist_continual/run_20260129_010150
CSV metrics:   ./runs_mnist_continual/run_20260129_010150/metrics.csv
GP training files:    ./runs_mnist_continual/run_20260129_010150/gp_data
Traceback (most recent call last):
  File "/home/lhalice/CALM_NNGP/CL_Driver.py", line 979, in <module>
    main()
  File "/home/lhalice/CALM_NNGP/CL_Driver.py", line 966, in main
    plotGP_per_class_metrics_over_tasks(
TypeError: plotGP_per_class_metrics_over_tasks() got an unexpected keyword argument 'percent'
